cust_id,cust_name,mkt_segment,nation_name
1,Customer#000001,BUILDING,UNITED STATES
2,Customer#000002,MACHINERY,FRANCE
3,Customer#000003,AUTOMOBILE,GERMANY
4,Customer#000004,BUILDING,UNITED KINGDOM
5,Customer#000005,FURNITURE,AUSTRALIA
6,Customer#000006,BUILDING,UNITED STATES
7,Customer#000007,BUILDING,FRANCE
8,Customer#000008,AUTOMOBILE,UNITED STATES
9,Customer#000009,FURNITURE,FRANCE
10,Customer#000010,FURNITURE,AUSTRALIA
11,Customer#000011,AUTOMOBILE,CANADA
12,Customer#000012,FURNITURE,JAPAN
13,Customer#000013,BUILDING,GERMANY
14,Customer#000014,HOUSEHOLD,BRAZIL
15,Customer#000015,MACHINERY,GERMANY
16,Customer#000016,AUTOMOBILE,BRAZIL
17,Customer#000017,BUILDING,UNITED KINGDOM
18,Customer#000018,HOUSEHOLD,UNITED KINGDOM
19,Customer#000019,MACHINERY,BRAZIL
20,Customer#000020,FURNITURE,JAPAN
21,Customer#000021,BUILDING,CANADA
22,Customer#000022,FURNITURE,UNITED KINGDOM
23,Customer#000023,HOUSEHOLD,UNITED KINGDOM
24,Customer#000024,FURNITURE,JAPAN
25,Customer#000025,FURNITURE,BRAZIL
26,Customer#000026,FURNITURE,FRANCE
27,Customer#000027,BUILDING,UNITED STATES
28,Customer#000028,AUTOMOBILE,JAPAN
29,Customer#000029,BUILDING,FRANCE
30,Customer#000030,BUILDING,AUSTRALIA
31,Customer#000031,MACHINERY,CANADA
32,Customer#000032,MACHINERY,GERMANY
33,Customer#000033,MACHINERY,BRAZIL
34,Customer#000034,AUTOMOBILE,JAPAN
35,Customer#000035,BUILDING,GERMANY
36,Customer#000036,FURNITURE,FRANCE
37,Customer#000037,AUTOMOBILE,CANADA
38,Customer#000038,HOUSEHOLD,JAPAN
39,Customer#000039,FURNITURE,FRANCE
40,Customer#000040,MACHINERY,UNITED STATES
41,Customer#000041,AUTOMOBILE,UNITED STATES
42,Customer#000042,MACHINERY,AUSTRALIA
43,Customer#000043,MACHINERY,UNITED KINGDOM
44,Customer#000044,AUTOMOBILE,BRAZIL
45,Customer#000045,AUTOMOBILE,CANADA
46,Customer#000046,HOUSEHOLD,CANADA
47,Customer#000047,AUTOMOBILE,JAPAN
48,Customer#000048,AUTOMOBILE,FRANCE
49,Customer#000049,FURNITURE,JAPAN
50,Customer#000050,FURNITURE,AUSTRALIA
51,Customer#000051,FURNITURE,AUSTRALIA
52,Customer#000052,MACHINERY,FRANCE
53,Customer#000053,AUTOMOBILE,CANADA
54,Customer#000054,BUILDING,UNITED STATES
55,Customer#000055,BUILDING,GERMANY
56,Customer#000056,AUTOMOBILE,AUSTRALIA
57,Customer#000057,FURNITURE,UNITED KINGDOM
58,Customer#000058,HOUSEHOLD,AUSTRALIA
59,Customer#000059,FURNITURE,CANADA
60,Customer#000060,FURNITURE,JAPAN
61,Customer#000061,FURNITURE,UNITED STATES
62,Customer#000062,BUILDING,JAPAN
63,Customer#000063,MACHINERY,UNITED KINGDOM
64,Customer#000064,MACHINERY,AUSTRALIA
65,Customer#000065,AUTOMOBILE,CANADA
66,Customer#000066,BUILDING,JAPAN
67,Customer#000067,FURNITURE,GERMANY
68,Customer#000068,FURNITURE,UNITED KINGDOM
69,Customer#000069,MACHINERY,FRANCE
70,Customer#000070,AUTOMOBILE,BRAZIL
71,Customer#000071,AUTOMOBILE,UNITED STATES
72,Customer#000072,FURNITURE,BRAZIL
73,Customer#000073,HOUSEHOLD,UNITED STATES
74,Customer#000074,BUILDING,BRAZIL
75,Customer#000075,MACHINERY,FRANCE
76,Customer#000076,BUILDING,FRANCE
77,Customer#000077,FURNITURE,UNITED KINGDOM
78,Customer#000078,BUILDING,CANADA
79,Customer#000079,BUILDING,GERMANY
80,Customer#000080,AUTOMOBILE,CANADA
81,Customer#000081,FURNITURE,GERMANY
82,Customer#000082,MACHINERY,AUSTRALIA
83,Customer#000083,AUTOMOBILE,FRANCE
84,Customer#000084,MACHINERY,AUSTRALIA
85,Customer#000085,MACHINERY,CANADA
86,Customer#000086,FURNITURE,CANADA
87,Customer#000087,BUILDING,FRANCE
88,Customer#000088,AUTOMOBILE,UNITED KINGDOM
89,Customer#000089,MACHINERY,UNITED STATES
90,Customer#000090,FURNITURE,FRANCE
91,Customer#000091,FURNITURE,FRANCE
92,Customer#000092,BUILDING,UNITED KINGDOM
93,Customer#000093,BUILDING,FRANCE
94,Customer#000094,BUILDING,UNITED STATES
95,Customer#000095,MACHINERY,UNITED KINGDOM
96,Customer#000096,FURNITURE,FRANCE
97,Customer#000097,MACHINERY,CANADA
98,Customer#000098,AUTOMOBILE,GERMANY
99,Customer#000099,FURNITURE,CANADA
100,Customer#000100,AUTOMOBILE,CANADA
101,Customer#000101,HOUSEHOLD,FRANCE
102,Customer#000102,BUILDING,UNITED KINGDOM
103,Customer#000103,HOUSEHOLD,BRAZIL
104,Customer#000104,HOUSEHOLD,AUSTRALIA
105,Customer#000105,HOUSEHOLD,UNITED STATES
106,Customer#000106,BUILDING,UNITED STATES
107,Customer#000107,HOUSEHOLD,BRAZIL
108,Customer#000108,BUILDING,FRANCE
109,Customer#000109,AUTOMOBILE,FRANCE
110,Customer#000110,FURNITURE,CANADA
111,Customer#000111,AUTOMOBILE,AUSTRALIA
112,Customer#000112,AUTOMOBILE,JAPAN
113,Customer#000113,HOUSEHOLD,FRANCE
114,Customer#000114,BUILDING,CANADA
115,Customer#000115,FURNITURE,UNITED KINGDOM
116,Customer#000116,BUILDING,UNITED STATES
117,Customer#000117,BUILDING,FRANCE
118,Customer#000118,AUTOMOBILE,AUSTRALIA
119,Customer#000119,HOUSEHOLD,CANADA
120,Customer#000120,AUTOMOBILE,AUSTRALIA
121,Customer#000121,BUILDING,GERMANY
122,Customer#000122,HOUSEHOLD,UNITED STATES
123,Customer#000123,HOUSEHOLD,JAPAN
124,Customer#000124,HOUSEHOLD,JAPAN
125,Customer#000125,HOUSEHOLD,CANADA
126,Customer#000126,AUTOMOBILE,FRANCE
127,Customer#000127,MACHINERY,FRANCE
128,Customer#000128,BUILDING,UNITED STATES
129,Customer#000129,MACHINERY,UNITED STATES
130,Customer#000130,BUILDING,CANADA
131,Customer#000131,FURNITURE,GERMANY
132,Customer#000132,BUILDING,UNITED KINGDOM
133,Customer#000133,AUTOMOBILE,UNITED KINGDOM
134,Customer#000134,FURNITURE,UNITED KINGDOM
135,Customer#000135,AUTOMOBILE,AUSTRALIA
136,Customer#000136,BUILDING,FRANCE
137,Customer#000137,FURNITURE,UNITED STATES
138,Customer#000138,FURNITURE,UNITED KINGDOM
139,Customer#000139,HOUSEHOLD,BRAZIL
140,Customer#000140,MACHINERY,FRANCE
141,Customer#000141,MACHINERY,FRANCE
142,Customer#000142,MACHINERY,AUSTRALIA
143,Customer#000143,AUTOMOBILE,JAPAN
144,Customer#000144,HOUSEHOLD,BRAZIL
145,Customer#000145,BUILDING,UNITED STATES
146,Customer#000146,HOUSEHOLD,UNITED KINGDOM
147,Customer#000147,BUILDING,FRANCE
148,Customer#000148,FURNITURE,JAPAN
149,Customer#000149,AUTOMOBILE,BRAZIL
150,Customer#000150,BUILDING,FRANCE
151,Customer#000151,MACHINERY,JAPAN
152,Customer#000152,AUTOMOBILE,CANADA
153,Customer#000153,FURNITURE,JAPAN
154,Customer#000154,FURNITURE,UNITED STATES
155,Customer#000155,FURNITURE,JAPAN
156,Customer#000156,BUILDING,GERMANY
157,Customer#000157,MACHINERY,UNITED KINGDOM
158,Customer#000158,BUILDING,GERMANY
159,Customer#000159,MACHINERY,JAPAN
160,Customer#000160,FURNITURE,FRANCE
161,Customer#000161,MACHINERY,FRANCE
162,Customer#000162,MACHINERY,CANADA
163,Customer#000163,MACHINERY,UNITED STATES
164,Customer#000164,BUILDING,AUSTRALIA
165,Customer#000165,MACHINERY,UNITED STATES
166,Customer#000166,BUILDING,BRAZIL
167,Customer#000167,AUTOMOBILE,JAPAN
168,Customer#000168,AUTOMOBILE,CANADA
169,Customer#000169,FURNITURE,AUSTRALIA
170,Customer#000170,FURNITURE,UNITED STATES
171,Customer#000171,BUILDING,UNITED KINGDOM
172,Customer#000172,AUTOMOBILE,UNITED STATES
173,Customer#000173,MACHINERY,GERMANY
174,Customer#000174,HOUSEHOLD,GERMANY
175,Customer#000175,BUILDING,JAPAN
176,Customer#000176,MACHINERY,UNITED STATES
177,Customer#000177,MACHINERY,FRANCE
178,Customer#000178,AUTOMOBILE,UNITED KINGDOM
179,Customer#000179,MACHINERY,AUSTRALIA
180,Customer#000180,FURNITURE,GERMANY
181,Customer#000181,AUTOMOBILE,GERMANY
182,Customer#000182,AUTOMOBILE,AUSTRALIA
183,Customer#000183,BUILDING,GERMANY
184,Customer#000184,MACHINERY,AUSTRALIA
185,Customer#000185,AUTOMOBILE,JAPAN
186,Customer#000186,AUTOMOBILE,UNITED KINGDOM
187,Customer#000187,HOUSEHOLD,UNITED STATES
188,Customer#000188,HOUSEHOLD,FRANCE
189,Customer#000189,AUTOMOBILE,CANADA
190,Customer#000190,MACHINERY,JAPAN
191,Customer#000191,AUTOMOBILE,FRANCE
192,Customer#000192,BUILDING,FRANCE
193,Customer#000193,HOUSEHOLD,BRAZIL
194,Customer#000194,MACHINERY,UNITED KINGDOM
195,Customer#000195,MACHINERY,BRAZIL
196,Customer#000196,FURNITURE,AUSTRALIA
197,Customer#000197,FURNITURE,BRAZIL
198,Customer#000198,BUILDING,UNITED KINGDOM
199,Customer#000199,MACHINERY,GERMANY
200,Customer#000200,FURNITURE,JAPAN
201,Customer#000201,BUILDING,UNITED KINGDOM
202,Customer#000202,FURNITURE,AUSTRALIA
203,Customer#000203,MACHINERY,BRAZIL
204,Customer#000204,HOUSEHOLD,UNITED KINGDOM
205,Customer#000205,HOUSEHOLD,FRANCE
206,Customer#000206,MACHINERY,UNITED STATES
207,Customer#000207,HOUSEHOLD,UNITED STATES
208,Customer#000208,FURNITURE,FRANCE
209,Customer#000209,MACHINERY,AUSTRALIA
210,Customer#000210,BUILDING,BRAZIL
211,Customer#000211,FURNITURE,BRAZIL
212,Customer#000212,BUILDING,JAPAN
213,Customer#000213,FURNITURE,JAPAN
214,Customer#000214,HOUSEHOLD,BRAZIL
215,Customer#000215,HOUSEHOLD,JAPAN
216,Customer#000216,FURNITURE,GERMANY
217,Customer#000217,AUTOMOBILE,AUSTRALIA
218,Customer#000218,HOUSEHOLD,GERMANY
219,Customer#000219,FURNITURE,JAPAN
220,Customer#000220,HOUSEHOLD,UNITED STATES
221,Customer#000221,MACHINERY,JAPAN
222,Customer#000222,AUTOMOBILE,AUSTRALIA
223,Customer#000223,FURNITURE,BRAZIL
224,Customer#000224,HOUSEHOLD,CANADA
225,Customer#000225,HOUSEHOLD,FRANCE
226,Customer#000226,FURNITURE,CANADA
227,Customer#000227,AUTOMOBILE,UNITED KINGDOM
228,Customer#000228,MACHINERY,BRAZIL
229,Customer#000229,BUILDING,FRANCE
230,Customer#000230,MACHINERY,FRANCE
231,Customer#000231,AUTOMOBILE,GERMANY
232,Customer#000232,BUILDING,UNITED STATES
233,Customer#000233,AUTOMOBILE,CANADA
234,Customer#000234,FURNITURE,UNITED KINGDOM
235,Customer#000235,HOUSEHOLD,AUSTRALIA
236,Customer#000236,FURNITURE,FRANCE
237,Customer#000237,HOUSEHOLD,CANADA
238,Customer#000238,HOUSEHOLD,FRANCE
239,Customer#000239,AUTOMOBILE,UNITED STATES
240,Customer#000240,BUILDING,AUSTRALIA
241,Customer#000241,AUTOMOBILE,GERMANY
242,Customer#000242,FURNITURE,CANADA
243,Customer#000243,BUILDING,FRANCE
244,Customer#000244,BUILDING,CANADA
245,Customer#000245,AUTOMOBILE,CANADA
246,Customer#000246,FURNITURE,BRAZIL
247,Customer#000247,HOUSEHOLD,AUSTRALIA
248,Customer#000248,FURNITURE,CANADA
249,Customer#000249,AUTOMOBILE,CANADA
250,Customer#000250,HOUSEHOLD,JAPAN
251,Customer#000251,AUTOMOBILE,JAPAN
252,Customer#000252,FURNITURE,CANADA
253,Customer#000253,AUTOMOBILE,JAPAN
254,Customer#000254,HOUSEHOLD,UNITED KINGDOM
255,Customer#000255,MACHINERY,FRANCE
256,Customer#000256,MACHINERY,BRAZIL
257,Customer#000257,MACHINERY,UNITED KINGDOM
258,Customer#000258,AUTOMOBILE,GERMANY
259,Customer#000259,AUTOMOBILE,AUSTRALIA
260,Customer#000260,AUTOMOBILE,FRANCE
261,Customer#000261,BUILDING,AUSTRALIA
262,Customer#000262,HOUSEHOLD,BRAZIL
263,Customer#000263,FURNITURE,CANADA
264,Customer#000264,HOUSEHOLD,UNITED STATES
265,Customer#000265,AUTOMOBILE,AUSTRALIA
266,Customer#000266,HOUSEHOLD,UNITED STATES
267,Customer#000267,FURNITURE,AUSTRALIA
268,Customer#000268,HOUSEHOLD,UNITED STATES
269,Customer#000269,MACHINERY,JAPAN
270,Customer#000270,HOUSEHOLD,AUSTRALIA
271,Customer#000271,FURNITURE,FRANCE
272,Customer#000272,HOUSEHOLD,FRANCE
273,Customer#000273,MACHINERY,AUSTRALIA
274,Customer#000274,HOUSEHOLD,UNITED STATES
275,Customer#000275,HOUSEHOLD,BRAZIL
276,Customer#000276,HOUSEHOLD,GERMANY
277,Customer#000277,HOUSEHOLD,GERMANY
278,Customer#000278,FURNITURE,UNITED STATES
279,Customer#000279,HOUSEHOLD,UNITED STATES
280,Customer#000280,BUILDING,AUSTRALIA
281,Customer#000281,AUTOMOBILE,CANADA
282,Customer#000282,AUTOMOBILE,UNITED STATES
283,Customer#000283,MACHINERY,AUSTRALIA
284,Customer#000284,MACHINERY,FRANCE
285,Customer#000285,HOUSEHOLD,BRAZIL
286,Customer#000286,MACHINERY,AUSTRALIA
287,Customer#000287,MACHINERY,AUSTRALIA
288,Customer#000288,MACHINERY,UNITED KINGDOM
289,Customer#000289,HOUSEHOLD,UNITED STATES
290,Customer#000290,FURNITURE,UNITED STATES
291,Customer#000291,MACHINERY,FRANCE
292,Customer#000292,BUILDING,UNITED STATES
293,Customer#000293,BUILDING,FRANCE
294,Customer#000294,AUTOMOBILE,UNITED STATES
295,Customer#000295,FURNITURE,GERMANY
296,Customer#000296,AUTOMOBILE,GERMANY
297,Customer#000297,HOUSEHOLD,UNITED KINGDOM
298,Customer#000298,FURNITURE,FRANCE
299,Customer#000299,HOUSEHOLD,JAPAN
300,Customer#000300,MACHINERY,GERMANY
301,Customer#000301,FURNITURE,UNITED KINGDOM
302,Customer#000302,AUTOMOBILE,JAPAN
303,Customer#000303,BUILDING,UNITED STATES
304,Customer#000304,MACHINERY,AUSTRALIA
305,Customer#000305,HOUSEHOLD,FRANCE
306,Customer#000306,BUILDING,FRANCE
307,Customer#000307,BUILDING,JAPAN
308,Customer#000308,FURNITURE,UNITED KINGDOM
309,Customer#000309,FURNITURE,UNITED STATES
310,Customer#000310,MACHINERY,AUSTRALIA
311,Customer#000311,MACHINERY,UNITED KINGDOM
312,Customer#000312,FURNITURE,BRAZIL
313,Customer#000313,BUILDING,AUSTRALIA
314,Customer#000314,HOUSEHOLD,UNITED KINGDOM
315,Customer#000315,HOUSEHOLD,BRAZIL
316,Customer#000316,HOUSEHOLD,GERMANY
317,Customer#000317,HOUSEHOLD,GERMANY
318,Customer#000318,FURNITURE,JAPAN
319,Customer#000319,FURNITURE,CANADA
320,Customer#000320,HOUSEHOLD,AUSTRALIA
321,Customer#000321,FURNITURE,JAPAN
322,Customer#000322,MACHINERY,FRANCE
323,Customer#000323,BUILDING,JAPAN
324,Customer#000324,HOUSEHOLD,FRANCE
325,Customer#000325,HOUSEHOLD,AUSTRALIA
326,Customer#000326,MACHINERY,UNITED STATES
327,Customer#000327,HOUSEHOLD,BRAZIL
328,Customer#000328,AUTOMOBILE,CANADA
329,Customer#000329,AUTOMOBILE,BRAZIL
330,Customer#000330,MACHINERY,BRAZIL
331,Customer#000331,MACHINERY,JAPAN
332,Customer#000332,FURNITURE,UNITED STATES
333,Customer#000333,FURNITURE,FRANCE
334,Customer#000334,BUILDING,FRANCE
335,Customer#000335,HOUSEHOLD,CANADA
336,Customer#000336,FURNITURE,FRANCE
337,Customer#000337,HOUSEHOLD,CANADA
338,Customer#000338,HOUSEHOLD,UNITED STATES
339,Customer#000339,BUILDING,JAPAN
340,Customer#000340,AUTOMOBILE,AUSTRALIA
341,Customer#000341,AUTOMOBILE,JAPAN
342,Customer#000342,FURNITURE,BRAZIL
343,Customer#000343,HOUSEHOLD,BRAZIL
344,Customer#000344,HOUSEHOLD,BRAZIL
345,Customer#000345,MACHINERY,CANADA
346,Customer#000346,MACHINERY,JAPAN
347,Customer#000347,MACHINERY,FRANCE
348,Customer#000348,BUILDING,FRANCE
349,Customer#000349,MACHINERY,UNITED KINGDOM
350,Customer#000350,FURNITURE,GERMANY
351,Customer#000351,AUTOMOBILE,FRANCE
352,Customer#000352,HOUSEHOLD,JAPAN
353,Customer#000353,FURNITURE,JAPAN
354,Customer#000354,BUILDING,FRANCE
355,Customer#000355,MACHINERY,FRANCE
356,Customer#000356,MACHINERY,GERMANY
357,Customer#000357,MACHINERY,UNITED STATES
358,Customer#000358,FURNITURE,GERMANY
359,Customer#000359,MACHINERY,UNITED STATES
360,Customer#000360,BUILDING,JAPAN
361,Customer#000361,AUTOMOBILE,CANADA
362,Customer#000362,BUILDING,UNITED STATES
363,Customer#000363,FURNITURE,JAPAN
364,Customer#000364,HOUSEHOLD,CANADA
365,Customer#000365,HOUSEHOLD,BRAZIL
366,Customer#000366,AUTOMOBILE,UNITED STATES
367,Customer#000367,MACHINERY,CANADA
368,Customer#000368,BUILDING,UNITED KINGDOM
369,Customer#000369,HOUSEHOLD,CANADA
370,Customer#000370,BUILDING,UNITED STATES
371,Customer#000371,AUTOMOBILE,GERMANY
372,Customer#000372,FURNITURE,JAPAN
373,Customer#000373,BUILDING,FRANCE
374,Customer#000374,BUILDING,AUSTRALIA
375,Customer#000375,FURNITURE,FRANCE
376,Customer#000376,FURNITURE,AUSTRALIA
377,Customer#000377,HOUSEHOLD,CANADA
378,Customer#000378,MACHINERY,AUSTRALIA
379,Customer#000379,MACHINERY,UNITED STATES
380,Customer#000380,FURNITURE,UNITED KINGDOM
381,Customer#000381,AUTOMOBILE,FRANCE
382,Customer#000382,MACHINERY,UNITED KINGDOM
383,Customer#000383,AUTOMOBILE,FRANCE
384,Customer#000384,AUTOMOBILE,UNITED KINGDOM
385,Customer#000385,AUTOMOBILE,UNITED STATES
386,Customer#000386,HOUSEHOLD,CANADA
387,Customer#000387,FURNITURE,CANADA
388,Customer#000388,MACHINERY,UNITED STATES
389,Customer#000389,AUTOMOBILE,JAPAN
390,Customer#000390,MACHINERY,CANADA
391,Customer#000391,BUILDING,FRANCE
392,Customer#000392,MACHINERY,FRANCE
393,Customer#000393,HOUSEHOLD,UNITED KINGDOM
394,Customer#000394,FURNITURE,FRANCE
395,Customer#000395,AUTOMOBILE,JAPAN
396,Customer#000396,AUTOMOBILE,UNITED KINGDOM
397,Customer#000397,BUILDING,GERMANY
398,Customer#000398,MACHINERY,JAPAN
399,Customer#000399,HOUSEHOLD,UNITED KINGDOM
400,Customer#000400,HOUSEHOLD,JAPAN
401,Customer#000401,HOUSEHOLD,JAPAN
402,Customer#000402,FURNITURE,CANADA
403,Customer#000403,HOUSEHOLD,UNITED KINGDOM
404,Customer#000404,FURNITURE,UNITED STATES
405,Customer#000405,HOUSEHOLD,BRAZIL
406,Customer#000406,FURNITURE,JAPAN
407,Customer#000407,BUILDING,UNITED KINGDOM
408,Customer#000408,AUTOMOBILE,UNITED STATES
409,Customer#000409,MACHINERY,UNITED STATES
410,Customer#000410,AUTOMOBILE,CANADA
411,Customer#000411,FURNITURE,CANADA
412,Customer#000412,MACHINERY,GERMANY
413,Customer#000413,FURNITURE,AUSTRALIA
414,Customer#000414,HOUSEHOLD,UNITED KINGDOM
415,Customer#000415,HOUSEHOLD,BRAZIL
416,Customer#000416,HOUSEHOLD,BRAZIL
417,Customer#000417,MACHINERY,UNITED KINGDOM
418,Customer#000418,AUTOMOBILE,BRAZIL
419,Customer#000419,HOUSEHOLD,CANADA
420,Customer#000420,MACHINERY,AUSTRALIA
421,Customer#000421,FURNITURE,UNITED STATES
422,Customer#000422,HOUSEHOLD,UNITED KINGDOM
423,Customer#000423,MACHINERY,JAPAN
424,Customer#000424,MACHINERY,UNITED KINGDOM
425,Customer#000425,HOUSEHOLD,UNITED STATES
426,Customer#000426,FURNITURE,CANADA
427,Customer#000427,HOUSEHOLD,UNITED STATES
428,Customer#000428,AUTOMOBILE,BRAZIL
429,Customer#000429,FURNITURE,CANADA
430,Customer#000430,HOUSEHOLD,UNITED STATES
431,Customer#000431,AUTOMOBILE,JAPAN
432,Customer#000432,FURNITURE,GERMANY
433,Customer#000433,MACHINERY,CANADA
434,Customer#000434,HOUSEHOLD,UNITED KINGDOM
435,Customer#000435,BUILDING,FRANCE
436,Customer#000436,AUTOMOBILE,JAPAN
437,Customer#000437,FURNITURE,UNITED STATES
438,Customer#000438,FURNITURE,AUSTRALIA
439,Customer#000439,BUILDING,FRANCE
440,Customer#000440,BUILDING,CANADA
441,Customer#000441,BUILDING,GERMANY
442,Customer#000442,HOUSEHOLD,JAPAN
443,Customer#000443,FURNITURE,JAPAN
444,Customer#000444,HOUSEHOLD,CANADA
445,Customer#000445,HOUSEHOLD,FRANCE
446,Customer#000446,HOUSEHOLD,GERMANY
447,Customer#000447,HOUSEHOLD,FRANCE
448,Customer#000448,FURNITURE,GERMANY
449,Customer#000449,BUILDING,JAPAN
450,Customer#000450,HOUSEHOLD,BRAZIL
451,Customer#000451,FURNITURE,JAPAN
452,Customer#000452,BUILDING,JAPAN
453,Customer#000453,MACHINERY,CANADA
454,Customer#000454,AUTOMOBILE,CANADA
455,Customer#000455,FURNITURE,CANADA
456,Customer#000456,MACHINERY,BRAZIL
457,Customer#000457,FURNITURE,AUSTRALIA
458,Customer#000458,HOUSEHOLD,BRAZIL
459,Customer#000459,AUTOMOBILE,FRANCE
460,Customer#000460,FURNITURE,AUSTRALIA
461,Customer#000461,AUTOMOBILE,AUSTRALIA
462,Customer#000462,BUILDING,BRAZIL
463,Customer#000463,HOUSEHOLD,AUSTRALIA
464,Customer#000464,HOUSEHOLD,GERMANY
465,Customer#000465,HOUSEHOLD,UNITED STATES
466,Customer#000466,AUTOMOBILE,BRAZIL
467,Customer#000467,BUILDING,CANADA
468,Customer#000468,BUILDING,CANADA
469,Customer#000469,BUILDING,GERMANY
470,Customer#000470,HOUSEHOLD,GERMANY
471,Customer#000471,BUILDING,CANADA
472,Customer#000472,MACHINERY,BRAZIL
473,Customer#000473,FURNITURE,AUSTRALIA
474,Customer#000474,BUILDING,BRAZIL
475,Customer#000475,FURNITURE,AUSTRALIA
476,Customer#000476,MACHINERY,CANADA
477,Customer#000477,FURNITURE,UNITED STATES
478,Customer#000478,FURNITURE,UNITED KINGDOM
479,Customer#000479,AUTOMOBILE,JAPAN
480,Customer#000480,AUTOMOBILE,UNITED KINGDOM
481,Customer#000481,HOUSEHOLD,UNITED KINGDOM
482,Customer#000482,BUILDING,CANADA
483,Customer#000483,AUTOMOBILE,JAPAN
484,Customer#000484,BUILDING,UNITED STATES
485,Customer#000485,MACHINERY,UNITED STATES
486,Customer#000486,MACHINERY,BRAZIL
487,Customer#000487,MACHINERY,AUSTRALIA
488,Customer#000488,AUTOMOBILE,FRANCE
489,Customer#000489,FURNITURE,AUSTRALIA
490,Customer#000490,FURNITURE,GERMANY
491,Customer#000491,AUTOMOBILE,GERMANY
492,Customer#000492,BUILDING,AUSTRALIA
493,Customer#000493,FURNITURE,FRANCE
494,Customer#000494,HOUSEHOLD,GERMANY
495,Customer#000495,AUTOMOBILE,CANADA
496,Customer#000496,MACHINERY,CANADA
497,Customer#000497,MACHINERY,UNITED STATES
498,Customer#000498,HOUSEHOLD,JAPAN
499,Customer#000499,FURNITURE,GERMANY
500,Customer#000500,BUILDING,CANADA
501,Customer#000501,MACHINERY,JAPAN
502,Customer#000502,HOUSEHOLD,JAPAN
503,Customer#000503,HOUSEHOLD,JAPAN
504,Customer#000504,AUTOMOBILE,AUSTRALIA
505,Customer#000505,HOUSEHOLD,UNITED KINGDOM
506,Customer#000506,AUTOMOBILE,AUSTRALIA
507,Customer#000507,FURNITURE,BRAZIL
508,Customer#000508,FURNITURE,JAPAN
509,Customer#000509,MACHINERY,UNITED STATES
510,Customer#000510,HOUSEHOLD,JAPAN
511,Customer#000511,BUILDING,UNITED STATES
512,Customer#000512,FURNITURE,CANADA
513,Customer#000513,MACHINERY,FRANCE
514,Customer#000514,FURNITURE,BRAZIL
515,Customer#000515,AUTOMOBILE,FRANCE
516,Customer#000516,FURNITURE,JAPAN
517,Customer#000517,AUTOMOBILE,UNITED KINGDOM
518,Customer#000518,BUILDING,JAPAN
519,Customer#000519,HOUSEHOLD,UNITED STATES
520,Customer#000520,FURNITURE,BRAZIL
521,Customer#000521,AUTOMOBILE,UNITED KINGDOM
522,Customer#000522,MACHINERY,BRAZIL
523,Customer#000523,HOUSEHOLD,GERMANY
524,Customer#000524,AUTOMOBILE,GERMANY
525,Customer#000525,FURNITURE,BRAZIL
526,Customer#000526,FURNITURE,JAPAN
527,Customer#000527,AUTOMOBILE,JAPAN
528,Customer#000528,HOUSEHOLD,JAPAN
529,Customer#000529,MACHINERY,UNITED KINGDOM
530,Customer#000530,HOUSEHOLD,UNITED KINGDOM
531,Customer#000531,AUTOMOBILE,FRANCE
532,Customer#000532,HOUSEHOLD,BRAZIL
533,Customer#000533,BUILDING,AUSTRALIA
534,Customer#000534,BUILDING,JAPAN
535,Customer#000535,FURNITURE,UNITED KINGDOM
536,Customer#000536,HOUSEHOLD,BRAZIL
537,Customer#000537,MACHINERY,AUSTRALIA
538,Customer#000538,MACHINERY,UNITED KINGDOM
539,Customer#000539,AUTOMOBILE,CANADA
540,Customer#000540,BUILDING,BRAZIL
541,Customer#000541,FURNITURE,FRANCE
542,Customer#000542,BUILDING,CANADA
543,Customer#000543,MACHINERY,AUSTRALIA
544,Customer#000544,BUILDING,GERMANY
545,Customer#000545,BUILDING,UNITED STATES
546,Customer#000546,MACHINERY,CANADA
547,Customer#000547,BUILDING,UNITED KINGDOM
548,Customer#000548,AUTOMOBILE,GERMANY
549,Customer#000549,HOUSEHOLD,CANADA
550,Customer#000550,MACHINERY,AUSTRALIA
551,Customer#000551,FURNITURE,GERMANY
552,Customer#000552,HOUSEHOLD,UNITED KINGDOM
553,Customer#000553,HOUSEHOLD,AUSTRALIA
554,Customer#000554,MACHINERY,UNITED STATES
555,Customer#000555,MACHINERY,FRANCE
556,Customer#000556,HOUSEHOLD,CANADA
557,Customer#000557,AUTOMOBILE,BRAZIL
558,Customer#000558,BUILDING,BRAZIL
559,Customer#000559,FURNITURE,BRAZIL
560,Customer#000560,BUILDING,AUSTRALIA
561,Customer#000561,MACHINERY,FRANCE
562,Customer#000562,BUILDING,CANADA
563,Customer#000563,BUILDING,FRANCE
564,Customer#000564,FURNITURE,UNITED STATES
565,Customer#000565,BUILDING,BRAZIL
566,Customer#000566,AUTOMOBILE,GERMANY
567,Customer#000567,FURNITURE,FRANCE
568,Customer#000568,BUILDING,FRANCE
569,Customer#000569,FURNITURE,FRANCE
570,Customer#000570,AUTOMOBILE,BRAZIL
571,Customer#000571,AUTOMOBILE,UNITED STATES
572,Customer#000572,MACHINERY,GERMANY
573,Customer#000573,AUTOMOBILE,JAPAN
574,Customer#000574,AUTOMOBILE,UNITED KINGDOM
575,Customer#000575,BUILDING,GERMANY
576,Customer#000576,BUILDING,BRAZIL
577,Customer#000577,AUTOMOBILE,BRAZIL
578,Customer#000578,BUILDING,GERMANY
579,Customer#000579,MACHINERY,UNITED STATES
580,Customer#000580,AUTOMOBILE,AUSTRALIA
581,Customer#000581,FURNITURE,UNITED KINGDOM
582,Customer#000582,BUILDING,CANADA
583,Customer#000583,HOUSEHOLD,BRAZIL
584,Customer#000584,FURNITURE,UNITED KINGDOM
585,Customer#000585,HOUSEHOLD,FRANCE
586,Customer#000586,FURNITURE,UNITED STATES
587,Customer#000587,FURNITURE,JAPAN
588,Customer#000588,HOUSEHOLD,UNITED STATES
589,Customer#000589,BUILDING,CANADA
590,Customer#000590,HOUSEHOLD,AUSTRALIA
591,Customer#000591,BUILDING,CANADA
592,Customer#000592,HOUSEHOLD,UNITED KINGDOM
593,Customer#000593,BUILDING,BRAZIL
594,Customer#000594,FURNITURE,GERMANY
595,Customer#000595,BUILDING,GERMANY
596,Customer#000596,MACHINERY,BRAZIL
597,Customer#000597,HOUSEHOLD,JAPAN
598,Customer#000598,HOUSEHOLD,AUSTRALIA
599,Customer#000599,BUILDING,UNITED KINGDOM
600,Customer#000600,FURNITURE,FRANCE
601,Customer#000601,HOUSEHOLD,CANADA
602,Customer#000602,AUTOMOBILE,AUSTRALIA
603,Customer#000603,MACHINERY,CANADA
604,Customer#000604,HOUSEHOLD,AUSTRALIA
605,Customer#000605,BUILDING,BRAZIL
606,Customer#000606,HOUSEHOLD,BRAZIL
607,Customer#000607,MACHINERY,BRAZIL
608,Customer#000608,AUTOMOBILE,CANADA
609,Customer#000609,BUILDING,UNITED KINGDOM
610,Customer#000610,BUILDING,UNITED KINGDOM
611,Customer#000611,HOUSEHOLD,UNITED KINGDOM
612,Customer#000612,MACHINERY,GERMANY
613,Customer#000613,FURNITURE,UNITED STATES
614,Customer#000614,FURNITURE,BRAZIL
615,Customer#000615,BUILDING,AUSTRALIA
616,Customer#000616,MACHINERY,AUSTRALIA
617,Customer#000617,BUILDING,JAPAN
618,Customer#000618,FURNITURE,JAPAN
619,Customer#000619,MACHINERY,UNITED KINGDOM
620,Customer#000620,FURNITURE,FRANCE
621,Customer#000621,AUTOMOBILE,CANADA
622,Customer#000622,AUTOMOBILE,UNITED KINGDOM
623,Customer#000623,MACHINERY,BRAZIL
624,Customer#000624,BUILDING,JAPAN
625,Customer#000625,FURNITURE,FRANCE
626,Customer#000626,HOUSEHOLD,UNITED STATES
627,Customer#000627,FURNITURE,JAPAN
628,Customer#000628,BUILDING,GERMANY
629,Customer#000629,MACHINERY,JAPAN
630,Customer#000630,MACHINERY,BRAZIL
631,Customer#000631,BUILDING,GERMANY
632,Customer#000632,AUTOMOBILE,AUSTRALIA
633,Customer#000633,BUILDING,GERMANY
634,Customer#000634,BUILDING,UNITED KINGDOM
635,Customer#000635,FURNITURE,FRANCE
636,Customer#000636,HOUSEHOLD,AUSTRALIA
637,Customer#000637,HOUSEHOLD,BRAZIL
638,Customer#000638,AUTOMOBILE,BRAZIL
639,Customer#000639,MACHINERY,BRAZIL
640,Customer#000640,FURNITURE,UNITED KINGDOM
641,Customer#000641,BUILDING,GERMANY
642,Customer#000642,AUTOMOBILE,UNITED STATES
643,Customer#000643,BUILDING,JAPAN
644,Customer#000644,HOUSEHOLD,AUSTRALIA
645,Customer#000645,HOUSEHOLD,CANADA
646,Customer#000646,HOUSEHOLD,JAPAN
647,Customer#000647,AUTOMOBILE,UNITED KINGDOM
648,Customer#000648,MACHINERY,AUSTRALIA
649,Customer#000649,BUILDING,JAPAN
650,Customer#000650,FURNITURE,CANADA
651,Customer#000651,FURNITURE,JAPAN
652,Customer#000652,BUILDING,FRANCE
653,Customer#000653,HOUSEHOLD,UNITED STATES
654,Customer#000654,BUILDING,FRANCE
655,Customer#000655,MACHINERY,FRANCE
656,Customer#000656,AUTOMOBILE,JAPAN
657,Customer#000657,MACHINERY,BRAZIL
658,Customer#000658,BUILDING,UNITED STATES
659,Customer#000659,HOUSEHOLD,AUSTRALIA
660,Customer#000660,AUTOMOBILE,GERMANY
661,Customer#000661,HOUSEHOLD,FRANCE
662,Customer#000662,FURNITURE,BRAZIL
663,Customer#000663,BUILDING,AUSTRALIA
664,Customer#000664,BUILDING,AUSTRALIA
665,Customer#000665,BUILDING,CANADA
666,Customer#000666,BUILDING,BRAZIL
667,Customer#000667,FURNITURE,AUSTRALIA
668,Customer#000668,FURNITURE,AUSTRALIA
669,Customer#000669,HOUSEHOLD,JAPAN
670,Customer#000670,BUILDING,AUSTRALIA
671,Customer#000671,BUILDING,BRAZIL
672,Customer#000672,AUTOMOBILE,CANADA
673,Customer#000673,MACHINERY,UNITED KINGDOM
674,Customer#000674,HOUSEHOLD,UNITED KINGDOM
675,Customer#000675,AUTOMOBILE,AUSTRALIA
676,Customer#000676,FURNITURE,AUSTRALIA
677,Customer#000677,FURNITURE,UNITED KINGDOM
678,Customer#000678,HOUSEHOLD,JAPAN
679,Customer#000679,MACHINERY,FRANCE
680,Customer#000680,MACHINERY,GERMANY
681,Customer#000681,BUILDING,UNITED KINGDOM
682,Customer#000682,FURNITURE,FRANCE
683,Customer#000683,MACHINERY,BRAZIL
684,Customer#000684,AUTOMOBILE,FRANCE
685,Customer#000685,BUILDING,GERMANY
686,Customer#000686,MACHINERY,FRANCE
687,Customer#000687,AUTOMOBILE,GERMANY
688,Customer#000688,BUILDING,GERMANY
689,Customer#000689,HOUSEHOLD,CANADA
690,Customer#000690,FURNITURE,CANADA
691,Customer#000691,FURNITURE,BRAZIL
692,Customer#000692,MACHINERY,GERMANY
693,Customer#000693,HOUSEHOLD,UNITED KINGDOM
694,Customer#000694,HOUSEHOLD,CANADA
695,Customer#000695,MACHINERY,JAPAN
696,Customer#000696,FURNITURE,UNITED STATES
697,Customer#000697,MACHINERY,UNITED KINGDOM
698,Customer#000698,MACHINERY,CANADA
699,Customer#000699,HOUSEHOLD,UNITED STATES
700,Customer#000700,BUILDING,BRAZIL
701,Customer#000701,MACHINERY,UNITED KINGDOM
702,Customer#000702,BUILDING,AUSTRALIA
703,Customer#000703,HOUSEHOLD,UNITED STATES
704,Customer#000704,HOUSEHOLD,FRANCE
705,Customer#000705,MACHINERY,CANADA
706,Customer#000706,FURNITURE,GERMANY
707,Customer#000707,BUILDING,CANADA
708,Customer#000708,BUILDING,BRAZIL
709,Customer#000709,BUILDING,GERMANY
710,Customer#000710,BUILDING,FRANCE
711,Customer#000711,HOUSEHOLD,CANADA
712,Customer#000712,FURNITURE,GERMANY
713,Customer#000713,MACHINERY,BRAZIL
714,Customer#000714,MACHINERY,AUSTRALIA
715,Customer#000715,HOUSEHOLD,BRAZIL
716,Customer#000716,FURNITURE,UNITED STATES
717,Customer#000717,MACHINERY,UNITED KINGDOM
718,Customer#000718,MACHINERY,UNITED KINGDOM
719,Customer#000719,FURNITURE,AUSTRALIA
720,Customer#000720,MACHINERY,JAPAN
721,Customer#000721,FURNITURE,GERMANY
722,Customer#000722,MACHINERY,UNITED KINGDOM
723,Customer#000723,FURNITURE,GERMANY
724,Customer#000724,MACHINERY,JAPAN
725,Customer#000725,HOUSEHOLD,GERMANY
726,Customer#000726,FURNITURE,UNITED KINGDOM
727,Customer#000727,MACHINERY,AUSTRALIA
728,Customer#000728,MACHINERY,GERMANY
729,Customer#000729,FURNITURE,UNITED KINGDOM
730,Customer#000730,HOUSEHOLD,BRAZIL
731,Customer#000731,BUILDING,BRAZIL
732,Customer#000732,MACHINERY,GERMANY
733,Customer#000733,AUTOMOBILE,BRAZIL
734,Customer#000734,HOUSEHOLD,FRANCE
735,Customer#000735,AUTOMOBILE,GERMANY
736,Customer#000736,AUTOMOBILE,UNITED KINGDOM
737,Customer#000737,MACHINERY,UNITED KINGDOM
738,Customer#000738,FURNITURE,UNITED STATES
739,Customer#000739,MACHINERY,GERMANY
740,Customer#000740,FURNITURE,AUSTRALIA
741,Customer#000741,AUTOMOBILE,GERMANY
742,Customer#000742,AUTOMOBILE,GERMANY
743,Customer#000743,HOUSEHOLD,UNITED STATES
744,Customer#000744,HOUSEHOLD,BRAZIL
745,Customer#000745,AUTOMOBILE,CANADA
746,Customer#000746,FURNITURE,JAPAN
747,Customer#000747,HOUSEHOLD,FRANCE
748,Customer#000748,FURNITURE,FRANCE
749,Customer#000749,MACHINERY,CANADA
750,Customer#000750,AUTOMOBILE,BRAZIL
751,Customer#000751,FURNITURE,CANADA
752,Customer#000752,HOUSEHOLD,JAPAN
753,Customer#000753,HOUSEHOLD,AUSTRALIA
754,Customer#000754,AUTOMOBILE,FRANCE
755,Customer#000755,FURNITURE,GERMANY
756,Customer#000756,MACHINERY,UNITED STATES
757,Customer#000757,HOUSEHOLD,BRAZIL
758,Customer#000758,FURNITURE,UNITED KINGDOM
759,Customer#000759,FURNITURE,UNITED KINGDOM
760,Customer#000760,MACHINERY,UNITED KINGDOM
761,Customer#000761,AUTOMOBILE,JAPAN
762,Customer#000762,HOUSEHOLD,GERMANY
763,Customer#000763,HOUSEHOLD,UNITED KINGDOM
764,Customer#000764,AUTOMOBILE,CANADA
765,Customer#000765,MACHINERY,UNITED STATES
766,Customer#000766,HOUSEHOLD,UNITED STATES
767,Customer#000767,HOUSEHOLD,BRAZIL
768,Customer#000768,AUTOMOBILE,AUSTRALIA
769,Customer#000769,BUILDING,BRAZIL
770,Customer#000770,AUTOMOBILE,UNITED STATES
771,Customer#000771,MACHINERY,UNITED KINGDOM
772,Customer#000772,MACHINERY,GERMANY
773,Customer#000773,AUTOMOBILE,UNITED STATES
774,Customer#000774,MACHINERY,CANADA
775,Customer#000775,AUTOMOBILE,CANADA
776,Customer#000776,HOUSEHOLD,UNITED STATES
777,Customer#000777,BUILDING,UNITED STATES
778,Customer#000778,MACHINERY,FRANCE
779,Customer#000779,AUTOMOBILE,AUSTRALIA
780,Customer#000780,BUILDING,JAPAN
781,Customer#000781,AUTOMOBILE,JAPAN
782,Customer#000782,BUILDING,UNITED STATES
783,Customer#000783,AUTOMOBILE,AUSTRALIA
784,Customer#000784,FURNITURE,CANADA
785,Customer#000785,BUILDING,UNITED KINGDOM
786,Customer#000786,HOUSEHOLD,UNITED STATES
787,Customer#000787,FURNITURE,FRANCE
788,Customer#000788,AUTOMOBILE,JAPAN
789,Customer#000789,HOUSEHOLD,UNITED STATES
790,Customer#000790,FURNITURE,BRAZIL
791,Customer#000791,AUTOMOBILE,AUSTRALIA
792,Customer#000792,AUTOMOBILE,UNITED KINGDOM
793,Customer#000793,FURNITURE,BRAZIL
794,Customer#000794,BUILDING,UNITED STATES
795,Customer#000795,HOUSEHOLD,CANADA
796,Customer#000796,BUILDING,AUSTRALIA
797,Customer#000797,MACHINERY,JAPAN
798,Customer#000798,BUILDING,BRAZIL
799,Customer#000799,BUILDING,BRAZIL
800,Customer#000800,AUTOMOBILE,UNITED KINGDOM
801,Customer#000801,FURNITURE,BRAZIL
802,Customer#000802,AUTOMOBILE,UNITED STATES
803,Customer#000803,MACHINERY,BRAZIL
804,Customer#000804,AUTOMOBILE,CANADA
805,Customer#000805,HOUSEHOLD,GERMANY
806,Customer#000806,AUTOMOBILE,UNITED KINGDOM
807,Customer#000807,HOUSEHOLD,UNITED STATES
808,Customer#000808,MACHINERY,FRANCE
809,Customer#000809,BUILDING,FRANCE
810,Customer#000810,BUILDING,BRAZIL
811,Customer#000811,MACHINERY,AUSTRALIA
812,Customer#000812,FURNITURE,CANADA
813,Customer#000813,MACHINERY,UNITED STATES
814,Customer#000814,AUTOMOBILE,JAPAN
815,Customer#000815,MACHINERY,UNITED STATES
816,Customer#000816,MACHINERY,JAPAN
817,Customer#000817,BUILDING,BRAZIL
818,Customer#000818,HOUSEHOLD,AUSTRALIA
819,Customer#000819,HOUSEHOLD,AUSTRALIA
820,Customer#000820,MACHINERY,GERMANY
821,Customer#000821,HOUSEHOLD,CANADA
822,Customer#000822,MACHINERY,JAPAN
823,Customer#000823,BUILDING,AUSTRALIA
824,Customer#000824,BUILDING,AUSTRALIA
825,Customer#000825,FURNITURE,GERMANY
826,Customer#000826,FURNITURE,JAPAN
827,Customer#000827,MACHINERY,UNITED KINGDOM
828,Customer#000828,BUILDING,BRAZIL
829,Customer#000829,MACHINERY,JAPAN
830,Customer#000830,HOUSEHOLD,AUSTRALIA
831,Customer#000831,AUTOMOBILE,CANADA
832,Customer#000832,MACHINERY,CANADA
833,Customer#000833,BUILDING,BRAZIL
834,Customer#000834,FURNITURE,AUSTRALIA
835,Customer#000835,MACHINERY,UNITED STATES
836,Customer#000836,BUILDING,AUSTRALIA
837,Customer#000837,MACHINERY,GERMANY
838,Customer#000838,BUILDING,GERMANY
839,Customer#000839,FURNITURE,CANADA
840,Customer#000840,BUILDING,GERMANY
841,Customer#000841,BUILDING,FRANCE
842,Customer#000842,MACHINERY,BRAZIL
843,Customer#000843,HOUSEHOLD,UNITED STATES
844,Customer#000844,FURNITURE,GERMANY
845,Customer#000845,HOUSEHOLD,BRAZIL
846,Customer#000846,MACHINERY,CANADA
847,Customer#000847,BUILDING,GERMANY
848,Customer#000848,FURNITURE,BRAZIL
849,Customer#000849,HOUSEHOLD,BRAZIL
850,Customer#000850,MACHINERY,FRANCE
851,Customer#000851,BUILDING,UNITED STATES
852,Customer#000852,AUTOMOBILE,CANADA
853,Customer#000853,FURNITURE,AUSTRALIA
854,Customer#000854,FURNITURE,UNITED KINGDOM
855,Customer#000855,MACHINERY,JAPAN
856,Customer#000856,HOUSEHOLD,FRANCE
857,Customer#000857,FURNITURE,JAPAN
858,Customer#000858,HOUSEHOLD,FRANCE
859,Customer#000859,BUILDING,GERMANY
860,Customer#000860,BUILDING,CANADA
861,Customer#000861,AUTOMOBILE,CANADA
862,Customer#000862,BUILDING,BRAZIL
863,Customer#000863,MACHINERY,UNITED KINGDOM
864,Customer#000864,FURNITURE,JAPAN
865,Customer#000865,MACHINERY,GERMANY
866,Customer#000866,AUTOMOBILE,BRAZIL
867,Customer#000867,FURNITURE,FRANCE
868,Customer#000868,BUILDING,FRANCE
869,Customer#000869,AUTOMOBILE,FRANCE
870,Customer#000870,HOUSEHOLD,UNITED STATES
871,Customer#000871,MACHINERY,BRAZIL
872,Customer#000872,HOUSEHOLD,GERMANY
873,Customer#000873,FURNITURE,UNITED KINGDOM
874,Customer#000874,BUILDING,JAPAN
875,Customer#000875,HOUSEHOLD,CANADA
876,Customer#000876,FURNITURE,AUSTRALIA
877,Customer#000877,HOUSEHOLD,UNITED KINGDOM
878,Customer#000878,AUTOMOBILE,BRAZIL
879,Customer#000879,BUILDING,CANADA
880,Customer#000880,HOUSEHOLD,BRAZIL
881,Customer#000881,AUTOMOBILE,GERMANY
882,Customer#000882,AUTOMOBILE,AUSTRALIA
883,Customer#000883,FURNITURE,UNITED STATES
884,Customer#000884,BUILDING,GERMANY
885,Customer#000885,MACHINERY,GERMANY
886,Customer#000886,AUTOMOBILE,BRAZIL
887,Customer#000887,AUTOMOBILE,BRAZIL
888,Customer#000888,FURNITURE,JAPAN
889,Customer#000889,BUILDING,JAPAN
890,Customer#000890,AUTOMOBILE,JAPAN
891,Customer#000891,AUTOMOBILE,JAPAN
892,Customer#000892,FURNITURE,UNITED KINGDOM
893,Customer#000893,FURNITURE,GERMANY
894,Customer#000894,FURNITURE,GERMANY
895,Customer#000895,AUTOMOBILE,BRAZIL
896,Customer#000896,FURNITURE,UNITED STATES
897,Customer#000897,BUILDING,UNITED KINGDOM
898,Customer#000898,BUILDING,JAPAN
899,Customer#000899,AUTOMOBILE,AUSTRALIA
900,Customer#000900,FURNITURE,UNITED STATES
901,Customer#000901,HOUSEHOLD,JAPAN
902,Customer#000902,MACHINERY,CANADA
903,Customer#000903,AUTOMOBILE,AUSTRALIA
904,Customer#000904,MACHINERY,CANADA
905,Customer#000905,BUILDING,UNITED STATES
906,Customer#000906,AUTOMOBILE,CANADA
907,Customer#000907,HOUSEHOLD,CANADA
908,Customer#000908,HOUSEHOLD,FRANCE
909,Customer#000909,MACHINERY,GERMANY
910,Customer#000910,MACHINERY,BRAZIL
911,Customer#000911,MACHINERY,AUSTRALIA
912,Customer#000912,AUTOMOBILE,BRAZIL
913,Customer#000913,FURNITURE,UNITED KINGDOM
914,Customer#000914,MACHINERY,FRANCE
915,Customer#000915,HOUSEHOLD,UNITED KINGDOM
916,Customer#000916,MACHINERY,CANADA
917,Customer#000917,AUTOMOBILE,GERMANY
918,Customer#000918,BUILDING,UNITED STATES
919,Customer#000919,MACHINERY,AUSTRALIA
920,Customer#000920,FURNITURE,AUSTRALIA
921,Customer#000921,AUTOMOBILE,GERMANY
922,Customer#000922,MACHINERY,BRAZIL
923,Customer#000923,AUTOMOBILE,GERMANY
924,Customer#000924,HOUSEHOLD,CANADA
925,Customer#000925,HOUSEHOLD,JAPAN
926,Customer#000926,HOUSEHOLD,UNITED STATES
927,Customer#000927,BUILDING,AUSTRALIA
928,Customer#000928,FURNITURE,CANADA
929,Customer#000929,AUTOMOBILE,FRANCE
930,Customer#000930,FURNITURE,BRAZIL
931,Customer#000931,BUILDING,UNITED STATES
932,Customer#000932,MACHINERY,CANADA
933,Customer#000933,FURNITURE,CANADA
934,Customer#000934,MACHINERY,UNITED STATES
935,Customer#000935,BUILDING,AUSTRALIA
936,Customer#000936,AUTOMOBILE,JAPAN
937,Customer#000937,MACHINERY,AUSTRALIA
938,Customer#000938,MACHINERY,UNITED STATES
939,Customer#000939,HOUSEHOLD,UNITED STATES
940,Customer#000940,FURNITURE,FRANCE
941,Customer#000941,MACHINERY,JAPAN
942,Customer#000942,BUILDING,AUSTRALIA
943,Customer#000943,FURNITURE,CANADA
944,Customer#000944,FURNITURE,JAPAN
945,Customer#000945,FURNITURE,UNITED KINGDOM
946,Customer#000946,AUTOMOBILE,UNITED KINGDOM
947,Customer#000947,HOUSEHOLD,BRAZIL
948,Customer#000948,MACHINERY,BRAZIL
949,Customer#000949,AUTOMOBILE,FRANCE
950,Customer#000950,FURNITURE,AUSTRALIA
951,Customer#000951,FURNITURE,UNITED STATES
952,Customer#000952,BUILDING,UNITED STATES
953,Customer#000953,AUTOMOBILE,BRAZIL
954,Customer#000954,HOUSEHOLD,CANADA
955,Customer#000955,AUTOMOBILE,GERMANY
956,Customer#000956,MACHINERY,BRAZIL
957,Customer#000957,AUTOMOBILE,AUSTRALIA
958,Customer#000958,FURNITURE,JAPAN
959,Customer#000959,FURNITURE,BRAZIL
960,Customer#000960,FURNITURE,CANADA
961,Customer#000961,FURNITURE,JAPAN
962,Customer#000962,HOUSEHOLD,UNITED STATES
963,Customer#000963,MACHINERY,BRAZIL
964,Customer#000964,BUILDING,AUSTRALIA
965,Customer#000965,FURNITURE,JAPAN
966,Customer#000966,BUILDING,CANADA
967,Customer#000967,MACHINERY,FRANCE
968,Customer#000968,BUILDING,CANADA
969,Customer#000969,AUTOMOBILE,AUSTRALIA
970,Customer#000970,AUTOMOBILE,FRANCE
971,Customer#000971,BUILDING,UNITED KINGDOM
972,Customer#000972,AUTOMOBILE,UNITED STATES
973,Customer#000973,HOUSEHOLD,BRAZIL
974,Customer#000974,HOUSEHOLD,GERMANY
975,Customer#000975,HOUSEHOLD,FRANCE
976,Customer#000976,HOUSEHOLD,CANADA
977,Customer#000977,BUILDING,GERMANY
978,Customer#000978,FURNITURE,FRANCE
979,Customer#000979,FURNITURE,BRAZIL
980,Customer#000980,HOUSEHOLD,AUSTRALIA
981,Customer#000981,MACHINERY,GERMANY
982,Customer#000982,HOUSEHOLD,BRAZIL
983,Customer#000983,FURNITURE,BRAZIL
984,Customer#000984,MACHINERY,CANADA
985,Customer#000985,AUTOMOBILE,FRANCE
986,Customer#000986,MACHINERY,JAPAN
987,Customer#000987,AUTOMOBILE,JAPAN
988,Customer#000988,MACHINERY,FRANCE
989,Customer#000989,HOUSEHOLD,BRAZIL
990,Customer#000990,HOUSEHOLD,BRAZIL
991,Customer#000991,FURNITURE,JAPAN
992,Customer#000992,MACHINERY,UNITED KINGDOM
993,Customer#000993,FURNITURE,AUSTRALIA
994,Customer#000994,HOUSEHOLD,BRAZIL
995,Customer#000995,AUTOMOBILE,JAPAN
996,Customer#000996,BUILDING,JAPAN
997,Customer#000997,BUILDING,BRAZIL
998,Customer#000998,HOUSEHOLD,JAPAN
999,Customer#000999,HOUSEHOLD,FRANCE
1000,Customer#001000,AUTOMOBILE,JAPAN
1001,Customer#001001,FURNITURE,JAPAN
1002,Customer#001002,AUTOMOBILE,UNITED KINGDOM
1003,Customer#001003,FURNITURE,FRANCE
1004,Customer#001004,AUTOMOBILE,UNITED STATES
1005,Customer#001005,FURNITURE,FRANCE
1006,Customer#001006,AUTOMOBILE,UNITED STATES
1007,Customer#001007,BUILDING,AUSTRALIA
1008,Customer#001008,MACHINERY,CANADA
1009,Customer#001009,BUILDING,GERMANY
1010,Customer#001010,BUILDING,GERMANY
1011,Customer#001011,HOUSEHOLD,CANADA
1012,Customer#001012,HOUSEHOLD,FRANCE
1013,Customer#001013,MACHINERY,BRAZIL
1014,Customer#001014,MACHINERY,UNITED STATES
1015,Customer#001015,BUILDING,FRANCE
1016,Customer#001016,FURNITURE,UNITED STATES
1017,Customer#001017,AUTOMOBILE,AUSTRALIA
1018,Customer#001018,AUTOMOBILE,UNITED STATES
1019,Customer#001019,HOUSEHOLD,CANADA
1020,Customer#001020,AUTOMOBILE,JAPAN
1021,Customer#001021,BUILDING,UNITED STATES
1022,Customer#001022,MACHINERY,UNITED KINGDOM
1023,Customer#001023,MACHINERY,JAPAN
1024,Customer#001024,HOUSEHOLD,CANADA
1025,Customer#001025,AUTOMOBILE,CANADA
1026,Customer#001026,MACHINERY,FRANCE
1027,Customer#001027,BUILDING,BRAZIL
1028,Customer#001028,AUTOMOBILE,CANADA
1029,Customer#001029,MACHINERY,GERMANY
1030,Customer#001030,BUILDING,BRAZIL
1031,Customer#001031,MACHINERY,FRANCE
1032,Customer#001032,AUTOMOBILE,AUSTRALIA
1033,Customer#001033,HOUSEHOLD,BRAZIL
1034,Customer#001034,BUILDING,AUSTRALIA
1035,Customer#001035,BUILDING,GERMANY
1036,Customer#001036,AUTOMOBILE,CANADA
1037,Customer#001037,MACHINERY,FRANCE
1038,Customer#001038,BUILDING,JAPAN
1039,Customer#001039,HOUSEHOLD,FRANCE
1040,Customer#001040,HOUSEHOLD,JAPAN
1041,Customer#001041,MACHINERY,JAPAN
1042,Customer#001042,FURNITURE,UNITED STATES
1043,Customer#001043,MACHINERY,BRAZIL
1044,Customer#001044,AUTOMOBILE,UNITED STATES
1045,Customer#001045,BUILDING,CANADA
1046,Customer#001046,MACHINERY,GERMANY
1047,Customer#001047,HOUSEHOLD,JAPAN
1048,Customer#001048,BUILDING,JAPAN
1049,Customer#001049,MACHINERY,FRANCE
1050,Customer#001050,AUTOMOBILE,GERMANY
1051,Customer#001051,HOUSEHOLD,GERMANY
1052,Customer#001052,HOUSEHOLD,BRAZIL
1053,Customer#001053,HOUSEHOLD,CANADA
1054,Customer#001054,FURNITURE,FRANCE
1055,Customer#001055,AUTOMOBILE,UNITED KINGDOM
1056,Customer#001056,FURNITURE,CANADA
1057,Customer#001057,FURNITURE,BRAZIL
1058,Customer#001058,BUILDING,UNITED KINGDOM
1059,Customer#001059,BUILDING,FRANCE
1060,Customer#001060,FURNITURE,GERMANY
1061,Customer#001061,AUTOMOBILE,BRAZIL
1062,Customer#001062,FURNITURE,CANADA
1063,Customer#001063,BUILDING,FRANCE
1064,Customer#001064,FURNITURE,CANADA
1065,Customer#001065,BUILDING,CANADA
1066,Customer#001066,BUILDING,CANADA
1067,Customer#001067,AUTOMOBILE,AUSTRALIA
1068,Customer#001068,HOUSEHOLD,UNITED STATES
1069,Customer#001069,FURNITURE,CANADA
1070,Customer#001070,MACHINERY,UNITED STATES
1071,Customer#001071,HOUSEHOLD,JAPAN
1072,Customer#001072,BUILDING,FRANCE
1073,Customer#001073,FURNITURE,UNITED KINGDOM
1074,Customer#001074,BUILDING,AUSTRALIA
1075,Customer#001075,MACHINERY,UNITED KINGDOM
1076,Customer#001076,FURNITURE,UNITED STATES
1077,Customer#001077,BUILDING,CANADA
1078,Customer#001078,BUILDING,JAPAN
1079,Customer#001079,HOUSEHOLD,GERMANY
1080,Customer#001080,AUTOMOBILE,AUSTRALIA
1081,Customer#001081,MACHINERY,AUSTRALIA
1082,Customer#001082,HOUSEHOLD,AUSTRALIA
1083,Customer#001083,HOUSEHOLD,UNITED KINGDOM
1084,Customer#001084,FURNITURE,GERMANY
1085,Customer#001085,MACHINERY,UNITED KINGDOM
1086,Customer#001086,AUTOMOBILE,AUSTRALIA
1087,Customer#001087,FURNITURE,GERMANY
1088,Customer#001088,AUTOMOBILE,UNITED STATES
1089,Customer#001089,BUILDING,JAPAN
1090,Customer#001090,HOUSEHOLD,AUSTRALIA
1091,Customer#001091,FURNITURE,AUSTRALIA
1092,Customer#001092,AUTOMOBILE,FRANCE
1093,Customer#001093,HOUSEHOLD,BRAZIL
1094,Customer#001094,AUTOMOBILE,JAPAN
1095,Customer#001095,AUTOMOBILE,UNITED KINGDOM
1096,Customer#001096,BUILDING,AUSTRALIA
1097,Customer#001097,FURNITURE,UNITED STATES
1098,Customer#001098,AUTOMOBILE,FRANCE
1099,Customer#001099,BUILDING,UNITED KINGDOM
1100,Customer#001100,FURNITURE,UNITED STATES
1101,Customer#001101,HOUSEHOLD,UNITED STATES
1102,Customer#001102,AUTOMOBILE,UNITED STATES
1103,Customer#001103,HOUSEHOLD,CANADA
1104,Customer#001104,AUTOMOBILE,FRANCE
1105,Customer#001105,BUILDING,GERMANY
1106,Customer#001106,FURNITURE,JAPAN
1107,Customer#001107,AUTOMOBILE,BRAZIL
1108,Customer#001108,FURNITURE,BRAZIL
1109,Customer#001109,AUTOMOBILE,JAPAN
1110,Customer#001110,AUTOMOBILE,FRANCE
1111,Customer#001111,HOUSEHOLD,JAPAN
1112,Customer#001112,MACHINERY,UNITED STATES
1113,Customer#001113,FURNITURE,GERMANY
1114,Customer#001114,HOUSEHOLD,CANADA
1115,Customer#001115,BUILDING,BRAZIL
1116,Customer#001116,HOUSEHOLD,BRAZIL
1117,Customer#001117,HOUSEHOLD,AUSTRALIA
1118,Customer#001118,AUTOMOBILE,JAPAN
1119,Customer#001119,HOUSEHOLD,GERMANY
1120,Customer#001120,FURNITURE,CANADA
1121,Customer#001121,AUTOMOBILE,FRANCE
1122,Customer#001122,MACHINERY,GERMANY
1123,Customer#001123,HOUSEHOLD,UNITED STATES
1124,Customer#001124,FURNITURE,AUSTRALIA
1125,Customer#001125,HOUSEHOLD,GERMANY
1126,Customer#001126,HOUSEHOLD,FRANCE
1127,Customer#001127,MACHINERY,FRANCE
1128,Customer#001128,MACHINERY,UNITED KINGDOM
1129,Customer#001129,HOUSEHOLD,BRAZIL
1130,Customer#001130,BUILDING,FRANCE
1131,Customer#001131,BUILDING,JAPAN
1132,Customer#001132,HOUSEHOLD,UNITED STATES
1133,Customer#001133,BUILDING,FRANCE
1134,Customer#001134,FURNITURE,FRANCE
1135,Customer#001135,HOUSEHOLD,FRANCE
1136,Customer#001136,MACHINERY,JAPAN
1137,Customer#001137,BUILDING,FRANCE
1138,Customer#001138,AUTOMOBILE,UNITED KINGDOM
1139,Customer#001139,HOUSEHOLD,FRANCE
1140,Customer#001140,FURNITURE,FRANCE
1141,Customer#001141,HOUSEHOLD,FRANCE
1142,Customer#001142,FURNITURE,BRAZIL
1143,Customer#001143,MACHINERY,AUSTRALIA
1144,Customer#001144,HOUSEHOLD,BRAZIL
1145,Customer#001145,MACHINERY,JAPAN
1146,Customer#001146,MACHINERY,CANADA
1147,Customer#001147,HOUSEHOLD,UNITED KINGDOM
1148,Customer#001148,HOUSEHOLD,BRAZIL
1149,Customer#001149,AUTOMOBILE,BRAZIL
1150,Customer#001150,MACHINERY,AUSTRALIA
1151,Customer#001151,BUILDING,FRANCE
1152,Customer#001152,AUTOMOBILE,UNITED STATES
1153,Customer#001153,MACHINERY,AUSTRALIA
1154,Customer#001154,MACHINERY,GERMANY
1155,Customer#001155,AUTOMOBILE,BRAZIL
1156,Customer#001156,AUTOMOBILE,AUSTRALIA
1157,Customer#001157,FURNITURE,FRANCE
1158,Customer#001158,HOUSEHOLD,BRAZIL
1159,Customer#001159,MACHINERY,CANADA
1160,Customer#001160,HOUSEHOLD,CANADA
1161,Customer#001161,AUTOMOBILE,BRAZIL
1162,Customer#001162,AUTOMOBILE,GERMANY
1163,Customer#001163,FURNITURE,CANADA
1164,Customer#001164,AUTOMOBILE,UNITED STATES
1165,Customer#001165,FURNITURE,UNITED STATES
1166,Customer#001166,BUILDING,UNITED STATES
1167,Customer#001167,BUILDING,AUSTRALIA
1168,Customer#001168,AUTOMOBILE,FRANCE
1169,Customer#001169,BUILDING,GERMANY
1170,Customer#001170,BUILDING,FRANCE
1171,Customer#001171,FURNITURE,CANADA
1172,Customer#001172,MACHINERY,UNITED STATES
1173,Customer#001173,FURNITURE,CANADA
1174,Customer#001174,HOUSEHOLD,UNITED STATES
1175,Customer#001175,BUILDING,AUSTRALIA
1176,Customer#001176,BUILDING,UNITED STATES
1177,Customer#001177,FURNITURE,JAPAN
1178,Customer#001178,FURNITURE,JAPAN
1179,Customer#001179,BUILDING,AUSTRALIA
1180,Customer#001180,AUTOMOBILE,UNITED KINGDOM
1181,Customer#001181,BUILDING,GERMANY
1182,Customer#001182,AUTOMOBILE,FRANCE
1183,Customer#001183,FURNITURE,JAPAN
1184,Customer#001184,MACHINERY,JAPAN
1185,Customer#001185,HOUSEHOLD,UNITED KINGDOM
1186,Customer#001186,MACHINERY,AUSTRALIA
1187,Customer#001187,HOUSEHOLD,FRANCE
1188,Customer#001188,AUTOMOBILE,JAPAN
1189,Customer#001189,BUILDING,UNITED STATES
1190,Customer#001190,BUILDING,AUSTRALIA
1191,Customer#001191,HOUSEHOLD,AUSTRALIA
1192,Customer#001192,FURNITURE,CANADA
1193,Customer#001193,BUILDING,UNITED STATES
1194,Customer#001194,AUTOMOBILE,UNITED KINGDOM
1195,Customer#001195,HOUSEHOLD,AUSTRALIA
1196,Customer#001196,MACHINERY,UNITED KINGDOM
1197,Customer#001197,FURNITURE,UNITED STATES
1198,Customer#001198,AUTOMOBILE,FRANCE
1199,Customer#001199,FURNITURE,CANADA
1200,Customer#001200,MACHINERY,UNITED STATES
1201,Customer#001201,BUILDING,JAPAN
1202,Customer#001202,FURNITURE,UNITED STATES
1203,Customer#001203,AUTOMOBILE,BRAZIL
1204,Customer#001204,BUILDING,FRANCE
1205,Customer#001205,FURNITURE,GERMANY
1206,Customer#001206,HOUSEHOLD,UNITED KINGDOM
1207,Customer#001207,MACHINERY,GERMANY
1208,Customer#001208,FURNITURE,FRANCE
1209,Customer#001209,FURNITURE,AUSTRALIA
1210,Customer#001210,FURNITURE,BRAZIL
1211,Customer#001211,HOUSEHOLD,GERMANY
1212,Customer#001212,BUILDING,BRAZIL
1213,Customer#001213,BUILDING,UNITED KINGDOM
1214,Customer#001214,HOUSEHOLD,FRANCE
1215,Customer#001215,BUILDING,BRAZIL
1216,Customer#001216,FURNITURE,AUSTRALIA
1217,Customer#001217,MACHINERY,UNITED STATES
1218,Customer#001218,MACHINERY,CANADA
1219,Customer#001219,HOUSEHOLD,FRANCE
1220,Customer#001220,MACHINERY,AUSTRALIA
1221,Customer#001221,HOUSEHOLD,GERMANY
1222,Customer#001222,FURNITURE,AUSTRALIA
1223,Customer#001223,BUILDING,JAPAN
1224,Customer#001224,AUTOMOBILE,UNITED KINGDOM
1225,Customer#001225,BUILDING,JAPAN
1226,Customer#001226,AUTOMOBILE,AUSTRALIA
1227,Customer#001227,AUTOMOBILE,AUSTRALIA
1228,Customer#001228,MACHINERY,BRAZIL
1229,Customer#001229,BUILDING,UNITED KINGDOM
1230,Customer#001230,BUILDING,JAPAN
1231,Customer#001231,HOUSEHOLD,BRAZIL
1232,Customer#001232,MACHINERY,UNITED KINGDOM
1233,Customer#001233,AUTOMOBILE,UNITED KINGDOM
1234,Customer#001234,AUTOMOBILE,AUSTRALIA
1235,Customer#001235,HOUSEHOLD,AUSTRALIA
1236,Customer#001236,BUILDING,UNITED STATES
1237,Customer#001237,BUILDING,BRAZIL
1238,Customer#001238,FURNITURE,UNITED KINGDOM
1239,Customer#001239,FURNITURE,BRAZIL
1240,Customer#001240,HOUSEHOLD,UNITED STATES
1241,Customer#001241,MACHINERY,AUSTRALIA
1242,Customer#001242,HOUSEHOLD,UNITED KINGDOM
1243,Customer#001243,FURNITURE,FRANCE
1244,Customer#001244,FURNITURE,GERMANY
1245,Customer#001245,HOUSEHOLD,GERMANY
1246,Customer#001246,AUTOMOBILE,JAPAN
1247,Customer#001247,MACHINERY,JAPAN
1248,Customer#001248,HOUSEHOLD,GERMANY
1249,Customer#001249,BUILDING,GERMANY
1250,Customer#001250,HOUSEHOLD,JAPAN
1251,Customer#001251,HOUSEHOLD,JAPAN
1252,Customer#001252,HOUSEHOLD,UNITED KINGDOM
1253,Customer#001253,MACHINERY,JAPAN
1254,Customer#001254,AUTOMOBILE,CANADA
1255,Customer#001255,FURNITURE,FRANCE
1256,Customer#001256,HOUSEHOLD,UNITED KINGDOM
1257,Customer#001257,AUTOMOBILE,JAPAN
1258,Customer#001258,BUILDING,AUSTRALIA
1259,Customer#001259,MACHINERY,AUSTRALIA
1260,Customer#001260,MACHINERY,CANADA
1261,Customer#001261,MACHINERY,AUSTRALIA
1262,Customer#001262,FURNITURE,GERMANY
1263,Customer#001263,MACHINERY,BRAZIL
1264,Customer#001264,FURNITURE,FRANCE
1265,Customer#001265,HOUSEHOLD,BRAZIL
1266,Customer#001266,AUTOMOBILE,AUSTRALIA
1267,Customer#001267,MACHINERY,JAPAN
1268,Customer#001268,HOUSEHOLD,FRANCE
1269,Customer#001269,MACHINERY,AUSTRALIA
1270,Customer#001270,MACHINERY,AUSTRALIA
1271,Customer#001271,MACHINERY,UNITED KINGDOM
1272,Customer#001272,FURNITURE,FRANCE
1273,Customer#001273,FURNITURE,GERMANY
1274,Customer#001274,FURNITURE,UNITED STATES
1275,Customer#001275,HOUSEHOLD,FRANCE
1276,Customer#001276,HOUSEHOLD,JAPAN
1277,Customer#001277,BUILDING,AUSTRALIA
1278,Customer#001278,HOUSEHOLD,GERMANY
1279,Customer#001279,MACHINERY,FRANCE
1280,Customer#001280,MACHINERY,GERMANY
1281,Customer#001281,HOUSEHOLD,AUSTRALIA
1282,Customer#001282,BUILDING,CANADA
1283,Customer#001283,FURNITURE,CANADA
1284,Customer#001284,FURNITURE,AUSTRALIA
1285,Customer#001285,FURNITURE,AUSTRALIA
1286,Customer#001286,FURNITURE,UNITED STATES
1287,Customer#001287,MACHINERY,UNITED KINGDOM
1288,Customer#001288,BUILDING,FRANCE
1289,Customer#001289,MACHINERY,GERMANY
1290,Customer#001290,FURNITURE,UNITED STATES
1291,Customer#001291,FURNITURE,AUSTRALIA
1292,Customer#001292,MACHINERY,AUSTRALIA
1293,Customer#001293,BUILDING,UNITED STATES
1294,Customer#001294,BUILDING,JAPAN
1295,Customer#001295,AUTOMOBILE,FRANCE
1296,Customer#001296,HOUSEHOLD,BRAZIL
1297,Customer#001297,HOUSEHOLD,CANADA
1298,Customer#001298,FURNITURE,GERMANY
1299,Customer#001299,MACHINERY,UNITED STATES
1300,Customer#001300,HOUSEHOLD,UNITED KINGDOM
1301,Customer#001301,MACHINERY,AUSTRALIA
1302,Customer#001302,BUILDING,UNITED KINGDOM
1303,Customer#001303,AUTOMOBILE,BRAZIL
1304,Customer#001304,MACHINERY,BRAZIL
1305,Customer#001305,HOUSEHOLD,FRANCE
1306,Customer#001306,FURNITURE,CANADA
1307,Customer#001307,MACHINERY,CANADA
1308,Customer#001308,BUILDING,CANADA
1309,Customer#001309,HOUSEHOLD,BRAZIL
1310,Customer#001310,BUILDING,JAPAN
1311,Customer#001311,BUILDING,UNITED KINGDOM
1312,Customer#001312,BUILDING,BRAZIL
1313,Customer#001313,BUILDING,GERMANY
1314,Customer#001314,AUTOMOBILE,GERMANY
1315,Customer#001315,FURNITURE,GERMANY
1316,Customer#001316,MACHINERY,AUSTRALIA
1317,Customer#001317,HOUSEHOLD,FRANCE
1318,Customer#001318,HOUSEHOLD,GERMANY
1319,Customer#001319,AUTOMOBILE,AUSTRALIA
1320,Customer#001320,HOUSEHOLD,UNITED STATES
1321,Customer#001321,FURNITURE,FRANCE
1322,Customer#001322,HOUSEHOLD,AUSTRALIA
1323,Customer#001323,HOUSEHOLD,UNITED STATES
1324,Customer#001324,AUTOMOBILE,FRANCE
1325,Customer#001325,MACHINERY,UNITED KINGDOM
1326,Customer#001326,FURNITURE,UNITED KINGDOM
1327,Customer#001327,FURNITURE,GERMANY
1328,Customer#001328,MACHINERY,BRAZIL
1329,Customer#001329,AUTOMOBILE,CANADA
1330,Customer#001330,BUILDING,JAPAN
1331,Customer#001331,HOUSEHOLD,BRAZIL
1332,Customer#001332,FURNITURE,AUSTRALIA
1333,Customer#001333,FURNITURE,AUSTRALIA
1334,Customer#001334,FURNITURE,UNITED KINGDOM
1335,Customer#001335,MACHINERY,BRAZIL
1336,Customer#001336,HOUSEHOLD,GERMANY
1337,Customer#001337,MACHINERY,UNITED KINGDOM
1338,Customer#001338,AUTOMOBILE,BRAZIL
1339,Customer#001339,BUILDING,FRANCE
1340,Customer#001340,MACHINERY,UNITED KINGDOM
1341,Customer#001341,AUTOMOBILE,BRAZIL
1342,Customer#001342,AUTOMOBILE,AUSTRALIA
1343,Customer#001343,HOUSEHOLD,GERMANY
1344,Customer#001344,FURNITURE,AUSTRALIA
1345,Customer#001345,HOUSEHOLD,GERMANY
1346,Customer#001346,HOUSEHOLD,GERMANY
1347,Customer#001347,FURNITURE,GERMANY
1348,Customer#001348,HOUSEHOLD,JAPAN
1349,Customer#001349,AUTOMOBILE,GERMANY
1350,Customer#001350,MACHINERY,CANADA
1351,Customer#001351,FURNITURE,UNITED STATES
1352,Customer#001352,MACHINERY,UNITED STATES
1353,Customer#001353,HOUSEHOLD,GERMANY
1354,Customer#001354,AUTOMOBILE,AUSTRALIA
1355,Customer#001355,FURNITURE,CANADA
1356,Customer#001356,HOUSEHOLD,CANADA
1357,Customer#001357,HOUSEHOLD,CANADA
1358,Customer#001358,HOUSEHOLD,GERMANY
1359,Customer#001359,BUILDING,UNITED STATES
1360,Customer#001360,AUTOMOBILE,JAPAN
1361,Customer#001361,BUILDING,JAPAN
1362,Customer#001362,AUTOMOBILE,JAPAN
1363,Customer#001363,AUTOMOBILE,CANADA
1364,Customer#001364,FURNITURE,CANADA
1365,Customer#001365,FURNITURE,UNITED KINGDOM
1366,Customer#001366,FURNITURE,UNITED KINGDOM
1367,Customer#001367,MACHINERY,BRAZIL
1368,Customer#001368,FURNITURE,UNITED STATES
1369,Customer#001369,HOUSEHOLD,FRANCE
1370,Customer#001370,HOUSEHOLD,UNITED KINGDOM
1371,Customer#001371,AUTOMOBILE,JAPAN
1372,Customer#001372,BUILDING,CANADA
1373,Customer#001373,MACHINERY,BRAZIL
1374,Customer#001374,BUILDING,CANADA
1375,Customer#001375,BUILDING,FRANCE
1376,Customer#001376,AUTOMOBILE,BRAZIL
1377,Customer#001377,FURNITURE,AUSTRALIA
1378,Customer#001378,AUTOMOBILE,GERMANY
1379,Customer#001379,AUTOMOBILE,FRANCE
1380,Customer#001380,BUILDING,BRAZIL
1381,Customer#001381,FURNITURE,JAPAN
1382,Customer#001382,FURNITURE,GERMANY
1383,Customer#001383,MACHINERY,JAPAN
1384,Customer#001384,MACHINERY,JAPAN
1385,Customer#001385,FURNITURE,UNITED KINGDOM
1386,Customer#001386,AUTOMOBILE,AUSTRALIA
1387,Customer#001387,BUILDING,JAPAN
1388,Customer#001388,AUTOMOBILE,GERMANY
1389,Customer#001389,AUTOMOBILE,GERMANY
1390,Customer#001390,MACHINERY,FRANCE
1391,Customer#001391,HOUSEHOLD,CANADA
1392,Customer#001392,AUTOMOBILE,JAPAN
1393,Customer#001393,HOUSEHOLD,AUSTRALIA
1394,Customer#001394,HOUSEHOLD,UNITED KINGDOM
1395,Customer#001395,BUILDING,AUSTRALIA
1396,Customer#001396,FURNITURE,JAPAN
1397,Customer#001397,MACHINERY,CANADA
1398,Customer#001398,HOUSEHOLD,BRAZIL
1399,Customer#001399,FURNITURE,UNITED STATES
1400,Customer#001400,BUILDING,CANADA
1401,Customer#001401,MACHINERY,UNITED KINGDOM
1402,Customer#001402,FURNITURE,AUSTRALIA
1403,Customer#001403,AUTOMOBILE,AUSTRALIA
1404,Customer#001404,AUTOMOBILE,CANADA
1405,Customer#001405,MACHINERY,BRAZIL
1406,Customer#001406,MACHINERY,BRAZIL
1407,Customer#001407,FURNITURE,GERMANY
1408,Customer#001408,FURNITURE,CANADA
1409,Customer#001409,MACHINERY,UNITED STATES
1410,Customer#001410,BUILDING,UNITED KINGDOM
1411,Customer#001411,HOUSEHOLD,UNITED STATES
1412,Customer#001412,BUILDING,GERMANY
1413,Customer#001413,HOUSEHOLD,CANADA
1414,Customer#001414,BUILDING,AUSTRALIA
1415,Customer#001415,AUTOMOBILE,GERMANY
1416,Customer#001416,MACHINERY,GERMANY
1417,Customer#001417,MACHINERY,UNITED KINGDOM
1418,Customer#001418,MACHINERY,JAPAN
1419,Customer#001419,BUILDING,BRAZIL
1420,Customer#001420,AUTOMOBILE,UNITED STATES
1421,Customer#001421,HOUSEHOLD,JAPAN
1422,Customer#001422,AUTOMOBILE,AUSTRALIA
1423,Customer#001423,BUILDING,UNITED KINGDOM
1424,Customer#001424,BUILDING,FRANCE
1425,Customer#001425,HOUSEHOLD,UNITED KINGDOM
1426,Customer#001426,AUTOMOBILE,FRANCE
1427,Customer#001427,FURNITURE,CANADA
1428,Customer#001428,BUILDING,UNITED STATES
1429,Customer#001429,MACHINERY,UNITED KINGDOM
1430,Customer#001430,HOUSEHOLD,GERMANY
1431,Customer#001431,HOUSEHOLD,UNITED KINGDOM
1432,Customer#001432,AUTOMOBILE,AUSTRALIA
1433,Customer#001433,BUILDING,UNITED KINGDOM
1434,Customer#001434,BUILDING,BRAZIL
1435,Customer#001435,MACHINERY,JAPAN
1436,Customer#001436,AUTOMOBILE,AUSTRALIA
1437,Customer#001437,AUTOMOBILE,GERMANY
1438,Customer#001438,BUILDING,UNITED STATES
1439,Customer#001439,FURNITURE,GERMANY
1440,Customer#001440,HOUSEHOLD,BRAZIL
1441,Customer#001441,AUTOMOBILE,GERMANY
1442,Customer#001442,HOUSEHOLD,CANADA
1443,Customer#001443,AUTOMOBILE,UNITED KINGDOM
1444,Customer#001444,BUILDING,GERMANY
1445,Customer#001445,BUILDING,AUSTRALIA
1446,Customer#001446,MACHINERY,AUSTRALIA
1447,Customer#001447,MACHINERY,GERMANY
1448,Customer#001448,AUTOMOBILE,JAPAN
1449,Customer#001449,BUILDING,FRANCE
1450,Customer#001450,FURNITURE,JAPAN
1451,Customer#001451,BUILDING,JAPAN
1452,Customer#001452,AUTOMOBILE,FRANCE
1453,Customer#001453,HOUSEHOLD,JAPAN
1454,Customer#001454,BUILDING,FRANCE
1455,Customer#001455,HOUSEHOLD,AUSTRALIA
1456,Customer#001456,BUILDING,FRANCE
1457,Customer#001457,HOUSEHOLD,UNITED KINGDOM
1458,Customer#001458,FURNITURE,UNITED STATES
1459,Customer#001459,MACHINERY,BRAZIL
1460,Customer#001460,AUTOMOBILE,AUSTRALIA
1461,Customer#001461,FURNITURE,AUSTRALIA
1462,Customer#001462,MACHINERY,GERMANY
1463,Customer#001463,HOUSEHOLD,UNITED KINGDOM
1464,Customer#001464,BUILDING,UNITED KINGDOM
1465,Customer#001465,BUILDING,JAPAN
1466,Customer#001466,AUTOMOBILE,UNITED STATES
1467,Customer#001467,BUILDING,AUSTRALIA
1468,Customer#001468,FURNITURE,JAPAN
1469,Customer#001469,FURNITURE,AUSTRALIA
1470,Customer#001470,HOUSEHOLD,AUSTRALIA
1471,Customer#001471,BUILDING,GERMANY
1472,Customer#001472,MACHINERY,UNITED KINGDOM
1473,Customer#001473,MACHINERY,UNITED KINGDOM
1474,Customer#001474,FURNITURE,FRANCE
1475,Customer#001475,AUTOMOBILE,BRAZIL
1476,Customer#001476,HOUSEHOLD,UNITED KINGDOM
1477,Customer#001477,MACHINERY,AUSTRALIA
1478,Customer#001478,AUTOMOBILE,UNITED STATES
1479,Customer#001479,AUTOMOBILE,UNITED KINGDOM
1480,Customer#001480,HOUSEHOLD,UNITED KINGDOM
1481,Customer#001481,HOUSEHOLD,UNITED STATES
1482,Customer#001482,MACHINERY,GERMANY
1483,Customer#001483,BUILDING,UNITED STATES
1484,Customer#001484,AUTOMOBILE,UNITED STATES
1485,Customer#001485,AUTOMOBILE,CANADA
1486,Customer#001486,MACHINERY,JAPAN
1487,Customer#001487,AUTOMOBILE,BRAZIL
1488,Customer#001488,AUTOMOBILE,JAPAN
1489,Customer#001489,BUILDING,UNITED STATES
1490,Customer#001490,MACHINERY,AUSTRALIA
1491,Customer#001491,MACHINERY,UNITED KINGDOM
1492,Customer#001492,MACHINERY,UNITED KINGDOM
1493,Customer#001493,HOUSEHOLD,CANADA
1494,Customer#001494,FURNITURE,BRAZIL
1495,Customer#001495,BUILDING,CANADA
1496,Customer#001496,FURNITURE,GERMANY
1497,Customer#001497,MACHINERY,GERMANY
1498,Customer#001498,MACHINERY,UNITED KINGDOM
1499,Customer#001499,FURNITURE,UNITED KINGDOM
1500,Customer#001500,AUTOMOBILE,UNITED STATES
1501,Customer#001501,BUILDING,UNITED STATES
1502,Customer#001502,AUTOMOBILE,UNITED STATES
1503,Customer#001503,HOUSEHOLD,BRAZIL
1504,Customer#001504,HOUSEHOLD,GERMANY
1505,Customer#001505,AUTOMOBILE,UNITED STATES
1506,Customer#001506,FURNITURE,AUSTRALIA
1507,Customer#001507,AUTOMOBILE,BRAZIL
1508,Customer#001508,AUTOMOBILE,AUSTRALIA
1509,Customer#001509,MACHINERY,JAPAN
1510,Customer#001510,BUILDING,BRAZIL
1511,Customer#001511,BUILDING,UNITED STATES
1512,Customer#001512,AUTOMOBILE,FRANCE
1513,Customer#001513,FURNITURE,UNITED STATES
1514,Customer#001514,HOUSEHOLD,UNITED KINGDOM
1515,Customer#001515,HOUSEHOLD,JAPAN
1516,Customer#001516,MACHINERY,BRAZIL
1517,Customer#001517,BUILDING,CANADA
1518,Customer#001518,BUILDING,BRAZIL
1519,Customer#001519,AUTOMOBILE,JAPAN
1520,Customer#001520,FURNITURE,JAPAN
1521,Customer#001521,FURNITURE,FRANCE
1522,Customer#001522,HOUSEHOLD,BRAZIL
1523,Customer#001523,FURNITURE,CANADA
1524,Customer#001524,AUTOMOBILE,FRANCE
1525,Customer#001525,AUTOMOBILE,UNITED STATES
1526,Customer#001526,HOUSEHOLD,UNITED STATES
1527,Customer#001527,AUTOMOBILE,BRAZIL
1528,Customer#001528,BUILDING,BRAZIL
1529,Customer#001529,BUILDING,AUSTRALIA
1530,Customer#001530,MACHINERY,UNITED KINGDOM
1531,Customer#001531,AUTOMOBILE,FRANCE
1532,Customer#001532,HOUSEHOLD,CANADA
1533,Customer#001533,BUILDING,GERMANY
1534,Customer#001534,MACHINERY,UNITED KINGDOM
1535,Customer#001535,BUILDING,FRANCE
1536,Customer#001536,FURNITURE,AUSTRALIA
1537,Customer#001537,MACHINERY,CANADA
1538,Customer#001538,BUILDING,UNITED KINGDOM
1539,Customer#001539,FURNITURE,GERMANY
1540,Customer#001540,HOUSEHOLD,UNITED KINGDOM
1541,Customer#001541,FURNITURE,UNITED STATES
1542,Customer#001542,HOUSEHOLD,GERMANY
1543,Customer#001543,AUTOMOBILE,JAPAN
1544,Customer#001544,MACHINERY,BRAZIL
1545,Customer#001545,HOUSEHOLD,BRAZIL
1546,Customer#001546,MACHINERY,CANADA
1547,Customer#001547,MACHINERY,FRANCE
1548,Customer#001548,BUILDING,FRANCE
1549,Customer#001549,AUTOMOBILE,UNITED KINGDOM
1550,Customer#001550,AUTOMOBILE,UNITED KINGDOM
1551,Customer#001551,AUTOMOBILE,CANADA
1552,Customer#001552,HOUSEHOLD,BRAZIL
1553,Customer#001553,HOUSEHOLD,UNITED KINGDOM
1554,Customer#001554,FURNITURE,BRAZIL
1555,Customer#001555,AUTOMOBILE,CANADA
1556,Customer#001556,MACHINERY,CANADA
1557,Customer#001557,MACHINERY,UNITED KINGDOM
1558,Customer#001558,BUILDING,GERMANY
1559,Customer#001559,MACHINERY,UNITED STATES
1560,Customer#001560,AUTOMOBILE,BRAZIL
1561,Customer#001561,AUTOMOBILE,UNITED KINGDOM
1562,Customer#001562,AUTOMOBILE,BRAZIL
1563,Customer#001563,HOUSEHOLD,UNITED STATES
1564,Customer#001564,MACHINERY,JAPAN
1565,Customer#001565,AUTOMOBILE,UNITED STATES
1566,Customer#001566,HOUSEHOLD,CANADA
1567,Customer#001567,FURNITURE,FRANCE
1568,Customer#001568,BUILDING,CANADA
1569,Customer#001569,BUILDING,GERMANY
1570,Customer#001570,BUILDING,UNITED STATES
1571,Customer#001571,BUILDING,FRANCE
1572,Customer#001572,AUTOMOBILE,FRANCE
1573,Customer#001573,HOUSEHOLD,BRAZIL
1574,Customer#001574,BUILDING,JAPAN
1575,Customer#001575,BUILDING,UNITED STATES
1576,Customer#001576,BUILDING,FRANCE
1577,Customer#001577,HOUSEHOLD,GERMANY
1578,Customer#001578,BUILDING,BRAZIL
1579,Customer#001579,BUILDING,UNITED STATES
1580,Customer#001580,HOUSEHOLD,UNITED STATES
1581,Customer#001581,AUTOMOBILE,AUSTRALIA
1582,Customer#001582,HOUSEHOLD,CANADA
1583,Customer#001583,BUILDING,AUSTRALIA
1584,Customer#001584,HOUSEHOLD,GERMANY
1585,Customer#001585,MACHINERY,FRANCE
1586,Customer#001586,AUTOMOBILE,JAPAN
1587,Customer#001587,MACHINERY,CANADA
1588,Customer#001588,AUTOMOBILE,UNITED STATES
1589,Customer#001589,FURNITURE,FRANCE
1590,Customer#001590,MACHINERY,CANADA
1591,Customer#001591,HOUSEHOLD,CANADA
1592,Customer#001592,BUILDING,UNITED KINGDOM
1593,Customer#001593,MACHINERY,AUSTRALIA
1594,Customer#001594,AUTOMOBILE,AUSTRALIA
1595,Customer#001595,AUTOMOBILE,FRANCE
1596,Customer#001596,FURNITURE,UNITED STATES
1597,Customer#001597,HOUSEHOLD,BRAZIL
1598,Customer#001598,HOUSEHOLD,CANADA
1599,Customer#001599,MACHINERY,BRAZIL
1600,Customer#001600,HOUSEHOLD,JAPAN
1601,Customer#001601,AUTOMOBILE,UNITED STATES
1602,Customer#001602,MACHINERY,FRANCE
1603,Customer#001603,BUILDING,JAPAN
1604,Customer#001604,BUILDING,CANADA
1605,Customer#001605,FURNITURE,BRAZIL
1606,Customer#001606,FURNITURE,FRANCE
1607,Customer#001607,AUTOMOBILE,UNITED KINGDOM
1608,Customer#001608,AUTOMOBILE,FRANCE
1609,Customer#001609,MACHINERY,UNITED STATES
1610,Customer#001610,AUTOMOBILE,AUSTRALIA
1611,Customer#001611,MACHINERY,GERMANY
1612,Customer#001612,AUTOMOBILE,FRANCE
1613,Customer#001613,FURNITURE,BRAZIL
1614,Customer#001614,MACHINERY,UNITED STATES
1615,Customer#001615,MACHINERY,GERMANY
1616,Customer#001616,FURNITURE,FRANCE
1617,Customer#001617,HOUSEHOLD,JAPAN
1618,Customer#001618,AUTOMOBILE,CANADA
1619,Customer#001619,BUILDING,UNITED KINGDOM
1620,Customer#001620,BUILDING,FRANCE
1621,Customer#001621,FURNITURE,FRANCE
1622,Customer#001622,BUILDING,CANADA
1623,Customer#001623,BUILDING,BRAZIL
1624,Customer#001624,FURNITURE,FRANCE
1625,Customer#001625,AUTOMOBILE,BRAZIL
1626,Customer#001626,AUTOMOBILE,BRAZIL
1627,Customer#001627,BUILDING,UNITED STATES
1628,Customer#001628,AUTOMOBILE,GERMANY
1629,Customer#001629,BUILDING,BRAZIL
1630,Customer#001630,BUILDING,BRAZIL
1631,Customer#001631,HOUSEHOLD,UNITED KINGDOM
1632,Customer#001632,MACHINERY,JAPAN
1633,Customer#001633,MACHINERY,GERMANY
1634,Customer#001634,AUTOMOBILE,AUSTRALIA
1635,Customer#001635,HOUSEHOLD,BRAZIL
1636,Customer#001636,AUTOMOBILE,BRAZIL
1637,Customer#001637,AUTOMOBILE,GERMANY
1638,Customer#001638,HOUSEHOLD,JAPAN
1639,Customer#001639,MACHINERY,GERMANY
1640,Customer#001640,AUTOMOBILE,UNITED STATES
1641,Customer#001641,FURNITURE,AUSTRALIA
1642,Customer#001642,FURNITURE,UNITED STATES
1643,Customer#001643,AUTOMOBILE,BRAZIL
1644,Customer#001644,FURNITURE,FRANCE
1645,Customer#001645,FURNITURE,UNITED KINGDOM
1646,Customer#001646,HOUSEHOLD,GERMANY
1647,Customer#001647,MACHINERY,UNITED KINGDOM
1648,Customer#001648,AUTOMOBILE,BRAZIL
1649,Customer#001649,MACHINERY,GERMANY
1650,Customer#001650,BUILDING,BRAZIL
1651,Customer#001651,HOUSEHOLD,UNITED STATES
1652,Customer#001652,MACHINERY,FRANCE
1653,Customer#001653,AUTOMOBILE,UNITED KINGDOM
1654,Customer#001654,MACHINERY,JAPAN
1655,Customer#001655,BUILDING,UNITED STATES
1656,Customer#001656,BUILDING,AUSTRALIA
1657,Customer#001657,HOUSEHOLD,AUSTRALIA
1658,Customer#001658,AUTOMOBILE,AUSTRALIA
1659,Customer#001659,HOUSEHOLD,AUSTRALIA
1660,Customer#001660,MACHINERY,AUSTRALIA
1661,Customer#001661,BUILDING,CANADA
1662,Customer#001662,FURNITURE,FRANCE
1663,Customer#001663,AUTOMOBILE,CANADA
1664,Customer#001664,BUILDING,UNITED STATES
1665,Customer#001665,MACHINERY,UNITED STATES
1666,Customer#001666,MACHINERY,JAPAN
1667,Customer#001667,BUILDING,UNITED KINGDOM
1668,Customer#001668,MACHINERY,GERMANY
1669,Customer#001669,HOUSEHOLD,GERMANY
1670,Customer#001670,BUILDING,UNITED KINGDOM
1671,Customer#001671,MACHINERY,CANADA
1672,Customer#001672,BUILDING,AUSTRALIA
1673,Customer#001673,AUTOMOBILE,AUSTRALIA
1674,Customer#001674,AUTOMOBILE,UNITED STATES
1675,Customer#001675,BUILDING,BRAZIL
1676,Customer#001676,AUTOMOBILE,FRANCE
1677,Customer#001677,HOUSEHOLD,JAPAN
1678,Customer#001678,MACHINERY,JAPAN
1679,Customer#001679,AUTOMOBILE,UNITED KINGDOM
1680,Customer#001680,BUILDING,AUSTRALIA
1681,Customer#001681,FURNITURE,CANADA
1682,Customer#001682,AUTOMOBILE,UNITED STATES
1683,Customer#001683,MACHINERY,UNITED STATES
1684,Customer#001684,HOUSEHOLD,UNITED KINGDOM
1685,Customer#001685,MACHINERY,CANADA
1686,Customer#001686,AUTOMOBILE,UNITED KINGDOM
1687,Customer#001687,BUILDING,FRANCE
1688,Customer#001688,AUTOMOBILE,JAPAN
1689,Customer#001689,BUILDING,CANADA
1690,Customer#001690,BUILDING,JAPAN
1691,Customer#001691,HOUSEHOLD,CANADA
1692,Customer#001692,HOUSEHOLD,JAPAN
1693,Customer#001693,BUILDING,AUSTRALIA
1694,Customer#001694,AUTOMOBILE,BRAZIL
1695,Customer#001695,HOUSEHOLD,BRAZIL
1696,Customer#001696,AUTOMOBILE,CANADA
1697,Customer#001697,BUILDING,JAPAN
1698,Customer#001698,HOUSEHOLD,CANADA
1699,Customer#001699,MACHINERY,FRANCE
1700,Customer#001700,MACHINERY,UNITED STATES
1701,Customer#001701,AUTOMOBILE,UNITED KINGDOM
1702,Customer#001702,BUILDING,BRAZIL
1703,Customer#001703,FURNITURE,AUSTRALIA
1704,Customer#001704,FURNITURE,FRANCE
1705,Customer#001705,FURNITURE,UNITED STATES
1706,Customer#001706,HOUSEHOLD,AUSTRALIA
1707,Customer#001707,FURNITURE,CANADA
1708,Customer#001708,FURNITURE,FRANCE
1709,Customer#001709,HOUSEHOLD,JAPAN
1710,Customer#001710,BUILDING,AUSTRALIA
1711,Customer#001711,BUILDING,GERMANY
1712,Customer#001712,BUILDING,CANADA
1713,Customer#001713,AUTOMOBILE,GERMANY
1714,Customer#001714,AUTOMOBILE,FRANCE
1715,Customer#001715,AUTOMOBILE,UNITED STATES
1716,Customer#001716,HOUSEHOLD,UNITED KINGDOM
1717,Customer#001717,HOUSEHOLD,FRANCE
1718,Customer#001718,AUTOMOBILE,JAPAN
1719,Customer#001719,MACHINERY,UNITED KINGDOM
1720,Customer#001720,BUILDING,AUSTRALIA
1721,Customer#001721,FURNITURE,AUSTRALIA
1722,Customer#001722,FURNITURE,BRAZIL
1723,Customer#001723,MACHINERY,CANADA
1724,Customer#001724,BUILDING,AUSTRALIA
1725,Customer#001725,BUILDING,AUSTRALIA
1726,Customer#001726,AUTOMOBILE,GERMANY
1727,Customer#001727,FURNITURE,UNITED KINGDOM
1728,Customer#001728,BUILDING,UNITED KINGDOM
1729,Customer#001729,MACHINERY,BRAZIL
1730,Customer#001730,HOUSEHOLD,JAPAN
1731,Customer#001731,HOUSEHOLD,CANADA
1732,Customer#001732,FURNITURE,CANADA
1733,Customer#001733,BUILDING,GERMANY
1734,Customer#001734,MACHINERY,AUSTRALIA
1735,Customer#001735,AUTOMOBILE,AUSTRALIA
1736,Customer#001736,BUILDING,AUSTRALIA
1737,Customer#001737,MACHINERY,FRANCE
1738,Customer#001738,BUILDING,CANADA
1739,Customer#001739,MACHINERY,BRAZIL
1740,Customer#001740,BUILDING,BRAZIL
1741,Customer#001741,MACHINERY,JAPAN
1742,Customer#001742,MACHINERY,CANADA
1743,Customer#001743,BUILDING,FRANCE
1744,Customer#001744,AUTOMOBILE,JAPAN
1745,Customer#001745,HOUSEHOLD,BRAZIL
1746,Customer#001746,MACHINERY,AUSTRALIA
1747,Customer#001747,FURNITURE,UNITED KINGDOM
1748,Customer#001748,AUTOMOBILE,CANADA
1749,Customer#001749,AUTOMOBILE,AUSTRALIA
1750,Customer#001750,HOUSEHOLD,BRAZIL
1751,Customer#001751,BUILDING,GERMANY
1752,Customer#001752,BUILDING,JAPAN
1753,Customer#001753,FURNITURE,AUSTRALIA
1754,Customer#001754,AUTOMOBILE,UNITED STATES
1755,Customer#001755,AUTOMOBILE,FRANCE
1756,Customer#001756,AUTOMOBILE,UNITED STATES
1757,Customer#001757,AUTOMOBILE,UNITED STATES
1758,Customer#001758,HOUSEHOLD,UNITED STATES
1759,Customer#001759,MACHINERY,FRANCE
1760,Customer#001760,MACHINERY,BRAZIL
1761,Customer#001761,HOUSEHOLD,AUSTRALIA
1762,Customer#001762,BUILDING,UNITED STATES
1763,Customer#001763,AUTOMOBILE,BRAZIL
1764,Customer#001764,HOUSEHOLD,CANADA
1765,Customer#001765,AUTOMOBILE,CANADA
1766,Customer#001766,FURNITURE,BRAZIL
1767,Customer#001767,MACHINERY,GERMANY
1768,Customer#001768,MACHINERY,UNITED KINGDOM
1769,Customer#001769,MACHINERY,UNITED STATES
1770,Customer#001770,HOUSEHOLD,UNITED STATES
1771,Customer#001771,AUTOMOBILE,FRANCE
1772,Customer#001772,AUTOMOBILE,FRANCE
1773,Customer#001773,AUTOMOBILE,JAPAN
1774,Customer#001774,HOUSEHOLD,UNITED STATES
1775,Customer#001775,BUILDING,CANADA
1776,Customer#001776,AUTOMOBILE,GERMANY
1777,Customer#001777,FURNITURE,UNITED STATES
1778,Customer#001778,AUTOMOBILE,JAPAN
1779,Customer#001779,FURNITURE,JAPAN
1780,Customer#001780,MACHINERY,AUSTRALIA
1781,Customer#001781,HOUSEHOLD,BRAZIL
1782,Customer#001782,HOUSEHOLD,JAPAN
1783,Customer#001783,AUTOMOBILE,CANADA
1784,Customer#001784,MACHINERY,AUSTRALIA
1785,Customer#001785,FURNITURE,UNITED KINGDOM
1786,Customer#001786,BUILDING,BRAZIL
1787,Customer#001787,FURNITURE,JAPAN
1788,Customer#001788,MACHINERY,UNITED KINGDOM
1789,Customer#001789,HOUSEHOLD,UNITED KINGDOM
1790,Customer#001790,MACHINERY,JAPAN
1791,Customer#001791,MACHINERY,JAPAN
1792,Customer#001792,MACHINERY,JAPAN
1793,Customer#001793,AUTOMOBILE,GERMANY
1794,Customer#001794,FURNITURE,FRANCE
1795,Customer#001795,BUILDING,AUSTRALIA
1796,Customer#001796,MACHINERY,GERMANY
1797,Customer#001797,BUILDING,CANADA
1798,Customer#001798,MACHINERY,JAPAN
1799,Customer#001799,HOUSEHOLD,AUSTRALIA
1800,Customer#001800,HOUSEHOLD,UNITED STATES
1801,Customer#001801,FURNITURE,FRANCE
1802,Customer#001802,MACHINERY,FRANCE
1803,Customer#001803,FURNITURE,CANADA
1804,Customer#001804,MACHINERY,JAPAN
1805,Customer#001805,AUTOMOBILE,GERMANY
1806,Customer#001806,MACHINERY,UNITED KINGDOM
1807,Customer#001807,HOUSEHOLD,GERMANY
1808,Customer#001808,MACHINERY,GERMANY
1809,Customer#001809,MACHINERY,UNITED KINGDOM
1810,Customer#001810,AUTOMOBILE,BRAZIL
1811,Customer#001811,AUTOMOBILE,JAPAN
1812,Customer#001812,HOUSEHOLD,BRAZIL
1813,Customer#001813,MACHINERY,JAPAN
1814,Customer#001814,FURNITURE,JAPAN
1815,Customer#001815,HOUSEHOLD,UNITED KINGDOM
1816,Customer#001816,HOUSEHOLD,UNITED STATES
1817,Customer#001817,FURNITURE,UNITED KINGDOM
1818,Customer#001818,HOUSEHOLD,FRANCE
1819,Customer#001819,FURNITURE,UNITED KINGDOM
1820,Customer#001820,HOUSEHOLD,JAPAN
1821,Customer#001821,HOUSEHOLD,UNITED STATES
1822,Customer#001822,AUTOMOBILE,GERMANY
1823,Customer#001823,AUTOMOBILE,BRAZIL
1824,Customer#001824,HOUSEHOLD,CANADA
1825,Customer#001825,AUTOMOBILE,BRAZIL
1826,Customer#001826,AUTOMOBILE,UNITED KINGDOM
1827,Customer#001827,HOUSEHOLD,BRAZIL
1828,Customer#001828,AUTOMOBILE,BRAZIL
1829,Customer#001829,BUILDING,UNITED STATES
1830,Customer#001830,HOUSEHOLD,JAPAN
1831,Customer#001831,AUTOMOBILE,GERMANY
1832,Customer#001832,FURNITURE,GERMANY
1833,Customer#001833,HOUSEHOLD,UNITED KINGDOM
1834,Customer#001834,AUTOMOBILE,AUSTRALIA
1835,Customer#001835,HOUSEHOLD,AUSTRALIA
1836,Customer#001836,HOUSEHOLD,CANADA
1837,Customer#001837,HOUSEHOLD,UNITED STATES
1838,Customer#001838,BUILDING,FRANCE
1839,Customer#001839,MACHINERY,UNITED STATES
1840,Customer#001840,MACHINERY,FRANCE
1841,Customer#001841,BUILDING,UNITED STATES
1842,Customer#001842,AUTOMOBILE,FRANCE
1843,Customer#001843,MACHINERY,JAPAN
1844,Customer#001844,AUTOMOBILE,UNITED KINGDOM
1845,Customer#001845,HOUSEHOLD,JAPAN
1846,Customer#001846,AUTOMOBILE,UNITED KINGDOM
1847,Customer#001847,BUILDING,JAPAN
1848,Customer#001848,MACHINERY,CANADA
1849,Customer#001849,FURNITURE,BRAZIL
1850,Customer#001850,HOUSEHOLD,GERMANY
1851,Customer#001851,MACHINERY,CANADA
1852,Customer#001852,MACHINERY,FRANCE
1853,Customer#001853,AUTOMOBILE,AUSTRALIA
1854,Customer#001854,BUILDING,FRANCE
1855,Customer#001855,AUTOMOBILE,GERMANY
1856,Customer#001856,AUTOMOBILE,UNITED STATES
1857,Customer#001857,FURNITURE,GERMANY
1858,Customer#001858,BUILDING,BRAZIL
1859,Customer#001859,BUILDING,AUSTRALIA
1860,Customer#001860,MACHINERY,UNITED STATES
1861,Customer#001861,FURNITURE,UNITED STATES
1862,Customer#001862,BUILDING,UNITED STATES
1863,Customer#001863,BUILDING,UNITED KINGDOM
1864,Customer#001864,HOUSEHOLD,CANADA
1865,Customer#001865,HOUSEHOLD,UNITED KINGDOM
1866,Customer#001866,FURNITURE,JAPAN
1867,Customer#001867,HOUSEHOLD,GERMANY
1868,Customer#001868,AUTOMOBILE,UNITED STATES
1869,Customer#001869,MACHINERY,AUSTRALIA
1870,Customer#001870,BUILDING,JAPAN
1871,Customer#001871,FURNITURE,GERMANY
1872,Customer#001872,HOUSEHOLD,UNITED KINGDOM
1873,Customer#001873,FURNITURE,UNITED KINGDOM
1874,Customer#001874,MACHINERY,UNITED KINGDOM
1875,Customer#001875,BUILDING,CANADA
1876,Customer#001876,AUTOMOBILE,FRANCE
1877,Customer#001877,MACHINERY,FRANCE
1878,Customer#001878,MACHINERY,AUSTRALIA
1879,Customer#001879,MACHINERY,GERMANY
1880,Customer#001880,BUILDING,CANADA
1881,Customer#001881,AUTOMOBILE,CANADA
1882,Customer#001882,MACHINERY,FRANCE
1883,Customer#001883,BUILDING,UNITED STATES
1884,Customer#001884,BUILDING,UNITED KINGDOM
1885,Customer#001885,FURNITURE,CANADA
1886,Customer#001886,AUTOMOBILE,UNITED KINGDOM
1887,Customer#001887,FURNITURE,UNITED KINGDOM
1888,Customer#001888,BUILDING,JAPAN
1889,Customer#001889,AUTOMOBILE,CANADA
1890,Customer#001890,MACHINERY,JAPAN
1891,Customer#001891,HOUSEHOLD,UNITED STATES
1892,Customer#001892,BUILDING,GERMANY
1893,Customer#001893,BUILDING,JAPAN
1894,Customer#001894,MACHINERY,BRAZIL
1895,Customer#001895,HOUSEHOLD,UNITED KINGDOM
1896,Customer#001896,BUILDING,UNITED STATES
1897,Customer#001897,BUILDING,GERMANY
1898,Customer#001898,AUTOMOBILE,BRAZIL
1899,Customer#001899,MACHINERY,CANADA
1900,Customer#001900,FURNITURE,JAPAN
1901,Customer#001901,BUILDING,BRAZIL
1902,Customer#001902,MACHINERY,GERMANY
1903,Customer#001903,BUILDING,AUSTRALIA
1904,Customer#001904,HOUSEHOLD,CANADA
1905,Customer#001905,MACHINERY,AUSTRALIA
1906,Customer#001906,HOUSEHOLD,AUSTRALIA
1907,Customer#001907,AUTOMOBILE,UNITED KINGDOM
1908,Customer#001908,AUTOMOBILE,UNITED STATES
1909,Customer#001909,AUTOMOBILE,UNITED KINGDOM
1910,Customer#001910,HOUSEHOLD,CANADA
1911,Customer#001911,FURNITURE,CANADA
1912,Customer#001912,AUTOMOBILE,AUSTRALIA
1913,Customer#001913,MACHINERY,UNITED STATES
1914,Customer#001914,AUTOMOBILE,CANADA
1915,Customer#001915,HOUSEHOLD,UNITED KINGDOM
1916,Customer#001916,HOUSEHOLD,CANADA
1917,Customer#001917,BUILDING,UNITED KINGDOM
1918,Customer#001918,MACHINERY,BRAZIL
1919,Customer#001919,BUILDING,FRANCE
1920,Customer#001920,MACHINERY,UNITED KINGDOM
1921,Customer#001921,HOUSEHOLD,FRANCE
1922,Customer#001922,HOUSEHOLD,BRAZIL
1923,Customer#001923,HOUSEHOLD,GERMANY
1924,Customer#001924,FURNITURE,UNITED STATES
1925,Customer#001925,BUILDING,GERMANY
1926,Customer#001926,FURNITURE,CANADA
1927,Customer#001927,HOUSEHOLD,GERMANY
1928,Customer#001928,BUILDING,CANADA
1929,Customer#001929,MACHINERY,FRANCE
1930,Customer#001930,MACHINERY,JAPAN
1931,Customer#001931,BUILDING,FRANCE
1932,Customer#001932,FURNITURE,AUSTRALIA
1933,Customer#001933,HOUSEHOLD,FRANCE
1934,Customer#001934,BUILDING,CANADA
1935,Customer#001935,HOUSEHOLD,CANADA
1936,Customer#001936,BUILDING,CANADA
1937,Customer#001937,HOUSEHOLD,BRAZIL
1938,Customer#001938,BUILDING,CANADA
1939,Customer#001939,BUILDING,UNITED KINGDOM
1940,Customer#001940,HOUSEHOLD,AUSTRALIA
1941,Customer#001941,BUILDING,UNITED STATES
1942,Customer#001942,BUILDING,JAPAN
1943,Customer#001943,FURNITURE,FRANCE
1944,Customer#001944,HOUSEHOLD,BRAZIL
1945,Customer#001945,MACHINERY,UNITED STATES
1946,Customer#001946,AUTOMOBILE,CANADA
1947,Customer#001947,MACHINERY,CANADA
1948,Customer#001948,MACHINERY,CANADA
1949,Customer#001949,BUILDING,UNITED KINGDOM
1950,Customer#001950,AUTOMOBILE,UNITED STATES
1951,Customer#001951,MACHINERY,BRAZIL
1952,Customer#001952,MACHINERY,BRAZIL
1953,Customer#001953,BUILDING,UNITED STATES
1954,Customer#001954,AUTOMOBILE,CANADA
1955,Customer#001955,AUTOMOBILE,AUSTRALIA
1956,Customer#001956,BUILDING,JAPAN
1957,Customer#001957,FURNITURE,FRANCE
1958,Customer#001958,AUTOMOBILE,UNITED KINGDOM
1959,Customer#001959,HOUSEHOLD,FRANCE
1960,Customer#001960,HOUSEHOLD,FRANCE
1961,Customer#001961,MACHINERY,UNITED KINGDOM
1962,Customer#001962,HOUSEHOLD,UNITED STATES
1963,Customer#001963,FURNITURE,UNITED KINGDOM
1964,Customer#001964,HOUSEHOLD,CANADA
1965,Customer#001965,FURNITURE,GERMANY
1966,Customer#001966,HOUSEHOLD,UNITED STATES
1967,Customer#001967,FURNITURE,UNITED STATES
1968,Customer#001968,FURNITURE,AUSTRALIA
1969,Customer#001969,FURNITURE,CANADA
1970,Customer#001970,FURNITURE,GERMANY
1971,Customer#001971,FURNITURE,GERMANY
1972,Customer#001972,AUTOMOBILE,UNITED KINGDOM
1973,Customer#001973,HOUSEHOLD,BRAZIL
1974,Customer#001974,FURNITURE,AUSTRALIA
1975,Customer#001975,HOUSEHOLD,FRANCE
1976,Customer#001976,MACHINERY,AUSTRALIA
1977,Customer#001977,MACHINERY,JAPAN
1978,Customer#001978,HOUSEHOLD,GERMANY
1979,Customer#001979,AUTOMOBILE,AUSTRALIA
1980,Customer#001980,FURNITURE,JAPAN
1981,Customer#001981,FURNITURE,BRAZIL
1982,Customer#001982,FURNITURE,FRANCE
1983,Customer#001983,AUTOMOBILE,FRANCE
1984,Customer#001984,FURNITURE,JAPAN
1985,Customer#001985,MACHINERY,GERMANY
1986,Customer#001986,AUTOMOBILE,BRAZIL
1987,Customer#001987,BUILDING,BRAZIL
1988,Customer#001988,FURNITURE,CANADA
1989,Customer#001989,FURNITURE,AUSTRALIA
1990,Customer#001990,FURNITURE,JAPAN
1991,Customer#001991,HOUSEHOLD,UNITED STATES
1992,Customer#001992,FURNITURE,UNITED KINGDOM
1993,Customer#001993,BUILDING,AUSTRALIA
1994,Customer#001994,AUTOMOBILE,UNITED STATES
1995,Customer#001995,BUILDING,FRANCE
1996,Customer#001996,MACHINERY,GERMANY
1997,Customer#001997,MACHINERY,JAPAN
1998,Customer#001998,AUTOMOBILE,UNITED STATES
1999,Customer#001999,MACHINERY,FRANCE
2000,Customer#002000,FURNITURE,UNITED STATES
2001,Customer#002001,MACHINERY,CANADA
2002,Customer#002002,BUILDING,FRANCE
2003,Customer#002003,FURNITURE,AUSTRALIA
2004,Customer#002004,AUTOMOBILE,JAPAN
2005,Customer#002005,BUILDING,AUSTRALIA
2006,Customer#002006,HOUSEHOLD,AUSTRALIA
2007,Customer#002007,MACHINERY,UNITED STATES
2008,Customer#002008,BUILDING,JAPAN
2009,Customer#002009,AUTOMOBILE,CANADA
2010,Customer#002010,AUTOMOBILE,BRAZIL
2011,Customer#002011,FURNITURE,FRANCE
2012,Customer#002012,AUTOMOBILE,JAPAN
2013,Customer#002013,HOUSEHOLD,GERMANY
2014,Customer#002014,BUILDING,GERMANY
2015,Customer#002015,AUTOMOBILE,UNITED KINGDOM
2016,Customer#002016,HOUSEHOLD,UNITED STATES
2017,Customer#002017,HOUSEHOLD,JAPAN
2018,Customer#002018,FURNITURE,JAPAN
2019,Customer#002019,AUTOMOBILE,GERMANY
2020,Customer#002020,FURNITURE,JAPAN
2021,Customer#002021,BUILDING,BRAZIL
2022,Customer#002022,HOUSEHOLD,GERMANY
2023,Customer#002023,BUILDING,GERMANY
2024,Customer#002024,MACHINERY,UNITED STATES
2025,Customer#002025,FURNITURE,JAPAN
2026,Customer#002026,HOUSEHOLD,BRAZIL
2027,Customer#002027,BUILDING,BRAZIL
2028,Customer#002028,FURNITURE,FRANCE
2029,Customer#002029,AUTOMOBILE,UNITED KINGDOM
2030,Customer#002030,FURNITURE,GERMANY
2031,Customer#002031,HOUSEHOLD,AUSTRALIA
2032,Customer#002032,BUILDING,BRAZIL
2033,Customer#002033,AUTOMOBILE,FRANCE
2034,Customer#002034,MACHINERY,BRAZIL
2035,Customer#002035,MACHINERY,JAPAN
2036,Customer#002036,AUTOMOBILE,CANADA
2037,Customer#002037,FURNITURE,UNITED STATES
2038,Customer#002038,BUILDING,BRAZIL
2039,Customer#002039,HOUSEHOLD,FRANCE
2040,Customer#002040,FURNITURE,FRANCE
2041,Customer#002041,BUILDING,BRAZIL
2042,Customer#002042,HOUSEHOLD,UNITED KINGDOM
2043,Customer#002043,HOUSEHOLD,JAPAN
2044,Customer#002044,FURNITURE,JAPAN
2045,Customer#002045,BUILDING,BRAZIL
2046,Customer#002046,FURNITURE,CANADA
2047,Customer#002047,HOUSEHOLD,UNITED STATES
2048,Customer#002048,MACHINERY,FRANCE
2049,Customer#002049,MACHINERY,UNITED KINGDOM
2050,Customer#002050,BUILDING,GERMANY
2051,Customer#002051,FURNITURE,UNITED STATES
2052,Customer#002052,BUILDING,FRANCE
2053,Customer#002053,AUTOMOBILE,AUSTRALIA
2054,Customer#002054,BUILDING,FRANCE
2055,Customer#002055,FURNITURE,AUSTRALIA
2056,Customer#002056,BUILDING,GERMANY
2057,Customer#002057,BUILDING,CANADA
2058,Customer#002058,MACHINERY,UNITED STATES
2059,Customer#002059,BUILDING,UNITED KINGDOM
2060,Customer#002060,BUILDING,GERMANY
2061,Customer#002061,MACHINERY,UNITED KINGDOM
2062,Customer#002062,FURNITURE,FRANCE
2063,Customer#002063,MACHINERY,AUSTRALIA
2064,Customer#002064,HOUSEHOLD,CANADA
2065,Customer#002065,HOUSEHOLD,AUSTRALIA
2066,Customer#002066,MACHINERY,UNITED STATES
2067,Customer#002067,HOUSEHOLD,UNITED KINGDOM
2068,Customer#002068,FURNITURE,UNITED STATES
2069,Customer#002069,FURNITURE,UNITED KINGDOM
2070,Customer#002070,FURNITURE,UNITED STATES
2071,Customer#002071,BUILDING,BRAZIL
2072,Customer#002072,FURNITURE,UNITED KINGDOM
2073,Customer#002073,MACHINERY,JAPAN
2074,Customer#002074,FURNITURE,UNITED KINGDOM
2075,Customer#002075,MACHINERY,CANADA
2076,Customer#002076,HOUSEHOLD,AUSTRALIA
2077,Customer#002077,BUILDING,CANADA
2078,Customer#002078,AUTOMOBILE,FRANCE
2079,Customer#002079,AUTOMOBILE,AUSTRALIA
2080,Customer#002080,FURNITURE,JAPAN
2081,Customer#002081,AUTOMOBILE,JAPAN
2082,Customer#002082,MACHINERY,UNITED STATES
2083,Customer#002083,FURNITURE,GERMANY
2084,Customer#002084,BUILDING,UNITED STATES
2085,Customer#002085,BUILDING,AUSTRALIA
2086,Customer#002086,FURNITURE,UNITED KINGDOM
2087,Customer#002087,MACHINERY,FRANCE
2088,Customer#002088,MACHINERY,FRANCE
2089,Customer#002089,HOUSEHOLD,GERMANY
2090,Customer#002090,AUTOMOBILE,GERMANY
2091,Customer#002091,AUTOMOBILE,JAPAN
2092,Customer#002092,AUTOMOBILE,UNITED KINGDOM
2093,Customer#002093,AUTOMOBILE,UNITED STATES
2094,Customer#002094,FURNITURE,CANADA
2095,Customer#002095,FURNITURE,UNITED KINGDOM
2096,Customer#002096,MACHINERY,UNITED KINGDOM
2097,Customer#002097,MACHINERY,UNITED KINGDOM
2098,Customer#002098,AUTOMOBILE,CANADA
2099,Customer#002099,MACHINERY,BRAZIL
2100,Customer#002100,AUTOMOBILE,FRANCE
2101,Customer#002101,BUILDING,JAPAN
2102,Customer#002102,FURNITURE,UNITED KINGDOM
2103,Customer#002103,AUTOMOBILE,BRAZIL
2104,Customer#002104,HOUSEHOLD,CANADA
2105,Customer#002105,MACHINERY,JAPAN
2106,Customer#002106,FURNITURE,GERMANY
2107,Customer#002107,FURNITURE,BRAZIL
2108,Customer#002108,MACHINERY,AUSTRALIA
2109,Customer#002109,AUTOMOBILE,UNITED STATES
2110,Customer#002110,MACHINERY,FRANCE
2111,Customer#002111,AUTOMOBILE,AUSTRALIA
2112,Customer#002112,MACHINERY,BRAZIL
2113,Customer#002113,AUTOMOBILE,BRAZIL
2114,Customer#002114,HOUSEHOLD,CANADA
2115,Customer#002115,HOUSEHOLD,BRAZIL
2116,Customer#002116,MACHINERY,CANADA
2117,Customer#002117,FURNITURE,UNITED KINGDOM
2118,Customer#002118,AUTOMOBILE,UNITED KINGDOM
2119,Customer#002119,MACHINERY,GERMANY
2120,Customer#002120,FURNITURE,FRANCE
2121,Customer#002121,MACHINERY,UNITED KINGDOM
2122,Customer#002122,BUILDING,UNITED STATES
2123,Customer#002123,FURNITURE,UNITED STATES
2124,Customer#002124,FURNITURE,AUSTRALIA
2125,Customer#002125,FURNITURE,FRANCE
2126,Customer#002126,BUILDING,JAPAN
2127,Customer#002127,FURNITURE,CANADA
2128,Customer#002128,AUTOMOBILE,BRAZIL
2129,Customer#002129,HOUSEHOLD,FRANCE
2130,Customer#002130,FURNITURE,JAPAN
2131,Customer#002131,AUTOMOBILE,CANADA
2132,Customer#002132,FURNITURE,UNITED KINGDOM
2133,Customer#002133,HOUSEHOLD,BRAZIL
2134,Customer#002134,FURNITURE,UNITED STATES
2135,Customer#002135,AUTOMOBILE,GERMANY
2136,Customer#002136,FURNITURE,GERMANY
2137,Customer#002137,HOUSEHOLD,GERMANY
2138,Customer#002138,AUTOMOBILE,GERMANY
2139,Customer#002139,HOUSEHOLD,BRAZIL
2140,Customer#002140,BUILDING,FRANCE
2141,Customer#002141,HOUSEHOLD,FRANCE
2142,Customer#002142,BUILDING,JAPAN
2143,Customer#002143,MACHINERY,FRANCE
2144,Customer#002144,BUILDING,FRANCE
2145,Customer#002145,FURNITURE,BRAZIL
2146,Customer#002146,HOUSEHOLD,CANADA
2147,Customer#002147,HOUSEHOLD,UNITED STATES
2148,Customer#002148,BUILDING,BRAZIL
2149,Customer#002149,BUILDING,JAPAN
2150,Customer#002150,MACHINERY,GERMANY
2151,Customer#002151,HOUSEHOLD,AUSTRALIA
2152,Customer#002152,MACHINERY,UNITED KINGDOM
2153,Customer#002153,FURNITURE,JAPAN
2154,Customer#002154,HOUSEHOLD,FRANCE
2155,Customer#002155,FURNITURE,AUSTRALIA
2156,Customer#002156,MACHINERY,BRAZIL
2157,Customer#002157,HOUSEHOLD,CANADA
2158,Customer#002158,FURNITURE,UNITED STATES
2159,Customer#002159,FURNITURE,GERMANY
2160,Customer#002160,HOUSEHOLD,GERMANY
2161,Customer#002161,AUTOMOBILE,UNITED KINGDOM
2162,Customer#002162,FURNITURE,JAPAN
2163,Customer#002163,AUTOMOBILE,GERMANY
2164,Customer#002164,AUTOMOBILE,GERMANY
2165,Customer#002165,MACHINERY,UNITED KINGDOM
2166,Customer#002166,AUTOMOBILE,AUSTRALIA
2167,Customer#002167,MACHINERY,UNITED KINGDOM
2168,Customer#002168,HOUSEHOLD,CANADA
2169,Customer#002169,HOUSEHOLD,FRANCE
2170,Customer#002170,FURNITURE,GERMANY
2171,Customer#002171,HOUSEHOLD,UNITED STATES
2172,Customer#002172,AUTOMOBILE,UNITED STATES
2173,Customer#002173,AUTOMOBILE,GERMANY
2174,Customer#002174,AUTOMOBILE,UNITED STATES
2175,Customer#002175,FURNITURE,GERMANY
2176,Customer#002176,BUILDING,GERMANY
2177,Customer#002177,MACHINERY,GERMANY
2178,Customer#002178,FURNITURE,AUSTRALIA
2179,Customer#002179,FURNITURE,UNITED STATES
2180,Customer#002180,MACHINERY,UNITED KINGDOM
2181,Customer#002181,AUTOMOBILE,CANADA
2182,Customer#002182,FURNITURE,CANADA
2183,Customer#002183,HOUSEHOLD,GERMANY
2184,Customer#002184,AUTOMOBILE,AUSTRALIA
2185,Customer#002185,FURNITURE,GERMANY
2186,Customer#002186,FURNITURE,GERMANY
2187,Customer#002187,FURNITURE,JAPAN
2188,Customer#002188,AUTOMOBILE,BRAZIL
2189,Customer#002189,HOUSEHOLD,UNITED KINGDOM
2190,Customer#002190,AUTOMOBILE,AUSTRALIA
2191,Customer#002191,HOUSEHOLD,GERMANY
2192,Customer#002192,BUILDING,UNITED STATES
2193,Customer#002193,AUTOMOBILE,AUSTRALIA
2194,Customer#002194,AUTOMOBILE,UNITED KINGDOM
2195,Customer#002195,AUTOMOBILE,CANADA
2196,Customer#002196,FURNITURE,UNITED STATES
2197,Customer#002197,FURNITURE,UNITED KINGDOM
2198,Customer#002198,BUILDING,CANADA
2199,Customer#002199,AUTOMOBILE,UNITED STATES
2200,Customer#002200,HOUSEHOLD,AUSTRALIA
2201,Customer#002201,MACHINERY,UNITED STATES
2202,Customer#002202,FURNITURE,AUSTRALIA
2203,Customer#002203,AUTOMOBILE,CANADA
2204,Customer#002204,HOUSEHOLD,BRAZIL
2205,Customer#002205,FURNITURE,UNITED KINGDOM
2206,Customer#002206,HOUSEHOLD,GERMANY
2207,Customer#002207,MACHINERY,CANADA
2208,Customer#002208,AUTOMOBILE,UNITED KINGDOM
2209,Customer#002209,MACHINERY,AUSTRALIA
2210,Customer#002210,MACHINERY,FRANCE
2211,Customer#002211,BUILDING,UNITED STATES
2212,Customer#002212,FURNITURE,UNITED KINGDOM
2213,Customer#002213,FURNITURE,UNITED STATES
2214,Customer#002214,HOUSEHOLD,FRANCE
2215,Customer#002215,MACHINERY,AUSTRALIA
2216,Customer#002216,MACHINERY,UNITED KINGDOM
2217,Customer#002217,AUTOMOBILE,AUSTRALIA
2218,Customer#002218,FURNITURE,JAPAN
2219,Customer#002219,MACHINERY,AUSTRALIA
2220,Customer#002220,FURNITURE,BRAZIL
2221,Customer#002221,FURNITURE,JAPAN
2222,Customer#002222,HOUSEHOLD,FRANCE
2223,Customer#002223,HOUSEHOLD,CANADA
2224,Customer#002224,AUTOMOBILE,BRAZIL
2225,Customer#002225,FURNITURE,CANADA
2226,Customer#002226,MACHINERY,JAPAN
2227,Customer#002227,FURNITURE,BRAZIL
2228,Customer#002228,HOUSEHOLD,GERMANY
2229,Customer#002229,BUILDING,FRANCE
2230,Customer#002230,HOUSEHOLD,GERMANY
2231,Customer#002231,BUILDING,FRANCE
2232,Customer#002232,FURNITURE,AUSTRALIA
2233,Customer#002233,MACHINERY,UNITED STATES
2234,Customer#002234,AUTOMOBILE,AUSTRALIA
2235,Customer#002235,BUILDING,UNITED KINGDOM
2236,Customer#002236,AUTOMOBILE,CANADA
2237,Customer#002237,FURNITURE,AUSTRALIA
2238,Customer#002238,BUILDING,UNITED KINGDOM
2239,Customer#002239,MACHINERY,FRANCE
2240,Customer#002240,MACHINERY,UNITED KINGDOM
2241,Customer#002241,FURNITURE,UNITED STATES
2242,Customer#002242,HOUSEHOLD,AUSTRALIA
2243,Customer#002243,FURNITURE,JAPAN
2244,Customer#002244,FURNITURE,UNITED STATES
2245,Customer#002245,AUTOMOBILE,CANADA
2246,Customer#002246,HOUSEHOLD,UNITED STATES
2247,Customer#002247,AUTOMOBILE,JAPAN
2248,Customer#002248,AUTOMOBILE,UNITED STATES
2249,Customer#002249,FURNITURE,FRANCE
2250,Customer#002250,FURNITURE,GERMANY
2251,Customer#002251,BUILDING,BRAZIL
2252,Customer#002252,AUTOMOBILE,UNITED STATES
2253,Customer#002253,AUTOMOBILE,UNITED KINGDOM
2254,Customer#002254,MACHINERY,AUSTRALIA
2255,Customer#002255,MACHINERY,AUSTRALIA
2256,Customer#002256,HOUSEHOLD,FRANCE
2257,Customer#002257,FURNITURE,UNITED STATES
2258,Customer#002258,BUILDING,UNITED KINGDOM
2259,Customer#002259,FURNITURE,JAPAN
2260,Customer#002260,FURNITURE,BRAZIL
2261,Customer#002261,MACHINERY,JAPAN
2262,Customer#002262,AUTOMOBILE,FRANCE
2263,Customer#002263,HOUSEHOLD,AUSTRALIA
2264,Customer#002264,FURNITURE,UNITED STATES
2265,Customer#002265,MACHINERY,GERMANY
2266,Customer#002266,HOUSEHOLD,UNITED KINGDOM
2267,Customer#002267,FURNITURE,UNITED KINGDOM
2268,Customer#002268,FURNITURE,JAPAN
2269,Customer#002269,MACHINERY,UNITED KINGDOM
2270,Customer#002270,FURNITURE,JAPAN
2271,Customer#002271,FURNITURE,JAPAN
2272,Customer#002272,HOUSEHOLD,AUSTRALIA
2273,Customer#002273,FURNITURE,CANADA
2274,Customer#002274,AUTOMOBILE,BRAZIL
2275,Customer#002275,HOUSEHOLD,CANADA
2276,Customer#002276,FURNITURE,UNITED STATES
2277,Customer#002277,HOUSEHOLD,UNITED KINGDOM
2278,Customer#002278,MACHINERY,UNITED KINGDOM
2279,Customer#002279,HOUSEHOLD,FRANCE
2280,Customer#002280,AUTOMOBILE,BRAZIL
2281,Customer#002281,HOUSEHOLD,BRAZIL
2282,Customer#002282,FURNITURE,UNITED STATES
2283,Customer#002283,MACHINERY,FRANCE
2284,Customer#002284,MACHINERY,UNITED KINGDOM
2285,Customer#002285,HOUSEHOLD,BRAZIL
2286,Customer#002286,BUILDING,GERMANY
2287,Customer#002287,HOUSEHOLD,BRAZIL
2288,Customer#002288,MACHINERY,FRANCE
2289,Customer#002289,FURNITURE,JAPAN
2290,Customer#002290,AUTOMOBILE,FRANCE
2291,Customer#002291,HOUSEHOLD,FRANCE
2292,Customer#002292,AUTOMOBILE,FRANCE
2293,Customer#002293,MACHINERY,FRANCE
2294,Customer#002294,AUTOMOBILE,FRANCE
2295,Customer#002295,AUTOMOBILE,BRAZIL
2296,Customer#002296,AUTOMOBILE,UNITED KINGDOM
2297,Customer#002297,BUILDING,UNITED KINGDOM
2298,Customer#002298,HOUSEHOLD,UNITED STATES
2299,Customer#002299,FURNITURE,UNITED STATES
2300,Customer#002300,HOUSEHOLD,BRAZIL
2301,Customer#002301,FURNITURE,BRAZIL
2302,Customer#002302,HOUSEHOLD,JAPAN
2303,Customer#002303,HOUSEHOLD,GERMANY
2304,Customer#002304,FURNITURE,JAPAN
2305,Customer#002305,HOUSEHOLD,FRANCE
2306,Customer#002306,FURNITURE,GERMANY
2307,Customer#002307,BUILDING,AUSTRALIA
2308,Customer#002308,HOUSEHOLD,UNITED STATES
2309,Customer#002309,FURNITURE,BRAZIL
2310,Customer#002310,HOUSEHOLD,GERMANY
2311,Customer#002311,HOUSEHOLD,UNITED KINGDOM
2312,Customer#002312,FURNITURE,CANADA
2313,Customer#002313,MACHINERY,UNITED STATES
2314,Customer#002314,BUILDING,FRANCE
2315,Customer#002315,HOUSEHOLD,UNITED KINGDOM
2316,Customer#002316,MACHINERY,BRAZIL
2317,Customer#002317,FURNITURE,JAPAN
2318,Customer#002318,AUTOMOBILE,JAPAN
2319,Customer#002319,AUTOMOBILE,JAPAN
2320,Customer#002320,HOUSEHOLD,BRAZIL
2321,Customer#002321,MACHINERY,GERMANY
2322,Customer#002322,HOUSEHOLD,AUSTRALIA
2323,Customer#002323,AUTOMOBILE,AUSTRALIA
2324,Customer#002324,MACHINERY,BRAZIL
2325,Customer#002325,HOUSEHOLD,JAPAN
2326,Customer#002326,HOUSEHOLD,GERMANY
2327,Customer#002327,FURNITURE,GERMANY
2328,Customer#002328,FURNITURE,FRANCE
2329,Customer#002329,BUILDING,JAPAN
2330,Customer#002330,AUTOMOBILE,AUSTRALIA
2331,Customer#002331,HOUSEHOLD,FRANCE
2332,Customer#002332,AUTOMOBILE,GERMANY
2333,Customer#002333,HOUSEHOLD,UNITED STATES
2334,Customer#002334,AUTOMOBILE,AUSTRALIA
2335,Customer#002335,HOUSEHOLD,GERMANY
2336,Customer#002336,FURNITURE,BRAZIL
2337,Customer#002337,HOUSEHOLD,JAPAN
2338,Customer#002338,MACHINERY,UNITED STATES
2339,Customer#002339,HOUSEHOLD,UNITED KINGDOM
2340,Customer#002340,AUTOMOBILE,UNITED STATES
2341,Customer#002341,AUTOMOBILE,JAPAN
2342,Customer#002342,HOUSEHOLD,UNITED KINGDOM
2343,Customer#002343,HOUSEHOLD,BRAZIL
2344,Customer#002344,MACHINERY,BRAZIL
2345,Customer#002345,MACHINERY,JAPAN
2346,Customer#002346,MACHINERY,UNITED STATES
2347,Customer#002347,HOUSEHOLD,UNITED KINGDOM
2348,Customer#002348,MACHINERY,FRANCE
2349,Customer#002349,FURNITURE,GERMANY
2350,Customer#002350,MACHINERY,BRAZIL
2351,Customer#002351,MACHINERY,CANADA
2352,Customer#002352,HOUSEHOLD,UNITED KINGDOM
2353,Customer#002353,HOUSEHOLD,JAPAN
2354,Customer#002354,HOUSEHOLD,GERMANY
2355,Customer#002355,AUTOMOBILE,BRAZIL
2356,Customer#002356,HOUSEHOLD,AUSTRALIA
2357,Customer#002357,BUILDING,UNITED KINGDOM
2358,Customer#002358,AUTOMOBILE,BRAZIL
2359,Customer#002359,AUTOMOBILE,BRAZIL
2360,Customer#002360,MACHINERY,JAPAN
2361,Customer#002361,MACHINERY,AUSTRALIA
2362,Customer#002362,MACHINERY,CANADA
2363,Customer#002363,MACHINERY,CANADA
2364,Customer#002364,HOUSEHOLD,GERMANY
2365,Customer#002365,AUTOMOBILE,UNITED STATES
2366,Customer#002366,AUTOMOBILE,FRANCE
2367,Customer#002367,MACHINERY,UNITED KINGDOM
2368,Customer#002368,AUTOMOBILE,GERMANY
2369,Customer#002369,HOUSEHOLD,UNITED KINGDOM
2370,Customer#002370,BUILDING,UNITED KINGDOM
2371,Customer#002371,HOUSEHOLD,UNITED STATES
2372,Customer#002372,BUILDING,AUSTRALIA
2373,Customer#002373,FURNITURE,UNITED KINGDOM
2374,Customer#002374,BUILDING,JAPAN
2375,Customer#002375,FURNITURE,GERMANY
2376,Customer#002376,BUILDING,AUSTRALIA
2377,Customer#002377,MACHINERY,FRANCE
2378,Customer#002378,AUTOMOBILE,JAPAN
2379,Customer#002379,HOUSEHOLD,GERMANY
2380,Customer#002380,AUTOMOBILE,GERMANY
2381,Customer#002381,BUILDING,UNITED STATES
2382,Customer#002382,MACHINERY,BRAZIL
2383,Customer#002383,HOUSEHOLD,CANADA
2384,Customer#002384,FURNITURE,JAPAN
2385,Customer#002385,FURNITURE,CANADA
2386,Customer#002386,AUTOMOBILE,GERMANY
2387,Customer#002387,FURNITURE,CANADA
2388,Customer#002388,FURNITURE,AUSTRALIA
2389,Customer#002389,FURNITURE,JAPAN
2390,Customer#002390,MACHINERY,CANADA
2391,Customer#002391,FURNITURE,FRANCE
2392,Customer#002392,BUILDING,CANADA
2393,Customer#002393,MACHINERY,BRAZIL
2394,Customer#002394,HOUSEHOLD,JAPAN
2395,Customer#002395,AUTOMOBILE,JAPAN
2396,Customer#002396,BUILDING,UNITED STATES
2397,Customer#002397,FURNITURE,GERMANY
2398,Customer#002398,MACHINERY,JAPAN
2399,Customer#002399,HOUSEHOLD,UNITED STATES
2400,Customer#002400,HOUSEHOLD,CANADA
2401,Customer#002401,MACHINERY,UNITED STATES
2402,Customer#002402,HOUSEHOLD,JAPAN
2403,Customer#002403,FURNITURE,FRANCE
2404,Customer#002404,BUILDING,BRAZIL
2405,Customer#002405,AUTOMOBILE,AUSTRALIA
2406,Customer#002406,FURNITURE,AUSTRALIA
2407,Customer#002407,HOUSEHOLD,FRANCE
2408,Customer#002408,AUTOMOBILE,AUSTRALIA
2409,Customer#002409,HOUSEHOLD,FRANCE
2410,Customer#002410,MACHINERY,UNITED KINGDOM
2411,Customer#002411,HOUSEHOLD,FRANCE
2412,Customer#002412,FURNITURE,JAPAN
2413,Customer#002413,MACHINERY,JAPAN
2414,Customer#002414,HOUSEHOLD,FRANCE
2415,Customer#002415,BUILDING,GERMANY
2416,Customer#002416,AUTOMOBILE,JAPAN
2417,Customer#002417,BUILDING,CANADA
2418,Customer#002418,FURNITURE,CANADA
2419,Customer#002419,MACHINERY,CANADA
2420,Customer#002420,AUTOMOBILE,BRAZIL
2421,Customer#002421,BUILDING,GERMANY
2422,Customer#002422,BUILDING,UNITED STATES
2423,Customer#002423,AUTOMOBILE,UNITED KINGDOM
2424,Customer#002424,MACHINERY,JAPAN
2425,Customer#002425,AUTOMOBILE,CANADA
2426,Customer#002426,BUILDING,FRANCE
2427,Customer#002427,BUILDING,GERMANY
2428,Customer#002428,BUILDING,CANADA
2429,Customer#002429,AUTOMOBILE,BRAZIL
2430,Customer#002430,HOUSEHOLD,JAPAN
2431,Customer#002431,HOUSEHOLD,BRAZIL
2432,Customer#002432,HOUSEHOLD,UNITED STATES
2433,Customer#002433,MACHINERY,UNITED KINGDOM
2434,Customer#002434,AUTOMOBILE,UNITED STATES
2435,Customer#002435,MACHINERY,AUSTRALIA
2436,Customer#002436,BUILDING,CANADA
2437,Customer#002437,AUTOMOBILE,FRANCE
2438,Customer#002438,MACHINERY,AUSTRALIA
2439,Customer#002439,BUILDING,UNITED KINGDOM
2440,Customer#002440,AUTOMOBILE,AUSTRALIA
2441,Customer#002441,HOUSEHOLD,FRANCE
2442,Customer#002442,BUILDING,FRANCE
2443,Customer#002443,HOUSEHOLD,UNITED KINGDOM
2444,Customer#002444,FURNITURE,FRANCE
2445,Customer#002445,HOUSEHOLD,AUSTRALIA
2446,Customer#002446,MACHINERY,BRAZIL
2447,Customer#002447,AUTOMOBILE,UNITED STATES
2448,Customer#002448,FURNITURE,UNITED KINGDOM
2449,Customer#002449,MACHINERY,CANADA
2450,Customer#002450,MACHINERY,FRANCE
2451,Customer#002451,MACHINERY,UNITED STATES
2452,Customer#002452,AUTOMOBILE,UNITED KINGDOM
2453,Customer#002453,AUTOMOBILE,AUSTRALIA
2454,Customer#002454,MACHINERY,UNITED STATES
2455,Customer#002455,AUTOMOBILE,JAPAN
2456,Customer#002456,FURNITURE,UNITED KINGDOM
2457,Customer#002457,HOUSEHOLD,FRANCE
2458,Customer#002458,BUILDING,UNITED STATES
2459,Customer#002459,FURNITURE,CANADA
2460,Customer#002460,FURNITURE,GERMANY
2461,Customer#002461,MACHINERY,UNITED KINGDOM
2462,Customer#002462,AUTOMOBILE,GERMANY
2463,Customer#002463,HOUSEHOLD,UNITED KINGDOM
2464,Customer#002464,FURNITURE,BRAZIL
2465,Customer#002465,BUILDING,UNITED STATES
2466,Customer#002466,MACHINERY,GERMANY
2467,Customer#002467,FURNITURE,UNITED KINGDOM
2468,Customer#002468,AUTOMOBILE,CANADA
2469,Customer#002469,AUTOMOBILE,BRAZIL
2470,Customer#002470,FURNITURE,BRAZIL
2471,Customer#002471,HOUSEHOLD,FRANCE
2472,Customer#002472,BUILDING,AUSTRALIA
2473,Customer#002473,MACHINERY,GERMANY
2474,Customer#002474,MACHINERY,UNITED STATES
2475,Customer#002475,HOUSEHOLD,CANADA
2476,Customer#002476,FURNITURE,JAPAN
2477,Customer#002477,FURNITURE,CANADA
2478,Customer#002478,AUTOMOBILE,GERMANY
2479,Customer#002479,FURNITURE,BRAZIL
2480,Customer#002480,MACHINERY,CANADA
2481,Customer#002481,MACHINERY,GERMANY
2482,Customer#002482,BUILDING,GERMANY
2483,Customer#002483,HOUSEHOLD,JAPAN
2484,Customer#002484,MACHINERY,BRAZIL
2485,Customer#002485,HOUSEHOLD,UNITED STATES
2486,Customer#002486,FURNITURE,AUSTRALIA
2487,Customer#002487,AUTOMOBILE,UNITED STATES
2488,Customer#002488,FURNITURE,BRAZIL
2489,Customer#002489,FURNITURE,FRANCE
2490,Customer#002490,MACHINERY,UNITED KINGDOM
2491,Customer#002491,FURNITURE,AUSTRALIA
2492,Customer#002492,AUTOMOBILE,CANADA
2493,Customer#002493,FURNITURE,GERMANY
2494,Customer#002494,FURNITURE,JAPAN
2495,Customer#002495,MACHINERY,AUSTRALIA
2496,Customer#002496,MACHINERY,UNITED KINGDOM
2497,Customer#002497,BUILDING,UNITED KINGDOM
2498,Customer#002498,BUILDING,GERMANY
2499,Customer#002499,AUTOMOBILE,UNITED STATES
2500,Customer#002500,AUTOMOBILE,UNITED KINGDOM
2501,Customer#002501,HOUSEHOLD,FRANCE
2502,Customer#002502,BUILDING,UNITED STATES
2503,Customer#002503,FURNITURE,AUSTRALIA
2504,Customer#002504,HOUSEHOLD,JAPAN
2505,Customer#002505,BUILDING,BRAZIL
2506,Customer#002506,AUTOMOBILE,UNITED KINGDOM
2507,Customer#002507,BUILDING,FRANCE
2508,Customer#002508,HOUSEHOLD,UNITED KINGDOM
2509,Customer#002509,HOUSEHOLD,UNITED STATES
2510,Customer#002510,MACHINERY,AUSTRALIA
2511,Customer#002511,MACHINERY,UNITED STATES
2512,Customer#002512,FURNITURE,JAPAN
2513,Customer#002513,FURNITURE,UNITED STATES
2514,Customer#002514,BUILDING,JAPAN
2515,Customer#002515,BUILDING,FRANCE
2516,Customer#002516,FURNITURE,UNITED KINGDOM
2517,Customer#002517,BUILDING,FRANCE
2518,Customer#002518,FURNITURE,AUSTRALIA
2519,Customer#002519,AUTOMOBILE,FRANCE
2520,Customer#002520,FURNITURE,FRANCE
2521,Customer#002521,FURNITURE,GERMANY
2522,Customer#002522,FURNITURE,AUSTRALIA
2523,Customer#002523,BUILDING,BRAZIL
2524,Customer#002524,HOUSEHOLD,AUSTRALIA
2525,Customer#002525,BUILDING,GERMANY
2526,Customer#002526,AUTOMOBILE,AUSTRALIA
2527,Customer#002527,FURNITURE,BRAZIL
2528,Customer#002528,AUTOMOBILE,CANADA
2529,Customer#002529,MACHINERY,BRAZIL
2530,Customer#002530,FURNITURE,BRAZIL
2531,Customer#002531,MACHINERY,AUSTRALIA
2532,Customer#002532,HOUSEHOLD,BRAZIL
2533,Customer#002533,FURNITURE,FRANCE
2534,Customer#002534,FURNITURE,FRANCE
2535,Customer#002535,HOUSEHOLD,JAPAN
2536,Customer#002536,MACHINERY,CANADA
2537,Customer#002537,HOUSEHOLD,AUSTRALIA
2538,Customer#002538,BUILDING,UNITED STATES
2539,Customer#002539,MACHINERY,UNITED STATES
2540,Customer#002540,FURNITURE,GERMANY
2541,Customer#002541,MACHINERY,UNITED STATES
2542,Customer#002542,MACHINERY,FRANCE
2543,Customer#002543,AUTOMOBILE,BRAZIL
2544,Customer#002544,BUILDING,JAPAN
2545,Customer#002545,FURNITURE,GERMANY
2546,Customer#002546,BUILDING,UNITED STATES
2547,Customer#002547,HOUSEHOLD,BRAZIL
2548,Customer#002548,AUTOMOBILE,GERMANY
2549,Customer#002549,MACHINERY,BRAZIL
2550,Customer#002550,FURNITURE,FRANCE
2551,Customer#002551,AUTOMOBILE,JAPAN
2552,Customer#002552,MACHINERY,UNITED KINGDOM
2553,Customer#002553,FURNITURE,AUSTRALIA
2554,Customer#002554,FURNITURE,FRANCE
2555,Customer#002555,BUILDING,BRAZIL
2556,Customer#002556,HOUSEHOLD,GERMANY
2557,Customer#002557,HOUSEHOLD,UNITED KINGDOM
2558,Customer#002558,FURNITURE,JAPAN
2559,Customer#002559,BUILDING,AUSTRALIA
2560,Customer#002560,BUILDING,UNITED STATES
2561,Customer#002561,MACHINERY,BRAZIL
2562,Customer#002562,HOUSEHOLD,AUSTRALIA
2563,Customer#002563,BUILDING,FRANCE
2564,Customer#002564,FURNITURE,UNITED STATES
2565,Customer#002565,HOUSEHOLD,UNITED STATES
2566,Customer#002566,MACHINERY,UNITED STATES
2567,Customer#002567,MACHINERY,GERMANY
2568,Customer#002568,MACHINERY,FRANCE
2569,Customer#002569,AUTOMOBILE,UNITED STATES
2570,Customer#002570,HOUSEHOLD,CANADA
2571,Customer#002571,FURNITURE,UNITED KINGDOM
2572,Customer#002572,AUTOMOBILE,AUSTRALIA
2573,Customer#002573,MACHINERY,AUSTRALIA
2574,Customer#002574,AUTOMOBILE,GERMANY
2575,Customer#002575,MACHINERY,UNITED KINGDOM
2576,Customer#002576,HOUSEHOLD,UNITED STATES
2577,Customer#002577,FURNITURE,AUSTRALIA
2578,Customer#002578,MACHINERY,UNITED KINGDOM
2579,Customer#002579,HOUSEHOLD,AUSTRALIA
2580,Customer#002580,AUTOMOBILE,GERMANY
2581,Customer#002581,HOUSEHOLD,FRANCE
2582,Customer#002582,HOUSEHOLD,AUSTRALIA
2583,Customer#002583,FURNITURE,FRANCE
2584,Customer#002584,FURNITURE,FRANCE
2585,Customer#002585,AUTOMOBILE,UNITED KINGDOM
2586,Customer#002586,MACHINERY,AUSTRALIA
2587,Customer#002587,MACHINERY,UNITED KINGDOM
2588,Customer#002588,BUILDING,AUSTRALIA
2589,Customer#002589,HOUSEHOLD,BRAZIL
2590,Customer#002590,MACHINERY,FRANCE
2591,Customer#002591,MACHINERY,BRAZIL
2592,Customer#002592,FURNITURE,UNITED STATES
2593,Customer#002593,MACHINERY,GERMANY
2594,Customer#002594,MACHINERY,CANADA
2595,Customer#002595,FURNITURE,GERMANY
2596,Customer#002596,HOUSEHOLD,UNITED STATES
2597,Customer#002597,AUTOMOBILE,FRANCE
2598,Customer#002598,MACHINERY,GERMANY
2599,Customer#002599,BUILDING,UNITED KINGDOM
2600,Customer#002600,BUILDING,FRANCE
2601,Customer#002601,FURNITURE,GERMANY
2602,Customer#002602,MACHINERY,UNITED STATES
2603,Customer#002603,MACHINERY,UNITED KINGDOM
2604,Customer#002604,MACHINERY,CANADA
2605,Customer#002605,HOUSEHOLD,UNITED STATES
2606,Customer#002606,MACHINERY,FRANCE
2607,Customer#002607,FURNITURE,FRANCE
2608,Customer#002608,AUTOMOBILE,JAPAN
2609,Customer#002609,FURNITURE,CANADA
2610,Customer#002610,FURNITURE,GERMANY
2611,Customer#002611,BUILDING,AUSTRALIA
2612,Customer#002612,FURNITURE,UNITED STATES
2613,Customer#002613,MACHINERY,GERMANY
2614,Customer#002614,BUILDING,JAPAN
2615,Customer#002615,AUTOMOBILE,JAPAN
2616,Customer#002616,BUILDING,CANADA
2617,Customer#002617,BUILDING,UNITED KINGDOM
2618,Customer#002618,HOUSEHOLD,JAPAN
2619,Customer#002619,MACHINERY,UNITED KINGDOM
2620,Customer#002620,BUILDING,JAPAN
2621,Customer#002621,HOUSEHOLD,FRANCE
2622,Customer#002622,HOUSEHOLD,UNITED KINGDOM
2623,Customer#002623,MACHINERY,CANADA
2624,Customer#002624,FURNITURE,UNITED KINGDOM
2625,Customer#002625,AUTOMOBILE,FRANCE
2626,Customer#002626,FURNITURE,CANADA
2627,Customer#002627,FURNITURE,UNITED STATES
2628,Customer#002628,BUILDING,FRANCE
2629,Customer#002629,FURNITURE,JAPAN
2630,Customer#002630,MACHINERY,CANADA
2631,Customer#002631,HOUSEHOLD,GERMANY
2632,Customer#002632,BUILDING,BRAZIL
2633,Customer#002633,MACHINERY,BRAZIL
2634,Customer#002634,MACHINERY,FRANCE
2635,Customer#002635,FURNITURE,JAPAN
2636,Customer#002636,BUILDING,JAPAN
2637,Customer#002637,HOUSEHOLD,UNITED STATES
2638,Customer#002638,FURNITURE,JAPAN
2639,Customer#002639,AUTOMOBILE,GERMANY
2640,Customer#002640,MACHINERY,AUSTRALIA
2641,Customer#002641,AUTOMOBILE,UNITED KINGDOM
2642,Customer#002642,HOUSEHOLD,FRANCE
2643,Customer#002643,HOUSEHOLD,FRANCE
2644,Customer#002644,FURNITURE,GERMANY
2645,Customer#002645,HOUSEHOLD,JAPAN
2646,Customer#002646,FURNITURE,BRAZIL
2647,Customer#002647,HOUSEHOLD,GERMANY
2648,Customer#002648,AUTOMOBILE,GERMANY
2649,Customer#002649,FURNITURE,FRANCE
2650,Customer#002650,AUTOMOBILE,JAPAN
2651,Customer#002651,FURNITURE,GERMANY
2652,Customer#002652,HOUSEHOLD,GERMANY
2653,Customer#002653,FURNITURE,GERMANY
2654,Customer#002654,MACHINERY,UNITED KINGDOM
2655,Customer#002655,FURNITURE,UNITED KINGDOM
2656,Customer#002656,AUTOMOBILE,BRAZIL
2657,Customer#002657,AUTOMOBILE,UNITED STATES
2658,Customer#002658,MACHINERY,AUSTRALIA
2659,Customer#002659,HOUSEHOLD,JAPAN
2660,Customer#002660,HOUSEHOLD,JAPAN
2661,Customer#002661,AUTOMOBILE,FRANCE
2662,Customer#002662,BUILDING,GERMANY
2663,Customer#002663,AUTOMOBILE,UNITED STATES
2664,Customer#002664,FURNITURE,JAPAN
2665,Customer#002665,FURNITURE,FRANCE
2666,Customer#002666,FURNITURE,FRANCE
2667,Customer#002667,AUTOMOBILE,UNITED STATES
2668,Customer#002668,MACHINERY,UNITED KINGDOM
2669,Customer#002669,HOUSEHOLD,GERMANY
2670,Customer#002670,FURNITURE,CANADA
2671,Customer#002671,MACHINERY,GERMANY
2672,Customer#002672,HOUSEHOLD,CANADA
2673,Customer#002673,HOUSEHOLD,GERMANY
2674,Customer#002674,AUTOMOBILE,FRANCE
2675,Customer#002675,AUTOMOBILE,UNITED STATES
2676,Customer#002676,HOUSEHOLD,UNITED STATES
2677,Customer#002677,MACHINERY,AUSTRALIA
2678,Customer#002678,AUTOMOBILE,FRANCE
2679,Customer#002679,AUTOMOBILE,UNITED KINGDOM
2680,Customer#002680,AUTOMOBILE,CANADA
2681,Customer#002681,FURNITURE,CANADA
2682,Customer#002682,MACHINERY,CANADA
2683,Customer#002683,AUTOMOBILE,AUSTRALIA
2684,Customer#002684,HOUSEHOLD,UNITED STATES
2685,Customer#002685,FURNITURE,AUSTRALIA
2686,Customer#002686,MACHINERY,AUSTRALIA
2687,Customer#002687,FURNITURE,UNITED STATES
2688,Customer#002688,FURNITURE,UNITED KINGDOM
2689,Customer#002689,HOUSEHOLD,CANADA
2690,Customer#002690,BUILDING,FRANCE
2691,Customer#002691,FURNITURE,AUSTRALIA
2692,Customer#002692,BUILDING,AUSTRALIA
2693,Customer#002693,FURNITURE,UNITED STATES
2694,Customer#002694,AUTOMOBILE,JAPAN
2695,Customer#002695,HOUSEHOLD,AUSTRALIA
2696,Customer#002696,MACHINERY,JAPAN
2697,Customer#002697,HOUSEHOLD,GERMANY
2698,Customer#002698,HOUSEHOLD,JAPAN
2699,Customer#002699,FURNITURE,UNITED STATES
2700,Customer#002700,FURNITURE,GERMANY
2701,Customer#002701,HOUSEHOLD,CANADA
2702,Customer#002702,BUILDING,UNITED KINGDOM
2703,Customer#002703,AUTOMOBILE,GERMANY
2704,Customer#002704,HOUSEHOLD,AUSTRALIA
2705,Customer#002705,MACHINERY,CANADA
2706,Customer#002706,BUILDING,GERMANY
2707,Customer#002707,HOUSEHOLD,FRANCE
2708,Customer#002708,HOUSEHOLD,UNITED KINGDOM
2709,Customer#002709,MACHINERY,BRAZIL
2710,Customer#002710,AUTOMOBILE,UNITED KINGDOM
2711,Customer#002711,BUILDING,UNITED KINGDOM
2712,Customer#002712,HOUSEHOLD,BRAZIL
2713,Customer#002713,BUILDING,AUSTRALIA
2714,Customer#002714,FURNITURE,GERMANY
2715,Customer#002715,HOUSEHOLD,AUSTRALIA
2716,Customer#002716,BUILDING,GERMANY
2717,Customer#002717,MACHINERY,GERMANY
2718,Customer#002718,AUTOMOBILE,GERMANY
2719,Customer#002719,AUTOMOBILE,UNITED STATES
2720,Customer#002720,HOUSEHOLD,JAPAN
2721,Customer#002721,MACHINERY,CANADA
2722,Customer#002722,MACHINERY,GERMANY
2723,Customer#002723,BUILDING,GERMANY
2724,Customer#002724,AUTOMOBILE,UNITED STATES
2725,Customer#002725,FURNITURE,JAPAN
2726,Customer#002726,BUILDING,CANADA
2727,Customer#002727,HOUSEHOLD,CANADA
2728,Customer#002728,FURNITURE,UNITED STATES
2729,Customer#002729,FURNITURE,CANADA
2730,Customer#002730,AUTOMOBILE,FRANCE
2731,Customer#002731,FURNITURE,CANADA
2732,Customer#002732,HOUSEHOLD,AUSTRALIA
2733,Customer#002733,HOUSEHOLD,UNITED KINGDOM
2734,Customer#002734,FURNITURE,UNITED STATES
2735,Customer#002735,AUTOMOBILE,JAPAN
2736,Customer#002736,FURNITURE,FRANCE
2737,Customer#002737,BUILDING,GERMANY
2738,Customer#002738,AUTOMOBILE,UNITED STATES
2739,Customer#002739,MACHINERY,UNITED STATES
2740,Customer#002740,AUTOMOBILE,UNITED STATES
2741,Customer#002741,FURNITURE,JAPAN
2742,Customer#002742,MACHINERY,UNITED KINGDOM
2743,Customer#002743,BUILDING,UNITED KINGDOM
2744,Customer#002744,HOUSEHOLD,GERMANY
2745,Customer#002745,AUTOMOBILE,JAPAN
2746,Customer#002746,FURNITURE,GERMANY
2747,Customer#002747,HOUSEHOLD,BRAZIL
2748,Customer#002748,BUILDING,UNITED KINGDOM
2749,Customer#002749,MACHINERY,BRAZIL
2750,Customer#002750,MACHINERY,AUSTRALIA
2751,Customer#002751,BUILDING,AUSTRALIA
2752,Customer#002752,FURNITURE,UNITED KINGDOM
2753,Customer#002753,MACHINERY,CANADA
2754,Customer#002754,AUTOMOBILE,UNITED KINGDOM
2755,Customer#002755,MACHINERY,BRAZIL
2756,Customer#002756,FURNITURE,AUSTRALIA
2757,Customer#002757,FURNITURE,FRANCE
2758,Customer#002758,AUTOMOBILE,UNITED STATES
2759,Customer#002759,BUILDING,UNITED KINGDOM
2760,Customer#002760,HOUSEHOLD,JAPAN
2761,Customer#002761,HOUSEHOLD,BRAZIL
2762,Customer#002762,MACHINERY,BRAZIL
2763,Customer#002763,AUTOMOBILE,CANADA
2764,Customer#002764,FURNITURE,CANADA
2765,Customer#002765,HOUSEHOLD,GERMANY
2766,Customer#002766,FURNITURE,FRANCE
2767,Customer#002767,MACHINERY,FRANCE
2768,Customer#002768,BUILDING,UNITED KINGDOM
2769,Customer#002769,BUILDING,CANADA
2770,Customer#002770,BUILDING,FRANCE
2771,Customer#002771,FURNITURE,AUSTRALIA
2772,Customer#002772,HOUSEHOLD,UNITED STATES
2773,Customer#002773,MACHINERY,BRAZIL
2774,Customer#002774,FURNITURE,FRANCE
2775,Customer#002775,BUILDING,FRANCE
2776,Customer#002776,MACHINERY,JAPAN
2777,Customer#002777,BUILDING,JAPAN
2778,Customer#002778,MACHINERY,BRAZIL
2779,Customer#002779,BUILDING,UNITED KINGDOM
2780,Customer#002780,MACHINERY,BRAZIL
2781,Customer#002781,HOUSEHOLD,UNITED STATES
2782,Customer#002782,AUTOMOBILE,FRANCE
2783,Customer#002783,MACHINERY,BRAZIL
2784,Customer#002784,HOUSEHOLD,CANADA
2785,Customer#002785,BUILDING,GERMANY
2786,Customer#002786,HOUSEHOLD,GERMANY
2787,Customer#002787,HOUSEHOLD,BRAZIL
2788,Customer#002788,HOUSEHOLD,AUSTRALIA
2789,Customer#002789,BUILDING,JAPAN
2790,Customer#002790,FURNITURE,BRAZIL
2791,Customer#002791,FURNITURE,UNITED STATES
2792,Customer#002792,AUTOMOBILE,BRAZIL
2793,Customer#002793,MACHINERY,UNITED KINGDOM
2794,Customer#002794,AUTOMOBILE,JAPAN
2795,Customer#002795,BUILDING,BRAZIL
2796,Customer#002796,HOUSEHOLD,GERMANY
2797,Customer#002797,FURNITURE,AUSTRALIA
2798,Customer#002798,AUTOMOBILE,UNITED KINGDOM
2799,Customer#002799,MACHINERY,BRAZIL
2800,Customer#002800,BUILDING,JAPAN
2801,Customer#002801,HOUSEHOLD,UNITED KINGDOM
2802,Customer#002802,HOUSEHOLD,FRANCE
2803,Customer#002803,MACHINERY,CANADA
2804,Customer#002804,MACHINERY,FRANCE
2805,Customer#002805,FURNITURE,JAPAN
2806,Customer#002806,AUTOMOBILE,UNITED KINGDOM
2807,Customer#002807,MACHINERY,UNITED STATES
2808,Customer#002808,AUTOMOBILE,UNITED KINGDOM
2809,Customer#002809,HOUSEHOLD,UNITED STATES
2810,Customer#002810,HOUSEHOLD,GERMANY
2811,Customer#002811,AUTOMOBILE,BRAZIL
2812,Customer#002812,HOUSEHOLD,JAPAN
2813,Customer#002813,MACHINERY,GERMANY
2814,Customer#002814,BUILDING,GERMANY
2815,Customer#002815,AUTOMOBILE,UNITED STATES
2816,Customer#002816,HOUSEHOLD,AUSTRALIA
2817,Customer#002817,FURNITURE,UNITED KINGDOM
2818,Customer#002818,BUILDING,JAPAN
2819,Customer#002819,BUILDING,UNITED KINGDOM
2820,Customer#002820,MACHINERY,CANADA
2821,Customer#002821,BUILDING,UNITED KINGDOM
2822,Customer#002822,FURNITURE,JAPAN
2823,Customer#002823,BUILDING,JAPAN
2824,Customer#002824,AUTOMOBILE,BRAZIL
2825,Customer#002825,AUTOMOBILE,FRANCE
2826,Customer#002826,MACHINERY,JAPAN
2827,Customer#002827,FURNITURE,BRAZIL
2828,Customer#002828,HOUSEHOLD,UNITED KINGDOM
2829,Customer#002829,MACHINERY,GERMANY
2830,Customer#002830,AUTOMOBILE,JAPAN
2831,Customer#002831,BUILDING,UNITED STATES
2832,Customer#002832,FURNITURE,UNITED KINGDOM
2833,Customer#002833,AUTOMOBILE,BRAZIL
2834,Customer#002834,FURNITURE,BRAZIL
2835,Customer#002835,MACHINERY,GERMANY
2836,Customer#002836,MACHINERY,FRANCE
2837,Customer#002837,AUTOMOBILE,UNITED KINGDOM
2838,Customer#002838,MACHINERY,BRAZIL
2839,Customer#002839,FURNITURE,CANADA
2840,Customer#002840,BUILDING,GERMANY
2841,Customer#002841,BUILDING,CANADA
2842,Customer#002842,BUILDING,UNITED KINGDOM
2843,Customer#002843,HOUSEHOLD,UNITED STATES
2844,Customer#002844,BUILDING,AUSTRALIA
2845,Customer#002845,HOUSEHOLD,GERMANY
2846,Customer#002846,FURNITURE,CANADA
2847,Customer#002847,FURNITURE,BRAZIL
2848,Customer#002848,MACHINERY,BRAZIL
2849,Customer#002849,AUTOMOBILE,UNITED KINGDOM
2850,Customer#002850,HOUSEHOLD,GERMANY
2851,Customer#002851,BUILDING,CANADA
2852,Customer#002852,BUILDING,CANADA
2853,Customer#002853,MACHINERY,CANADA
2854,Customer#002854,HOUSEHOLD,FRANCE
2855,Customer#002855,AUTOMOBILE,GERMANY
2856,Customer#002856,FURNITURE,JAPAN
2857,Customer#002857,MACHINERY,AUSTRALIA
2858,Customer#002858,AUTOMOBILE,BRAZIL
2859,Customer#002859,MACHINERY,CANADA
2860,Customer#002860,HOUSEHOLD,UNITED STATES
2861,Customer#002861,BUILDING,CANADA
2862,Customer#002862,BUILDING,BRAZIL
2863,Customer#002863,HOUSEHOLD,CANADA
2864,Customer#002864,AUTOMOBILE,JAPAN
2865,Customer#002865,MACHINERY,GERMANY
2866,Customer#002866,FURNITURE,UNITED KINGDOM
2867,Customer#002867,HOUSEHOLD,UNITED KINGDOM
2868,Customer#002868,MACHINERY,UNITED KINGDOM
2869,Customer#002869,MACHINERY,CANADA
2870,Customer#002870,HOUSEHOLD,AUSTRALIA
2871,Customer#002871,AUTOMOBILE,FRANCE
2872,Customer#002872,FURNITURE,GERMANY
2873,Customer#002873,HOUSEHOLD,AUSTRALIA
2874,Customer#002874,BUILDING,BRAZIL
2875,Customer#002875,AUTOMOBILE,AUSTRALIA
2876,Customer#002876,HOUSEHOLD,BRAZIL
2877,Customer#002877,FURNITURE,FRANCE
2878,Customer#002878,AUTOMOBILE,UNITED KINGDOM
2879,Customer#002879,FURNITURE,CANADA
2880,Customer#002880,BUILDING,CANADA
2881,Customer#002881,MACHINERY,UNITED KINGDOM
2882,Customer#002882,HOUSEHOLD,GERMANY
2883,Customer#002883,MACHINERY,AUSTRALIA
2884,Customer#002884,BUILDING,UNITED KINGDOM
2885,Customer#002885,FURNITURE,AUSTRALIA
2886,Customer#002886,MACHINERY,CANADA
2887,Customer#002887,BUILDING,UNITED KINGDOM
2888,Customer#002888,AUTOMOBILE,GERMANY
2889,Customer#002889,FURNITURE,UNITED STATES
2890,Customer#002890,AUTOMOBILE,GERMANY
2891,Customer#002891,HOUSEHOLD,JAPAN
2892,Customer#002892,HOUSEHOLD,CANADA
2893,Customer#002893,AUTOMOBILE,FRANCE
2894,Customer#002894,MACHINERY,JAPAN
2895,Customer#002895,FURNITURE,JAPAN
2896,Customer#002896,HOUSEHOLD,BRAZIL
2897,Customer#002897,BUILDING,UNITED STATES
2898,Customer#002898,FURNITURE,AUSTRALIA
2899,Customer#002899,AUTOMOBILE,JAPAN
2900,Customer#002900,BUILDING,BRAZIL
2901,Customer#002901,FURNITURE,UNITED STATES
2902,Customer#002902,BUILDING,BRAZIL
2903,Customer#002903,BUILDING,JAPAN
2904,Customer#002904,BUILDING,FRANCE
2905,Customer#002905,HOUSEHOLD,AUSTRALIA
2906,Customer#002906,MACHINERY,AUSTRALIA
2907,Customer#002907,HOUSEHOLD,AUSTRALIA
2908,Customer#002908,HOUSEHOLD,FRANCE
2909,Customer#002909,AUTOMOBILE,CANADA
2910,Customer#002910,AUTOMOBILE,FRANCE
2911,Customer#002911,FURNITURE,AUSTRALIA
2912,Customer#002912,MACHINERY,AUSTRALIA
2913,Customer#002913,AUTOMOBILE,JAPAN
2914,Customer#002914,AUTOMOBILE,GERMANY
2915,Customer#002915,BUILDING,UNITED KINGDOM
2916,Customer#002916,BUILDING,GERMANY
2917,Customer#002917,HOUSEHOLD,AUSTRALIA
2918,Customer#002918,AUTOMOBILE,UNITED KINGDOM
2919,Customer#002919,AUTOMOBILE,AUSTRALIA
2920,Customer#002920,HOUSEHOLD,AUSTRALIA
2921,Customer#002921,FURNITURE,GERMANY
2922,Customer#002922,HOUSEHOLD,AUSTRALIA
2923,Customer#002923,FURNITURE,CANADA
2924,Customer#002924,HOUSEHOLD,BRAZIL
2925,Customer#002925,AUTOMOBILE,GERMANY
2926,Customer#002926,HOUSEHOLD,UNITED STATES
2927,Customer#002927,FURNITURE,CANADA
2928,Customer#002928,AUTOMOBILE,JAPAN
2929,Customer#002929,HOUSEHOLD,BRAZIL
2930,Customer#002930,BUILDING,UNITED STATES
2931,Customer#002931,FURNITURE,CANADA
2932,Customer#002932,MACHINERY,UNITED KINGDOM
2933,Customer#002933,FURNITURE,CANADA
2934,Customer#002934,BUILDING,GERMANY
2935,Customer#002935,FURNITURE,JAPAN
2936,Customer#002936,HOUSEHOLD,UNITED KINGDOM
2937,Customer#002937,FURNITURE,UNITED KINGDOM
2938,Customer#002938,AUTOMOBILE,CANADA
2939,Customer#002939,BUILDING,JAPAN
2940,Customer#002940,FURNITURE,UNITED STATES
2941,Customer#002941,MACHINERY,UNITED STATES
2942,Customer#002942,HOUSEHOLD,CANADA
2943,Customer#002943,FURNITURE,CANADA
2944,Customer#002944,FURNITURE,BRAZIL
2945,Customer#002945,HOUSEHOLD,BRAZIL
2946,Customer#002946,MACHINERY,JAPAN
2947,Customer#002947,AUTOMOBILE,UNITED STATES
2948,Customer#002948,FURNITURE,JAPAN
2949,Customer#002949,FURNITURE,JAPAN
2950,Customer#002950,BUILDING,CANADA
2951,Customer#002951,FURNITURE,GERMANY
2952,Customer#002952,FURNITURE,UNITED STATES
2953,Customer#002953,MACHINERY,UNITED STATES
2954,Customer#002954,MACHINERY,CANADA
2955,Customer#002955,BUILDING,GERMANY
2956,Customer#002956,FURNITURE,UNITED KINGDOM
2957,Customer#002957,MACHINERY,JAPAN
2958,Customer#002958,AUTOMOBILE,JAPAN
2959,Customer#002959,MACHINERY,JAPAN
2960,Customer#002960,BUILDING,UNITED KINGDOM
2961,Customer#002961,FURNITURE,GERMANY
2962,Customer#002962,FURNITURE,GERMANY
2963,Customer#002963,HOUSEHOLD,BRAZIL
2964,Customer#002964,AUTOMOBILE,JAPAN
2965,Customer#002965,AUTOMOBILE,CANADA
2966,Customer#002966,AUTOMOBILE,UNITED STATES
2967,Customer#002967,MACHINERY,UNITED KINGDOM
2968,Customer#002968,AUTOMOBILE,GERMANY
2969,Customer#002969,HOUSEHOLD,AUSTRALIA
2970,Customer#002970,HOUSEHOLD,FRANCE
2971,Customer#002971,HOUSEHOLD,GERMANY
2972,Customer#002972,AUTOMOBILE,BRAZIL
2973,Customer#002973,BUILDING,JAPAN
2974,Customer#002974,BUILDING,UNITED STATES
2975,Customer#002975,AUTOMOBILE,CANADA
2976,Customer#002976,HOUSEHOLD,CANADA
2977,Customer#002977,MACHINERY,CANADA
2978,Customer#002978,FURNITURE,FRANCE
2979,Customer#002979,HOUSEHOLD,AUSTRALIA
2980,Customer#002980,HOUSEHOLD,JAPAN
2981,Customer#002981,AUTOMOBILE,AUSTRALIA
2982,Customer#002982,BUILDING,JAPAN
2983,Customer#002983,HOUSEHOLD,AUSTRALIA
2984,Customer#002984,MACHINERY,UNITED STATES
2985,Customer#002985,BUILDING,BRAZIL
2986,Customer#002986,HOUSEHOLD,JAPAN
2987,Customer#002987,MACHINERY,JAPAN
2988,Customer#002988,MACHINERY,UNITED KINGDOM
2989,Customer#002989,MACHINERY,AUSTRALIA
2990,Customer#002990,HOUSEHOLD,FRANCE
2991,Customer#002991,FURNITURE,FRANCE
2992,Customer#002992,FURNITURE,BRAZIL
2993,Customer#002993,AUTOMOBILE,BRAZIL
2994,Customer#002994,FURNITURE,UNITED STATES
2995,Customer#002995,BUILDING,UNITED KINGDOM
2996,Customer#002996,BUILDING,AUSTRALIA
2997,Customer#002997,BUILDING,UNITED KINGDOM
2998,Customer#002998,HOUSEHOLD,BRAZIL
2999,Customer#002999,AUTOMOBILE,JAPAN
3000,Customer#003000,MACHINERY,FRANCE
3001,Customer#003001,BUILDING,UNITED STATES
3002,Customer#003002,FURNITURE,UNITED KINGDOM
3003,Customer#003003,BUILDING,FRANCE
3004,Customer#003004,FURNITURE,UNITED KINGDOM
3005,Customer#003005,BUILDING,UNITED KINGDOM
3006,Customer#003006,FURNITURE,GERMANY
3007,Customer#003007,HOUSEHOLD,GERMANY
3008,Customer#003008,BUILDING,GERMANY
3009,Customer#003009,MACHINERY,JAPAN
3010,Customer#003010,HOUSEHOLD,UNITED KINGDOM
3011,Customer#003011,HOUSEHOLD,JAPAN
3012,Customer#003012,HOUSEHOLD,BRAZIL
3013,Customer#003013,MACHINERY,GERMANY
3014,Customer#003014,BUILDING,JAPAN
3015,Customer#003015,BUILDING,AUSTRALIA
3016,Customer#003016,HOUSEHOLD,BRAZIL
3017,Customer#003017,BUILDING,JAPAN
3018,Customer#003018,MACHINERY,GERMANY
3019,Customer#003019,HOUSEHOLD,UNITED KINGDOM
3020,Customer#003020,HOUSEHOLD,FRANCE
3021,Customer#003021,FURNITURE,AUSTRALIA
3022,Customer#003022,AUTOMOBILE,CANADA
3023,Customer#003023,BUILDING,GERMANY
3024,Customer#003024,FURNITURE,AUSTRALIA
3025,Customer#003025,AUTOMOBILE,UNITED KINGDOM
3026,Customer#003026,HOUSEHOLD,JAPAN
3027,Customer#003027,BUILDING,UNITED STATES
3028,Customer#003028,BUILDING,UNITED KINGDOM
3029,Customer#003029,FURNITURE,JAPAN
3030,Customer#003030,HOUSEHOLD,UNITED STATES
3031,Customer#003031,HOUSEHOLD,GERMANY
3032,Customer#003032,BUILDING,UNITED STATES
3033,Customer#003033,HOUSEHOLD,JAPAN
3034,Customer#003034,AUTOMOBILE,BRAZIL
3035,Customer#003035,HOUSEHOLD,UNITED STATES
3036,Customer#003036,FURNITURE,CANADA
3037,Customer#003037,HOUSEHOLD,AUSTRALIA
3038,Customer#003038,HOUSEHOLD,UNITED KINGDOM
3039,Customer#003039,FURNITURE,FRANCE
3040,Customer#003040,BUILDING,AUSTRALIA
3041,Customer#003041,HOUSEHOLD,UNITED KINGDOM
3042,Customer#003042,FURNITURE,BRAZIL
3043,Customer#003043,MACHINERY,JAPAN
3044,Customer#003044,HOUSEHOLD,UNITED STATES
3045,Customer#003045,BUILDING,BRAZIL
3046,Customer#003046,FURNITURE,BRAZIL
3047,Customer#003047,BUILDING,CANADA
3048,Customer#003048,MACHINERY,FRANCE
3049,Customer#003049,AUTOMOBILE,UNITED STATES
3050,Customer#003050,HOUSEHOLD,FRANCE
3051,Customer#003051,MACHINERY,AUSTRALIA
3052,Customer#003052,BUILDING,BRAZIL
3053,Customer#003053,HOUSEHOLD,UNITED KINGDOM
3054,Customer#003054,HOUSEHOLD,FRANCE
3055,Customer#003055,AUTOMOBILE,UNITED STATES
3056,Customer#003056,AUTOMOBILE,UNITED STATES
3057,Customer#003057,FURNITURE,FRANCE
3058,Customer#003058,HOUSEHOLD,AUSTRALIA
3059,Customer#003059,BUILDING,JAPAN
3060,Customer#003060,HOUSEHOLD,CANADA
3061,Customer#003061,BUILDING,UNITED STATES
3062,Customer#003062,MACHINERY,UNITED STATES
3063,Customer#003063,MACHINERY,UNITED STATES
3064,Customer#003064,HOUSEHOLD,UNITED KINGDOM
3065,Customer#003065,AUTOMOBILE,CANADA
3066,Customer#003066,FURNITURE,GERMANY
3067,Customer#003067,FURNITURE,FRANCE
3068,Customer#003068,BUILDING,UNITED STATES
3069,Customer#003069,AUTOMOBILE,CANADA
3070,Customer#003070,BUILDING,CANADA
3071,Customer#003071,FURNITURE,UNITED STATES
3072,Customer#003072,AUTOMOBILE,GERMANY
3073,Customer#003073,BUILDING,GERMANY
3074,Customer#003074,BUILDING,JAPAN
3075,Customer#003075,BUILDING,CANADA
3076,Customer#003076,FURNITURE,GERMANY
3077,Customer#003077,FURNITURE,UNITED KINGDOM
3078,Customer#003078,BUILDING,UNITED KINGDOM
3079,Customer#003079,HOUSEHOLD,FRANCE
3080,Customer#003080,BUILDING,FRANCE
3081,Customer#003081,HOUSEHOLD,BRAZIL
3082,Customer#003082,HOUSEHOLD,BRAZIL
3083,Customer#003083,BUILDING,GERMANY
3084,Customer#003084,MACHINERY,FRANCE
3085,Customer#003085,BUILDING,GERMANY
3086,Customer#003086,MACHINERY,UNITED KINGDOM
3087,Customer#003087,BUILDING,JAPAN
3088,Customer#003088,AUTOMOBILE,AUSTRALIA
3089,Customer#003089,AUTOMOBILE,BRAZIL
3090,Customer#003090,FURNITURE,GERMANY
3091,Customer#003091,HOUSEHOLD,FRANCE
3092,Customer#003092,FURNITURE,UNITED STATES
3093,Customer#003093,AUTOMOBILE,UNITED KINGDOM
3094,Customer#003094,FURNITURE,AUSTRALIA
3095,Customer#003095,AUTOMOBILE,UNITED STATES
3096,Customer#003096,HOUSEHOLD,UNITED KINGDOM
3097,Customer#003097,BUILDING,UNITED STATES
3098,Customer#003098,AUTOMOBILE,UNITED KINGDOM
3099,Customer#003099,FURNITURE,JAPAN
3100,Customer#003100,HOUSEHOLD,CANADA
3101,Customer#003101,AUTOMOBILE,FRANCE
3102,Customer#003102,AUTOMOBILE,JAPAN
3103,Customer#003103,FURNITURE,CANADA
3104,Customer#003104,HOUSEHOLD,FRANCE
3105,Customer#003105,AUTOMOBILE,UNITED STATES
3106,Customer#003106,FURNITURE,GERMANY
3107,Customer#003107,HOUSEHOLD,UNITED KINGDOM
3108,Customer#003108,MACHINERY,BRAZIL
3109,Customer#003109,HOUSEHOLD,UNITED STATES
3110,Customer#003110,FURNITURE,FRANCE
3111,Customer#003111,AUTOMOBILE,UNITED KINGDOM
3112,Customer#003112,FURNITURE,UNITED KINGDOM
3113,Customer#003113,FURNITURE,BRAZIL
3114,Customer#003114,FURNITURE,FRANCE
3115,Customer#003115,HOUSEHOLD,FRANCE
3116,Customer#003116,MACHINERY,UNITED STATES
3117,Customer#003117,AUTOMOBILE,UNITED KINGDOM
3118,Customer#003118,AUTOMOBILE,CANADA
3119,Customer#003119,HOUSEHOLD,GERMANY
3120,Customer#003120,AUTOMOBILE,UNITED STATES
3121,Customer#003121,BUILDING,BRAZIL
3122,Customer#003122,MACHINERY,FRANCE
3123,Customer#003123,HOUSEHOLD,JAPAN
3124,Customer#003124,MACHINERY,CANADA
3125,Customer#003125,BUILDING,UNITED KINGDOM
3126,Customer#003126,BUILDING,GERMANY
3127,Customer#003127,AUTOMOBILE,UNITED STATES
3128,Customer#003128,HOUSEHOLD,UNITED KINGDOM
3129,Customer#003129,BUILDING,FRANCE
3130,Customer#003130,HOUSEHOLD,BRAZIL
3131,Customer#003131,HOUSEHOLD,FRANCE
3132,Customer#003132,MACHINERY,FRANCE
3133,Customer#003133,BUILDING,BRAZIL
3134,Customer#003134,AUTOMOBILE,UNITED KINGDOM
3135,Customer#003135,AUTOMOBILE,AUSTRALIA
3136,Customer#003136,AUTOMOBILE,AUSTRALIA
3137,Customer#003137,AUTOMOBILE,UNITED KINGDOM
3138,Customer#003138,HOUSEHOLD,CANADA
3139,Customer#003139,BUILDING,AUSTRALIA
3140,Customer#003140,AUTOMOBILE,FRANCE
3141,Customer#003141,FURNITURE,CANADA
3142,Customer#003142,AUTOMOBILE,AUSTRALIA
3143,Customer#003143,MACHINERY,GERMANY
3144,Customer#003144,HOUSEHOLD,FRANCE
3145,Customer#003145,MACHINERY,JAPAN
3146,Customer#003146,AUTOMOBILE,BRAZIL
3147,Customer#003147,AUTOMOBILE,UNITED STATES
3148,Customer#003148,FURNITURE,UNITED STATES
3149,Customer#003149,MACHINERY,GERMANY
3150,Customer#003150,BUILDING,CANADA
3151,Customer#003151,HOUSEHOLD,AUSTRALIA
3152,Customer#003152,AUTOMOBILE,BRAZIL
3153,Customer#003153,AUTOMOBILE,JAPAN
3154,Customer#003154,FURNITURE,GERMANY
3155,Customer#003155,FURNITURE,GERMANY
3156,Customer#003156,FURNITURE,FRANCE
3157,Customer#003157,BUILDING,AUSTRALIA
3158,Customer#003158,FURNITURE,CANADA
3159,Customer#003159,AUTOMOBILE,CANADA
3160,Customer#003160,HOUSEHOLD,JAPAN
3161,Customer#003161,BUILDING,AUSTRALIA
3162,Customer#003162,AUTOMOBILE,FRANCE
3163,Customer#003163,MACHINERY,AUSTRALIA
3164,Customer#003164,FURNITURE,FRANCE
3165,Customer#003165,FURNITURE,GERMANY
3166,Customer#003166,FURNITURE,UNITED STATES
3167,Customer#003167,HOUSEHOLD,UNITED STATES
3168,Customer#003168,BUILDING,CANADA
3169,Customer#003169,FURNITURE,UNITED STATES
3170,Customer#003170,HOUSEHOLD,AUSTRALIA
3171,Customer#003171,HOUSEHOLD,UNITED KINGDOM
3172,Customer#003172,HOUSEHOLD,CANADA
3173,Customer#003173,AUTOMOBILE,UNITED KINGDOM
3174,Customer#003174,FURNITURE,UNITED STATES
3175,Customer#003175,HOUSEHOLD,FRANCE
3176,Customer#003176,AUTOMOBILE,BRAZIL
3177,Customer#003177,MACHINERY,FRANCE
3178,Customer#003178,BUILDING,UNITED STATES
3179,Customer#003179,HOUSEHOLD,JAPAN
3180,Customer#003180,AUTOMOBILE,CANADA
3181,Customer#003181,FURNITURE,UNITED STATES
3182,Customer#003182,HOUSEHOLD,CANADA
3183,Customer#003183,AUTOMOBILE,AUSTRALIA
3184,Customer#003184,AUTOMOBILE,BRAZIL
3185,Customer#003185,HOUSEHOLD,UNITED STATES
3186,Customer#003186,BUILDING,AUSTRALIA
3187,Customer#003187,MACHINERY,UNITED STATES
3188,Customer#003188,MACHINERY,AUSTRALIA
3189,Customer#003189,MACHINERY,FRANCE
3190,Customer#003190,BUILDING,BRAZIL
3191,Customer#003191,BUILDING,BRAZIL
3192,Customer#003192,BUILDING,UNITED KINGDOM
3193,Customer#003193,HOUSEHOLD,BRAZIL
3194,Customer#003194,HOUSEHOLD,UNITED STATES
3195,Customer#003195,MACHINERY,BRAZIL
3196,Customer#003196,AUTOMOBILE,UNITED KINGDOM
3197,Customer#003197,FURNITURE,FRANCE
3198,Customer#003198,AUTOMOBILE,BRAZIL
3199,Customer#003199,AUTOMOBILE,UNITED KINGDOM
3200,Customer#003200,HOUSEHOLD,FRANCE
3201,Customer#003201,AUTOMOBILE,BRAZIL
3202,Customer#003202,MACHINERY,JAPAN
3203,Customer#003203,FURNITURE,AUSTRALIA
3204,Customer#003204,MACHINERY,UNITED STATES
3205,Customer#003205,BUILDING,BRAZIL
3206,Customer#003206,MACHINERY,CANADA
3207,Customer#003207,HOUSEHOLD,UNITED KINGDOM
3208,Customer#003208,HOUSEHOLD,JAPAN
3209,Customer#003209,HOUSEHOLD,BRAZIL
3210,Customer#003210,BUILDING,FRANCE
3211,Customer#003211,HOUSEHOLD,UNITED KINGDOM
3212,Customer#003212,BUILDING,AUSTRALIA
3213,Customer#003213,AUTOMOBILE,JAPAN
3214,Customer#003214,BUILDING,UNITED KINGDOM
3215,Customer#003215,AUTOMOBILE,JAPAN
3216,Customer#003216,BUILDING,GERMANY
3217,Customer#003217,HOUSEHOLD,GERMANY
3218,Customer#003218,AUTOMOBILE,UNITED STATES
3219,Customer#003219,MACHINERY,AUSTRALIA
3220,Customer#003220,FURNITURE,GERMANY
3221,Customer#003221,HOUSEHOLD,BRAZIL
3222,Customer#003222,HOUSEHOLD,CANADA
3223,Customer#003223,BUILDING,JAPAN
3224,Customer#003224,AUTOMOBILE,UNITED KINGDOM
3225,Customer#003225,BUILDING,FRANCE
3226,Customer#003226,FURNITURE,BRAZIL
3227,Customer#003227,HOUSEHOLD,BRAZIL
3228,Customer#003228,MACHINERY,CANADA
3229,Customer#003229,FURNITURE,CANADA
3230,Customer#003230,HOUSEHOLD,JAPAN
3231,Customer#003231,FURNITURE,GERMANY
3232,Customer#003232,MACHINERY,GERMANY
3233,Customer#003233,MACHINERY,FRANCE
3234,Customer#003234,HOUSEHOLD,BRAZIL
3235,Customer#003235,MACHINERY,UNITED STATES
3236,Customer#003236,AUTOMOBILE,BRAZIL
3237,Customer#003237,MACHINERY,CANADA
3238,Customer#003238,AUTOMOBILE,GERMANY
3239,Customer#003239,FURNITURE,JAPAN
3240,Customer#003240,AUTOMOBILE,GERMANY
3241,Customer#003241,AUTOMOBILE,GERMANY
3242,Customer#003242,AUTOMOBILE,UNITED KINGDOM
3243,Customer#003243,BUILDING,BRAZIL
3244,Customer#003244,FURNITURE,GERMANY
3245,Customer#003245,HOUSEHOLD,JAPAN
3246,Customer#003246,MACHINERY,GERMANY
3247,Customer#003247,AUTOMOBILE,UNITED STATES
3248,Customer#003248,MACHINERY,BRAZIL
3249,Customer#003249,AUTOMOBILE,BRAZIL
3250,Customer#003250,HOUSEHOLD,GERMANY
3251,Customer#003251,FURNITURE,JAPAN
3252,Customer#003252,BUILDING,UNITED STATES
3253,Customer#003253,HOUSEHOLD,CANADA
3254,Customer#003254,AUTOMOBILE,CANADA
3255,Customer#003255,MACHINERY,GERMANY
3256,Customer#003256,BUILDING,BRAZIL
3257,Customer#003257,MACHINERY,CANADA
3258,Customer#003258,MACHINERY,GERMANY
3259,Customer#003259,FURNITURE,CANADA
3260,Customer#003260,MACHINERY,UNITED KINGDOM
3261,Customer#003261,HOUSEHOLD,UNITED STATES
3262,Customer#003262,AUTOMOBILE,UNITED KINGDOM
3263,Customer#003263,MACHINERY,UNITED STATES
3264,Customer#003264,HOUSEHOLD,FRANCE
3265,Customer#003265,HOUSEHOLD,BRAZIL
3266,Customer#003266,BUILDING,BRAZIL
3267,Customer#003267,BUILDING,FRANCE
3268,Customer#003268,FURNITURE,FRANCE
3269,Customer#003269,MACHINERY,FRANCE
3270,Customer#003270,BUILDING,UNITED KINGDOM
3271,Customer#003271,FURNITURE,CANADA
3272,Customer#003272,BUILDING,AUSTRALIA
3273,Customer#003273,AUTOMOBILE,CANADA
3274,Customer#003274,MACHINERY,UNITED STATES
3275,Customer#003275,MACHINERY,AUSTRALIA
3276,Customer#003276,AUTOMOBILE,AUSTRALIA
3277,Customer#003277,MACHINERY,AUSTRALIA
3278,Customer#003278,MACHINERY,UNITED STATES
3279,Customer#003279,MACHINERY,BRAZIL
3280,Customer#003280,MACHINERY,JAPAN
3281,Customer#003281,HOUSEHOLD,UNITED KINGDOM
3282,Customer#003282,AUTOMOBILE,CANADA
3283,Customer#003283,HOUSEHOLD,CANADA
3284,Customer#003284,MACHINERY,GERMANY
3285,Customer#003285,HOUSEHOLD,AUSTRALIA
3286,Customer#003286,AUTOMOBILE,UNITED KINGDOM
3287,Customer#003287,AUTOMOBILE,FRANCE
3288,Customer#003288,MACHINERY,CANADA
3289,Customer#003289,FURNITURE,BRAZIL
3290,Customer#003290,BUILDING,AUSTRALIA
3291,Customer#003291,BUILDING,UNITED STATES
3292,Customer#003292,HOUSEHOLD,JAPAN
3293,Customer#003293,HOUSEHOLD,GERMANY
3294,Customer#003294,FURNITURE,CANADA
3295,Customer#003295,FURNITURE,GERMANY
3296,Customer#003296,AUTOMOBILE,GERMANY
3297,Customer#003297,HOUSEHOLD,JAPAN
3298,Customer#003298,FURNITURE,CANADA
3299,Customer#003299,BUILDING,JAPAN
3300,Customer#003300,FURNITURE,JAPAN
3301,Customer#003301,HOUSEHOLD,CANADA
3302,Customer#003302,AUTOMOBILE,UNITED STATES
3303,Customer#003303,BUILDING,GERMANY
3304,Customer#003304,MACHINERY,JAPAN
3305,Customer#003305,HOUSEHOLD,UNITED KINGDOM
3306,Customer#003306,MACHINERY,AUSTRALIA
3307,Customer#003307,AUTOMOBILE,CANADA
3308,Customer#003308,AUTOMOBILE,UNITED STATES
3309,Customer#003309,BUILDING,JAPAN
3310,Customer#003310,HOUSEHOLD,UNITED KINGDOM
3311,Customer#003311,FURNITURE,BRAZIL
3312,Customer#003312,FURNITURE,CANADA
3313,Customer#003313,FURNITURE,AUSTRALIA
3314,Customer#003314,MACHINERY,CANADA
3315,Customer#003315,BUILDING,BRAZIL
3316,Customer#003316,FURNITURE,UNITED STATES
3317,Customer#003317,MACHINERY,GERMANY
3318,Customer#003318,FURNITURE,UNITED STATES
3319,Customer#003319,AUTOMOBILE,BRAZIL
3320,Customer#003320,HOUSEHOLD,GERMANY
3321,Customer#003321,MACHINERY,GERMANY
3322,Customer#003322,BUILDING,JAPAN
3323,Customer#003323,MACHINERY,AUSTRALIA
3324,Customer#003324,MACHINERY,UNITED STATES
3325,Customer#003325,MACHINERY,JAPAN
3326,Customer#003326,FURNITURE,UNITED KINGDOM
3327,Customer#003327,FURNITURE,FRANCE
3328,Customer#003328,AUTOMOBILE,UNITED KINGDOM
3329,Customer#003329,FURNITURE,GERMANY
3330,Customer#003330,FURNITURE,BRAZIL
3331,Customer#003331,MACHINERY,JAPAN
3332,Customer#003332,MACHINERY,BRAZIL
3333,Customer#003333,BUILDING,BRAZIL
3334,Customer#003334,AUTOMOBILE,UNITED STATES
3335,Customer#003335,AUTOMOBILE,JAPAN
3336,Customer#003336,MACHINERY,CANADA
3337,Customer#003337,HOUSEHOLD,BRAZIL
3338,Customer#003338,AUTOMOBILE,UNITED KINGDOM
3339,Customer#003339,AUTOMOBILE,GERMANY
3340,Customer#003340,FURNITURE,FRANCE
3341,Customer#003341,AUTOMOBILE,UNITED KINGDOM
3342,Customer#003342,HOUSEHOLD,CANADA
3343,Customer#003343,BUILDING,UNITED KINGDOM
3344,Customer#003344,AUTOMOBILE,UNITED STATES
3345,Customer#003345,HOUSEHOLD,BRAZIL
3346,Customer#003346,MACHINERY,BRAZIL
3347,Customer#003347,AUTOMOBILE,CANADA
3348,Customer#003348,FURNITURE,BRAZIL
3349,Customer#003349,AUTOMOBILE,JAPAN
3350,Customer#003350,BUILDING,UNITED KINGDOM
3351,Customer#003351,AUTOMOBILE,GERMANY
3352,Customer#003352,AUTOMOBILE,FRANCE
3353,Customer#003353,MACHINERY,GERMANY
3354,Customer#003354,AUTOMOBILE,GERMANY
3355,Customer#003355,BUILDING,AUSTRALIA
3356,Customer#003356,BUILDING,UNITED KINGDOM
3357,Customer#003357,BUILDING,CANADA
3358,Customer#003358,HOUSEHOLD,UNITED STATES
3359,Customer#003359,AUTOMOBILE,UNITED KINGDOM
3360,Customer#003360,BUILDING,UNITED STATES
3361,Customer#003361,HOUSEHOLD,UNITED KINGDOM
3362,Customer#003362,MACHINERY,UNITED STATES
3363,Customer#003363,BUILDING,JAPAN
3364,Customer#003364,BUILDING,UNITED KINGDOM
3365,Customer#003365,BUILDING,FRANCE
3366,Customer#003366,FURNITURE,FRANCE
3367,Customer#003367,AUTOMOBILE,BRAZIL
3368,Customer#003368,BUILDING,UNITED KINGDOM
3369,Customer#003369,AUTOMOBILE,JAPAN
3370,Customer#003370,FURNITURE,BRAZIL
3371,Customer#003371,MACHINERY,GERMANY
3372,Customer#003372,FURNITURE,FRANCE
3373,Customer#003373,FURNITURE,UNITED KINGDOM
3374,Customer#003374,BUILDING,UNITED STATES
3375,Customer#003375,FURNITURE,FRANCE
3376,Customer#003376,AUTOMOBILE,JAPAN
3377,Customer#003377,AUTOMOBILE,UNITED STATES
3378,Customer#003378,BUILDING,FRANCE
3379,Customer#003379,FURNITURE,CANADA
3380,Customer#003380,MACHINERY,GERMANY
3381,Customer#003381,HOUSEHOLD,UNITED KINGDOM
3382,Customer#003382,AUTOMOBILE,BRAZIL
3383,Customer#003383,HOUSEHOLD,AUSTRALIA
3384,Customer#003384,AUTOMOBILE,FRANCE
3385,Customer#003385,HOUSEHOLD,UNITED KINGDOM
3386,Customer#003386,MACHINERY,UNITED KINGDOM
3387,Customer#003387,HOUSEHOLD,UNITED KINGDOM
3388,Customer#003388,FURNITURE,GERMANY
3389,Customer#003389,HOUSEHOLD,BRAZIL
3390,Customer#003390,MACHINERY,UNITED STATES
3391,Customer#003391,BUILDING,BRAZIL
3392,Customer#003392,HOUSEHOLD,UNITED KINGDOM
3393,Customer#003393,HOUSEHOLD,JAPAN
3394,Customer#003394,HOUSEHOLD,JAPAN
3395,Customer#003395,HOUSEHOLD,FRANCE
3396,Customer#003396,FURNITURE,AUSTRALIA
3397,Customer#003397,MACHINERY,AUSTRALIA
3398,Customer#003398,AUTOMOBILE,UNITED KINGDOM
3399,Customer#003399,HOUSEHOLD,BRAZIL
3400,Customer#003400,AUTOMOBILE,UNITED STATES
3401,Customer#003401,HOUSEHOLD,UNITED KINGDOM
3402,Customer#003402,HOUSEHOLD,CANADA
3403,Customer#003403,FURNITURE,UNITED KINGDOM
3404,Customer#003404,BUILDING,GERMANY
3405,Customer#003405,HOUSEHOLD,AUSTRALIA
3406,Customer#003406,FURNITURE,UNITED KINGDOM
3407,Customer#003407,AUTOMOBILE,UNITED KINGDOM
3408,Customer#003408,MACHINERY,FRANCE
3409,Customer#003409,MACHINERY,FRANCE
3410,Customer#003410,FURNITURE,AUSTRALIA
3411,Customer#003411,BUILDING,FRANCE
3412,Customer#003412,HOUSEHOLD,CANADA
3413,Customer#003413,MACHINERY,JAPAN
3414,Customer#003414,HOUSEHOLD,BRAZIL
3415,Customer#003415,HOUSEHOLD,AUSTRALIA
3416,Customer#003416,HOUSEHOLD,JAPAN
3417,Customer#003417,AUTOMOBILE,CANADA
3418,Customer#003418,BUILDING,UNITED KINGDOM
3419,Customer#003419,MACHINERY,CANADA
3420,Customer#003420,HOUSEHOLD,FRANCE
3421,Customer#003421,AUTOMOBILE,UNITED STATES
3422,Customer#003422,BUILDING,UNITED STATES
3423,Customer#003423,BUILDING,CANADA
3424,Customer#003424,BUILDING,GERMANY
3425,Customer#003425,HOUSEHOLD,BRAZIL
3426,Customer#003426,AUTOMOBILE,JAPAN
3427,Customer#003427,FURNITURE,UNITED KINGDOM
3428,Customer#003428,BUILDING,CANADA
3429,Customer#003429,HOUSEHOLD,FRANCE
3430,Customer#003430,MACHINERY,CANADA
3431,Customer#003431,HOUSEHOLD,JAPAN
3432,Customer#003432,FURNITURE,BRAZIL
3433,Customer#003433,FURNITURE,UNITED STATES
3434,Customer#003434,BUILDING,AUSTRALIA
3435,Customer#003435,BUILDING,AUSTRALIA
3436,Customer#003436,HOUSEHOLD,BRAZIL
3437,Customer#003437,HOUSEHOLD,CANADA
3438,Customer#003438,HOUSEHOLD,UNITED STATES
3439,Customer#003439,BUILDING,GERMANY
3440,Customer#003440,FURNITURE,JAPAN
3441,Customer#003441,AUTOMOBILE,CANADA
3442,Customer#003442,HOUSEHOLD,GERMANY
3443,Customer#003443,MACHINERY,AUSTRALIA
3444,Customer#003444,HOUSEHOLD,UNITED KINGDOM
3445,Customer#003445,FURNITURE,CANADA
3446,Customer#003446,FURNITURE,CANADA
3447,Customer#003447,HOUSEHOLD,GERMANY
3448,Customer#003448,FURNITURE,UNITED STATES
3449,Customer#003449,HOUSEHOLD,JAPAN
3450,Customer#003450,HOUSEHOLD,AUSTRALIA
3451,Customer#003451,FURNITURE,BRAZIL
3452,Customer#003452,MACHINERY,BRAZIL
3453,Customer#003453,BUILDING,UNITED STATES
3454,Customer#003454,FURNITURE,UNITED STATES
3455,Customer#003455,AUTOMOBILE,BRAZIL
3456,Customer#003456,MACHINERY,UNITED STATES
3457,Customer#003457,MACHINERY,AUSTRALIA
3458,Customer#003458,BUILDING,AUSTRALIA
3459,Customer#003459,MACHINERY,BRAZIL
3460,Customer#003460,HOUSEHOLD,BRAZIL
3461,Customer#003461,BUILDING,FRANCE
3462,Customer#003462,AUTOMOBILE,FRANCE
3463,Customer#003463,MACHINERY,UNITED KINGDOM
3464,Customer#003464,BUILDING,JAPAN
3465,Customer#003465,BUILDING,BRAZIL
3466,Customer#003466,AUTOMOBILE,UNITED STATES
3467,Customer#003467,FURNITURE,BRAZIL
3468,Customer#003468,BUILDING,CANADA
3469,Customer#003469,HOUSEHOLD,AUSTRALIA
3470,Customer#003470,MACHINERY,UNITED STATES
3471,Customer#003471,HOUSEHOLD,UNITED STATES
3472,Customer#003472,MACHINERY,AUSTRALIA
3473,Customer#003473,FURNITURE,AUSTRALIA
3474,Customer#003474,MACHINERY,UNITED KINGDOM
3475,Customer#003475,HOUSEHOLD,UNITED KINGDOM
3476,Customer#003476,AUTOMOBILE,BRAZIL
3477,Customer#003477,HOUSEHOLD,BRAZIL
3478,Customer#003478,AUTOMOBILE,JAPAN
3479,Customer#003479,MACHINERY,AUSTRALIA
3480,Customer#003480,AUTOMOBILE,CANADA
3481,Customer#003481,BUILDING,FRANCE
3482,Customer#003482,MACHINERY,JAPAN
3483,Customer#003483,BUILDING,JAPAN
3484,Customer#003484,FURNITURE,AUSTRALIA
3485,Customer#003485,AUTOMOBILE,UNITED KINGDOM
3486,Customer#003486,FURNITURE,UNITED KINGDOM
3487,Customer#003487,FURNITURE,BRAZIL
3488,Customer#003488,MACHINERY,UNITED KINGDOM
3489,Customer#003489,FURNITURE,CANADA
3490,Customer#003490,HOUSEHOLD,FRANCE
3491,Customer#003491,MACHINERY,UNITED KINGDOM
3492,Customer#003492,MACHINERY,JAPAN
3493,Customer#003493,HOUSEHOLD,BRAZIL
3494,Customer#003494,AUTOMOBILE,AUSTRALIA
3495,Customer#003495,HOUSEHOLD,JAPAN
3496,Customer#003496,FURNITURE,CANADA
3497,Customer#003497,FURNITURE,GERMANY
3498,Customer#003498,BUILDING,GERMANY
3499,Customer#003499,FURNITURE,CANADA
3500,Customer#003500,AUTOMOBILE,CANADA
3501,Customer#003501,MACHINERY,AUSTRALIA
3502,Customer#003502,FURNITURE,UNITED STATES
3503,Customer#003503,FURNITURE,FRANCE
3504,Customer#003504,MACHINERY,CANADA
3505,Customer#003505,AUTOMOBILE,FRANCE
3506,Customer#003506,AUTOMOBILE,JAPAN
3507,Customer#003507,HOUSEHOLD,AUSTRALIA
3508,Customer#003508,MACHINERY,UNITED KINGDOM
3509,Customer#003509,AUTOMOBILE,AUSTRALIA
3510,Customer#003510,MACHINERY,JAPAN
3511,Customer#003511,AUTOMOBILE,JAPAN
3512,Customer#003512,FURNITURE,FRANCE
3513,Customer#003513,HOUSEHOLD,FRANCE
3514,Customer#003514,BUILDING,GERMANY
3515,Customer#003515,AUTOMOBILE,UNITED STATES
3516,Customer#003516,AUTOMOBILE,JAPAN
3517,Customer#003517,HOUSEHOLD,CANADA
3518,Customer#003518,FURNITURE,AUSTRALIA
3519,Customer#003519,HOUSEHOLD,UNITED STATES
3520,Customer#003520,AUTOMOBILE,GERMANY
3521,Customer#003521,MACHINERY,GERMANY
3522,Customer#003522,BUILDING,JAPAN
3523,Customer#003523,MACHINERY,GERMANY
3524,Customer#003524,BUILDING,CANADA
3525,Customer#003525,BUILDING,UNITED STATES
3526,Customer#003526,BUILDING,BRAZIL
3527,Customer#003527,FURNITURE,JAPAN
3528,Customer#003528,BUILDING,AUSTRALIA
3529,Customer#003529,MACHINERY,UNITED KINGDOM
3530,Customer#003530,HOUSEHOLD,GERMANY
3531,Customer#003531,AUTOMOBILE,UNITED KINGDOM
3532,Customer#003532,FURNITURE,UNITED KINGDOM
3533,Customer#003533,FURNITURE,JAPAN
3534,Customer#003534,HOUSEHOLD,UNITED KINGDOM
3535,Customer#003535,AUTOMOBILE,UNITED KINGDOM
3536,Customer#003536,MACHINERY,BRAZIL
3537,Customer#003537,FURNITURE,AUSTRALIA
3538,Customer#003538,AUTOMOBILE,AUSTRALIA
3539,Customer#003539,AUTOMOBILE,GERMANY
3540,Customer#003540,BUILDING,GERMANY
3541,Customer#003541,AUTOMOBILE,JAPAN
3542,Customer#003542,HOUSEHOLD,AUSTRALIA
3543,Customer#003543,MACHINERY,UNITED STATES
3544,Customer#003544,HOUSEHOLD,BRAZIL
3545,Customer#003545,BUILDING,BRAZIL
3546,Customer#003546,FURNITURE,AUSTRALIA
3547,Customer#003547,HOUSEHOLD,FRANCE
3548,Customer#003548,MACHINERY,GERMANY
3549,Customer#003549,MACHINERY,CANADA
3550,Customer#003550,MACHINERY,JAPAN
3551,Customer#003551,BUILDING,UNITED STATES
3552,Customer#003552,BUILDING,FRANCE
3553,Customer#003553,MACHINERY,AUSTRALIA
3554,Customer#003554,MACHINERY,BRAZIL
3555,Customer#003555,BUILDING,FRANCE
3556,Customer#003556,HOUSEHOLD,AUSTRALIA
3557,Customer#003557,BUILDING,AUSTRALIA
3558,Customer#003558,MACHINERY,JAPAN
3559,Customer#003559,BUILDING,FRANCE
3560,Customer#003560,MACHINERY,FRANCE
3561,Customer#003561,AUTOMOBILE,CANADA
3562,Customer#003562,MACHINERY,AUSTRALIA
3563,Customer#003563,BUILDING,JAPAN
3564,Customer#003564,BUILDING,CANADA
3565,Customer#003565,HOUSEHOLD,AUSTRALIA
3566,Customer#003566,MACHINERY,AUSTRALIA
3567,Customer#003567,BUILDING,GERMANY
3568,Customer#003568,MACHINERY,UNITED KINGDOM
3569,Customer#003569,MACHINERY,AUSTRALIA
3570,Customer#003570,FURNITURE,BRAZIL
3571,Customer#003571,HOUSEHOLD,UNITED STATES
3572,Customer#003572,BUILDING,GERMANY
3573,Customer#003573,HOUSEHOLD,GERMANY
3574,Customer#003574,BUILDING,AUSTRALIA
3575,Customer#003575,AUTOMOBILE,JAPAN
3576,Customer#003576,MACHINERY,UNITED KINGDOM
3577,Customer#003577,BUILDING,GERMANY
3578,Customer#003578,AUTOMOBILE,GERMANY
3579,Customer#003579,FURNITURE,AUSTRALIA
3580,Customer#003580,MACHINERY,CANADA
3581,Customer#003581,HOUSEHOLD,GERMANY
3582,Customer#003582,MACHINERY,GERMANY
3583,Customer#003583,FURNITURE,BRAZIL
3584,Customer#003584,MACHINERY,FRANCE
3585,Customer#003585,BUILDING,AUSTRALIA
3586,Customer#003586,MACHINERY,GERMANY
3587,Customer#003587,HOUSEHOLD,AUSTRALIA
3588,Customer#003588,FURNITURE,FRANCE
3589,Customer#003589,BUILDING,UNITED STATES
3590,Customer#003590,FURNITURE,FRANCE
3591,Customer#003591,BUILDING,CANADA
3592,Customer#003592,AUTOMOBILE,JAPAN
3593,Customer#003593,AUTOMOBILE,UNITED STATES
3594,Customer#003594,HOUSEHOLD,AUSTRALIA
3595,Customer#003595,FURNITURE,JAPAN
3596,Customer#003596,AUTOMOBILE,UNITED KINGDOM
3597,Customer#003597,MACHINERY,GERMANY
3598,Customer#003598,FURNITURE,UNITED KINGDOM
3599,Customer#003599,BUILDING,AUSTRALIA
3600,Customer#003600,HOUSEHOLD,CANADA
3601,Customer#003601,BUILDING,FRANCE
3602,Customer#003602,AUTOMOBILE,FRANCE
3603,Customer#003603,MACHINERY,JAPAN
3604,Customer#003604,HOUSEHOLD,AUSTRALIA
3605,Customer#003605,AUTOMOBILE,AUSTRALIA
3606,Customer#003606,AUTOMOBILE,FRANCE
3607,Customer#003607,MACHINERY,FRANCE
3608,Customer#003608,HOUSEHOLD,GERMANY
3609,Customer#003609,HOUSEHOLD,GERMANY
3610,Customer#003610,BUILDING,JAPAN
3611,Customer#003611,MACHINERY,FRANCE
3612,Customer#003612,FURNITURE,CANADA
3613,Customer#003613,AUTOMOBILE,BRAZIL
3614,Customer#003614,FURNITURE,CANADA
3615,Customer#003615,BUILDING,UNITED STATES
3616,Customer#003616,HOUSEHOLD,GERMANY
3617,Customer#003617,MACHINERY,AUSTRALIA
3618,Customer#003618,AUTOMOBILE,AUSTRALIA
3619,Customer#003619,HOUSEHOLD,JAPAN
3620,Customer#003620,BUILDING,UNITED KINGDOM
3621,Customer#003621,FURNITURE,UNITED STATES
3622,Customer#003622,BUILDING,BRAZIL
3623,Customer#003623,AUTOMOBILE,CANADA
3624,Customer#003624,MACHINERY,UNITED STATES
3625,Customer#003625,BUILDING,JAPAN
3626,Customer#003626,FURNITURE,AUSTRALIA
3627,Customer#003627,MACHINERY,AUSTRALIA
3628,Customer#003628,MACHINERY,GERMANY
3629,Customer#003629,FURNITURE,UNITED STATES
3630,Customer#003630,FURNITURE,GERMANY
3631,Customer#003631,MACHINERY,GERMANY
3632,Customer#003632,FURNITURE,CANADA
3633,Customer#003633,MACHINERY,CANADA
3634,Customer#003634,AUTOMOBILE,UNITED KINGDOM
3635,Customer#003635,MACHINERY,AUSTRALIA
3636,Customer#003636,AUTOMOBILE,JAPAN
3637,Customer#003637,BUILDING,BRAZIL
3638,Customer#003638,BUILDING,GERMANY
3639,Customer#003639,HOUSEHOLD,JAPAN
3640,Customer#003640,MACHINERY,AUSTRALIA
3641,Customer#003641,MACHINERY,JAPAN
3642,Customer#003642,FURNITURE,JAPAN
3643,Customer#003643,FURNITURE,BRAZIL
3644,Customer#003644,HOUSEHOLD,GERMANY
3645,Customer#003645,MACHINERY,CANADA
3646,Customer#003646,AUTOMOBILE,CANADA
3647,Customer#003647,BUILDING,FRANCE
3648,Customer#003648,AUTOMOBILE,UNITED STATES
3649,Customer#003649,AUTOMOBILE,GERMANY
3650,Customer#003650,BUILDING,CANADA
3651,Customer#003651,MACHINERY,GERMANY
3652,Customer#003652,HOUSEHOLD,AUSTRALIA
3653,Customer#003653,BUILDING,CANADA
3654,Customer#003654,BUILDING,CANADA
3655,Customer#003655,MACHINERY,CANADA
3656,Customer#003656,HOUSEHOLD,CANADA
3657,Customer#003657,BUILDING,GERMANY
3658,Customer#003658,BUILDING,BRAZIL
3659,Customer#003659,BUILDING,FRANCE
3660,Customer#003660,MACHINERY,GERMANY
3661,Customer#003661,AUTOMOBILE,JAPAN
3662,Customer#003662,FURNITURE,FRANCE
3663,Customer#003663,FURNITURE,UNITED STATES
3664,Customer#003664,FURNITURE,GERMANY
3665,Customer#003665,HOUSEHOLD,UNITED KINGDOM
3666,Customer#003666,AUTOMOBILE,CANADA
3667,Customer#003667,BUILDING,BRAZIL
3668,Customer#003668,BUILDING,JAPAN
3669,Customer#003669,BUILDING,AUSTRALIA
3670,Customer#003670,MACHINERY,UNITED KINGDOM
3671,Customer#003671,MACHINERY,GERMANY
3672,Customer#003672,BUILDING,UNITED KINGDOM
3673,Customer#003673,HOUSEHOLD,CANADA
3674,Customer#003674,HOUSEHOLD,JAPAN
3675,Customer#003675,FURNITURE,UNITED STATES
3676,Customer#003676,MACHINERY,UNITED STATES
3677,Customer#003677,FURNITURE,CANADA
3678,Customer#003678,MACHINERY,GERMANY
3679,Customer#003679,AUTOMOBILE,UNITED STATES
3680,Customer#003680,MACHINERY,BRAZIL
3681,Customer#003681,BUILDING,UNITED KINGDOM
3682,Customer#003682,FURNITURE,AUSTRALIA
3683,Customer#003683,BUILDING,AUSTRALIA
3684,Customer#003684,MACHINERY,GERMANY
3685,Customer#003685,AUTOMOBILE,AUSTRALIA
3686,Customer#003686,BUILDING,UNITED STATES
3687,Customer#003687,AUTOMOBILE,GERMANY
3688,Customer#003688,HOUSEHOLD,AUSTRALIA
3689,Customer#003689,MACHINERY,GERMANY
3690,Customer#003690,BUILDING,JAPAN
3691,Customer#003691,HOUSEHOLD,AUSTRALIA
3692,Customer#003692,MACHINERY,GERMANY
3693,Customer#003693,MACHINERY,UNITED KINGDOM
3694,Customer#003694,MACHINERY,FRANCE
3695,Customer#003695,HOUSEHOLD,CANADA
3696,Customer#003696,HOUSEHOLD,CANADA
3697,Customer#003697,MACHINERY,AUSTRALIA
3698,Customer#003698,BUILDING,AUSTRALIA
3699,Customer#003699,MACHINERY,GERMANY
3700,Customer#003700,HOUSEHOLD,AUSTRALIA
