order_id,cust_id,order_status,total_price,order_date,order_priority
1001,1,O,2499.87,2025-02-05,3-MEDIUM
1002,1,O,1882.31,2025-03-04,3-MEDIUM
1003,2,O,5313.97,2025-04-16,4-LOW
1004,2,P,3846.4,2025-01-24,3-MEDIUM
1005,2,F,4769.37,2025-06-13,4-LOW
1006,3,P,4781.53,2025-02-19,1-URGENT
1007,3,O,135.86,2025-04-11,2-HIGH
1008,3,F,4270.33,2025-04-19,1-URGENT
1009,3,F,2443.62,2025-01-28,4-LOW
1010,3,O,5861.33,2025-04-24,1-URGENT
1011,4,F,5219.03,2025-01-28,1-URGENT
1012,4,P,7132.56,2025-04-05,1-URGENT
1013,4,F,2014.76,2025-03-26,2-HIGH
1014,4,F,3540.27,2025-03-16,4-LOW
1015,5,P,4592.27,2025-06-19,2-HIGH
1016,5,F,604.44,2025-02-02,4-LOW
1017,5,O,7816.1,2025-05-11,3-MEDIUM
1018,5,O,5458.18,2025-02-10,3-MEDIUM
1019,5,O,690.37,2025-03-09,1-URGENT
1020,5,F,1744.13,2025-03-12,2-HIGH
1021,6,P,6215.21,2025-03-06,3-MEDIUM
1022,6,O,1809.04,2025-06-17,2-HIGH
1023,6,P,9778.95,2025-02-18,4-LOW
1024,6,O,3288.52,2025-06-26,3-MEDIUM
1025,6,F,2448.35,2025-06-26,4-LOW
1026,6,O,3750.68,2025-02-13,3-MEDIUM
1027,7,F,2916.4,2025-03-12,2-HIGH
1028,7,O,4119.94,2025-06-15,4-LOW
1029,7,F,5252.92,2025-06-28,1-URGENT
1030,7,O,4600.69,2025-01-27,3-MEDIUM
1031,7,O,2238.73,2025-06-21,4-LOW
1032,7,P,3261.61,2025-01-20,1-URGENT
1033,7,O,64.08,2025-06-26,3-MEDIUM
1034,7,O,1285.11,2025-02-21,2-HIGH
1035,8,P,1469.13,2025-06-20,2-HIGH
1036,8,F,1285.22,2025-01-31,2-HIGH
1037,9,F,1475.9,2025-02-24,4-LOW
1038,9,O,7269.74,2025-02-25,4-LOW
1039,9,F,427.54,2025-05-31,1-URGENT
1040,9,F,5397.66,2025-01-21,1-URGENT
1041,9,F,1349.16,2025-04-17,3-MEDIUM
1042,9,F,2218.23,2025-05-14,3-MEDIUM
1043,9,O,4742.43,2025-03-05,3-MEDIUM
1044,10,O,1750.7,2025-03-07,4-LOW
1045,10,O,4123.18,2025-04-14,4-LOW
1046,10,P,1532.24,2025-05-06,3-MEDIUM
1047,11,P,229.59,2025-01-09,3-MEDIUM
1048,11,F,5359.27,2025-02-07,3-MEDIUM
1049,11,P,3234.97,2025-02-23,4-LOW
1050,11,O,571.83,2025-02-04,2-HIGH
1051,11,P,4811.46,2025-04-15,4-LOW
1052,11,O,3338.24,2025-06-04,3-MEDIUM
1053,11,P,863.57,2025-02-05,1-URGENT
1054,11,P,1937.26,2025-04-26,4-LOW
1055,12,P,885.42,2025-04-09,3-MEDIUM
1056,12,O,2931.84,2025-04-25,1-URGENT
1057,13,P,4703.06,2025-04-07,4-LOW
1058,13,P,6891.24,2025-06-23,2-HIGH
1059,13,P,1556.42,2025-06-30,4-LOW
1060,13,F,7145.62,2025-02-27,1-URGENT
1061,13,P,1493.52,2025-05-29,1-URGENT
1062,13,P,3177.78,2025-05-28,1-URGENT
1063,14,P,4759.19,2025-01-31,3-MEDIUM
1064,15,F,1310.6,2025-01-31,1-URGENT
1065,16,O,4716.56,2025-06-01,2-HIGH
1066,16,F,3016.3,2025-02-23,1-URGENT
1067,17,P,4768.47,2025-05-14,3-MEDIUM
1068,17,P,880.15,2025-06-23,4-LOW
1069,17,O,4382.61,2025-02-09,3-MEDIUM
1070,17,O,1739.25,2025-01-03,1-URGENT
1071,17,P,5653.76,2025-05-16,3-MEDIUM
1072,17,P,2610.22,2025-06-13,3-MEDIUM
1073,18,O,2203.6,2025-05-14,2-HIGH
1074,18,P,3764.7,2025-01-21,1-URGENT
1075,18,O,4425.45,2025-06-23,2-HIGH
1076,18,P,2155.57,2025-04-25,2-HIGH
1077,18,O,5206.4,2025-03-20,1-URGENT
1078,18,O,4958.99,2025-05-01,4-LOW
1079,18,F,1739.58,2025-02-18,3-MEDIUM
1080,19,P,2662.95,2025-03-25,4-LOW
1081,19,P,2746.81,2025-04-20,2-HIGH
1082,19,O,1072.74,2025-04-20,2-HIGH
1083,20,F,1115.97,2025-02-28,1-URGENT
1084,20,F,3460.38,2025-03-31,4-LOW
1085,20,O,2326.27,2025-06-24,2-HIGH
1086,21,F,1232.1,2025-02-19,4-LOW
1087,21,F,1858.19,2025-02-09,1-URGENT
1088,21,F,5185.96,2025-05-09,1-URGENT
1089,21,P,771.69,2025-03-17,3-MEDIUM
1090,22,O,2667.93,2025-06-13,2-HIGH
1091,23,P,6612.64,2025-03-25,1-URGENT
1092,23,F,3746.33,2025-03-25,3-MEDIUM
1093,23,F,4580.11,2025-06-15,4-LOW
1094,23,F,4885.05,2025-02-09,2-HIGH
1095,23,F,2015.33,2025-03-14,3-MEDIUM
1096,23,O,3158.66,2025-03-23,2-HIGH
1097,24,P,4438.13,2025-04-09,4-LOW
1098,24,O,1132.93,2025-01-29,1-URGENT
1099,24,O,262.52,2025-01-07,4-LOW
1100,24,F,1301.83,2025-06-02,2-HIGH
1101,25,P,390.44,2025-05-01,4-LOW
1102,25,P,9142.23,2025-04-27,3-MEDIUM
1103,25,F,2701.41,2025-04-08,2-HIGH
1104,25,F,3980.56,2025-06-13,1-URGENT
1105,25,O,4598.62,2025-02-03,1-URGENT
1106,26,P,2921.56,2025-06-24,2-HIGH
1107,26,F,2562.5,2025-06-24,4-LOW
1108,26,O,1050.85,2025-05-21,1-URGENT
1109,26,P,1652.26,2025-01-18,3-MEDIUM
1110,27,O,5482.9,2025-03-15,4-LOW
1111,27,P,2375.73,2025-04-10,4-LOW
1112,27,P,1126.64,2025-01-22,2-HIGH
1113,27,P,4763.88,2025-03-23,3-MEDIUM
1114,27,P,4222.72,2025-02-24,1-URGENT
1115,27,O,1418.48,2025-04-20,3-MEDIUM
1116,28,F,4217.54,2025-01-03,2-HIGH
1117,28,F,6896.12,2025-03-31,2-HIGH
1118,28,P,1519.98,2025-01-27,1-URGENT
1119,28,P,3182.11,2025-04-24,1-URGENT
1120,28,P,1480.73,2025-04-06,2-HIGH
1121,28,O,3012.71,2025-05-13,3-MEDIUM
1122,28,P,2064.26,2025-06-12,4-LOW
1123,29,O,2873.19,2025-05-22,2-HIGH
1124,29,P,3699.17,2025-04-08,1-URGENT
1125,29,O,171.93,2025-03-08,1-URGENT
1126,29,F,1813.73,2025-04-28,1-URGENT
1127,29,P,2052.46,2025-01-19,4-LOW
1128,30,O,526.11,2025-02-11,2-HIGH
1129,30,O,2990.09,2025-03-29,3-MEDIUM
1130,30,P,7489.23,2025-01-24,3-MEDIUM
1131,30,P,1542.02,2025-03-11,3-MEDIUM
1132,30,O,2278.0,2025-06-11,1-URGENT
1133,30,O,1442.37,2025-02-16,3-MEDIUM
1134,30,F,6401.84,2025-01-03,3-MEDIUM
1135,30,O,1993.43,2025-01-12,3-MEDIUM
1136,31,O,1942.39,2025-03-02,1-URGENT
1137,31,F,3908.15,2025-02-03,4-LOW
1138,31,P,1842.94,2025-01-27,3-MEDIUM
1139,31,F,5709.47,2025-06-28,2-HIGH
1140,31,O,7205.21,2025-01-04,2-HIGH
1141,31,O,1621.42,2025-06-08,2-HIGH
1142,31,F,4136.43,2025-01-29,2-HIGH
1143,32,P,4007.61,2025-02-15,3-MEDIUM
1144,32,F,5158.41,2025-02-22,2-HIGH
1145,32,F,2611.15,2025-04-27,2-HIGH
1146,32,O,4760.8,2025-01-25,1-URGENT
1147,32,F,3665.13,2025-03-11,1-URGENT
1148,32,F,2915.33,2025-03-12,3-MEDIUM
1149,32,O,3192.6,2025-05-26,3-MEDIUM
1150,33,P,2681.7,2025-05-14,3-MEDIUM
1151,33,F,3191.14,2025-05-09,2-HIGH
1152,33,P,853.12,2025-06-23,3-MEDIUM
1153,34,O,2585.57,2025-05-20,2-HIGH
1154,34,F,5965.39,2025-03-04,3-MEDIUM
1155,34,P,1082.89,2025-05-11,1-URGENT
1156,34,P,1296.01,2025-01-02,4-LOW
1157,34,O,1512.92,2025-05-10,4-LOW
1158,34,P,5891.66,2025-03-02,3-MEDIUM
1159,34,O,2790.2,2025-06-20,3-MEDIUM
1160,34,O,4945.57,2025-01-03,2-HIGH
1161,35,F,3215.46,2025-05-28,3-MEDIUM
1162,35,O,665.2,2025-02-14,4-LOW
1163,35,O,3926.25,2025-01-19,4-LOW
1164,36,O,6172.66,2025-02-05,1-URGENT
1165,37,F,2622.08,2025-05-26,1-URGENT
1166,37,O,438.03,2025-03-28,4-LOW
1167,38,O,4428.65,2025-03-30,1-URGENT
1168,39,F,5062.11,2025-05-22,4-LOW
1169,40,F,3824.91,2025-01-20,1-URGENT
1170,41,P,8153.92,2025-06-17,2-HIGH
1171,41,F,1067.36,2025-04-06,2-HIGH
1172,41,O,7360.35,2025-01-22,1-URGENT
1173,41,O,613.72,2025-06-09,4-LOW
1174,41,O,6635.3,2025-05-17,4-LOW
1175,42,P,5142.63,2025-02-01,3-MEDIUM
1176,43,F,5157.19,2025-03-12,3-MEDIUM
1177,43,F,2320.44,2025-03-08,3-MEDIUM
1178,44,O,2785.84,2025-03-25,3-MEDIUM
1179,45,P,2454.96,2025-05-30,1-URGENT
1180,45,P,8045.74,2025-02-01,1-URGENT
1181,45,P,2655.29,2025-01-21,3-MEDIUM
1182,45,P,3391.02,2025-02-07,4-LOW
1183,45,F,2196.72,2025-01-26,2-HIGH
1184,45,P,11397.23,2025-06-11,4-LOW
1185,45,O,3546.44,2025-01-25,2-HIGH
1186,46,O,2281.87,2025-03-15,3-MEDIUM
1187,46,O,3061.03,2025-05-06,1-URGENT
1188,47,O,2977.02,2025-04-24,4-LOW
1189,47,F,4335.54,2025-06-26,3-MEDIUM
1190,48,F,5942.68,2025-01-01,4-LOW
1191,48,F,719.69,2025-05-04,3-MEDIUM
1192,48,P,1495.01,2025-06-28,4-LOW
1193,48,F,10051.18,2025-02-25,4-LOW
1194,49,O,3118.08,2025-01-24,3-MEDIUM
1195,49,F,3390.53,2025-04-12,4-LOW
1196,49,F,1512.49,2025-03-11,1-URGENT
1197,49,P,6698.88,2025-04-11,2-HIGH
1198,49,P,1298.66,2025-02-26,4-LOW
1199,49,O,4234.08,2025-03-01,4-LOW
1200,49,O,3791.84,2025-05-07,3-MEDIUM
1201,50,O,3689.06,2025-03-22,2-HIGH
1202,50,F,8050.31,2025-04-19,4-LOW
1203,50,P,2973.98,2025-02-04,2-HIGH
1204,50,O,1015.34,2025-03-31,2-HIGH
1205,50,P,4456.05,2025-03-20,3-MEDIUM
1206,50,P,5554.79,2025-05-28,3-MEDIUM
1207,50,O,6303.03,2025-05-24,4-LOW
1208,50,F,3865.88,2025-03-31,2-HIGH
1209,51,P,1991.98,2025-03-06,1-URGENT
1210,51,P,3850.96,2025-02-14,4-LOW
1211,51,P,1401.66,2025-02-13,3-MEDIUM
1212,51,P,4489.63,2025-02-19,2-HIGH
1213,51,P,1727.02,2025-05-26,1-URGENT
1214,51,F,4516.78,2025-02-03,3-MEDIUM
1215,52,P,3807.57,2025-02-09,2-HIGH
1216,52,O,2320.92,2025-04-07,1-URGENT
1217,52,O,4217.84,2025-04-18,4-LOW
1218,52,F,4430.57,2025-04-13,4-LOW
1219,52,P,1873.73,2025-03-18,2-HIGH
1220,52,F,1119.86,2025-02-12,4-LOW
1221,52,O,2883.57,2025-04-06,1-URGENT
1222,53,F,3304.99,2025-01-25,4-LOW
1223,53,P,2553.6,2025-04-03,3-MEDIUM
1224,53,O,1302.95,2025-02-28,2-HIGH
1225,53,F,1854.14,2025-04-10,4-LOW
1226,54,O,1757.98,2025-06-17,4-LOW
1227,54,O,6253.15,2025-04-26,3-MEDIUM
1228,54,O,974.88,2025-05-12,4-LOW
1229,54,P,4562.17,2025-04-04,1-URGENT
1230,54,O,1900.6,2025-01-10,1-URGENT
1231,54,P,1770.86,2025-01-25,2-HIGH
1232,54,O,1327.2,2025-01-20,3-MEDIUM
1233,54,O,3274.12,2025-05-12,1-URGENT
1234,55,O,3305.04,2025-06-27,1-URGENT
1235,55,F,3369.18,2025-02-26,2-HIGH
1236,55,P,1210.33,2025-05-08,2-HIGH
1237,55,O,5305.45,2025-02-23,3-MEDIUM
1238,56,F,2191.88,2025-05-23,4-LOW
1239,56,P,6815.02,2025-06-25,3-MEDIUM
1240,56,P,5586.71,2025-06-12,1-URGENT
1241,56,P,3661.76,2025-03-05,2-HIGH
1242,56,P,2560.43,2025-01-08,2-HIGH
1243,57,O,1115.82,2025-05-14,4-LOW
1244,57,O,1394.85,2025-06-05,1-URGENT
1245,57,F,1243.92,2025-06-18,3-MEDIUM
1246,57,O,2172.91,2025-04-24,3-MEDIUM
1247,57,O,2178.27,2025-06-12,3-MEDIUM
1248,57,O,3243.22,2025-06-08,2-HIGH
1249,57,F,1099.17,2025-05-04,4-LOW
1250,58,O,3795.85,2025-06-16,2-HIGH
1251,58,P,4299.98,2025-01-15,4-LOW
1252,59,O,155.12,2025-05-30,4-LOW
1253,59,O,316.52,2025-05-03,1-URGENT
1254,59,P,2538.2,2025-05-05,3-MEDIUM
1255,59,P,9142.32,2025-04-24,2-HIGH
1256,60,O,1001.78,2025-03-23,4-LOW
1257,61,O,6279.05,2025-03-01,2-HIGH
1258,61,O,6397.77,2025-03-10,2-HIGH
1259,62,F,1510.35,2025-01-05,2-HIGH
1260,62,F,3935.86,2025-06-01,4-LOW
1261,62,O,2161.7,2025-02-21,1-URGENT
1262,62,O,2985.89,2025-01-18,3-MEDIUM
1263,62,F,7197.96,2025-05-12,3-MEDIUM
1264,63,F,2445.45,2025-06-16,3-MEDIUM
1265,63,F,2648.07,2025-03-24,4-LOW
1266,63,P,4453.91,2025-01-26,1-URGENT
1267,64,O,1996.66,2025-04-25,4-LOW
1268,65,P,6722.13,2025-01-31,4-LOW
1269,65,P,2238.01,2025-06-29,1-URGENT
1270,65,O,3818.61,2025-02-23,3-MEDIUM
1271,65,P,475.11,2025-05-01,1-URGENT
1272,66,O,7030.7,2025-01-17,1-URGENT
1273,66,F,456.15,2025-02-03,2-HIGH
1274,66,O,3281.99,2025-03-05,2-HIGH
1275,66,O,1004.0,2025-02-03,3-MEDIUM
1276,66,F,8505.19,2025-04-12,3-MEDIUM
1277,66,F,2314.39,2025-05-13,3-MEDIUM
1278,66,P,2731.1,2025-02-16,4-LOW
1279,67,P,1395.35,2025-05-17,3-MEDIUM
1280,68,F,3041.92,2025-05-19,4-LOW
1281,68,F,7563.34,2025-06-02,1-URGENT
1282,68,O,610.0,2025-06-22,3-MEDIUM
1283,69,O,2128.4,2025-03-01,4-LOW
1284,69,F,3794.77,2025-03-29,3-MEDIUM
1285,69,P,4358.06,2025-01-27,3-MEDIUM
1286,69,P,4198.68,2025-03-10,1-URGENT
1287,69,O,5922.42,2025-04-11,1-URGENT
1288,69,P,2423.29,2025-03-06,3-MEDIUM
1289,69,O,1544.68,2025-03-31,2-HIGH
1290,69,P,1641.98,2025-03-20,1-URGENT
1291,70,O,5653.28,2025-04-08,2-HIGH
1292,70,P,4818.41,2025-01-24,1-URGENT
1293,70,P,1756.19,2025-05-07,2-HIGH
1294,71,P,6400.15,2025-04-23,4-LOW
1295,71,P,7105.16,2025-05-10,4-LOW
1296,71,P,1696.17,2025-04-23,4-LOW
1297,71,O,1150.21,2025-06-03,4-LOW
1298,71,F,3522.76,2025-05-19,3-MEDIUM
1299,71,P,3314.35,2025-04-01,2-HIGH
1300,71,F,60.64,2025-04-06,1-URGENT
1301,71,F,2581.03,2025-05-26,3-MEDIUM
1302,72,O,273.74,2025-05-10,2-HIGH
1303,72,F,3446.18,2025-03-21,3-MEDIUM
1304,72,O,1088.79,2025-03-28,2-HIGH
1305,73,P,2921.29,2025-05-14,1-URGENT
1306,73,F,6023.2,2025-04-22,4-LOW
1307,74,P,5163.54,2025-06-25,4-LOW
1308,75,P,1071.26,2025-01-02,2-HIGH
1309,75,F,2434.56,2025-05-27,3-MEDIUM
1310,75,O,1807.81,2025-01-30,2-HIGH
1311,75,O,2447.92,2025-06-27,4-LOW
1312,75,O,3220.26,2025-04-22,3-MEDIUM
1313,76,O,5985.65,2025-03-06,2-HIGH
1314,76,F,251.04,2025-05-21,3-MEDIUM
1315,76,F,1267.21,2025-03-24,3-MEDIUM
1316,76,F,6833.72,2025-05-25,1-URGENT
1317,76,O,2260.9,2025-04-05,1-URGENT
1318,76,O,4736.79,2025-04-29,3-MEDIUM
1319,77,F,4874.73,2025-02-24,4-LOW
1320,77,P,4608.38,2025-06-24,2-HIGH
1321,77,F,2440.11,2025-01-14,3-MEDIUM
1322,77,F,2438.59,2025-02-11,4-LOW
1323,77,O,82.91,2025-05-26,3-MEDIUM
1324,78,P,1833.42,2025-02-08,1-URGENT
1325,78,F,4849.09,2025-04-04,3-MEDIUM
1326,78,P,4364.77,2025-06-27,3-MEDIUM
1327,78,P,265.25,2025-06-20,3-MEDIUM
1328,78,O,2670.07,2025-01-20,2-HIGH
1329,78,P,1894.75,2025-01-20,1-URGENT
1330,78,P,2163.15,2025-05-30,4-LOW
1331,79,O,6030.43,2025-01-21,4-LOW
1332,80,P,3953.92,2025-02-11,4-LOW
1333,80,O,6374.79,2025-06-22,1-URGENT
1334,80,O,2564.09,2025-04-14,4-LOW
1335,80,O,3877.82,2025-01-25,1-URGENT
1336,81,P,7386.57,2025-01-18,3-MEDIUM
1337,81,O,5747.84,2025-04-06,2-HIGH
1338,82,P,4087.37,2025-03-05,4-LOW
1339,82,F,4627.3,2025-02-06,3-MEDIUM
1340,82,F,1864.98,2025-02-19,3-MEDIUM
1341,82,O,2218.51,2025-06-05,4-LOW
1342,83,P,3292.09,2025-04-07,1-URGENT
1343,83,P,995.47,2025-02-08,1-URGENT
1344,83,P,4229.11,2025-04-13,1-URGENT
1345,83,F,6480.78,2025-03-01,2-HIGH
1346,83,O,5733.68,2025-06-09,3-MEDIUM
1347,83,P,2019.74,2025-02-22,2-HIGH
1348,84,F,2827.87,2025-02-16,3-MEDIUM
1349,84,F,221.26,2025-05-26,2-HIGH
1350,84,O,376.14,2025-01-20,3-MEDIUM
1351,84,F,54.21,2025-03-09,4-LOW
1352,85,P,3242.64,2025-03-02,4-LOW
1353,85,F,2576.39,2025-03-14,4-LOW
1354,86,P,3744.43,2025-04-27,4-LOW
1355,86,O,1325.07,2025-04-30,3-MEDIUM
1356,86,O,3174.21,2025-04-02,4-LOW
1357,86,P,2762.25,2025-01-02,3-MEDIUM
1358,86,F,4673.68,2025-04-12,4-LOW
1359,86,F,1795.13,2025-06-24,1-URGENT
1360,87,F,7970.03,2025-06-23,4-LOW
1361,88,P,5249.15,2025-04-27,4-LOW
1362,88,P,4066.44,2025-06-22,1-URGENT
1363,89,P,526.3,2025-04-20,1-URGENT
1364,89,O,3913.39,2025-02-16,2-HIGH
1365,89,F,413.91,2025-04-22,4-LOW
1366,89,F,429.56,2025-03-04,2-HIGH
1367,89,P,1012.8,2025-05-20,3-MEDIUM
1368,89,P,982.26,2025-04-06,1-URGENT
1369,90,O,2746.23,2025-03-23,2-HIGH
1370,90,P,873.29,2025-06-20,2-HIGH
1371,90,F,700.38,2025-06-10,3-MEDIUM
1372,91,O,1069.6,2025-03-03,3-MEDIUM
1373,91,P,258.15,2025-01-22,2-HIGH
1374,91,P,8991.53,2025-03-29,3-MEDIUM
1375,92,O,4162.66,2025-03-03,2-HIGH
1376,92,P,3054.77,2025-06-25,3-MEDIUM
1377,92,O,7944.84,2025-03-29,2-HIGH
1378,92,F,940.7,2025-04-10,3-MEDIUM
1379,92,F,1026.19,2025-06-25,4-LOW
1380,92,O,1585.6,2025-03-12,3-MEDIUM
1381,93,O,4350.46,2025-02-26,2-HIGH
1382,93,F,2323.31,2025-05-05,1-URGENT
1383,93,O,1442.42,2025-05-29,4-LOW
1384,93,F,5761.4,2025-06-07,4-LOW
1385,93,F,5261.04,2025-06-03,4-LOW
1386,93,F,2459.44,2025-04-08,3-MEDIUM
1387,94,O,2951.31,2025-02-28,4-LOW
1388,94,O,417.35,2025-05-21,4-LOW
1389,94,O,3399.8,2025-02-15,1-URGENT
1390,95,O,4057.18,2025-05-27,3-MEDIUM
1391,95,O,6327.88,2025-02-04,1-URGENT
1392,95,F,5389.92,2025-05-08,2-HIGH
1393,95,F,3461.17,2025-02-20,1-URGENT
1394,95,O,3287.47,2025-06-13,1-URGENT
1395,95,F,3167.48,2025-04-01,3-MEDIUM
1396,96,P,6385.11,2025-04-05,1-URGENT
1397,96,F,2196.74,2025-01-12,3-MEDIUM
1398,96,F,4185.77,2025-01-17,2-HIGH
1399,96,P,3124.11,2025-03-26,3-MEDIUM
1400,96,O,8527.82,2025-05-04,3-MEDIUM
1401,97,F,4035.34,2025-03-18,1-URGENT
1402,97,O,1020.46,2025-01-08,3-MEDIUM
1403,97,O,6151.79,2025-04-12,2-HIGH
1404,97,F,188.5,2025-06-28,2-HIGH
1405,97,P,5385.52,2025-06-25,3-MEDIUM
1406,97,F,2935.69,2025-06-06,3-MEDIUM
1407,98,P,2416.61,2025-05-08,2-HIGH
1408,98,F,1202.52,2025-03-21,3-MEDIUM
1409,99,P,4494.0,2025-03-14,3-MEDIUM
1410,99,F,4279.28,2025-02-10,4-LOW
1411,100,P,2716.38,2025-06-18,3-MEDIUM
1412,100,O,821.63,2025-05-12,4-LOW
1413,100,O,8028.2,2025-01-01,1-URGENT
1414,100,P,4114.13,2025-04-17,4-LOW
1415,100,F,5791.54,2025-03-12,4-LOW
1416,100,O,1312.61,2025-06-21,3-MEDIUM
1417,100,F,3967.17,2025-02-09,1-URGENT
1418,101,F,1195.25,2025-01-22,3-MEDIUM
1419,101,F,5342.17,2025-04-10,4-LOW
1420,101,O,208.48,2025-01-02,3-MEDIUM
1421,101,O,6085.1,2025-02-04,4-LOW
1422,101,P,1438.68,2025-05-08,3-MEDIUM
1423,102,P,222.58,2025-02-16,2-HIGH
1424,102,P,2994.44,2025-05-21,3-MEDIUM
1425,103,O,3624.61,2025-01-11,4-LOW
1426,103,P,2558.35,2025-06-24,3-MEDIUM
1427,103,P,4651.67,2025-02-04,4-LOW
1428,103,P,1067.04,2025-03-05,2-HIGH
1429,103,F,1111.34,2025-04-12,2-HIGH
1430,103,O,1064.58,2025-05-13,3-MEDIUM
1431,103,F,4140.96,2025-01-13,3-MEDIUM
1432,103,O,5801.1,2025-02-21,3-MEDIUM
1433,104,F,4775.59,2025-04-14,1-URGENT
1434,104,P,6408.55,2025-03-11,2-HIGH
1435,104,P,4284.19,2025-01-20,1-URGENT
1436,104,P,1118.46,2025-06-24,4-LOW
1437,104,F,1263.36,2025-03-13,4-LOW
1438,105,P,2104.05,2025-01-12,4-LOW
1439,105,O,2531.94,2025-04-20,3-MEDIUM
1440,105,F,3953.09,2025-06-19,4-LOW
1441,105,O,3291.64,2025-05-23,3-MEDIUM
1442,106,P,755.47,2025-03-08,2-HIGH
1443,106,P,1834.12,2025-01-24,1-URGENT
1444,106,P,1604.48,2025-05-13,2-HIGH
1445,106,P,467.27,2025-03-08,3-MEDIUM
1446,106,P,465.63,2025-04-19,1-URGENT
1447,106,F,1684.34,2025-06-13,1-URGENT
1448,107,O,1558.55,2025-05-10,3-MEDIUM
1449,107,O,4066.15,2025-06-09,1-URGENT
1450,108,F,4578.81,2025-05-25,1-URGENT
1451,108,F,370.08,2025-01-05,2-HIGH
1452,108,P,2199.42,2025-05-16,1-URGENT
1453,108,P,1564.05,2025-06-23,3-MEDIUM
1454,108,P,1859.69,2025-02-03,3-MEDIUM
1455,108,P,461.52,2025-02-19,1-URGENT
1456,108,F,266.32,2025-03-16,1-URGENT
1457,109,P,660.88,2025-02-04,4-LOW
1458,109,F,1754.28,2025-03-16,2-HIGH
1459,109,F,4500.08,2025-01-27,1-URGENT
1460,109,F,597.14,2025-05-15,1-URGENT
1461,109,P,3571.89,2025-01-04,2-HIGH
1462,109,O,5704.6,2025-01-15,1-URGENT
1463,110,O,2583.92,2025-03-12,3-MEDIUM
1464,110,F,284.23,2025-06-27,1-URGENT
1465,110,F,5909.11,2025-01-07,4-LOW
1466,110,O,1205.52,2025-05-15,3-MEDIUM
1467,110,F,3394.97,2025-05-16,4-LOW
1468,110,P,4266.04,2025-05-10,3-MEDIUM
1469,110,F,8035.73,2025-05-14,3-MEDIUM
1470,110,O,2804.87,2025-04-12,1-URGENT
1471,111,O,3070.85,2025-01-01,3-MEDIUM
1472,111,O,4516.53,2025-05-21,2-HIGH
1473,111,O,2007.58,2025-03-28,1-URGENT
1474,111,F,2940.67,2025-01-11,1-URGENT
1475,111,P,3324.06,2025-04-07,1-URGENT
1476,112,F,4691.68,2025-06-10,2-HIGH
1477,112,P,2428.18,2025-01-24,4-LOW
1478,112,F,3857.21,2025-03-30,4-LOW
1479,112,P,5915.74,2025-04-25,1-URGENT
1480,112,F,2821.79,2025-05-17,1-URGENT
1481,112,F,4712.57,2025-06-25,4-LOW
1482,112,O,2967.1,2025-05-08,2-HIGH
1483,113,O,4855.14,2025-01-27,3-MEDIUM
1484,113,F,4756.64,2025-01-10,3-MEDIUM
1485,113,O,5277.73,2025-04-13,4-LOW
1486,113,F,7129.63,2025-05-08,2-HIGH
1487,113,O,7010.65,2025-04-03,4-LOW
1488,113,P,1614.29,2025-06-13,2-HIGH
1489,113,O,5475.03,2025-05-27,1-URGENT
1490,113,F,1592.53,2025-05-16,3-MEDIUM
1491,114,O,1678.26,2025-06-06,3-MEDIUM
1492,115,P,1274.08,2025-05-14,3-MEDIUM
1493,115,O,2587.4,2025-01-28,3-MEDIUM
1494,115,O,643.86,2025-04-20,4-LOW
1495,115,O,385.24,2025-06-14,1-URGENT
1496,116,P,611.95,2025-06-28,4-LOW
1497,116,F,6779.63,2025-04-03,2-HIGH
1498,117,F,4325.32,2025-03-23,3-MEDIUM
1499,117,F,5874.21,2025-03-29,4-LOW
1500,117,P,1618.53,2025-02-23,1-URGENT
1501,117,P,1133.5,2025-06-05,2-HIGH
1502,117,P,1589.1,2025-01-03,1-URGENT
1503,117,P,1433.1,2025-05-01,4-LOW
1504,118,O,4167.31,2025-05-03,4-LOW
1505,118,P,244.86,2025-06-18,2-HIGH
1506,118,P,4137.2,2025-04-23,1-URGENT
1507,118,P,5526.46,2025-02-13,1-URGENT
1508,118,O,5322.02,2025-04-17,1-URGENT
1509,118,F,2650.46,2025-05-30,4-LOW
1510,119,P,3525.85,2025-03-25,2-HIGH
1511,119,P,4582.91,2025-06-25,2-HIGH
1512,119,P,4372.6,2025-04-10,1-URGENT
1513,119,F,3545.44,2025-06-06,2-HIGH
1514,119,F,4059.93,2025-01-09,4-LOW
1515,119,P,275.9,2025-06-20,3-MEDIUM
1516,119,P,4997.07,2025-01-06,4-LOW
1517,119,F,3620.94,2025-06-20,3-MEDIUM
1518,120,O,1932.12,2025-05-23,4-LOW
1519,120,O,5422.04,2025-01-22,4-LOW
1520,120,P,4344.73,2025-04-14,4-LOW
1521,120,F,68.84,2025-04-22,1-URGENT
1522,121,F,4227.29,2025-05-22,2-HIGH
1523,121,F,985.84,2025-04-26,1-URGENT
1524,121,O,2399.55,2025-04-03,3-MEDIUM
1525,121,F,2191.15,2025-03-06,4-LOW
1526,121,O,1404.51,2025-04-23,3-MEDIUM
1527,121,F,2071.3,2025-05-31,1-URGENT
1528,121,P,3357.07,2025-01-10,1-URGENT
1529,122,P,6588.15,2025-01-11,3-MEDIUM
1530,122,F,3631.78,2025-04-16,4-LOW
1531,122,P,2565.52,2025-02-16,2-HIGH
1532,123,F,7417.74,2025-06-11,3-MEDIUM
1533,124,P,4502.45,2025-05-27,4-LOW
1534,124,P,3301.6,2025-02-18,4-LOW
1535,124,P,4529.54,2025-02-10,4-LOW
1536,124,P,1077.75,2025-01-12,4-LOW
1537,125,P,1595.87,2025-02-16,3-MEDIUM
1538,125,O,4416.1,2025-06-06,4-LOW
1539,125,F,3366.38,2025-05-19,2-HIGH
1540,125,F,4263.96,2025-06-03,2-HIGH
1541,125,P,1123.11,2025-04-20,3-MEDIUM
1542,125,P,1469.91,2025-01-17,4-LOW
1543,125,P,590.83,2025-03-11,4-LOW
1544,126,P,2286.26,2025-03-09,4-LOW
1545,126,P,594.12,2025-03-05,4-LOW
1546,126,F,7010.39,2025-06-24,1-URGENT
1547,126,P,6637.18,2025-04-07,3-MEDIUM
1548,126,O,2752.34,2025-05-10,1-URGENT
1549,126,P,2908.46,2025-04-18,3-MEDIUM
1550,126,O,3953.0,2025-02-14,2-HIGH
1551,127,O,356.07,2025-06-06,1-URGENT
1552,127,P,5338.82,2025-04-06,3-MEDIUM
1553,127,P,4160.27,2025-03-09,2-HIGH
1554,127,O,1681.72,2025-06-12,2-HIGH
1555,127,O,4669.28,2025-03-20,3-MEDIUM
1556,127,P,3700.56,2025-02-22,2-HIGH
1557,128,F,1804.79,2025-01-18,4-LOW
1558,129,O,4043.44,2025-03-25,2-HIGH
1559,129,P,2978.05,2025-05-17,2-HIGH
1560,129,P,5478.49,2025-05-12,3-MEDIUM
1561,129,P,2165.56,2025-01-23,4-LOW
1562,130,F,5853.67,2025-06-15,4-LOW
1563,130,F,10205.11,2025-01-30,1-URGENT
1564,131,P,31.54,2025-05-31,3-MEDIUM
1565,131,F,2283.02,2025-04-14,2-HIGH
1566,131,O,2715.75,2025-06-15,4-LOW
1567,131,O,4517.98,2025-05-14,1-URGENT
1568,131,P,5552.41,2025-01-08,3-MEDIUM
1569,131,F,6024.05,2025-01-04,3-MEDIUM
1570,131,O,1127.29,2025-04-14,2-HIGH
1571,132,P,8997.41,2025-01-27,3-MEDIUM
1572,132,P,3241.96,2025-01-13,1-URGENT
1573,132,F,2329.15,2025-05-14,2-HIGH
1574,133,O,401.89,2025-01-28,1-URGENT
1575,133,F,402.03,2025-05-26,2-HIGH
1576,133,O,1619.23,2025-01-04,1-URGENT
1577,133,O,5412.09,2025-06-01,2-HIGH
1578,133,F,336.22,2025-03-21,1-URGENT
1579,133,F,2948.61,2025-06-19,4-LOW
1580,133,P,1313.09,2025-02-08,4-LOW
1581,133,F,3316.07,2025-04-20,4-LOW
1582,134,F,1337.02,2025-04-04,4-LOW
1583,134,F,391.07,2025-01-08,1-URGENT
1584,135,O,2558.22,2025-02-06,3-MEDIUM
1585,136,O,4154.18,2025-02-16,4-LOW
1586,136,F,4216.89,2025-04-24,2-HIGH
1587,136,F,3218.42,2025-05-29,1-URGENT
1588,137,O,3087.05,2025-05-20,3-MEDIUM
1589,137,P,1770.99,2025-05-26,1-URGENT
1590,137,P,4536.23,2025-05-20,4-LOW
1591,138,O,1242.6,2025-05-06,4-LOW
1592,138,F,4312.95,2025-03-22,3-MEDIUM
1593,138,F,3553.53,2025-04-02,2-HIGH
1594,138,F,2323.65,2025-01-12,2-HIGH
1595,138,F,4905.48,2025-06-29,2-HIGH
1596,138,O,9077.25,2025-03-28,2-HIGH
1597,138,P,3162.72,2025-05-22,2-HIGH
1598,139,F,3142.56,2025-05-15,1-URGENT
1599,139,P,2015.15,2025-03-04,3-MEDIUM
1600,139,O,5992.01,2025-06-24,1-URGENT
1601,140,F,987.32,2025-05-30,2-HIGH
1602,140,F,7796.49,2025-04-11,2-HIGH
1603,140,O,1931.82,2025-04-23,4-LOW
1604,141,F,1737.1,2025-02-12,4-LOW
1605,141,O,5833.16,2025-03-29,3-MEDIUM
1606,141,F,1053.48,2025-06-09,4-LOW
1607,141,P,1749.99,2025-03-03,2-HIGH
1608,141,O,1308.56,2025-06-21,4-LOW
1609,141,O,5582.29,2025-04-10,3-MEDIUM
1610,141,F,3341.16,2025-04-09,4-LOW
1611,142,F,1663.91,2025-04-25,2-HIGH
1612,142,P,5898.72,2025-03-15,1-URGENT
1613,142,F,1183.23,2025-05-26,4-LOW
1614,142,P,1505.6,2025-06-18,3-MEDIUM
1615,142,P,1315.58,2025-06-14,2-HIGH
1616,143,O,4909.39,2025-02-26,4-LOW
1617,143,P,2668.62,2025-04-05,3-MEDIUM
1618,143,O,1249.02,2025-04-12,1-URGENT
1619,144,P,3498.8,2025-06-03,2-HIGH
1620,145,O,1131.4,2025-05-02,2-HIGH
1621,145,F,6689.72,2025-01-13,4-LOW
1622,145,F,2489.4,2025-04-14,4-LOW
1623,145,P,807.16,2025-06-21,2-HIGH
1624,145,P,3256.66,2025-04-10,2-HIGH
1625,145,F,4854.23,2025-01-04,1-URGENT
1626,146,O,3679.24,2025-05-25,3-MEDIUM
1627,146,O,2567.88,2025-02-05,1-URGENT
1628,147,P,5547.02,2025-01-19,2-HIGH
1629,147,F,1287.97,2025-05-25,4-LOW
1630,147,F,4633.61,2025-06-04,2-HIGH
1631,147,F,861.55,2025-03-26,3-MEDIUM
1632,147,F,6367.18,2025-01-12,2-HIGH
1633,148,F,2419.27,2025-01-23,4-LOW
1634,148,F,8862.1,2025-06-12,3-MEDIUM
1635,148,P,5583.79,2025-03-14,4-LOW
1636,148,O,4977.05,2025-06-30,3-MEDIUM
1637,148,F,614.65,2025-03-05,2-HIGH
1638,149,O,4415.13,2025-01-12,4-LOW
1639,149,P,5010.89,2025-03-19,3-MEDIUM
1640,149,F,2337.58,2025-04-02,4-LOW
1641,149,F,1045.8,2025-04-10,2-HIGH
1642,149,O,1897.63,2025-02-16,2-HIGH
1643,149,F,4039.6,2025-02-23,1-URGENT
1644,149,F,1118.72,2025-04-08,1-URGENT
1645,149,O,1207.64,2025-02-18,1-URGENT
1646,150,O,3349.66,2025-03-28,2-HIGH
1647,150,F,874.25,2025-02-22,1-URGENT
1648,150,P,3566.02,2025-06-27,1-URGENT
1649,150,P,1787.94,2025-02-14,2-HIGH
1650,150,O,3111.28,2025-04-23,4-LOW
1651,150,P,526.25,2025-02-07,3-MEDIUM
1652,150,O,2550.45,2025-05-30,3-MEDIUM
1653,151,P,2265.19,2025-05-16,4-LOW
1654,151,P,236.7,2025-06-07,1-URGENT
1655,152,P,1796.19,2025-06-11,2-HIGH
1656,153,F,2224.91,2025-02-14,2-HIGH
1657,153,O,5846.0,2025-02-20,2-HIGH
1658,154,P,4347.05,2025-06-07,4-LOW
1659,154,F,3706.47,2025-03-01,3-MEDIUM
1660,154,F,2192.38,2025-04-16,2-HIGH
1661,154,F,4231.25,2025-03-17,2-HIGH
1662,154,F,165.21,2025-01-22,2-HIGH
1663,154,P,3028.5,2025-01-29,3-MEDIUM
1664,155,O,3366.35,2025-03-09,1-URGENT
1665,155,P,3829.44,2025-03-25,4-LOW
1666,155,F,6888.19,2025-03-20,1-URGENT
1667,155,P,6084.13,2025-06-06,3-MEDIUM
1668,155,O,374.56,2025-01-25,1-URGENT
1669,155,P,3033.96,2025-01-01,3-MEDIUM
1670,156,F,642.41,2025-04-22,2-HIGH
1671,156,P,3179.57,2025-05-10,3-MEDIUM
1672,156,F,3708.84,2025-04-12,4-LOW
1673,156,F,4825.63,2025-06-05,2-HIGH
1674,156,O,5540.28,2025-06-09,2-HIGH
1675,156,P,3849.26,2025-04-09,2-HIGH
1676,156,O,4612.29,2025-06-12,1-URGENT
1677,156,O,53.59,2025-06-08,4-LOW
1678,157,P,9896.66,2025-03-07,3-MEDIUM
1679,157,P,1777.78,2025-03-22,1-URGENT
1680,157,O,1144.91,2025-04-13,2-HIGH
1681,157,O,4618.69,2025-05-20,2-HIGH
1682,157,F,3219.25,2025-03-02,1-URGENT
1683,157,O,1067.57,2025-04-23,3-MEDIUM
1684,157,O,3785.39,2025-03-17,3-MEDIUM
1685,157,O,988.57,2025-04-06,2-HIGH
1686,158,O,1103.8,2025-03-30,4-LOW
1687,158,O,557.14,2025-02-25,3-MEDIUM
1688,158,P,3772.04,2025-05-19,3-MEDIUM
1689,158,P,3146.63,2025-03-15,3-MEDIUM
1690,158,F,4210.31,2025-04-29,4-LOW
1691,158,F,294.96,2025-01-22,4-LOW
1692,159,O,5259.77,2025-03-08,4-LOW
1693,159,P,3322.59,2025-04-02,3-MEDIUM
1694,160,O,2657.04,2025-04-01,2-HIGH
1695,160,F,5041.25,2025-06-25,4-LOW
1696,161,F,9128.25,2025-03-09,3-MEDIUM
1697,161,P,1886.66,2025-06-21,4-LOW
1698,161,F,2877.87,2025-06-01,1-URGENT
1699,161,F,4115.87,2025-06-13,4-LOW
1700,161,F,12208.22,2025-05-18,1-URGENT
1701,161,P,2718.47,2025-01-23,3-MEDIUM
1702,161,P,4906.98,2025-02-01,2-HIGH
1703,162,F,7736.76,2025-06-28,4-LOW
1704,162,P,2773.77,2025-03-16,4-LOW
1705,162,O,3497.52,2025-01-30,1-URGENT
1706,162,P,2914.1,2025-06-02,4-LOW
1707,162,P,2009.1,2025-02-22,3-MEDIUM
1708,162,O,2402.61,2025-04-18,2-HIGH
1709,163,P,4886.47,2025-02-24,1-URGENT
1710,163,P,1979.76,2025-03-31,1-URGENT
1711,163,P,4594.62,2025-06-14,4-LOW
1712,163,F,2749.04,2025-05-02,4-LOW
1713,163,F,2160.17,2025-01-11,3-MEDIUM
1714,163,P,5370.13,2025-06-26,4-LOW
1715,164,O,3680.71,2025-02-08,4-LOW
1716,164,F,42.46,2025-06-26,4-LOW
1717,164,F,655.23,2025-02-13,1-URGENT
1718,164,F,6215.84,2025-04-17,2-HIGH
1719,164,P,4280.26,2025-04-08,1-URGENT
1720,164,F,678.37,2025-01-14,2-HIGH
1721,164,F,3390.02,2025-04-25,4-LOW
1722,164,F,4561.29,2025-05-30,3-MEDIUM
1723,165,O,4857.5,2025-02-02,2-HIGH
1724,165,F,2779.97,2025-04-22,3-MEDIUM
1725,165,F,2011.67,2025-06-10,2-HIGH
1726,165,F,1406.31,2025-01-03,2-HIGH
1727,165,F,4683.9,2025-01-05,4-LOW
1728,165,F,2493.98,2025-06-10,2-HIGH
1729,165,F,4927.97,2025-01-12,4-LOW
1730,166,O,8527.82,2025-06-27,3-MEDIUM
1731,166,O,5820.06,2025-06-30,3-MEDIUM
1732,166,F,1000.56,2025-02-08,4-LOW
1733,166,O,3178.56,2025-03-25,2-HIGH
1734,166,F,5739.12,2025-03-17,1-URGENT
1735,166,P,842.53,2025-02-02,2-HIGH
1736,167,F,2034.47,2025-01-23,2-HIGH
1737,167,F,328.68,2025-03-18,4-LOW
1738,167,P,1407.9,2025-06-10,2-HIGH
1739,167,O,2760.08,2025-06-23,2-HIGH
1740,167,F,7145.53,2025-02-03,3-MEDIUM
1741,167,F,2614.12,2025-02-23,3-MEDIUM
1742,168,O,488.16,2025-04-13,3-MEDIUM
1743,169,P,1780.9,2025-05-20,1-URGENT
1744,169,P,1165.4,2025-05-09,2-HIGH
1745,169,O,592.71,2025-01-06,4-LOW
1746,169,F,320.23,2025-02-17,2-HIGH
1747,170,F,3908.89,2025-05-08,2-HIGH
1748,170,F,2476.27,2025-04-30,4-LOW
1749,170,P,2864.43,2025-04-01,1-URGENT
1750,170,P,223.7,2025-05-16,4-LOW
1751,171,O,27.61,2025-04-30,1-URGENT
1752,171,F,1815.66,2025-06-07,4-LOW
1753,171,O,1600.31,2025-01-11,4-LOW
1754,171,O,4493.67,2025-05-30,1-URGENT
1755,172,F,33.16,2025-02-07,4-LOW
1756,172,F,2293.57,2025-06-16,3-MEDIUM
1757,172,F,90.26,2025-02-28,1-URGENT
1758,172,P,3036.08,2025-05-21,4-LOW
1759,172,O,3305.85,2025-05-08,4-LOW
1760,173,O,2096.69,2025-02-05,1-URGENT
1761,173,F,4806.69,2025-04-09,1-URGENT
1762,174,O,5508.78,2025-04-03,4-LOW
1763,174,O,2241.99,2025-04-28,2-HIGH
1764,175,F,3763.52,2025-06-25,4-LOW
1765,175,P,4686.58,2025-02-05,3-MEDIUM
1766,175,P,1340.29,2025-03-09,4-LOW
1767,175,O,4064.98,2025-05-15,2-HIGH
1768,175,O,4370.93,2025-02-19,3-MEDIUM
1769,175,P,1167.47,2025-02-23,4-LOW
1770,175,O,3458.27,2025-01-20,4-LOW
1771,176,O,5609.05,2025-02-14,1-URGENT
1772,176,O,2808.19,2025-02-25,1-URGENT
1773,176,O,4843.74,2025-04-28,2-HIGH
1774,176,O,2069.77,2025-01-09,4-LOW
1775,176,F,5802.67,2025-05-19,1-URGENT
1776,176,O,995.33,2025-05-20,4-LOW
1777,177,P,447.82,2025-02-13,1-URGENT
1778,178,F,3564.11,2025-02-12,2-HIGH
1779,179,F,1660.07,2025-03-04,3-MEDIUM
1780,179,P,3834.09,2025-01-16,1-URGENT
1781,179,F,1562.91,2025-02-23,2-HIGH
1782,180,O,3481.82,2025-02-01,2-HIGH
1783,180,O,5394.99,2025-02-06,2-HIGH
1784,180,P,1767.51,2025-06-09,1-URGENT
1785,180,O,3943.8,2025-04-19,3-MEDIUM
1786,181,P,5944.14,2025-01-07,1-URGENT
1787,181,P,8936.38,2025-03-02,1-URGENT
1788,181,P,7970.57,2025-06-22,3-MEDIUM
1789,181,P,5988.4,2025-03-29,4-LOW
1790,182,O,4643.82,2025-02-02,2-HIGH
1791,182,P,6126.93,2025-02-16,3-MEDIUM
1792,182,O,1317.42,2025-01-04,4-LOW
1793,182,O,516.34,2025-01-14,3-MEDIUM
1794,182,F,1328.48,2025-01-22,2-HIGH
1795,182,P,1893.19,2025-04-29,4-LOW
1796,182,F,2090.55,2025-06-25,4-LOW
1797,182,F,2619.89,2025-04-16,1-URGENT
1798,183,O,7185.53,2025-02-16,1-URGENT
1799,183,O,3760.79,2025-05-24,2-HIGH
1800,183,F,3664.67,2025-05-26,1-URGENT
1801,183,F,6805.43,2025-01-01,3-MEDIUM
1802,183,P,5089.23,2025-01-14,4-LOW
1803,184,F,4520.48,2025-05-13,1-URGENT
1804,184,F,4677.79,2025-05-24,4-LOW
1805,184,F,1983.34,2025-04-23,2-HIGH
1806,184,O,2319.41,2025-01-12,4-LOW
1807,184,P,2089.08,2025-01-07,3-MEDIUM
1808,184,O,6942.72,2025-04-24,1-URGENT
1809,185,F,2717.55,2025-04-18,3-MEDIUM
1810,185,P,10284.54,2025-01-08,2-HIGH
1811,185,F,349.54,2025-03-29,4-LOW
1812,186,F,2609.46,2025-06-18,2-HIGH
1813,186,P,5633.6,2025-01-30,3-MEDIUM
1814,186,F,647.46,2025-04-25,1-URGENT
1815,186,P,6240.57,2025-02-08,2-HIGH
1816,186,O,1376.93,2025-04-18,1-URGENT
1817,187,F,3900.17,2025-03-13,3-MEDIUM
1818,187,O,6963.27,2025-04-06,2-HIGH
1819,187,F,4573.74,2025-06-26,3-MEDIUM
1820,187,F,4042.64,2025-05-11,2-HIGH
1821,187,O,8258.85,2025-05-16,4-LOW
1822,188,O,9248.47,2025-02-15,2-HIGH
1823,188,O,489.8,2025-02-17,3-MEDIUM
1824,188,P,1567.02,2025-05-14,3-MEDIUM
1825,188,F,1168.83,2025-01-03,1-URGENT
1826,188,O,891.01,2025-06-07,1-URGENT
1827,188,F,3169.39,2025-02-08,4-LOW
1828,188,P,990.37,2025-03-18,2-HIGH
1829,189,P,970.38,2025-04-20,4-LOW
1830,189,P,4076.9,2025-05-26,1-URGENT
1831,189,F,2830.26,2025-03-27,4-LOW
1832,189,O,1111.13,2025-05-08,4-LOW
1833,189,P,7205.22,2025-02-07,3-MEDIUM
1834,189,F,1169.07,2025-05-17,4-LOW
1835,189,F,3652.97,2025-01-09,3-MEDIUM
1836,189,O,4150.15,2025-04-26,3-MEDIUM
1837,190,P,180.31,2025-02-15,1-URGENT
1838,190,F,9881.87,2025-02-11,1-URGENT
1839,190,O,3701.31,2025-02-18,4-LOW
1840,191,F,720.37,2025-05-19,3-MEDIUM
1841,191,O,7742.23,2025-01-26,1-URGENT
1842,192,O,4005.38,2025-04-04,3-MEDIUM
1843,192,F,1039.17,2025-04-10,4-LOW
1844,192,O,2160.28,2025-03-26,1-URGENT
1845,192,O,2179.98,2025-06-12,4-LOW
1846,192,P,224.87,2025-02-25,1-URGENT
1847,193,F,1061.66,2025-02-06,3-MEDIUM
1848,194,P,3370.84,2025-05-26,4-LOW
1849,194,P,2985.65,2025-05-23,3-MEDIUM
1850,194,O,5174.26,2025-03-14,3-MEDIUM
1851,194,F,4761.8,2025-05-19,4-LOW
1852,194,O,450.95,2025-01-24,4-LOW
1853,194,F,2523.96,2025-01-16,3-MEDIUM
1854,195,P,3032.64,2025-02-24,1-URGENT
1855,195,P,1562.43,2025-03-18,4-LOW
1856,195,O,5944.92,2025-06-10,4-LOW
1857,195,P,4399.25,2025-02-18,2-HIGH
1858,195,P,2665.4,2025-02-10,2-HIGH
1859,195,P,1039.68,2025-06-01,2-HIGH
1860,196,P,4428.56,2025-03-26,3-MEDIUM
1861,196,F,430.56,2025-04-11,3-MEDIUM
1862,197,O,5979.64,2025-04-17,1-URGENT
1863,197,P,1970.31,2025-01-10,4-LOW
1864,198,F,2020.95,2025-04-21,2-HIGH
1865,199,P,2710.75,2025-03-09,4-LOW
1866,199,F,9243.17,2025-05-05,2-HIGH
1867,199,O,348.24,2025-06-01,3-MEDIUM
1868,199,P,1282.59,2025-01-27,3-MEDIUM
1869,199,O,2304.08,2025-06-01,3-MEDIUM
1870,199,F,2779.37,2025-03-26,3-MEDIUM
1871,199,P,3311.3,2025-04-10,2-HIGH
1872,200,O,5713.67,2025-06-25,4-LOW
1873,200,O,4727.07,2025-01-02,1-URGENT
1874,200,F,2674.45,2025-03-17,1-URGENT
1875,200,O,4416.18,2025-01-06,2-HIGH
1876,200,P,2317.11,2025-01-12,3-MEDIUM
1877,200,P,1600.56,2025-06-05,3-MEDIUM
1878,200,P,6483.51,2025-04-21,1-URGENT
1879,200,O,8013.35,2025-02-22,3-MEDIUM
1880,201,F,3060.78,2025-06-16,1-URGENT
1881,201,O,2118.85,2025-06-06,1-URGENT
1882,201,O,5337.07,2025-05-17,4-LOW
1883,202,P,5021.21,2025-06-05,3-MEDIUM
1884,202,F,3574.91,2025-05-13,2-HIGH
1885,202,F,3936.28,2025-02-09,2-HIGH
1886,203,P,3486.5,2025-04-30,4-LOW
1887,203,O,7446.17,2025-04-26,2-HIGH
1888,203,P,3562.22,2025-02-09,1-URGENT
1889,203,P,3337.02,2025-06-17,1-URGENT
1890,203,F,2121.51,2025-04-27,2-HIGH
1891,204,O,1655.11,2025-02-18,3-MEDIUM
1892,204,P,4137.03,2025-05-03,2-HIGH
1893,204,F,1194.89,2025-06-29,1-URGENT
1894,204,P,2279.07,2025-05-17,1-URGENT
1895,205,F,2837.35,2025-05-18,1-URGENT
1896,205,O,3509.33,2025-01-07,2-HIGH
1897,205,P,2428.5,2025-06-30,2-HIGH
1898,205,F,7882.88,2025-04-07,3-MEDIUM
1899,205,F,169.28,2025-01-04,2-HIGH
1900,205,F,3759.54,2025-03-15,1-URGENT
1901,205,F,494.49,2025-06-20,2-HIGH
1902,205,P,4159.54,2025-05-28,4-LOW
1903,206,F,814.96,2025-04-22,1-URGENT
1904,206,P,8413.14,2025-02-26,3-MEDIUM
1905,206,P,2066.67,2025-03-17,1-URGENT
1906,206,O,839.97,2025-03-20,2-HIGH
1907,206,F,3301.71,2025-02-02,4-LOW
1908,206,O,5202.78,2025-04-08,3-MEDIUM
1909,206,P,2770.33,2025-03-11,3-MEDIUM
1910,207,P,2453.29,2025-03-12,4-LOW
1911,207,F,2665.74,2025-04-02,1-URGENT
1912,207,F,4391.96,2025-01-25,2-HIGH
1913,207,O,2806.42,2025-06-11,3-MEDIUM
1914,207,O,1363.4,2025-01-19,3-MEDIUM
1915,207,P,915.76,2025-03-27,3-MEDIUM
1916,208,O,2124.47,2025-01-25,1-URGENT
1917,208,O,1199.27,2025-01-25,4-LOW
1918,208,F,4141.96,2025-05-31,2-HIGH
1919,208,F,1379.69,2025-03-07,3-MEDIUM
1920,208,O,3096.14,2025-03-07,3-MEDIUM
1921,209,O,2842.7,2025-04-20,2-HIGH
1922,209,P,6990.34,2025-03-04,3-MEDIUM
1923,209,P,4876.63,2025-03-05,1-URGENT
1924,209,F,5670.54,2025-03-01,3-MEDIUM
1925,209,O,1714.61,2025-03-05,1-URGENT
1926,209,P,9032.75,2025-06-13,2-HIGH
1927,209,O,8177.31,2025-01-02,1-URGENT
1928,210,O,4979.31,2025-04-10,3-MEDIUM
1929,210,P,4568.95,2025-06-14,4-LOW
1930,210,P,2299.44,2025-02-13,3-MEDIUM
1931,211,F,2120.8,2025-05-30,1-URGENT
1932,211,F,3256.97,2025-01-26,3-MEDIUM
1933,211,P,332.58,2025-01-31,4-LOW
1934,211,F,997.34,2025-03-16,2-HIGH
1935,211,P,2425.46,2025-06-28,4-LOW
1936,212,F,308.11,2025-03-24,4-LOW
1937,212,F,3067.65,2025-05-30,3-MEDIUM
1938,213,P,3791.45,2025-05-17,4-LOW
1939,213,P,1229.76,2025-04-20,2-HIGH
1940,213,O,3177.54,2025-06-13,4-LOW
1941,214,O,1713.26,2025-04-15,3-MEDIUM
1942,214,P,8502.57,2025-05-19,3-MEDIUM
1943,215,P,540.86,2025-02-17,4-LOW
1944,215,O,1616.1,2025-06-17,3-MEDIUM
1945,215,F,2815.17,2025-06-15,4-LOW
1946,216,F,2112.41,2025-02-19,1-URGENT
1947,216,F,2430.68,2025-03-18,1-URGENT
1948,216,F,3831.4,2025-04-24,2-HIGH
1949,217,P,4096.66,2025-02-02,1-URGENT
1950,217,O,4533.81,2025-04-09,2-HIGH
1951,217,O,7088.21,2025-03-26,3-MEDIUM
1952,217,P,256.35,2025-04-07,1-URGENT
1953,217,O,1918.53,2025-04-26,3-MEDIUM
1954,217,P,8180.78,2025-05-03,4-LOW
1955,218,O,2132.64,2025-03-12,1-URGENT
1956,219,O,3944.11,2025-03-14,1-URGENT
1957,219,P,1585.98,2025-02-24,2-HIGH
1958,219,P,3564.44,2025-05-18,2-HIGH
1959,219,F,906.5,2025-04-29,2-HIGH
1960,219,P,2875.3,2025-01-12,3-MEDIUM
1961,219,F,6749.01,2025-06-04,4-LOW
1962,219,F,1765.79,2025-03-30,2-HIGH
1963,219,O,441.41,2025-03-15,2-HIGH
1964,220,O,3709.17,2025-01-21,4-LOW
1965,220,P,6435.48,2025-06-19,1-URGENT
1966,221,P,3280.8,2025-04-07,3-MEDIUM
1967,221,O,7267.17,2025-03-30,4-LOW
1968,221,F,5303.18,2025-04-10,3-MEDIUM
1969,222,P,6260.45,2025-04-16,3-MEDIUM
1970,222,F,1646.46,2025-04-09,3-MEDIUM
1971,222,P,2183.87,2025-01-06,4-LOW
1972,222,F,4109.38,2025-01-02,2-HIGH
1973,222,P,53.18,2025-05-14,3-MEDIUM
1974,222,P,3281.22,2025-03-16,4-LOW
1975,222,O,3838.93,2025-01-17,4-LOW
1976,222,P,3394.66,2025-06-23,3-MEDIUM
1977,223,P,2546.04,2025-05-08,1-URGENT
1978,223,O,1356.04,2025-05-24,3-MEDIUM
1979,223,O,2577.82,2025-01-28,3-MEDIUM
1980,223,F,2706.82,2025-05-11,3-MEDIUM
1981,223,P,1685.9,2025-02-20,1-URGENT
1982,223,F,5974.95,2025-03-14,4-LOW
1983,223,F,2787.13,2025-05-13,4-LOW
1984,224,F,5484.96,2025-06-19,2-HIGH
1985,224,O,1080.41,2025-06-01,2-HIGH
1986,224,P,3208.98,2025-06-24,3-MEDIUM
1987,224,O,2790.25,2025-06-01,2-HIGH
1988,225,P,3791.45,2025-02-18,1-URGENT
1989,225,F,2665.62,2025-01-01,1-URGENT
1990,225,P,8135.34,2025-04-20,1-URGENT
1991,225,F,1913.76,2025-02-11,3-MEDIUM
1992,225,O,3380.65,2025-01-30,3-MEDIUM
1993,225,F,3712.37,2025-05-23,2-HIGH
1994,225,P,5080.94,2025-05-10,4-LOW
1995,225,P,1078.2,2025-06-01,2-HIGH
1996,226,F,3985.19,2025-03-13,2-HIGH
1997,226,F,3624.72,2025-05-31,2-HIGH
1998,226,P,865.26,2025-02-13,1-URGENT
1999,226,P,735.61,2025-01-18,3-MEDIUM
2000,226,P,6523.49,2025-03-04,1-URGENT
2001,226,O,2446.55,2025-05-05,4-LOW
2002,227,O,3858.82,2025-04-15,2-HIGH
2003,227,F,2837.44,2025-04-12,3-MEDIUM
2004,227,O,1087.45,2025-06-09,4-LOW
2005,227,O,5662.42,2025-04-23,1-URGENT
2006,228,F,1370.04,2025-03-20,4-LOW
2007,228,P,3234.89,2025-03-09,3-MEDIUM
2008,229,F,636.25,2025-02-06,2-HIGH
2009,230,O,3984.78,2025-06-10,1-URGENT
2010,230,O,116.55,2025-01-31,1-URGENT
2011,230,P,4040.53,2025-02-14,4-LOW
2012,230,O,797.47,2025-04-15,4-LOW
2013,230,P,3747.57,2025-02-23,3-MEDIUM
2014,230,P,6071.78,2025-05-12,2-HIGH
2015,230,F,1993.72,2025-03-18,3-MEDIUM
2016,231,O,1304.35,2025-06-18,3-MEDIUM
2017,231,P,838.73,2025-01-16,3-MEDIUM
2018,231,F,3866.08,2025-02-12,1-URGENT
2019,231,F,656.75,2025-03-27,3-MEDIUM
2020,232,P,2935.86,2025-02-27,4-LOW
2021,232,P,3697.9,2025-03-09,2-HIGH
2022,232,P,1097.84,2025-04-21,1-URGENT
2023,232,O,2298.06,2025-06-20,3-MEDIUM
2024,233,F,1313.36,2025-04-09,1-URGENT
2025,233,O,663.27,2025-02-12,4-LOW
2026,233,O,1438.27,2025-01-31,4-LOW
2027,233,P,4565.86,2025-01-06,2-HIGH
2028,233,O,3505.46,2025-05-16,1-URGENT
2029,234,F,7898.03,2025-02-17,1-URGENT
2030,234,P,5410.7,2025-06-17,2-HIGH
2031,234,F,3420.55,2025-01-14,4-LOW
2032,234,F,4546.69,2025-02-15,1-URGENT
2033,234,P,5050.86,2025-06-26,4-LOW
2034,234,O,1360.88,2025-01-19,1-URGENT
2035,234,F,267.08,2025-05-20,3-MEDIUM
2036,234,P,791.28,2025-06-22,4-LOW
2037,235,F,2830.27,2025-06-16,4-LOW
2038,235,F,2517.1,2025-06-17,3-MEDIUM
2039,236,O,2943.08,2025-03-08,3-MEDIUM
2040,236,P,2224.55,2025-01-28,2-HIGH
2041,236,P,3066.83,2025-06-25,3-MEDIUM
2042,236,O,2235.9,2025-06-10,1-URGENT
2043,236,O,4882.05,2025-05-03,1-URGENT
2044,236,O,1226.98,2025-06-04,2-HIGH
2045,237,P,1245.75,2025-04-09,3-MEDIUM
2046,238,P,2353.6,2025-02-13,2-HIGH
2047,238,O,5342.48,2025-01-14,4-LOW
2048,238,O,6415.84,2025-03-27,4-LOW
2049,238,F,2737.92,2025-02-15,4-LOW
2050,238,O,2744.92,2025-05-08,1-URGENT
2051,238,F,7200.49,2025-06-26,1-URGENT
2052,238,O,4163.42,2025-03-29,1-URGENT
2053,238,P,2219.16,2025-06-30,2-HIGH
2054,239,O,1681.7,2025-05-23,3-MEDIUM
2055,239,P,1811.86,2025-04-13,3-MEDIUM
2056,239,F,785.6,2025-05-29,4-LOW
2057,239,F,2689.84,2025-04-20,4-LOW
2058,240,P,2410.83,2025-01-25,1-URGENT
2059,241,F,4466.7,2025-03-31,1-URGENT
2060,241,F,2871.9,2025-06-20,1-URGENT
2061,241,P,4895.27,2025-04-08,4-LOW
2062,241,O,729.78,2025-03-20,2-HIGH
2063,241,F,3820.3,2025-03-18,2-HIGH
2064,241,O,773.01,2025-02-04,3-MEDIUM
2065,241,P,3326.77,2025-03-30,2-HIGH
2066,242,P,9108.71,2025-01-02,1-URGENT
2067,242,O,3948.37,2025-06-14,1-URGENT
2068,242,F,2272.55,2025-05-19,4-LOW
2069,242,F,5780.29,2025-06-24,2-HIGH
2070,243,O,1717.5,2025-04-15,2-HIGH
2071,243,O,896.14,2025-04-25,1-URGENT
2072,243,O,4559.3,2025-03-24,4-LOW
2073,243,P,1398.38,2025-06-15,3-MEDIUM
2074,243,F,529.78,2025-01-05,1-URGENT
2075,243,F,4171.3,2025-06-06,2-HIGH
2076,243,O,5167.46,2025-04-19,2-HIGH
2077,244,P,4439.42,2025-04-05,4-LOW
2078,244,P,2437.65,2025-04-11,4-LOW
2079,244,F,3427.78,2025-05-09,3-MEDIUM
2080,244,F,6052.55,2025-02-23,2-HIGH
2081,245,F,362.16,2025-04-16,4-LOW
2082,245,P,2704.68,2025-03-04,3-MEDIUM
2083,245,O,1143.72,2025-03-12,4-LOW
2084,246,P,3243.9,2025-05-11,4-LOW
2085,246,O,2621.03,2025-05-15,1-URGENT
2086,247,O,3034.84,2025-01-05,3-MEDIUM
2087,247,O,4422.03,2025-05-22,1-URGENT
2088,247,P,2447.32,2025-05-10,4-LOW
2089,247,O,729.11,2025-01-24,2-HIGH
2090,247,O,7617.54,2025-04-06,2-HIGH
2091,248,O,3335.19,2025-02-13,4-LOW
2092,248,F,4146.44,2025-01-11,1-URGENT
2093,249,F,3734.23,2025-02-20,2-HIGH
2094,249,P,3054.9,2025-04-15,3-MEDIUM
2095,250,F,5084.63,2025-01-06,4-LOW
2096,250,P,2864.48,2025-04-13,2-HIGH
2097,251,F,1251.17,2025-02-03,4-LOW
2098,251,F,2068.07,2025-05-23,4-LOW
2099,251,F,2236.6,2025-06-11,4-LOW
2100,252,P,2037.44,2025-04-22,4-LOW
2101,252,O,5765.49,2025-04-08,3-MEDIUM
2102,252,P,9501.96,2025-04-25,1-URGENT
2103,252,F,6675.57,2025-03-20,4-LOW
2104,252,F,8216.68,2025-06-19,2-HIGH
2105,252,P,3649.05,2025-03-13,3-MEDIUM
2106,253,P,4778.84,2025-06-25,1-URGENT
2107,253,P,4480.13,2025-02-27,3-MEDIUM
2108,254,F,758.66,2025-03-31,2-HIGH
2109,254,P,1136.9,2025-05-28,4-LOW
2110,254,P,2783.07,2025-04-08,4-LOW
2111,254,F,2081.18,2025-06-27,1-URGENT
2112,255,P,2300.15,2025-05-05,3-MEDIUM
2113,255,P,390.42,2025-05-09,3-MEDIUM
2114,255,P,1272.5,2025-06-16,2-HIGH
2115,255,F,3948.2,2025-04-17,3-MEDIUM
2116,255,P,249.78,2025-03-28,2-HIGH
2117,255,P,3605.15,2025-06-22,2-HIGH
2118,255,P,1707.21,2025-06-06,3-MEDIUM
2119,256,P,6475.84,2025-02-06,1-URGENT
2120,256,F,1092.45,2025-01-14,1-URGENT
2121,256,P,1420.9,2025-03-09,2-HIGH
2122,257,O,5313.0,2025-04-01,3-MEDIUM
2123,257,O,3248.77,2025-06-03,3-MEDIUM
2124,257,P,2427.13,2025-03-03,2-HIGH
2125,258,O,384.75,2025-06-27,2-HIGH
2126,258,O,5192.24,2025-05-13,2-HIGH
2127,258,O,2061.12,2025-01-11,1-URGENT
2128,258,P,3483.45,2025-01-09,4-LOW
2129,258,F,2438.61,2025-03-05,3-MEDIUM
2130,258,O,1944.08,2025-01-13,4-LOW
2131,258,P,67.12,2025-01-17,3-MEDIUM
2132,258,P,7783.38,2025-02-28,3-MEDIUM
2133,259,F,1315.34,2025-04-20,1-URGENT
2134,259,P,3893.11,2025-01-28,4-LOW
2135,259,F,3287.51,2025-06-26,3-MEDIUM
2136,259,P,723.91,2025-04-24,4-LOW
2137,259,O,486.59,2025-03-04,3-MEDIUM
2138,259,F,662.82,2025-02-23,4-LOW
2139,259,F,9257.02,2025-05-04,4-LOW
2140,260,P,2036.0,2025-04-13,3-MEDIUM
2141,260,O,1124.06,2025-01-04,2-HIGH
2142,260,F,2804.66,2025-05-27,1-URGENT
2143,260,O,2476.81,2025-01-07,4-LOW
2144,260,F,3537.28,2025-04-03,4-LOW
2145,260,P,5220.24,2025-03-26,3-MEDIUM
2146,261,F,1836.65,2025-03-06,4-LOW
2147,261,P,2106.47,2025-04-28,4-LOW
2148,261,P,6686.54,2025-05-29,4-LOW
2149,262,O,1667.59,2025-01-06,3-MEDIUM
2150,262,F,653.23,2025-01-31,1-URGENT
2151,262,O,3351.29,2025-03-16,3-MEDIUM
2152,262,P,6147.77,2025-02-22,1-URGENT
2153,262,O,5345.93,2025-04-23,4-LOW
2154,262,O,8173.13,2025-02-17,1-URGENT
2155,262,O,4078.54,2025-02-28,1-URGENT
2156,263,F,7548.18,2025-03-04,1-URGENT
2157,263,F,283.47,2025-06-01,2-HIGH
2158,263,P,5617.19,2025-06-09,3-MEDIUM
2159,263,O,4290.87,2025-05-28,1-URGENT
2160,263,O,1397.6,2025-05-06,3-MEDIUM
2161,263,O,3600.62,2025-01-05,1-URGENT
2162,264,O,2391.25,2025-05-17,3-MEDIUM
2163,264,P,629.14,2025-06-19,3-MEDIUM
2164,264,O,5091.39,2025-01-28,4-LOW
2165,264,P,1108.09,2025-05-03,3-MEDIUM
2166,264,F,2254.61,2025-06-04,4-LOW
2167,264,O,2107.58,2025-04-16,2-HIGH
2168,264,P,5758.86,2025-04-26,2-HIGH
2169,264,F,6175.48,2025-04-14,3-MEDIUM
2170,265,F,1667.62,2025-06-27,2-HIGH
2171,265,O,2387.21,2025-01-28,1-URGENT
2172,265,P,3772.98,2025-01-03,1-URGENT
2173,265,P,2517.56,2025-06-15,3-MEDIUM
2174,265,O,233.03,2025-03-02,4-LOW
2175,265,O,3641.87,2025-01-10,1-URGENT
2176,265,P,2305.2,2025-03-14,2-HIGH
2177,266,P,1395.3,2025-05-27,2-HIGH
2178,266,P,2631.49,2025-06-21,2-HIGH
2179,266,F,1060.83,2025-03-12,3-MEDIUM
2180,266,F,3748.54,2025-06-12,3-MEDIUM
2181,266,O,883.1,2025-03-10,1-URGENT
2182,267,O,1207.38,2025-01-23,2-HIGH
2183,267,P,1061.69,2025-01-06,3-MEDIUM
2184,267,O,2441.64,2025-03-27,4-LOW
2185,267,F,4710.95,2025-04-16,2-HIGH
2186,267,P,8122.33,2025-05-10,1-URGENT
2187,267,P,2813.68,2025-05-11,4-LOW
2188,268,P,5118.22,2025-02-10,1-URGENT
2189,268,O,3681.35,2025-06-14,3-MEDIUM
2190,268,P,5456.59,2025-04-06,1-URGENT
2191,268,P,1411.2,2025-03-05,1-URGENT
2192,268,O,5637.47,2025-01-09,2-HIGH
2193,268,F,347.88,2025-02-09,1-URGENT
2194,268,P,6923.06,2025-01-09,1-URGENT
2195,268,F,9426.68,2025-02-27,3-MEDIUM
2196,269,F,988.58,2025-03-05,1-URGENT
2197,269,F,5164.14,2025-01-12,3-MEDIUM
2198,269,O,383.94,2025-05-22,3-MEDIUM
2199,270,O,193.26,2025-01-20,3-MEDIUM
2200,270,P,2754.81,2025-05-17,1-URGENT
2201,270,F,4659.03,2025-05-27,4-LOW
2202,270,O,350.28,2025-01-12,2-HIGH
2203,270,P,143.35,2025-01-27,1-URGENT
2204,270,F,2660.11,2025-01-22,2-HIGH
2205,270,F,241.98,2025-04-28,2-HIGH
2206,270,O,878.97,2025-03-11,3-MEDIUM
2207,271,O,2376.24,2025-02-24,4-LOW
2208,271,O,1881.44,2025-02-17,4-LOW
2209,271,F,824.09,2025-04-26,3-MEDIUM
2210,271,P,177.16,2025-03-03,1-URGENT
2211,272,F,1391.02,2025-03-17,4-LOW
2212,272,P,5611.46,2025-05-24,4-LOW
2213,272,F,1164.67,2025-03-21,2-HIGH
2214,272,F,2156.6,2025-06-30,4-LOW
2215,272,O,6581.99,2025-01-23,3-MEDIUM
2216,272,P,7663.5,2025-01-15,3-MEDIUM
2217,273,P,2515.69,2025-05-24,3-MEDIUM
2218,273,O,61.94,2025-06-05,4-LOW
2219,273,O,5102.15,2025-02-28,3-MEDIUM
2220,273,F,5009.35,2025-05-05,1-URGENT
2221,274,F,4364.07,2025-05-30,4-LOW
2222,274,P,2361.25,2025-06-23,4-LOW
2223,275,F,765.2,2025-05-16,2-HIGH
2224,275,F,1717.68,2025-05-04,4-LOW
2225,276,O,2032.52,2025-04-16,4-LOW
2226,276,F,6346.51,2025-04-27,1-URGENT
2227,277,P,443.97,2025-06-30,4-LOW
2228,277,O,1389.39,2025-01-12,4-LOW
2229,277,O,4302.33,2025-01-22,3-MEDIUM
2230,277,F,4718.04,2025-03-10,4-LOW
2231,277,P,1845.13,2025-05-27,2-HIGH
2232,277,O,2491.3,2025-02-25,4-LOW
2233,277,O,732.73,2025-06-17,4-LOW
2234,278,F,135.18,2025-02-22,2-HIGH
2235,278,P,2425.67,2025-05-11,2-HIGH
2236,278,O,3411.81,2025-01-29,1-URGENT
2237,279,O,5044.1,2025-04-22,2-HIGH
2238,279,F,225.22,2025-04-20,2-HIGH
2239,280,P,5509.36,2025-01-10,2-HIGH
2240,280,O,6981.22,2025-02-01,4-LOW
2241,280,O,1114.09,2025-01-08,1-URGENT
2242,280,P,677.9,2025-06-27,2-HIGH
2243,280,F,5915.05,2025-01-02,3-MEDIUM
2244,280,O,2784.72,2025-06-29,3-MEDIUM
2245,281,F,737.37,2025-04-13,1-URGENT
2246,281,P,2699.55,2025-04-02,1-URGENT
2247,281,P,3488.31,2025-04-24,4-LOW
2248,282,O,1017.05,2025-01-10,1-URGENT
2249,282,O,3432.29,2025-01-02,2-HIGH
2250,282,F,1225.1,2025-04-11,1-URGENT
2251,282,F,7549.19,2025-05-20,3-MEDIUM
2252,282,O,3037.74,2025-04-09,3-MEDIUM
2253,282,P,6315.34,2025-03-29,2-HIGH
2254,282,O,3556.71,2025-06-23,1-URGENT
2255,282,O,93.34,2025-06-25,2-HIGH
2256,283,F,4335.1,2025-02-08,2-HIGH
2257,283,F,1685.87,2025-03-09,1-URGENT
2258,283,P,2225.97,2025-04-05,3-MEDIUM
2259,284,P,1769.98,2025-06-19,1-URGENT
2260,284,P,1972.62,2025-02-08,2-HIGH
2261,284,F,1673.18,2025-06-27,3-MEDIUM
2262,284,F,3480.81,2025-02-02,4-LOW
2263,285,F,268.48,2025-03-09,4-LOW
2264,286,F,552.75,2025-04-19,1-URGENT
2265,286,P,528.76,2025-04-29,1-URGENT
2266,286,O,1508.07,2025-05-30,2-HIGH
2267,287,P,3765.28,2025-06-02,2-HIGH
2268,287,P,4769.29,2025-04-29,4-LOW
2269,288,P,7450.05,2025-02-08,2-HIGH
2270,288,O,1283.1,2025-04-20,3-MEDIUM
2271,288,O,6005.17,2025-03-06,4-LOW
2272,288,P,1863.76,2025-01-16,2-HIGH
2273,289,F,1416.7,2025-01-20,4-LOW
2274,289,F,6451.21,2025-02-14,3-MEDIUM
2275,289,O,1040.9,2025-01-15,4-LOW
2276,289,O,1035.43,2025-04-24,4-LOW
2277,289,F,2947.86,2025-06-23,4-LOW
2278,289,F,2447.87,2025-04-06,1-URGENT
2279,289,O,4015.6,2025-06-04,4-LOW
2280,289,F,3459.25,2025-06-16,2-HIGH
2281,290,O,4790.13,2025-04-12,4-LOW
2282,290,O,5271.18,2025-01-15,2-HIGH
2283,290,P,997.56,2025-01-30,1-URGENT
2284,290,P,8372.78,2025-03-06,4-LOW
2285,290,F,1018.67,2025-03-12,1-URGENT
2286,290,P,1542.4,2025-02-11,4-LOW
2287,290,P,3999.13,2025-03-14,4-LOW
2288,291,O,6381.4,2025-02-16,1-URGENT
2289,291,O,2272.16,2025-05-19,4-LOW
2290,291,O,1055.74,2025-05-29,2-HIGH
2291,291,O,852.95,2025-06-28,4-LOW
2292,291,F,2815.59,2025-03-05,1-URGENT
2293,291,P,704.85,2025-04-13,2-HIGH
2294,291,O,1889.6,2025-03-06,1-URGENT
2295,291,P,5628.88,2025-04-23,2-HIGH
2296,292,P,1066.53,2025-05-23,4-LOW
2297,292,P,4034.1,2025-06-09,3-MEDIUM
2298,292,O,6422.01,2025-05-30,1-URGENT
2299,293,F,2358.09,2025-02-23,2-HIGH
2300,293,F,6481.64,2025-06-29,3-MEDIUM
2301,293,O,3453.05,2025-06-12,3-MEDIUM
2302,294,O,5323.66,2025-03-26,2-HIGH
2303,294,P,3804.21,2025-04-16,2-HIGH
2304,294,P,1474.88,2025-03-29,4-LOW
2305,294,O,2426.95,2025-06-21,4-LOW
2306,294,P,4448.65,2025-05-17,4-LOW
2307,295,F,430.21,2025-02-22,1-URGENT
2308,295,P,1122.93,2025-04-07,2-HIGH
2309,295,F,5385.27,2025-04-04,2-HIGH
2310,295,O,1882.3,2025-06-06,3-MEDIUM
2311,295,F,3578.61,2025-06-11,4-LOW
2312,295,O,3496.68,2025-02-17,1-URGENT
2313,296,O,1569.02,2025-01-07,2-HIGH
2314,296,P,1570.07,2025-01-24,2-HIGH
2315,296,O,4587.13,2025-05-22,1-URGENT
2316,296,F,1819.71,2025-03-06,1-URGENT
2317,297,O,518.49,2025-03-09,3-MEDIUM
2318,297,O,4215.39,2025-02-15,4-LOW
2319,297,P,3851.76,2025-05-20,1-URGENT
2320,297,F,6041.31,2025-06-28,2-HIGH
2321,298,F,835.54,2025-03-03,2-HIGH
2322,298,F,5488.08,2025-01-08,4-LOW
2323,299,F,1315.42,2025-01-31,4-LOW
2324,299,F,1100.71,2025-02-18,4-LOW
2325,299,O,7111.27,2025-06-05,3-MEDIUM
2326,299,P,4632.65,2025-06-17,1-URGENT
2327,300,F,2493.43,2025-05-28,4-LOW
2328,301,F,2816.21,2025-05-28,4-LOW
2329,301,F,2726.1,2025-05-25,2-HIGH
2330,302,F,2967.57,2025-05-03,3-MEDIUM
2331,302,F,5605.39,2025-04-05,4-LOW
2332,302,O,6018.07,2025-04-12,2-HIGH
2333,302,P,4157.31,2025-01-23,1-URGENT
2334,302,P,1789.55,2025-04-05,1-URGENT
2335,302,F,3470.94,2025-04-16,3-MEDIUM
2336,302,P,7472.4,2025-05-27,3-MEDIUM
2337,303,O,951.76,2025-01-04,1-URGENT
2338,304,P,3922.82,2025-06-28,3-MEDIUM
2339,304,P,129.06,2025-03-13,4-LOW
2340,304,F,5068.83,2025-04-30,1-URGENT
2341,304,P,3362.71,2025-05-06,1-URGENT
2342,304,P,4187.13,2025-01-22,3-MEDIUM
2343,305,O,2528.49,2025-01-16,4-LOW
2344,305,O,2475.68,2025-05-24,4-LOW
2345,305,F,1184.94,2025-02-07,3-MEDIUM
2346,305,P,961.56,2025-04-14,4-LOW
2347,306,O,1571.33,2025-05-27,3-MEDIUM
2348,306,F,10384.92,2025-01-01,1-URGENT
2349,306,P,8105.99,2025-06-30,1-URGENT
2350,306,O,4006.13,2025-04-24,2-HIGH
2351,307,O,3046.79,2025-01-16,2-HIGH
2352,307,F,1080.91,2025-03-07,3-MEDIUM
2353,307,F,3308.1,2025-05-03,3-MEDIUM
2354,308,O,1975.14,2025-02-04,4-LOW
2355,308,O,2315.18,2025-02-05,2-HIGH
2356,308,F,3208.6,2025-06-28,1-URGENT
2357,308,P,507.53,2025-06-14,3-MEDIUM
2358,309,O,1808.82,2025-06-17,4-LOW
2359,310,F,4456.23,2025-02-07,4-LOW
2360,310,O,2635.5,2025-06-22,4-LOW
2361,310,F,2796.36,2025-06-15,4-LOW
2362,310,F,3437.06,2025-02-17,3-MEDIUM
2363,311,O,568.61,2025-04-17,3-MEDIUM
2364,311,F,3369.43,2025-04-08,4-LOW
2365,311,P,2521.46,2025-04-26,3-MEDIUM
2366,311,O,1261.55,2025-05-21,4-LOW
2367,311,O,6146.06,2025-03-21,3-MEDIUM
2368,312,O,5092.27,2025-03-05,3-MEDIUM
2369,312,P,4681.19,2025-02-18,4-LOW
2370,312,F,2487.04,2025-01-11,4-LOW
2371,312,F,1968.89,2025-01-29,2-HIGH
2372,312,O,3184.74,2025-02-24,4-LOW
2373,312,P,4381.75,2025-05-28,4-LOW
2374,312,P,3213.47,2025-04-06,2-HIGH
2375,312,O,6188.24,2025-02-17,3-MEDIUM
2376,313,P,5586.24,2025-05-28,1-URGENT
2377,313,F,4550.32,2025-04-19,1-URGENT
2378,314,F,1102.19,2025-04-13,1-URGENT
2379,314,F,2257.38,2025-05-06,1-URGENT
2380,314,P,914.78,2025-02-01,2-HIGH
2381,314,O,1896.85,2025-02-04,1-URGENT
2382,314,P,1725.88,2025-01-06,4-LOW
2383,314,O,1907.41,2025-04-02,1-URGENT
2384,314,P,3233.31,2025-03-12,1-URGENT
2385,315,O,3373.72,2025-05-09,1-URGENT
2386,315,O,9503.59,2025-06-17,1-URGENT
2387,315,O,1479.39,2025-04-21,2-HIGH
2388,315,O,2843.17,2025-01-12,1-URGENT
2389,315,F,7576.76,2025-06-25,4-LOW
2390,315,F,850.05,2025-01-12,2-HIGH
2391,316,F,2452.86,2025-04-26,2-HIGH
2392,316,O,1159.38,2025-06-09,2-HIGH
2393,317,O,133.16,2025-02-27,1-URGENT
2394,317,P,2211.01,2025-02-26,3-MEDIUM
2395,317,F,2876.83,2025-02-08,1-URGENT
2396,317,P,2530.62,2025-03-27,3-MEDIUM
2397,317,P,1874.82,2025-02-17,2-HIGH
2398,318,F,1486.76,2025-05-11,4-LOW
2399,318,P,2716.29,2025-01-12,2-HIGH
2400,318,O,1466.71,2025-06-17,1-URGENT
2401,319,O,5672.28,2025-04-01,4-LOW
2402,319,F,333.41,2025-04-21,4-LOW
2403,319,O,8046.29,2025-06-03,4-LOW
2404,319,O,4614.71,2025-02-02,4-LOW
2405,319,O,3052.93,2025-04-29,3-MEDIUM
2406,320,F,4198.78,2025-06-25,2-HIGH
2407,320,P,1457.3,2025-01-09,3-MEDIUM
2408,320,F,284.95,2025-04-21,3-MEDIUM
2409,321,P,5001.73,2025-04-07,3-MEDIUM
2410,321,F,3818.29,2025-05-28,4-LOW
2411,321,O,4754.23,2025-03-18,2-HIGH
2412,321,O,6255.06,2025-02-16,2-HIGH
2413,322,P,5566.89,2025-03-06,4-LOW
2414,322,F,3336.06,2025-02-19,4-LOW
2415,322,F,1660.56,2025-05-06,4-LOW
2416,322,F,3475.58,2025-06-23,4-LOW
2417,322,P,5627.79,2025-05-15,3-MEDIUM
2418,322,P,3418.57,2025-04-11,3-MEDIUM
2419,322,O,384.85,2025-04-24,3-MEDIUM
2420,323,P,505.36,2025-05-07,2-HIGH
2421,323,O,2815.51,2025-02-28,3-MEDIUM
2422,323,O,7173.53,2025-05-22,1-URGENT
2423,323,F,1422.96,2025-01-15,3-MEDIUM
2424,323,O,2169.17,2025-03-16,4-LOW
2425,323,P,2535.97,2025-01-29,3-MEDIUM
2426,323,P,464.76,2025-01-12,4-LOW
2427,323,P,2963.81,2025-05-13,3-MEDIUM
2428,324,O,1107.94,2025-03-29,1-URGENT
2429,324,F,5399.37,2025-04-21,4-LOW
2430,324,O,2918.95,2025-02-23,2-HIGH
2431,324,P,6699.71,2025-05-16,2-HIGH
2432,325,O,2293.39,2025-06-26,1-URGENT
2433,325,P,450.22,2025-03-07,2-HIGH
2434,325,O,2033.92,2025-06-09,3-MEDIUM
2435,325,F,3740.28,2025-01-02,3-MEDIUM
2436,325,O,2334.72,2025-06-02,1-URGENT
2437,326,F,1726.2,2025-03-16,2-HIGH
2438,327,F,3868.15,2025-05-13,2-HIGH
2439,327,O,3429.11,2025-02-22,2-HIGH
2440,327,P,5851.29,2025-03-12,2-HIGH
2441,327,P,3783.24,2025-05-12,1-URGENT
2442,327,P,5072.89,2025-03-25,1-URGENT
2443,327,O,6452.94,2025-03-26,3-MEDIUM
2444,327,O,360.24,2025-01-10,1-URGENT
2445,328,P,3351.34,2025-05-21,3-MEDIUM
2446,328,O,5282.2,2025-02-13,4-LOW
2447,328,O,236.02,2025-06-10,2-HIGH
2448,328,O,4862.06,2025-03-28,2-HIGH
2449,328,P,1101.8,2025-04-17,4-LOW
2450,329,P,236.81,2025-01-08,4-LOW
2451,329,P,3271.15,2025-03-26,4-LOW
2452,330,F,5381.96,2025-06-21,4-LOW
2453,330,F,3475.79,2025-01-11,2-HIGH
2454,331,O,2765.57,2025-05-14,1-URGENT
2455,331,O,2043.54,2025-02-08,4-LOW
2456,331,O,6625.04,2025-01-24,4-LOW
2457,331,F,774.77,2025-05-26,3-MEDIUM
2458,331,F,2024.65,2025-02-20,3-MEDIUM
2459,331,F,3360.11,2025-05-13,1-URGENT
2460,331,O,5694.43,2025-05-14,3-MEDIUM
2461,331,P,2877.3,2025-04-12,4-LOW
2462,332,F,4465.63,2025-03-16,2-HIGH
2463,333,P,3452.07,2025-04-19,4-LOW
2464,333,P,6282.5,2025-04-13,1-URGENT
2465,333,F,1002.38,2025-06-07,4-LOW
2466,333,O,4129.24,2025-01-02,4-LOW
2467,333,F,3022.51,2025-02-21,4-LOW
2468,333,F,5107.1,2025-02-14,2-HIGH
2469,333,F,4707.19,2025-01-29,1-URGENT
2470,333,F,3511.55,2025-02-21,2-HIGH
2471,334,F,3451.47,2025-02-18,2-HIGH
2472,334,F,2081.85,2025-04-04,2-HIGH
2473,334,O,299.59,2025-01-03,3-MEDIUM
2474,334,F,6499.07,2025-06-24,2-HIGH
2475,334,F,2550.12,2025-05-21,2-HIGH
2476,335,P,2783.89,2025-05-13,3-MEDIUM
2477,336,P,2620.26,2025-04-05,1-URGENT
2478,336,P,1271.61,2025-01-07,2-HIGH
2479,336,F,1645.22,2025-04-30,1-URGENT
2480,336,O,4927.19,2025-01-13,1-URGENT
2481,336,F,4354.29,2025-02-12,2-HIGH
2482,336,P,5930.63,2025-05-15,4-LOW
2483,336,F,5138.79,2025-05-21,3-MEDIUM
2484,337,F,4145.89,2025-02-24,1-URGENT
2485,338,F,7791.34,2025-03-16,3-MEDIUM
2486,338,P,2512.32,2025-05-04,4-LOW
2487,338,P,515.09,2025-04-01,1-URGENT
2488,338,O,2047.38,2025-06-14,3-MEDIUM
2489,339,O,2145.7,2025-03-25,1-URGENT
2490,339,P,6157.21,2025-05-20,4-LOW
2491,339,O,1826.6,2025-06-14,1-URGENT
2492,339,P,2756.95,2025-03-06,4-LOW
2493,339,O,1381.91,2025-03-12,4-LOW
2494,339,P,235.85,2025-06-25,1-URGENT
2495,340,P,1216.3,2025-01-14,4-LOW
2496,340,F,5939.26,2025-03-28,4-LOW
2497,341,O,5502.82,2025-05-22,1-URGENT
2498,341,F,2864.16,2025-01-29,3-MEDIUM
2499,341,O,1169.3,2025-02-18,1-URGENT
2500,341,F,7002.08,2025-01-11,2-HIGH
2501,341,P,67.2,2025-02-18,2-HIGH
2502,341,F,2494.67,2025-01-16,3-MEDIUM
2503,342,O,5714.35,2025-04-12,2-HIGH
2504,342,P,5103.35,2025-02-04,2-HIGH
2505,342,F,3833.05,2025-06-22,4-LOW
2506,342,P,3185.96,2025-05-23,1-URGENT
2507,342,P,70.11,2025-06-16,4-LOW
2508,343,F,11046.67,2025-06-16,2-HIGH
2509,343,F,8686.32,2025-05-28,4-LOW
2510,343,P,2177.16,2025-04-02,3-MEDIUM
2511,343,O,1876.5,2025-01-18,3-MEDIUM
2512,343,F,5511.9,2025-06-30,1-URGENT
2513,343,P,4651.42,2025-01-11,2-HIGH
2514,343,P,4051.55,2025-03-20,4-LOW
2515,343,P,386.37,2025-01-23,3-MEDIUM
2516,344,F,4277.2,2025-06-22,1-URGENT
2517,344,F,2889.06,2025-01-12,2-HIGH
2518,344,P,1623.08,2025-06-14,3-MEDIUM
2519,344,O,3196.18,2025-02-01,2-HIGH
2520,344,F,1388.53,2025-06-27,4-LOW
2521,345,O,6431.5,2025-05-22,4-LOW
2522,345,O,1108.97,2025-01-10,3-MEDIUM
2523,345,P,5940.57,2025-05-11,1-URGENT
2524,345,P,3566.03,2025-05-26,1-URGENT
2525,345,F,6453.37,2025-01-08,4-LOW
2526,345,O,1801.19,2025-05-13,4-LOW
2527,345,O,885.48,2025-06-08,3-MEDIUM
2528,345,P,3451.73,2025-04-24,3-MEDIUM
2529,346,P,6152.5,2025-01-16,3-MEDIUM
2530,346,P,3625.5,2025-04-19,4-LOW
2531,346,O,3121.66,2025-04-14,2-HIGH
2532,346,F,4167.13,2025-05-11,1-URGENT
2533,346,F,1800.26,2025-06-16,2-HIGH
2534,346,F,3780.12,2025-01-07,2-HIGH
2535,346,O,3708.2,2025-03-09,2-HIGH
2536,346,O,5429.19,2025-03-23,2-HIGH
2537,347,O,724.48,2025-05-11,1-URGENT
2538,347,P,4235.52,2025-06-20,1-URGENT
2539,347,O,1648.32,2025-03-20,4-LOW
2540,348,F,3884.22,2025-05-20,4-LOW
2541,348,P,2245.59,2025-04-01,2-HIGH
2542,348,F,2382.11,2025-02-01,4-LOW
2543,348,F,2466.25,2025-04-28,3-MEDIUM
2544,348,P,5362.38,2025-06-04,3-MEDIUM
2545,349,F,3532.15,2025-05-02,4-LOW
2546,349,P,2964.24,2025-06-16,3-MEDIUM
2547,349,F,2862.12,2025-02-28,4-LOW
2548,350,O,4476.91,2025-04-08,1-URGENT
2549,350,F,1523.7,2025-03-05,1-URGENT
2550,350,F,3611.02,2025-06-06,4-LOW
2551,351,O,674.68,2025-06-05,1-URGENT
2552,352,P,4622.72,2025-03-04,3-MEDIUM
2553,352,P,2277.77,2025-04-22,1-URGENT
2554,352,P,3628.04,2025-06-16,3-MEDIUM
2555,353,F,3335.7,2025-02-02,4-LOW
2556,353,O,1511.46,2025-04-07,4-LOW
2557,353,P,2663.99,2025-05-11,3-MEDIUM
2558,353,P,4331.91,2025-05-29,4-LOW
2559,353,O,4628.7,2025-05-04,2-HIGH
2560,353,O,1686.96,2025-02-23,3-MEDIUM
2561,353,F,2877.12,2025-01-19,2-HIGH
2562,354,O,1336.53,2025-05-31,1-URGENT
2563,354,P,3275.24,2025-03-27,4-LOW
2564,354,O,1347.16,2025-06-13,4-LOW
2565,354,P,2310.45,2025-04-23,1-URGENT
2566,354,O,7539.9,2025-03-14,2-HIGH
2567,354,O,959.88,2025-05-19,4-LOW
2568,355,O,1141.38,2025-06-10,1-URGENT
2569,355,P,2798.57,2025-04-18,2-HIGH
2570,355,F,419.14,2025-06-28,1-URGENT
2571,355,F,5035.31,2025-06-20,3-MEDIUM
2572,356,O,3850.19,2025-04-21,4-LOW
2573,356,F,2733.04,2025-03-24,2-HIGH
2574,356,P,1709.22,2025-02-13,4-LOW
2575,356,F,4108.68,2025-04-17,4-LOW
2576,356,O,3710.97,2025-06-28,3-MEDIUM
2577,356,O,2071.66,2025-04-27,2-HIGH
2578,356,P,1096.56,2025-05-09,4-LOW
2579,356,F,4371.96,2025-06-08,4-LOW
2580,357,P,6583.22,2025-06-27,1-URGENT
2581,358,O,4858.23,2025-02-18,4-LOW
2582,358,P,490.94,2025-04-04,1-URGENT
2583,358,O,1252.03,2025-03-20,3-MEDIUM
2584,358,F,5271.99,2025-02-24,3-MEDIUM
2585,358,P,3529.12,2025-06-03,2-HIGH
2586,358,F,2354.7,2025-02-21,1-URGENT
2587,358,O,4939.17,2025-01-25,2-HIGH
2588,358,P,2539.06,2025-03-07,2-HIGH
2589,359,O,2663.46,2025-03-15,4-LOW
2590,359,F,3833.41,2025-06-03,1-URGENT
2591,359,O,5269.94,2025-03-06,2-HIGH
2592,360,F,5031.2,2025-04-29,2-HIGH
2593,361,F,3444.87,2025-06-20,4-LOW
2594,362,O,504.81,2025-02-12,3-MEDIUM
2595,362,F,4217.14,2025-02-25,2-HIGH
2596,362,F,5950.66,2025-01-18,3-MEDIUM
2597,362,F,7494.5,2025-02-05,1-URGENT
2598,362,F,4110.56,2025-05-05,2-HIGH
2599,362,P,2884.5,2025-05-20,4-LOW
2600,362,O,3807.93,2025-02-09,3-MEDIUM
2601,362,P,3419.13,2025-03-25,3-MEDIUM
2602,363,P,3535.82,2025-03-25,4-LOW
2603,363,O,1818.84,2025-01-15,3-MEDIUM
2604,363,P,4050.76,2025-01-26,3-MEDIUM
2605,364,F,5002.93,2025-03-04,3-MEDIUM
2606,365,F,1013.22,2025-06-11,1-URGENT
2607,365,F,1104.34,2025-04-04,2-HIGH
2608,365,O,2535.57,2025-02-25,1-URGENT
2609,365,F,1485.36,2025-01-12,2-HIGH
2610,366,P,711.4,2025-02-16,3-MEDIUM
2611,366,O,6434.73,2025-06-12,3-MEDIUM
2612,367,O,3192.33,2025-01-19,3-MEDIUM
2613,367,P,3311.5,2025-05-14,1-URGENT
2614,367,F,1425.88,2025-04-06,2-HIGH
2615,367,P,3321.41,2025-04-22,4-LOW
2616,367,P,2682.19,2025-04-21,4-LOW
2617,367,O,2027.87,2025-06-22,1-URGENT
2618,368,P,4362.14,2025-01-01,3-MEDIUM
2619,368,F,6944.77,2025-06-17,2-HIGH
2620,368,F,122.19,2025-05-21,2-HIGH
2621,368,O,2428.38,2025-03-07,1-URGENT
2622,368,P,6035.05,2025-01-17,1-URGENT
2623,368,F,3459.44,2025-06-18,1-URGENT
2624,369,O,4392.98,2025-05-08,4-LOW
2625,369,F,1182.65,2025-04-30,1-URGENT
2626,369,F,1591.68,2025-02-04,3-MEDIUM
2627,369,O,2507.36,2025-05-08,2-HIGH
2628,369,F,6536.92,2025-06-29,3-MEDIUM
2629,369,F,1222.09,2025-02-09,4-LOW
2630,369,O,3881.87,2025-06-26,2-HIGH
2631,370,P,2130.73,2025-04-03,1-URGENT
2632,370,F,2928.89,2025-06-14,3-MEDIUM
2633,370,F,3402.22,2025-03-18,4-LOW
2634,370,O,683.06,2025-01-31,3-MEDIUM
2635,370,P,2466.35,2025-05-26,2-HIGH
2636,370,F,3901.28,2025-05-09,1-URGENT
2637,371,O,7200.31,2025-01-30,1-URGENT
2638,371,F,479.43,2025-02-12,3-MEDIUM
2639,371,P,1289.11,2025-06-08,4-LOW
2640,371,F,1421.42,2025-06-29,3-MEDIUM
2641,371,F,5805.8,2025-03-07,4-LOW
2642,371,P,1490.34,2025-05-09,2-HIGH
2643,371,F,2411.62,2025-04-24,4-LOW
2644,372,O,644.65,2025-06-08,4-LOW
2645,372,F,3704.18,2025-04-30,4-LOW
2646,372,O,6349.45,2025-06-05,2-HIGH
2647,372,P,2188.01,2025-03-06,3-MEDIUM
2648,372,F,5102.82,2025-06-01,1-URGENT
2649,372,O,126.22,2025-05-13,3-MEDIUM
2650,372,P,305.14,2025-01-23,3-MEDIUM
2651,373,F,4113.24,2025-02-26,3-MEDIUM
2652,373,F,3492.33,2025-04-22,2-HIGH
2653,373,O,4914.6,2025-06-16,4-LOW
2654,373,F,708.89,2025-04-18,4-LOW
2655,373,O,6006.75,2025-01-09,2-HIGH
2656,373,P,1601.17,2025-03-06,1-URGENT
2657,374,F,757.08,2025-02-19,2-HIGH
2658,374,O,107.92,2025-05-14,3-MEDIUM
2659,374,O,1931.7,2025-04-21,2-HIGH
2660,375,P,2946.64,2025-03-18,3-MEDIUM
2661,375,O,1878.19,2025-05-26,3-MEDIUM
2662,376,O,6461.94,2025-01-29,2-HIGH
2663,376,O,3601.01,2025-03-17,3-MEDIUM
2664,376,F,1765.06,2025-03-07,4-LOW
2665,376,P,4092.71,2025-01-12,1-URGENT
2666,376,P,2435.52,2025-06-26,3-MEDIUM
2667,376,F,2053.4,2025-06-12,4-LOW
2668,376,O,2412.87,2025-02-15,4-LOW
2669,376,O,3901.16,2025-01-14,4-LOW
2670,377,O,670.18,2025-03-29,3-MEDIUM
2671,378,O,1429.43,2025-05-31,3-MEDIUM
2672,378,P,3447.91,2025-04-14,1-URGENT
2673,378,P,1393.01,2025-06-29,4-LOW
2674,378,O,2609.24,2025-03-30,1-URGENT
2675,379,F,3211.4,2025-05-27,4-LOW
2676,379,F,193.95,2025-02-12,3-MEDIUM
2677,380,F,1738.94,2025-05-01,2-HIGH
2678,380,O,2892.96,2025-02-28,3-MEDIUM
2679,380,P,4096.59,2025-03-04,1-URGENT
2680,381,O,3878.4,2025-02-23,4-LOW
2681,382,F,1944.84,2025-02-14,3-MEDIUM
2682,383,O,5761.93,2025-06-26,3-MEDIUM
2683,383,P,5823.58,2025-06-09,3-MEDIUM
2684,383,F,6213.69,2025-04-16,3-MEDIUM
2685,383,P,1826.28,2025-04-22,3-MEDIUM
2686,383,P,1545.79,2025-06-28,3-MEDIUM
2687,383,P,811.53,2025-05-24,3-MEDIUM
2688,383,P,2362.58,2025-02-27,2-HIGH
2689,383,O,5906.88,2025-06-11,1-URGENT
2690,384,O,2544.68,2025-06-01,3-MEDIUM
2691,385,O,2667.08,2025-02-02,3-MEDIUM
2692,385,F,5766.47,2025-05-29,1-URGENT
2693,385,F,73.12,2025-01-18,2-HIGH
2694,385,P,1992.69,2025-06-13,3-MEDIUM
2695,385,P,3549.1,2025-03-17,2-HIGH
2696,385,F,858.58,2025-02-12,3-MEDIUM
2697,385,F,8621.65,2025-06-29,2-HIGH
2698,386,O,5188.28,2025-01-15,3-MEDIUM
2699,386,F,1657.91,2025-04-02,2-HIGH
2700,386,O,4150.83,2025-01-29,2-HIGH
2701,386,O,3865.22,2025-04-24,3-MEDIUM
2702,386,O,2676.11,2025-03-23,4-LOW
2703,386,O,4292.37,2025-05-30,2-HIGH
2704,386,F,4324.54,2025-06-09,3-MEDIUM
2705,387,O,695.34,2025-06-23,2-HIGH
2706,387,P,5726.72,2025-02-11,4-LOW
2707,387,P,1202.51,2025-02-18,1-URGENT
2708,387,O,1613.63,2025-05-11,1-URGENT
2709,387,O,1847.3,2025-03-29,3-MEDIUM
2710,388,F,3121.3,2025-01-01,1-URGENT
2711,388,P,1667.16,2025-04-20,4-LOW
2712,388,O,3000.52,2025-05-18,3-MEDIUM
2713,388,P,4440.51,2025-04-23,2-HIGH
2714,388,P,438.75,2025-04-14,3-MEDIUM
2715,389,O,1714.22,2025-06-11,1-URGENT
2716,389,O,4695.11,2025-04-16,2-HIGH
2717,390,P,3926.02,2025-05-11,3-MEDIUM
2718,391,O,1567.04,2025-04-08,2-HIGH
2719,391,P,3012.19,2025-01-15,2-HIGH
2720,392,F,499.29,2025-02-13,3-MEDIUM
2721,392,F,2035.06,2025-06-18,2-HIGH
2722,392,F,2121.21,2025-06-24,3-MEDIUM
2723,392,F,1554.62,2025-06-05,4-LOW
2724,392,O,3397.37,2025-02-13,4-LOW
2725,392,P,5495.41,2025-02-27,1-URGENT
2726,392,O,162.59,2025-05-30,1-URGENT
2727,392,F,5708.06,2025-02-13,1-URGENT
2728,393,F,1956.22,2025-01-02,4-LOW
2729,393,O,5451.44,2025-01-01,2-HIGH
2730,393,P,555.7,2025-05-24,3-MEDIUM
2731,393,O,3159.21,2025-05-14,1-URGENT
2732,393,F,4008.23,2025-02-23,3-MEDIUM
2733,393,P,2920.39,2025-06-07,1-URGENT
2734,393,F,3782.17,2025-04-13,1-URGENT
2735,394,P,6460.35,2025-01-09,3-MEDIUM
2736,394,F,4333.15,2025-05-31,1-URGENT
2737,395,F,2148.8,2025-06-30,3-MEDIUM
2738,396,F,722.92,2025-04-16,1-URGENT
2739,396,F,5955.15,2025-05-15,2-HIGH
2740,396,P,2650.79,2025-05-11,4-LOW
2741,396,O,3515.84,2025-06-15,1-URGENT
2742,396,F,2211.18,2025-03-17,1-URGENT
2743,396,F,3374.16,2025-01-01,4-LOW
2744,397,P,4912.29,2025-02-10,1-URGENT
2745,397,O,2279.82,2025-03-05,1-URGENT
2746,397,O,2493.13,2025-03-14,4-LOW
2747,397,O,4265.15,2025-04-21,4-LOW
2748,397,P,3715.87,2025-01-19,4-LOW
2749,397,O,1049.2,2025-01-09,3-MEDIUM
2750,397,O,141.56,2025-04-06,2-HIGH
2751,397,O,1093.03,2025-03-31,3-MEDIUM
2752,398,O,2479.7,2025-05-17,4-LOW
2753,398,O,2181.6,2025-04-13,2-HIGH
2754,398,P,3446.38,2025-05-14,3-MEDIUM
2755,398,P,851.67,2025-05-07,4-LOW
2756,398,P,6495.1,2025-03-23,2-HIGH
2757,398,P,3120.36,2025-04-24,1-URGENT
2758,398,P,154.8,2025-06-17,1-URGENT
2759,399,P,155.06,2025-03-29,1-URGENT
2760,400,P,1156.54,2025-06-01,1-URGENT
2761,400,F,3731.33,2025-02-05,1-URGENT
2762,400,P,1485.83,2025-05-24,3-MEDIUM
2763,400,O,398.79,2025-06-25,3-MEDIUM
2764,400,F,2995.54,2025-05-12,1-URGENT
2765,400,O,731.92,2025-05-09,4-LOW
2766,400,F,3705.46,2025-06-30,3-MEDIUM
2767,401,F,4348.62,2025-04-16,1-URGENT
2768,401,O,4723.81,2025-04-21,4-LOW
2769,401,P,1567.77,2025-05-17,2-HIGH
2770,402,P,1929.73,2025-02-27,3-MEDIUM
2771,402,P,2432.54,2025-03-03,1-URGENT
2772,402,P,2620.84,2025-03-06,2-HIGH
2773,402,P,892.12,2025-06-01,2-HIGH
2774,402,F,3024.91,2025-04-25,3-MEDIUM
2775,402,P,5185.48,2025-02-18,2-HIGH
2776,402,P,5096.39,2025-06-29,2-HIGH
2777,402,F,5425.0,2025-05-26,4-LOW
2778,403,O,8136.61,2025-02-24,4-LOW
2779,403,F,1002.46,2025-01-12,1-URGENT
2780,403,F,1478.19,2025-01-15,4-LOW
2781,403,P,3362.28,2025-06-11,3-MEDIUM
2782,403,P,3395.94,2025-04-29,2-HIGH
2783,403,P,1350.94,2025-02-24,3-MEDIUM
2784,403,P,137.51,2025-06-15,4-LOW
2785,403,P,388.77,2025-06-11,2-HIGH
2786,404,P,4544.41,2025-04-11,4-LOW
2787,404,F,3452.37,2025-02-09,3-MEDIUM
2788,404,F,2946.15,2025-04-17,1-URGENT
2789,404,O,324.43,2025-03-28,4-LOW
2790,404,O,5924.87,2025-06-23,1-URGENT
2791,405,P,6658.56,2025-06-11,2-HIGH
2792,405,P,7191.4,2025-01-23,2-HIGH
2793,405,F,3681.26,2025-01-06,2-HIGH
2794,405,F,7049.77,2025-06-29,3-MEDIUM
2795,405,P,4339.46,2025-02-06,4-LOW
2796,405,P,1842.82,2025-01-03,1-URGENT
2797,405,O,9201.15,2025-01-29,1-URGENT
2798,405,O,6803.29,2025-02-26,2-HIGH
2799,406,O,1745.97,2025-02-25,4-LOW
2800,406,O,6250.32,2025-03-23,1-URGENT
2801,406,O,4074.83,2025-01-30,1-URGENT
2802,407,F,3258.88,2025-04-26,1-URGENT
2803,407,F,7539.63,2025-06-03,4-LOW
2804,407,F,453.47,2025-06-01,2-HIGH
2805,407,O,5120.27,2025-02-28,4-LOW
2806,407,P,3494.61,2025-02-19,3-MEDIUM
2807,407,F,4907.75,2025-06-29,4-LOW
2808,408,O,1161.34,2025-04-04,1-URGENT
2809,408,O,3596.17,2025-02-16,2-HIGH
2810,408,O,4035.67,2025-04-28,4-LOW
2811,408,F,5852.62,2025-01-09,3-MEDIUM
2812,408,O,1152.4,2025-06-05,4-LOW
2813,409,F,5202.83,2025-05-04,3-MEDIUM
2814,409,O,7647.01,2025-03-08,2-HIGH
2815,409,O,70.76,2025-06-18,2-HIGH
2816,410,F,2366.77,2025-03-25,4-LOW
2817,410,F,2452.07,2025-01-05,3-MEDIUM
2818,410,F,2688.95,2025-04-22,1-URGENT
2819,410,P,5829.69,2025-05-27,1-URGENT
2820,410,O,5230.98,2025-02-12,3-MEDIUM
2821,410,O,1172.57,2025-03-11,4-LOW
2822,411,O,133.7,2025-05-07,2-HIGH
2823,411,P,4323.46,2025-04-23,1-URGENT
2824,411,O,2452.42,2025-01-14,1-URGENT
2825,411,O,4017.42,2025-04-14,4-LOW
2826,411,P,3058.85,2025-04-04,1-URGENT
2827,411,P,681.25,2025-04-30,2-HIGH
2828,411,O,4884.61,2025-01-22,3-MEDIUM
2829,412,F,2822.21,2025-06-18,1-URGENT
2830,412,O,2324.98,2025-01-31,3-MEDIUM
2831,413,P,1319.46,2025-02-06,4-LOW
2832,413,O,3388.46,2025-06-20,3-MEDIUM
2833,413,P,931.45,2025-03-12,2-HIGH
2834,413,O,526.14,2025-02-18,2-HIGH
2835,414,O,7767.72,2025-03-05,2-HIGH
2836,414,P,4995.08,2025-04-09,4-LOW
2837,415,P,1934.17,2025-06-04,1-URGENT
2838,415,O,4821.27,2025-01-28,4-LOW
2839,415,P,2574.32,2025-01-15,1-URGENT
2840,415,O,5010.06,2025-05-04,1-URGENT
2841,415,P,4139.77,2025-02-06,4-LOW
2842,416,F,2092.22,2025-04-20,1-URGENT
2843,416,P,2687.31,2025-06-06,4-LOW
2844,416,O,1145.09,2025-03-16,1-URGENT
2845,417,F,1721.85,2025-06-04,2-HIGH
2846,418,O,2069.98,2025-06-16,3-MEDIUM
2847,418,F,4341.34,2025-03-26,2-HIGH
2848,418,P,4159.43,2025-05-02,2-HIGH
2849,419,P,1344.49,2025-05-20,2-HIGH
2850,419,O,2115.04,2025-06-30,1-URGENT
2851,419,O,2464.49,2025-01-13,1-URGENT
2852,419,F,4979.64,2025-02-28,2-HIGH
2853,419,F,3062.7,2025-06-03,1-URGENT
2854,419,P,2419.93,2025-01-08,2-HIGH
2855,420,F,2890.93,2025-03-17,2-HIGH
2856,420,O,725.39,2025-03-31,2-HIGH
2857,420,F,3553.64,2025-05-22,2-HIGH
2858,421,P,6151.09,2025-01-24,1-URGENT
2859,421,F,661.59,2025-01-08,4-LOW
2860,421,O,3127.95,2025-03-04,3-MEDIUM
2861,421,O,1065.55,2025-03-13,2-HIGH
2862,421,P,983.92,2025-02-06,3-MEDIUM
2863,422,O,1029.4,2025-04-19,3-MEDIUM
2864,422,P,2341.33,2025-06-10,3-MEDIUM
2865,423,F,4175.53,2025-03-07,3-MEDIUM
2866,423,P,865.14,2025-01-27,1-URGENT
2867,423,P,4037.79,2025-05-20,1-URGENT
2868,423,P,4338.97,2025-03-02,3-MEDIUM
2869,423,O,1073.19,2025-04-03,2-HIGH
2870,423,P,1873.97,2025-01-05,1-URGENT
2871,423,P,4497.98,2025-06-14,1-URGENT
2872,424,F,2827.26,2025-04-20,1-URGENT
2873,424,F,2130.86,2025-05-05,4-LOW
2874,425,F,3522.11,2025-02-18,2-HIGH
2875,425,F,5619.29,2025-06-16,4-LOW
2876,425,O,3939.88,2025-05-06,2-HIGH
2877,425,P,2282.01,2025-03-08,4-LOW
2878,425,P,3272.15,2025-03-05,3-MEDIUM
2879,425,P,968.4,2025-04-07,1-URGENT
2880,425,F,3571.64,2025-01-28,2-HIGH
2881,425,O,2943.04,2025-04-04,3-MEDIUM
2882,426,O,3207.04,2025-03-01,3-MEDIUM
2883,426,P,3365.09,2025-05-12,4-LOW
2884,426,P,4634.55,2025-04-16,4-LOW
2885,426,F,881.46,2025-02-22,1-URGENT
2886,426,F,3392.09,2025-02-05,1-URGENT
2887,426,O,1792.78,2025-03-24,1-URGENT
2888,427,O,5924.21,2025-06-09,3-MEDIUM
2889,428,O,3101.53,2025-02-17,1-URGENT
2890,428,P,5025.5,2025-05-08,3-MEDIUM
2891,428,F,84.98,2025-05-13,3-MEDIUM
2892,428,O,2765.62,2025-04-16,3-MEDIUM
2893,428,O,799.85,2025-03-14,4-LOW
2894,429,F,1403.11,2025-01-23,1-URGENT
2895,429,P,1929.27,2025-01-31,3-MEDIUM
2896,430,P,3647.79,2025-05-04,4-LOW
2897,430,O,1328.93,2025-04-08,4-LOW
2898,430,O,6394.99,2025-04-24,2-HIGH
2899,430,F,1540.71,2025-05-28,3-MEDIUM
2900,430,P,4114.01,2025-05-29,2-HIGH
2901,431,O,1035.09,2025-03-24,2-HIGH
2902,432,O,6005.53,2025-04-22,4-LOW
2903,432,O,5693.98,2025-01-04,3-MEDIUM
2904,432,O,2707.02,2025-05-04,1-URGENT
2905,432,O,151.53,2025-01-15,2-HIGH
2906,432,F,8130.43,2025-06-08,3-MEDIUM
2907,432,P,1054.22,2025-03-27,1-URGENT
2908,432,F,2422.05,2025-05-23,3-MEDIUM
2909,432,O,4544.12,2025-04-01,2-HIGH
2910,433,O,2000.7,2025-03-29,2-HIGH
2911,433,P,771.26,2025-06-06,4-LOW
2912,433,F,4687.89,2025-05-03,1-URGENT
2913,434,O,4772.84,2025-05-27,3-MEDIUM
2914,434,F,4597.16,2025-06-17,2-HIGH
2915,434,P,3432.49,2025-03-16,2-HIGH
2916,435,O,3149.96,2025-05-03,2-HIGH
2917,435,O,3832.38,2025-06-08,2-HIGH
2918,435,F,6280.95,2025-06-02,1-URGENT
2919,435,F,246.53,2025-01-06,3-MEDIUM
2920,435,P,3045.52,2025-03-13,2-HIGH
2921,435,F,2003.2,2025-06-08,4-LOW
2922,435,F,203.23,2025-02-26,4-LOW
2923,435,O,6618.44,2025-01-24,4-LOW
2924,436,F,3987.05,2025-04-16,2-HIGH
2925,436,F,1949.88,2025-05-23,1-URGENT
2926,436,O,4796.31,2025-02-18,3-MEDIUM
2927,437,F,2572.08,2025-06-19,4-LOW
2928,437,O,1125.99,2025-05-06,4-LOW
2929,437,P,1217.54,2025-03-18,3-MEDIUM
2930,437,F,3105.68,2025-03-30,1-URGENT
2931,437,O,6574.15,2025-01-02,4-LOW
2932,438,F,2683.52,2025-03-24,1-URGENT
2933,438,O,2023.38,2025-01-12,4-LOW
2934,439,P,1343.64,2025-06-09,4-LOW
2935,439,O,3931.76,2025-06-25,1-URGENT
2936,439,P,1820.42,2025-04-02,4-LOW
2937,439,P,2853.54,2025-01-13,4-LOW
2938,439,O,3099.65,2025-02-01,4-LOW
2939,439,F,226.81,2025-05-05,2-HIGH
2940,440,F,8828.03,2025-04-10,3-MEDIUM
2941,441,P,5127.62,2025-01-16,2-HIGH
2942,441,P,3459.2,2025-04-30,1-URGENT
2943,441,O,2490.71,2025-01-02,1-URGENT
2944,441,O,6585.02,2025-05-06,3-MEDIUM
2945,441,O,1314.91,2025-02-17,1-URGENT
2946,441,F,3141.67,2025-04-30,1-URGENT
2947,441,P,2709.84,2025-01-11,3-MEDIUM
2948,442,P,1788.58,2025-05-11,4-LOW
2949,442,O,415.32,2025-04-16,2-HIGH
2950,442,P,3854.42,2025-05-03,2-HIGH
2951,442,O,2391.28,2025-02-23,4-LOW
2952,443,P,4641.26,2025-04-05,1-URGENT
2953,443,F,268.64,2025-06-19,4-LOW
2954,444,P,2872.3,2025-04-08,4-LOW
2955,444,O,1420.14,2025-04-16,1-URGENT
2956,444,O,4529.58,2025-06-05,2-HIGH
2957,444,O,10166.97,2025-06-16,1-URGENT
2958,444,P,1299.85,2025-01-20,4-LOW
2959,444,O,4608.11,2025-01-16,2-HIGH
2960,444,O,403.44,2025-06-12,2-HIGH
2961,445,F,4425.12,2025-04-17,3-MEDIUM
2962,445,F,2913.79,2025-03-03,4-LOW
2963,445,F,2890.87,2025-06-12,1-URGENT
2964,445,P,4862.85,2025-01-10,3-MEDIUM
2965,445,O,2168.89,2025-06-19,3-MEDIUM
2966,445,P,4837.33,2025-02-11,2-HIGH
2967,445,P,5676.98,2025-02-04,2-HIGH
2968,446,P,3987.82,2025-06-16,1-URGENT
2969,446,P,1722.7,2025-03-15,4-LOW
2970,446,F,3877.12,2025-01-22,1-URGENT
2971,446,O,1222.2,2025-02-20,1-URGENT
2972,446,P,4614.38,2025-04-25,1-URGENT
2973,446,O,3298.86,2025-06-21,4-LOW
2974,446,F,3253.05,2025-01-21,4-LOW
2975,446,O,3647.32,2025-05-24,4-LOW
2976,447,F,1726.74,2025-03-17,3-MEDIUM
2977,447,O,4393.78,2025-03-14,1-URGENT
2978,447,F,8790.62,2025-03-16,3-MEDIUM
2979,447,F,1687.68,2025-05-16,3-MEDIUM
2980,447,P,4092.28,2025-02-25,1-URGENT
2981,448,P,3316.98,2025-06-08,1-URGENT
2982,448,F,4927.64,2025-04-29,4-LOW
2983,448,O,4635.67,2025-05-07,1-URGENT
2984,448,O,2965.21,2025-05-13,3-MEDIUM
2985,448,F,3539.81,2025-04-18,3-MEDIUM
2986,448,P,1416.09,2025-02-28,1-URGENT
2987,449,O,729.2,2025-04-29,4-LOW
2988,449,O,5122.54,2025-01-12,2-HIGH
2989,450,P,3522.44,2025-05-07,4-LOW
2990,450,O,4202.57,2025-02-17,2-HIGH
2991,450,P,2195.85,2025-01-30,4-LOW
2992,450,O,1727.46,2025-01-20,3-MEDIUM
2993,451,P,378.06,2025-03-31,1-URGENT
2994,451,O,1516.26,2025-02-03,1-URGENT
2995,451,P,5702.71,2025-03-27,1-URGENT
2996,452,F,2355.08,2025-04-03,4-LOW
2997,452,F,1205.64,2025-02-08,2-HIGH
2998,452,P,3062.25,2025-01-31,3-MEDIUM
2999,452,P,2008.7,2025-05-16,1-URGENT
3000,452,O,5487.72,2025-01-31,1-URGENT
3001,452,P,4640.02,2025-05-12,4-LOW
3002,452,O,3613.99,2025-04-23,1-URGENT
3003,453,P,3814.03,2025-04-08,4-LOW
3004,453,P,2254.32,2025-01-28,3-MEDIUM
3005,453,O,3614.93,2025-01-13,3-MEDIUM
3006,453,P,5154.38,2025-06-30,1-URGENT
3007,453,O,3810.23,2025-04-19,1-URGENT
3008,453,O,27.81,2025-01-01,4-LOW
3009,454,O,5005.34,2025-03-13,1-URGENT
3010,454,P,4717.01,2025-02-08,3-MEDIUM
3011,454,F,556.61,2025-06-03,1-URGENT
3012,455,O,4872.62,2025-02-07,4-LOW
3013,455,F,448.1,2025-03-03,1-URGENT
3014,455,F,4756.28,2025-04-05,1-URGENT
3015,456,F,6283.87,2025-03-25,4-LOW
3016,456,O,3769.14,2025-04-26,1-URGENT
3017,456,P,1153.98,2025-04-01,2-HIGH
3018,456,F,3683.61,2025-04-05,2-HIGH
3019,456,F,7157.54,2025-06-26,3-MEDIUM
3020,456,O,3950.77,2025-06-18,2-HIGH
3021,456,O,551.13,2025-06-03,3-MEDIUM
3022,457,F,6763.11,2025-06-07,2-HIGH
3023,457,P,7438.91,2025-06-10,1-URGENT
3024,457,F,1889.48,2025-02-22,4-LOW
3025,458,F,1305.91,2025-02-04,1-URGENT
3026,458,F,6966.94,2025-01-15,3-MEDIUM
3027,458,O,4624.93,2025-06-27,4-LOW
3028,458,P,3448.08,2025-01-21,3-MEDIUM
3029,458,P,4161.46,2025-04-12,1-URGENT
3030,458,P,2248.31,2025-05-25,1-URGENT
3031,458,F,1704.99,2025-05-06,2-HIGH
3032,458,O,1046.29,2025-05-28,3-MEDIUM
3033,459,F,1277.68,2025-03-28,1-URGENT
3034,459,O,6882.33,2025-06-13,2-HIGH
3035,460,F,3549.42,2025-01-27,4-LOW
3036,460,P,5953.98,2025-01-26,1-URGENT
3037,460,P,1935.88,2025-04-29,4-LOW
3038,460,F,133.06,2025-05-18,4-LOW
3039,460,P,3826.45,2025-02-28,4-LOW
3040,461,O,6391.1,2025-01-17,3-MEDIUM
3041,461,P,815.74,2025-01-24,1-URGENT
3042,461,O,2641.07,2025-01-15,1-URGENT
3043,461,F,2252.4,2025-02-21,1-URGENT
3044,462,P,3012.17,2025-05-21,3-MEDIUM
3045,462,P,5592.95,2025-05-20,2-HIGH
3046,462,F,912.87,2025-03-08,3-MEDIUM
3047,462,P,2185.42,2025-01-04,2-HIGH
3048,462,P,571.55,2025-05-25,1-URGENT
3049,462,P,746.36,2025-05-16,2-HIGH
3050,463,F,1804.2,2025-01-04,2-HIGH
3051,463,P,75.42,2025-01-17,1-URGENT
3052,463,P,3777.45,2025-04-28,1-URGENT
3053,463,F,4836.03,2025-04-22,4-LOW
3054,464,O,1999.96,2025-03-25,4-LOW
3055,465,P,4804.14,2025-04-09,1-URGENT
3056,465,F,2472.22,2025-03-05,1-URGENT
3057,465,F,1073.59,2025-04-16,1-URGENT
3058,465,P,5871.87,2025-03-07,4-LOW
3059,465,O,431.72,2025-02-15,4-LOW
3060,465,O,6999.36,2025-06-20,3-MEDIUM
3061,465,F,2606.38,2025-01-17,4-LOW
3062,465,O,2970.07,2025-02-21,1-URGENT
3063,466,P,494.93,2025-02-20,4-LOW
3064,466,P,3219.7,2025-02-03,2-HIGH
3065,466,P,3236.81,2025-04-15,1-URGENT
3066,466,P,222.47,2025-05-07,3-MEDIUM
3067,466,F,3475.52,2025-05-11,1-URGENT
3068,466,P,3920.68,2025-02-27,1-URGENT
3069,466,F,908.72,2025-04-18,2-HIGH
3070,466,O,1650.89,2025-06-27,4-LOW
3071,467,O,4572.67,2025-03-20,3-MEDIUM
3072,467,O,1395.19,2025-04-26,4-LOW
3073,467,P,662.72,2025-06-16,3-MEDIUM
3074,467,O,774.86,2025-04-03,4-LOW
3075,467,O,665.12,2025-02-26,4-LOW
3076,467,O,6728.1,2025-02-26,3-MEDIUM
3077,467,F,2361.94,2025-06-08,4-LOW
3078,467,F,2471.35,2025-01-28,1-URGENT
3079,468,F,9037.3,2025-01-04,4-LOW
3080,468,F,484.21,2025-05-14,4-LOW
3081,469,P,4078.44,2025-01-30,1-URGENT
3082,469,O,4670.94,2025-03-16,3-MEDIUM
3083,469,F,4846.35,2025-01-06,3-MEDIUM
3084,469,P,3050.51,2025-06-25,1-URGENT
3085,469,O,6290.68,2025-05-25,2-HIGH
3086,470,O,2701.86,2025-05-02,2-HIGH
3087,471,O,4670.44,2025-03-02,4-LOW
3088,471,F,1041.6,2025-04-26,1-URGENT
3089,472,P,9727.71,2025-03-18,2-HIGH
3090,472,O,807.44,2025-05-25,1-URGENT
3091,472,P,916.18,2025-06-09,3-MEDIUM
3092,472,O,436.19,2025-03-13,2-HIGH
3093,472,P,3958.86,2025-02-08,4-LOW
3094,473,P,1898.79,2025-03-03,4-LOW
3095,474,O,7005.53,2025-05-17,4-LOW
3096,474,O,4049.74,2025-03-04,1-URGENT
3097,474,O,9447.69,2025-04-15,2-HIGH
3098,474,P,6118.94,2025-02-03,1-URGENT
3099,474,O,1561.68,2025-03-05,4-LOW
3100,474,F,581.24,2025-04-18,1-URGENT
3101,475,F,3075.76,2025-02-04,3-MEDIUM
3102,475,O,4536.75,2025-03-03,3-MEDIUM
3103,475,P,2683.59,2025-03-04,2-HIGH
3104,475,F,8844.74,2025-03-19,1-URGENT
3105,475,P,3029.42,2025-05-10,3-MEDIUM
3106,475,P,3417.75,2025-03-10,4-LOW
3107,476,F,674.77,2025-03-03,1-URGENT
3108,476,O,145.59,2025-06-02,3-MEDIUM
3109,476,P,3780.15,2025-02-23,1-URGENT
3110,476,O,3047.88,2025-06-09,2-HIGH
3111,476,O,1486.39,2025-05-08,3-MEDIUM
3112,476,O,8891.73,2025-05-19,3-MEDIUM
3113,477,O,5402.54,2025-04-26,3-MEDIUM
3114,478,F,6517.14,2025-06-20,2-HIGH
3115,479,P,5487.83,2025-03-10,1-URGENT
3116,479,F,4952.04,2025-04-12,3-MEDIUM
3117,479,F,474.84,2025-01-21,2-HIGH
3118,479,F,4087.71,2025-05-07,3-MEDIUM
3119,479,O,3701.06,2025-04-11,1-URGENT
3120,480,O,1895.25,2025-01-27,1-URGENT
3121,481,O,2526.75,2025-03-26,3-MEDIUM
3122,481,F,3254.97,2025-05-06,1-URGENT
3123,481,O,4106.1,2025-01-07,2-HIGH
3124,481,F,2581.59,2025-02-06,2-HIGH
3125,481,P,1535.1,2025-01-14,3-MEDIUM
3126,481,P,1463.53,2025-02-12,3-MEDIUM
3127,481,P,1241.88,2025-04-12,3-MEDIUM
3128,482,O,1331.32,2025-02-08,4-LOW
3129,482,O,6044.0,2025-06-15,4-LOW
3130,482,P,2718.16,2025-04-08,4-LOW
3131,482,P,2339.14,2025-06-15,1-URGENT
3132,482,O,6674.56,2025-06-29,1-URGENT
3133,482,O,2242.94,2025-05-28,1-URGENT
3134,483,O,1597.32,2025-04-15,2-HIGH
3135,483,F,8812.95,2025-03-16,2-HIGH
3136,483,F,2297.41,2025-02-22,2-HIGH
3137,483,O,5753.33,2025-03-06,3-MEDIUM
3138,484,O,1534.21,2025-06-11,3-MEDIUM
3139,484,O,6419.08,2025-04-17,4-LOW
3140,484,O,512.24,2025-05-19,1-URGENT
3141,485,P,5676.75,2025-05-05,4-LOW
3142,485,P,3842.42,2025-02-26,1-URGENT
3143,486,O,894.3,2025-02-04,4-LOW
3144,486,P,7804.21,2025-03-24,4-LOW
3145,487,F,3280.32,2025-04-14,3-MEDIUM
3146,488,P,3841.78,2025-06-21,1-URGENT
3147,489,F,1081.67,2025-05-27,2-HIGH
3148,489,F,2297.71,2025-01-16,4-LOW
3149,489,P,3225.23,2025-02-25,3-MEDIUM
3150,489,P,4948.69,2025-06-17,3-MEDIUM
3151,489,O,4369.47,2025-05-12,2-HIGH
3152,489,P,8732.01,2025-05-30,1-URGENT
3153,489,P,3824.39,2025-06-10,2-HIGH
3154,490,F,29.43,2025-05-07,2-HIGH
3155,491,P,4856.9,2025-03-15,2-HIGH
3156,491,P,4483.77,2025-01-27,3-MEDIUM
3157,491,F,3637.09,2025-03-10,4-LOW
3158,491,P,149.12,2025-04-28,3-MEDIUM
3159,491,F,1013.95,2025-06-23,2-HIGH
3160,491,O,3196.65,2025-02-17,4-LOW
3161,491,P,4305.75,2025-04-09,3-MEDIUM
3162,491,P,3275.21,2025-03-15,4-LOW
3163,492,P,5140.96,2025-01-17,1-URGENT
3164,492,O,2269.84,2025-01-20,4-LOW
3165,493,O,2935.89,2025-04-24,4-LOW
3166,493,F,5603.38,2025-01-26,3-MEDIUM
3167,493,P,1528.16,2025-03-22,1-URGENT
3168,493,P,544.5,2025-03-24,2-HIGH
3169,493,F,2623.69,2025-05-06,3-MEDIUM
3170,493,P,2934.78,2025-04-06,1-URGENT
3171,493,O,4588.76,2025-05-14,2-HIGH
3172,494,O,2373.12,2025-03-27,1-URGENT
3173,494,F,2203.07,2025-06-24,4-LOW
3174,494,F,963.86,2025-05-21,4-LOW
3175,494,P,2236.75,2025-02-20,4-LOW
3176,495,O,3093.43,2025-03-07,1-URGENT
3177,495,F,5022.94,2025-04-04,2-HIGH
3178,495,F,3356.84,2025-05-23,3-MEDIUM
3179,496,P,6924.07,2025-03-30,3-MEDIUM
3180,496,F,5310.58,2025-01-17,1-URGENT
3181,496,P,157.77,2025-02-10,4-LOW
3182,496,O,1501.11,2025-03-15,3-MEDIUM
3183,496,F,830.81,2025-02-03,1-URGENT
3184,496,P,1276.57,2025-02-11,3-MEDIUM
3185,496,F,2713.45,2025-03-24,4-LOW
3186,497,F,2513.26,2025-04-07,1-URGENT
3187,497,P,4249.71,2025-05-20,2-HIGH
3188,497,F,1844.7,2025-05-09,3-MEDIUM
3189,497,O,1076.07,2025-01-11,1-URGENT
3190,498,F,1607.09,2025-06-28,3-MEDIUM
3191,498,P,589.37,2025-05-30,3-MEDIUM
3192,498,O,5325.13,2025-01-09,3-MEDIUM
3193,498,P,8902.9,2025-03-18,4-LOW
3194,499,F,1094.13,2025-02-14,3-MEDIUM
3195,500,P,2142.73,2025-04-18,1-URGENT
3196,500,F,2734.11,2025-01-18,3-MEDIUM
3197,500,P,479.71,2025-04-04,2-HIGH
3198,500,P,5273.69,2025-04-13,3-MEDIUM
3199,500,F,3534.1,2025-01-10,1-URGENT
3200,500,O,1522.59,2025-01-14,1-URGENT
3201,500,F,1039.03,2025-06-03,2-HIGH
3202,500,F,2786.36,2025-04-10,4-LOW
3203,501,F,364.77,2025-03-27,1-URGENT
3204,501,P,867.86,2025-02-23,3-MEDIUM
3205,502,O,536.85,2025-02-17,3-MEDIUM
3206,502,P,5330.75,2025-03-24,1-URGENT
3207,502,O,177.43,2025-02-28,2-HIGH
3208,502,P,2343.92,2025-01-20,1-URGENT
3209,502,O,2588.01,2025-05-14,4-LOW
3210,502,O,2309.99,2025-02-08,3-MEDIUM
3211,502,P,4337.31,2025-05-17,4-LOW
3212,502,O,3619.84,2025-04-09,4-LOW
3213,503,P,2277.96,2025-04-09,1-URGENT
3214,503,F,330.13,2025-04-19,1-URGENT
3215,503,P,6875.07,2025-05-26,2-HIGH
3216,503,O,100.75,2025-01-03,3-MEDIUM
3217,503,P,4270.97,2025-01-13,1-URGENT
3218,503,O,1728.7,2025-04-05,4-LOW
3219,503,O,5988.56,2025-06-12,1-URGENT
3220,504,O,5263.96,2025-01-31,4-LOW
3221,504,P,2490.04,2025-05-18,2-HIGH
3222,505,O,2739.0,2025-06-19,4-LOW
3223,505,F,322.96,2025-05-07,1-URGENT
3224,505,F,6993.68,2025-03-03,3-MEDIUM
3225,505,P,1157.17,2025-06-01,3-MEDIUM
3226,505,O,5274.26,2025-02-16,3-MEDIUM
3227,506,O,5753.17,2025-06-21,4-LOW
3228,506,F,2711.6,2025-02-27,4-LOW
3229,506,P,1750.82,2025-02-12,4-LOW
3230,506,O,4977.38,2025-01-23,1-URGENT
3231,507,P,6018.46,2025-06-10,3-MEDIUM
3232,508,O,5323.06,2025-05-14,1-URGENT
3233,509,F,5396.75,2025-03-30,2-HIGH
3234,509,O,875.76,2025-03-06,3-MEDIUM
3235,510,P,1240.36,2025-03-19,4-LOW
3236,510,O,3950.75,2025-05-11,4-LOW
3237,511,O,1208.02,2025-03-13,1-URGENT
3238,511,P,2887.67,2025-04-17,1-URGENT
3239,511,O,3173.92,2025-04-03,4-LOW
3240,511,F,545.49,2025-04-07,3-MEDIUM
3241,511,P,3059.14,2025-02-21,3-MEDIUM
3242,511,F,7355.46,2025-03-11,1-URGENT
3243,511,O,1471.94,2025-06-08,3-MEDIUM
3244,511,O,3624.8,2025-01-09,3-MEDIUM
3245,512,P,3450.14,2025-03-03,3-MEDIUM
3246,512,P,4844.28,2025-01-07,2-HIGH
3247,512,F,1597.06,2025-04-26,4-LOW
3248,512,F,4105.84,2025-04-14,2-HIGH
3249,512,O,5668.35,2025-04-12,4-LOW
3250,513,O,3402.0,2025-05-13,3-MEDIUM
3251,513,O,1600.65,2025-02-02,3-MEDIUM
3252,513,P,398.31,2025-02-16,1-URGENT
3253,513,O,2455.51,2025-06-04,1-URGENT
3254,513,F,2466.02,2025-06-05,2-HIGH
3255,514,F,1981.2,2025-02-27,3-MEDIUM
3256,515,P,2014.1,2025-03-16,3-MEDIUM
3257,515,O,8077.2,2025-02-19,4-LOW
3258,516,O,917.6,2025-06-12,1-URGENT
3259,516,F,664.9,2025-06-07,2-HIGH
3260,516,F,3944.59,2025-06-11,3-MEDIUM
3261,517,P,3607.28,2025-06-20,3-MEDIUM
3262,518,O,5874.77,2025-06-24,3-MEDIUM
3263,518,P,2258.88,2025-01-21,4-LOW
3264,518,O,4904.2,2025-01-18,2-HIGH
3265,518,F,2268.69,2025-05-26,1-URGENT
3266,518,F,1114.75,2025-01-01,4-LOW
3267,518,P,5864.07,2025-03-30,4-LOW
3268,519,O,4435.55,2025-05-22,3-MEDIUM
3269,519,O,2042.23,2025-01-21,2-HIGH
3270,519,O,1157.1,2025-04-13,4-LOW
3271,519,P,298.55,2025-05-10,4-LOW
3272,519,P,1872.98,2025-01-04,1-URGENT
3273,520,O,2447.94,2025-02-22,1-URGENT
3274,520,P,2018.77,2025-01-15,1-URGENT
3275,520,P,2871.75,2025-01-10,3-MEDIUM
3276,520,F,7826.17,2025-03-23,3-MEDIUM
3277,520,P,1319.62,2025-01-10,4-LOW
3278,520,F,1769.53,2025-01-20,1-URGENT
3279,521,P,1705.25,2025-02-17,2-HIGH
3280,521,P,4825.3,2025-05-10,1-URGENT
3281,521,O,5437.93,2025-02-09,3-MEDIUM
3282,521,F,5948.86,2025-03-28,3-MEDIUM
3283,522,P,3853.14,2025-06-17,2-HIGH
3284,522,F,718.73,2025-04-06,2-HIGH
3285,523,O,4184.29,2025-02-17,1-URGENT
3286,523,O,300.53,2025-02-04,4-LOW
3287,523,P,4765.82,2025-04-30,4-LOW
3288,523,O,1585.55,2025-06-09,4-LOW
3289,523,P,2024.31,2025-01-29,1-URGENT
3290,524,F,2765.93,2025-05-26,2-HIGH
3291,524,O,3495.79,2025-06-20,4-LOW
3292,524,F,5576.54,2025-04-27,2-HIGH
3293,524,O,3036.65,2025-05-13,1-URGENT
3294,524,O,5849.85,2025-02-22,4-LOW
3295,524,O,6584.05,2025-03-15,4-LOW
3296,525,P,987.15,2025-06-02,4-LOW
3297,525,O,2197.55,2025-04-24,1-URGENT
3298,525,P,2861.82,2025-02-14,1-URGENT
3299,525,O,2093.65,2025-06-15,2-HIGH
3300,525,P,2372.73,2025-03-24,2-HIGH
3301,525,O,4348.9,2025-04-28,2-HIGH
3302,525,F,3109.97,2025-04-06,1-URGENT
3303,525,P,754.74,2025-01-07,1-URGENT
3304,526,O,704.57,2025-02-17,1-URGENT
3305,526,P,3320.1,2025-06-01,2-HIGH
3306,526,F,4434.98,2025-04-27,4-LOW
3307,526,F,1808.32,2025-04-12,1-URGENT
3308,527,O,2720.75,2025-02-23,4-LOW
3309,527,F,1736.34,2025-01-09,3-MEDIUM
3310,527,F,1678.37,2025-05-01,1-URGENT
3311,528,P,2452.67,2025-03-21,4-LOW
3312,529,O,614.78,2025-04-28,1-URGENT
3313,529,O,3507.52,2025-04-26,2-HIGH
3314,529,O,4310.03,2025-02-17,4-LOW
3315,529,P,4609.95,2025-03-07,1-URGENT
3316,529,O,3046.66,2025-04-21,1-URGENT
3317,529,P,2824.73,2025-01-06,4-LOW
3318,529,P,430.03,2025-05-01,1-URGENT
3319,530,F,3856.11,2025-03-15,4-LOW
3320,530,P,5257.77,2025-02-14,1-URGENT
3321,530,F,1389.41,2025-06-09,2-HIGH
3322,530,O,8270.4,2025-01-13,1-URGENT
3323,530,O,1774.31,2025-05-29,4-LOW
3324,530,O,1514.86,2025-02-08,4-LOW
3325,530,O,3796.0,2025-01-23,3-MEDIUM
3326,530,P,6320.19,2025-06-08,1-URGENT
3327,531,F,2968.09,2025-02-20,3-MEDIUM
3328,531,P,4461.54,2025-06-15,1-URGENT
3329,531,F,1589.13,2025-02-13,4-LOW
3330,531,P,1372.58,2025-03-23,4-LOW
3331,531,F,4498.29,2025-04-08,2-HIGH
3332,532,P,2540.43,2025-04-12,2-HIGH
3333,533,P,3299.34,2025-03-24,2-HIGH
3334,533,O,2530.61,2025-06-24,1-URGENT
3335,533,F,6492.02,2025-01-20,2-HIGH
3336,533,O,6368.9,2025-04-24,4-LOW
3337,533,F,5183.94,2025-03-11,1-URGENT
3338,534,O,7821.04,2025-02-08,4-LOW
3339,534,F,4511.74,2025-06-15,3-MEDIUM
3340,534,P,1830.46,2025-05-14,3-MEDIUM
3341,534,O,3216.38,2025-02-08,3-MEDIUM
3342,535,O,2652.58,2025-05-29,4-LOW
3343,536,O,3788.78,2025-03-01,1-URGENT
3344,536,O,643.12,2025-04-15,1-URGENT
3345,536,P,1302.06,2025-01-13,2-HIGH
3346,536,F,396.78,2025-05-30,3-MEDIUM
3347,536,P,8795.63,2025-04-25,2-HIGH
3348,536,P,3033.26,2025-06-12,3-MEDIUM
3349,536,F,6145.58,2025-03-09,1-URGENT
3350,537,F,11948.42,2025-01-29,2-HIGH
3351,537,P,6702.64,2025-01-02,2-HIGH
3352,537,P,597.05,2025-03-16,4-LOW
3353,537,P,1404.92,2025-06-29,3-MEDIUM
3354,537,P,4624.27,2025-06-14,1-URGENT
3355,537,F,5829.4,2025-05-28,1-URGENT
3356,537,P,3827.12,2025-04-03,3-MEDIUM
3357,537,O,3233.05,2025-02-06,1-URGENT
3358,538,P,931.73,2025-06-10,2-HIGH
3359,538,P,6945.04,2025-01-14,2-HIGH
3360,538,P,1928.51,2025-06-05,4-LOW
3361,538,F,2554.3,2025-05-17,2-HIGH
3362,538,O,1873.77,2025-06-09,3-MEDIUM
3363,539,F,4928.82,2025-05-08,3-MEDIUM
3364,539,F,4457.35,2025-04-15,3-MEDIUM
3365,539,O,1300.16,2025-05-20,1-URGENT
3366,539,F,1835.67,2025-03-27,2-HIGH
3367,539,F,4546.58,2025-05-07,4-LOW
3368,540,F,3747.55,2025-05-20,3-MEDIUM
3369,540,P,2698.1,2025-02-27,3-MEDIUM
3370,540,F,113.55,2025-06-05,4-LOW
3371,540,P,2682.59,2025-06-12,1-URGENT
3372,541,P,5599.23,2025-01-23,2-HIGH
3373,541,F,5436.61,2025-04-25,4-LOW
3374,541,P,2756.12,2025-05-31,3-MEDIUM
3375,541,O,1463.62,2025-06-18,1-URGENT
3376,541,P,1692.67,2025-05-31,4-LOW
3377,542,P,3020.35,2025-02-19,3-MEDIUM
3378,542,O,6755.02,2025-03-01,2-HIGH
3379,542,F,1541.44,2025-05-12,1-URGENT
3380,542,P,7302.98,2025-06-04,4-LOW
3381,542,P,931.3,2025-06-17,2-HIGH
3382,543,F,4346.0,2025-01-09,2-HIGH
3383,543,F,3151.58,2025-01-21,3-MEDIUM
3384,543,F,3370.64,2025-05-28,2-HIGH
3385,543,P,7345.64,2025-05-25,1-URGENT
3386,543,O,1494.87,2025-01-15,3-MEDIUM
3387,544,O,6977.34,2025-03-19,3-MEDIUM
3388,544,F,904.14,2025-01-07,3-MEDIUM
3389,544,O,4472.45,2025-01-26,2-HIGH
3390,544,O,1495.43,2025-01-26,2-HIGH
3391,544,O,2630.87,2025-03-02,4-LOW
3392,545,O,2667.35,2025-06-24,2-HIGH
3393,545,P,5822.68,2025-05-14,3-MEDIUM
3394,545,F,3145.28,2025-02-18,3-MEDIUM
3395,545,P,3045.78,2025-03-12,2-HIGH
3396,545,F,2458.04,2025-01-29,4-LOW
3397,545,P,774.2,2025-05-09,2-HIGH
3398,546,P,7838.72,2025-04-04,4-LOW
3399,546,F,881.2,2025-02-06,2-HIGH
3400,546,F,4728.36,2025-04-02,1-URGENT
3401,547,P,3396.93,2025-06-14,2-HIGH
3402,547,O,4085.8,2025-02-10,2-HIGH
3403,547,F,1905.33,2025-02-22,1-URGENT
3404,547,O,3903.26,2025-02-09,2-HIGH
3405,547,F,4212.02,2025-04-09,3-MEDIUM
3406,547,P,1796.07,2025-03-19,4-LOW
3407,547,P,699.19,2025-02-06,3-MEDIUM
3408,547,O,591.56,2025-01-14,4-LOW
3409,548,O,1742.6,2025-01-18,1-URGENT
3410,548,F,1394.39,2025-05-25,3-MEDIUM
3411,548,P,4513.04,2025-03-30,1-URGENT
3412,548,O,4127.66,2025-04-01,2-HIGH
3413,549,O,5309.98,2025-03-19,2-HIGH
3414,550,F,7497.01,2025-04-06,1-URGENT
3415,550,F,322.15,2025-04-04,2-HIGH
3416,550,O,1651.05,2025-01-17,3-MEDIUM
3417,550,F,1206.87,2025-05-15,3-MEDIUM
3418,550,F,7933.05,2025-03-05,4-LOW
3419,551,F,237.45,2025-06-02,4-LOW
3420,552,O,741.04,2025-05-20,1-URGENT
3421,552,F,1469.09,2025-04-27,1-URGENT
3422,553,F,3199.81,2025-05-31,1-URGENT
3423,553,P,3186.29,2025-06-01,3-MEDIUM
3424,553,P,1602.51,2025-02-10,1-URGENT
3425,553,F,3882.22,2025-02-13,3-MEDIUM
3426,553,P,1221.51,2025-06-26,2-HIGH
3427,554,O,585.77,2025-05-22,1-URGENT
3428,554,O,2434.43,2025-04-11,4-LOW
3429,554,P,1900.94,2025-06-06,1-URGENT
3430,554,O,5877.28,2025-06-02,3-MEDIUM
3431,554,P,8884.61,2025-02-12,4-LOW
3432,554,O,2235.57,2025-06-26,3-MEDIUM
3433,554,F,3056.57,2025-02-21,2-HIGH
3434,554,O,3179.38,2025-05-15,4-LOW
3435,555,O,1782.7,2025-06-22,4-LOW
3436,555,P,4891.87,2025-01-21,3-MEDIUM
3437,555,P,3266.17,2025-04-05,4-LOW
3438,555,F,3845.72,2025-05-25,3-MEDIUM
3439,555,O,1026.46,2025-05-02,1-URGENT
3440,555,F,3330.56,2025-06-01,2-HIGH
3441,556,F,9965.31,2025-05-06,3-MEDIUM
3442,556,P,3256.27,2025-05-02,4-LOW
3443,556,F,179.79,2025-05-26,3-MEDIUM
3444,556,P,2723.02,2025-06-18,2-HIGH
3445,556,F,475.57,2025-01-09,1-URGENT
3446,557,O,1236.11,2025-04-04,2-HIGH
3447,557,P,6476.5,2025-02-26,4-LOW
3448,557,P,7205.93,2025-05-04,2-HIGH
3449,557,O,2404.44,2025-06-27,4-LOW
3450,558,P,5603.07,2025-06-25,2-HIGH
3451,558,P,2359.33,2025-06-27,1-URGENT
3452,559,O,175.46,2025-04-20,3-MEDIUM
3453,559,F,2732.45,2025-06-08,4-LOW
3454,560,F,5014.98,2025-04-18,3-MEDIUM
3455,560,F,5322.64,2025-04-09,3-MEDIUM
3456,560,F,544.81,2025-03-23,4-LOW
3457,560,O,1897.85,2025-05-05,1-URGENT
3458,560,P,7392.83,2025-01-21,1-URGENT
3459,561,P,1095.57,2025-06-25,3-MEDIUM
3460,561,O,3182.87,2025-01-28,4-LOW
3461,561,P,5458.87,2025-02-05,4-LOW
3462,561,O,2149.14,2025-05-01,1-URGENT
3463,561,O,3480.75,2025-01-04,4-LOW
3464,561,O,3591.3,2025-05-20,4-LOW
3465,561,P,2941.2,2025-06-27,4-LOW
3466,561,O,1524.13,2025-04-08,3-MEDIUM
3467,562,O,3503.29,2025-04-23,4-LOW
3468,562,P,3109.6,2025-03-12,1-URGENT
3469,562,F,2063.53,2025-01-14,2-HIGH
3470,562,O,6885.46,2025-05-09,3-MEDIUM
3471,562,O,3618.0,2025-01-18,1-URGENT
3472,562,P,3197.86,2025-03-26,1-URGENT
3473,562,O,355.04,2025-04-24,4-LOW
3474,563,F,4163.96,2025-05-02,4-LOW
3475,563,P,6502.84,2025-03-23,2-HIGH
3476,563,O,3857.91,2025-02-28,1-URGENT
3477,563,F,481.14,2025-01-17,2-HIGH
3478,563,O,363.02,2025-01-08,2-HIGH
3479,563,F,3124.9,2025-03-06,2-HIGH
3480,564,F,1771.26,2025-02-06,2-HIGH
3481,564,F,3481.5,2025-01-21,3-MEDIUM
3482,564,O,6937.61,2025-01-24,3-MEDIUM
3483,564,P,6867.57,2025-06-01,2-HIGH
3484,564,P,9117.89,2025-01-03,2-HIGH
3485,565,F,3239.95,2025-06-28,2-HIGH
3486,565,O,1253.68,2025-05-06,3-MEDIUM
3487,565,F,3003.72,2025-02-03,2-HIGH
3488,565,F,2224.88,2025-06-15,4-LOW
3489,566,O,1233.72,2025-05-06,4-LOW
3490,566,F,2487.94,2025-01-18,1-URGENT
3491,566,P,4080.59,2025-03-04,2-HIGH
3492,566,O,8009.56,2025-04-13,2-HIGH
3493,566,P,5909.33,2025-05-13,3-MEDIUM
3494,567,O,4390.34,2025-04-26,4-LOW
3495,568,O,1850.98,2025-02-25,1-URGENT
3496,568,F,3059.02,2025-03-02,2-HIGH
3497,568,O,6924.05,2025-04-13,2-HIGH
3498,568,P,2868.87,2025-02-28,3-MEDIUM
3499,569,P,3495.43,2025-06-28,3-MEDIUM
3500,569,O,3138.9,2025-03-11,2-HIGH
3501,569,O,1092.43,2025-04-07,1-URGENT
3502,570,P,6321.8,2025-04-18,4-LOW
3503,570,O,138.34,2025-01-10,4-LOW
3504,570,P,3376.5,2025-04-04,3-MEDIUM
3505,570,F,2813.63,2025-02-24,2-HIGH
3506,570,P,1257.06,2025-02-18,3-MEDIUM
3507,570,P,2617.02,2025-01-14,2-HIGH
3508,570,P,2793.35,2025-01-04,3-MEDIUM
3509,570,P,10600.66,2025-02-18,1-URGENT
3510,571,F,4552.4,2025-05-22,3-MEDIUM
3511,571,O,4162.83,2025-05-26,4-LOW
3512,571,P,4297.44,2025-05-08,1-URGENT
3513,572,F,1958.89,2025-03-11,4-LOW
3514,572,P,4627.12,2025-04-03,3-MEDIUM
3515,572,F,1572.17,2025-02-18,3-MEDIUM
3516,572,F,2813.39,2025-06-01,1-URGENT
3517,572,F,7487.22,2025-01-20,1-URGENT
3518,573,P,6980.79,2025-02-20,2-HIGH
3519,573,P,1262.56,2025-06-29,2-HIGH
3520,573,O,2205.86,2025-01-24,3-MEDIUM
3521,573,P,3089.75,2025-04-27,3-MEDIUM
3522,574,O,5710.94,2025-03-17,3-MEDIUM
3523,574,F,7326.11,2025-03-22,3-MEDIUM
3524,575,P,990.17,2025-05-11,3-MEDIUM
3525,575,O,1999.09,2025-02-11,2-HIGH
3526,575,F,3131.44,2025-06-11,2-HIGH
3527,575,O,1698.31,2025-04-27,2-HIGH
3528,575,O,3502.61,2025-02-11,2-HIGH
3529,576,O,6926.48,2025-03-30,4-LOW
3530,576,O,150.44,2025-06-19,2-HIGH
3531,576,F,86.55,2025-03-21,3-MEDIUM
3532,576,O,5412.57,2025-06-20,4-LOW
3533,576,F,5738.91,2025-05-13,3-MEDIUM
3534,576,P,3388.96,2025-04-30,2-HIGH
3535,576,O,1449.64,2025-06-02,1-URGENT
3536,576,P,164.81,2025-03-02,1-URGENT
3537,577,P,3582.18,2025-05-11,1-URGENT
3538,578,F,2932.24,2025-02-07,4-LOW
3539,578,F,935.81,2025-03-20,3-MEDIUM
3540,578,F,5924.98,2025-06-30,4-LOW
3541,578,O,3595.04,2025-02-10,3-MEDIUM
3542,579,O,4781.45,2025-02-22,3-MEDIUM
3543,579,P,4088.1,2025-01-27,2-HIGH
3544,579,F,1481.96,2025-06-24,3-MEDIUM
3545,579,O,2608.84,2025-03-15,3-MEDIUM
3546,579,O,2837.85,2025-06-09,2-HIGH
3547,580,O,3899.25,2025-04-18,1-URGENT
3548,580,P,2190.56,2025-02-05,2-HIGH
3549,580,F,651.78,2025-02-12,4-LOW
3550,580,O,7039.67,2025-06-08,4-LOW
3551,580,P,5336.36,2025-02-19,4-LOW
3552,580,O,3457.13,2025-02-16,2-HIGH
3553,580,P,3008.17,2025-05-27,2-HIGH
3554,581,F,3275.2,2025-02-25,4-LOW
3555,581,F,1097.98,2025-04-09,2-HIGH
3556,581,F,3976.42,2025-03-06,4-LOW
3557,581,F,2758.43,2025-02-22,3-MEDIUM
3558,581,P,5820.72,2025-06-14,1-URGENT
3559,581,P,5489.65,2025-03-11,2-HIGH
3560,581,O,233.44,2025-03-16,2-HIGH
3561,582,P,6467.48,2025-06-22,2-HIGH
3562,582,F,7250.21,2025-02-01,3-MEDIUM
3563,582,O,4107.68,2025-02-22,2-HIGH
3564,582,F,4181.95,2025-01-02,2-HIGH
3565,582,F,2087.63,2025-05-19,3-MEDIUM
3566,582,P,3480.35,2025-06-17,3-MEDIUM
3567,583,O,6517.09,2025-03-25,2-HIGH
3568,583,O,538.31,2025-06-24,4-LOW
3569,583,O,326.35,2025-06-27,1-URGENT
3570,584,F,4860.74,2025-06-12,1-URGENT
3571,584,P,3586.96,2025-04-14,3-MEDIUM
3572,584,P,2217.71,2025-06-02,4-LOW
3573,584,F,1650.65,2025-01-25,4-LOW
3574,584,F,5657.56,2025-05-19,3-MEDIUM
3575,584,P,4724.01,2025-05-09,4-LOW
3576,584,P,5085.96,2025-03-28,4-LOW
3577,584,P,428.21,2025-05-27,3-MEDIUM
3578,585,F,439.67,2025-02-09,2-HIGH
3579,585,F,238.21,2025-05-19,3-MEDIUM
3580,585,P,3965.36,2025-03-04,4-LOW
3581,585,F,3547.77,2025-05-22,3-MEDIUM
3582,585,O,1214.32,2025-02-20,1-URGENT
3583,585,F,1165.08,2025-05-10,4-LOW
3584,585,F,1177.39,2025-01-02,3-MEDIUM
3585,585,P,2398.84,2025-02-19,1-URGENT
3586,586,P,1624.51,2025-02-06,3-MEDIUM
3587,587,F,2360.01,2025-06-17,4-LOW
3588,587,F,1796.4,2025-05-02,4-LOW
3589,588,P,1569.27,2025-03-22,4-LOW
3590,588,P,543.57,2025-04-22,4-LOW
3591,588,P,2657.16,2025-05-14,3-MEDIUM
3592,588,F,2885.14,2025-01-31,1-URGENT
3593,589,F,2018.74,2025-03-28,4-LOW
3594,589,P,6465.96,2025-01-25,4-LOW
3595,589,F,1561.32,2025-03-07,4-LOW
3596,589,P,2364.92,2025-06-30,1-URGENT
3597,590,P,3165.56,2025-02-07,3-MEDIUM
3598,590,F,146.99,2025-06-20,1-URGENT
3599,590,O,309.61,2025-05-03,1-URGENT
3600,590,P,4174.14,2025-04-16,3-MEDIUM
3601,590,O,1668.87,2025-03-21,4-LOW
3602,591,P,1712.58,2025-06-19,3-MEDIUM
3603,592,F,1104.44,2025-03-04,4-LOW
3604,592,O,4277.92,2025-03-06,1-URGENT
3605,592,F,421.22,2025-04-28,1-URGENT
3606,592,P,3488.2,2025-06-18,1-URGENT
3607,592,O,188.89,2025-03-30,4-LOW
3608,592,P,1894.91,2025-03-30,3-MEDIUM
3609,592,F,2516.8,2025-06-21,2-HIGH
3610,593,O,1064.02,2025-01-03,1-URGENT
3611,593,P,7134.64,2025-05-22,3-MEDIUM
3612,593,O,6483.88,2025-06-04,1-URGENT
3613,593,O,4107.05,2025-04-16,2-HIGH
3614,594,P,3997.34,2025-05-19,1-URGENT
3615,594,F,3617.86,2025-03-24,4-LOW
3616,594,O,445.35,2025-03-13,1-URGENT
3617,594,O,1978.34,2025-03-21,1-URGENT
3618,594,O,2955.75,2025-03-20,3-MEDIUM
3619,594,O,4051.36,2025-04-18,1-URGENT
3620,594,P,5529.37,2025-03-31,4-LOW
3621,594,O,335.63,2025-04-27,3-MEDIUM
3622,595,O,2516.35,2025-03-30,4-LOW
3623,595,O,2796.47,2025-02-11,1-URGENT
3624,596,F,304.97,2025-06-20,4-LOW
3625,597,P,4103.53,2025-02-06,2-HIGH
3626,597,O,6822.03,2025-05-05,4-LOW
3627,597,P,6684.46,2025-05-18,2-HIGH
3628,597,O,2717.36,2025-03-18,4-LOW
3629,598,P,4813.19,2025-05-08,4-LOW
3630,598,F,5135.82,2025-01-18,4-LOW
3631,598,P,2167.83,2025-06-14,4-LOW
3632,599,O,5090.05,2025-06-13,3-MEDIUM
3633,599,O,2329.87,2025-04-09,3-MEDIUM
3634,600,F,978.31,2025-02-05,1-URGENT
3635,600,O,2600.7,2025-05-17,3-MEDIUM
3636,600,O,9110.61,2025-06-12,2-HIGH
3637,600,O,5055.44,2025-03-22,3-MEDIUM
3638,601,F,4871.25,2025-04-30,2-HIGH
3639,601,P,2551.86,2025-04-28,3-MEDIUM
3640,601,P,2831.2,2025-01-19,3-MEDIUM
3641,601,F,1600.1,2025-05-11,3-MEDIUM
3642,601,O,4019.87,2025-04-21,1-URGENT
3643,602,P,1345.45,2025-04-19,3-MEDIUM
3644,602,O,3504.53,2025-03-07,2-HIGH
3645,602,F,4051.58,2025-02-04,1-URGENT
3646,602,P,3715.47,2025-04-28,4-LOW
3647,602,F,3301.17,2025-01-27,2-HIGH
3648,603,P,541.14,2025-05-12,2-HIGH
3649,603,P,1958.77,2025-06-23,3-MEDIUM
3650,603,F,4060.91,2025-05-21,4-LOW
3651,603,F,917.14,2025-02-18,3-MEDIUM
3652,603,F,752.74,2025-01-15,3-MEDIUM
3653,603,F,950.7,2025-01-19,4-LOW
3654,604,F,4436.37,2025-05-25,1-URGENT
3655,604,F,2574.55,2025-01-04,4-LOW
3656,604,P,2911.85,2025-04-20,3-MEDIUM
3657,604,F,2047.55,2025-01-05,1-URGENT
3658,604,O,2024.78,2025-01-25,1-URGENT
3659,604,P,2226.02,2025-04-20,2-HIGH
3660,605,O,60.19,2025-04-29,4-LOW
3661,605,P,3406.63,2025-01-23,1-URGENT
3662,605,P,1507.99,2025-03-31,1-URGENT
3663,605,P,2014.36,2025-03-26,1-URGENT
3664,605,O,3159.62,2025-01-14,3-MEDIUM
3665,605,F,4526.68,2025-01-28,3-MEDIUM
3666,606,O,1302.38,2025-02-12,4-LOW
3667,606,F,5464.11,2025-04-14,1-URGENT
3668,606,F,7396.36,2025-06-25,4-LOW
3669,606,F,4224.78,2025-03-03,1-URGENT
3670,606,F,2699.3,2025-01-11,3-MEDIUM
3671,606,F,6356.85,2025-06-25,2-HIGH
3672,606,F,81.74,2025-05-16,1-URGENT
3673,607,P,6310.2,2025-01-31,3-MEDIUM
3674,607,F,7476.31,2025-03-24,4-LOW
3675,607,P,2042.94,2025-02-27,2-HIGH
3676,608,O,4920.79,2025-02-04,4-LOW
3677,608,O,5683.81,2025-05-18,4-LOW
3678,609,O,6239.43,2025-05-25,2-HIGH
3679,609,F,1358.82,2025-01-21,4-LOW
3680,609,P,2744.57,2025-06-23,2-HIGH
3681,609,O,1806.68,2025-06-27,1-URGENT
3682,610,F,6565.87,2025-03-21,4-LOW
3683,610,F,6108.42,2025-06-05,4-LOW
3684,610,P,5413.24,2025-03-04,1-URGENT
3685,610,F,5769.11,2025-02-16,2-HIGH
3686,610,O,2062.93,2025-01-05,1-URGENT
3687,610,P,6670.94,2025-04-11,4-LOW
3688,610,P,399.71,2025-03-30,1-URGENT
3689,610,F,5320.15,2025-01-20,3-MEDIUM
3690,611,P,1414.23,2025-01-07,1-URGENT
3691,611,F,1902.36,2025-03-04,4-LOW
3692,611,F,5720.24,2025-04-20,2-HIGH
3693,611,O,4078.51,2025-02-22,1-URGENT
3694,611,P,3380.42,2025-03-11,1-URGENT
3695,611,O,1584.27,2025-02-11,1-URGENT
3696,611,F,909.31,2025-06-28,4-LOW
3697,611,O,3396.35,2025-01-21,2-HIGH
3698,612,O,3495.82,2025-06-28,1-URGENT
3699,612,P,8618.71,2025-03-18,3-MEDIUM
3700,612,P,2177.36,2025-02-15,3-MEDIUM
3701,612,P,2789.81,2025-03-18,2-HIGH
3702,612,P,692.12,2025-02-04,1-URGENT
3703,613,F,751.1,2025-06-02,2-HIGH
3704,614,P,1302.05,2025-02-06,2-HIGH
3705,614,F,6393.97,2025-01-04,2-HIGH
3706,614,O,293.2,2025-06-16,4-LOW
3707,614,F,3402.3,2025-01-28,3-MEDIUM
3708,614,P,3472.64,2025-05-27,4-LOW
3709,615,P,402.41,2025-02-02,3-MEDIUM
3710,615,O,1257.32,2025-03-13,2-HIGH
3711,615,P,3572.68,2025-03-21,2-HIGH
3712,615,F,3541.18,2025-03-31,2-HIGH
3713,615,P,2937.61,2025-06-28,3-MEDIUM
3714,615,O,442.17,2025-05-21,1-URGENT
3715,615,F,4734.01,2025-01-30,1-URGENT
3716,615,F,4939.32,2025-03-30,3-MEDIUM
3717,616,O,6164.28,2025-05-31,3-MEDIUM
3718,616,F,4402.43,2025-01-06,1-URGENT
3719,616,F,10646.26,2025-06-02,2-HIGH
3720,616,O,7035.84,2025-05-15,1-URGENT
3721,616,O,6207.25,2025-01-25,1-URGENT
3722,616,F,5141.28,2025-06-20,3-MEDIUM
3723,616,O,5035.98,2025-06-22,1-URGENT
3724,617,F,5995.45,2025-03-13,3-MEDIUM
3725,617,F,3080.65,2025-06-11,4-LOW
3726,617,F,3676.37,2025-06-25,2-HIGH
3727,618,P,4805.96,2025-04-17,2-HIGH
3728,618,P,633.92,2025-06-06,2-HIGH
3729,618,O,2083.52,2025-05-22,1-URGENT
3730,618,O,1526.28,2025-06-29,3-MEDIUM
3731,618,P,2099.22,2025-06-28,3-MEDIUM
3732,618,P,3439.9,2025-03-20,3-MEDIUM
3733,619,F,2242.16,2025-04-09,3-MEDIUM
3734,619,F,5900.15,2025-01-18,3-MEDIUM
3735,619,P,2062.6,2025-03-26,2-HIGH
3736,619,P,1002.83,2025-04-17,4-LOW
3737,619,F,7774.94,2025-03-29,2-HIGH
3738,619,O,2321.41,2025-05-22,1-URGENT
3739,619,P,3275.47,2025-06-24,1-URGENT
3740,620,P,3736.94,2025-05-18,3-MEDIUM
3741,620,P,104.82,2025-02-03,4-LOW
3742,620,O,5088.44,2025-03-01,2-HIGH
3743,620,O,2208.86,2025-04-16,4-LOW
3744,620,F,1318.37,2025-04-13,4-LOW
3745,621,P,4341.58,2025-06-18,2-HIGH
3746,621,P,1932.12,2025-05-09,3-MEDIUM
3747,622,O,4041.25,2025-02-11,1-URGENT
3748,622,F,1885.34,2025-02-22,1-URGENT
3749,622,F,2212.03,2025-01-21,2-HIGH
3750,622,F,2013.29,2025-06-01,4-LOW
3751,622,P,124.58,2025-06-03,3-MEDIUM
3752,622,F,1368.09,2025-03-27,2-HIGH
3753,622,P,1913.32,2025-04-10,4-LOW
3754,623,F,3732.93,2025-03-10,2-HIGH
3755,623,O,4223.0,2025-02-16,1-URGENT
3756,624,P,1657.44,2025-01-04,3-MEDIUM
3757,624,O,6212.66,2025-02-08,4-LOW
3758,624,O,2995.55,2025-04-24,1-URGENT
3759,624,P,7131.43,2025-01-02,4-LOW
3760,624,P,566.06,2025-04-25,3-MEDIUM
3761,624,P,5406.44,2025-03-08,1-URGENT
3762,625,O,883.83,2025-03-20,4-LOW
3763,626,P,4050.65,2025-06-17,2-HIGH
3764,626,P,2842.11,2025-04-07,4-LOW
3765,626,F,4761.55,2025-02-05,3-MEDIUM
3766,626,O,355.53,2025-06-20,1-URGENT
3767,626,O,2618.6,2025-01-21,4-LOW
3768,626,O,2174.29,2025-06-27,2-HIGH
3769,627,F,4994.69,2025-06-23,4-LOW
3770,627,P,4130.39,2025-05-04,2-HIGH
3771,627,P,707.23,2025-01-12,2-HIGH
3772,627,F,4570.94,2025-06-29,1-URGENT
3773,627,F,2464.68,2025-01-06,2-HIGH
3774,628,F,836.23,2025-03-23,2-HIGH
3775,628,O,6515.15,2025-02-24,1-URGENT
3776,628,F,2286.69,2025-02-07,1-URGENT
3777,628,P,2032.45,2025-05-03,1-URGENT
3778,629,F,2836.02,2025-03-07,2-HIGH
3779,629,F,6291.52,2025-06-15,2-HIGH
3780,629,P,963.85,2025-06-01,3-MEDIUM
3781,629,F,5713.6,2025-04-28,4-LOW
3782,629,F,1059.94,2025-05-02,1-URGENT
3783,630,F,3637.52,2025-03-17,4-LOW
3784,630,F,1193.84,2025-05-12,1-URGENT
3785,630,P,1968.03,2025-01-01,1-URGENT
3786,630,F,1463.25,2025-02-20,2-HIGH
3787,630,P,454.5,2025-05-27,3-MEDIUM
3788,630,P,2005.46,2025-06-07,4-LOW
3789,630,F,7882.54,2025-06-29,4-LOW
3790,630,O,1596.09,2025-03-07,3-MEDIUM
3791,631,F,5126.56,2025-01-05,2-HIGH
3792,631,F,5899.84,2025-05-30,4-LOW
3793,631,F,3646.2,2025-03-16,4-LOW
3794,631,F,2013.79,2025-05-05,1-URGENT
3795,632,P,7209.31,2025-03-09,3-MEDIUM
3796,632,O,1993.33,2025-01-20,4-LOW
3797,632,F,276.12,2025-05-28,3-MEDIUM
3798,632,F,3160.89,2025-05-17,2-HIGH
3799,632,O,4986.24,2025-03-22,1-URGENT
3800,632,P,2154.86,2025-05-05,2-HIGH
3801,633,F,131.49,2025-03-09,2-HIGH
3802,634,O,4799.1,2025-06-18,4-LOW
3803,634,P,1758.24,2025-01-29,3-MEDIUM
3804,634,P,2096.82,2025-06-07,1-URGENT
3805,634,P,4216.0,2025-04-06,4-LOW
3806,634,F,3162.89,2025-06-05,4-LOW
3807,634,F,3060.57,2025-02-17,4-LOW
3808,634,P,2148.23,2025-02-08,2-HIGH
3809,635,F,3407.89,2025-04-30,2-HIGH
3810,635,F,1850.9,2025-03-25,4-LOW
3811,635,O,6258.15,2025-03-04,1-URGENT
3812,635,O,4251.71,2025-06-15,1-URGENT
3813,636,P,1422.59,2025-04-20,4-LOW
3814,636,O,4355.28,2025-05-21,4-LOW
3815,637,F,6983.85,2025-01-06,4-LOW
3816,637,P,159.79,2025-06-09,1-URGENT
3817,637,O,5919.77,2025-01-12,3-MEDIUM
3818,637,P,1747.74,2025-05-14,2-HIGH
3819,637,P,1731.06,2025-05-28,2-HIGH
3820,637,F,6712.41,2025-04-25,1-URGENT
3821,637,F,2850.06,2025-06-05,3-MEDIUM
3822,637,F,8347.65,2025-02-12,3-MEDIUM
3823,638,O,3710.5,2025-02-26,1-URGENT
3824,638,O,4285.11,2025-06-13,2-HIGH
3825,638,P,3481.63,2025-02-03,4-LOW
3826,638,F,3990.34,2025-06-23,3-MEDIUM
3827,639,F,730.74,2025-03-08,3-MEDIUM
3828,639,P,2813.88,2025-05-02,1-URGENT
3829,640,P,4874.81,2025-05-15,3-MEDIUM
3830,641,O,636.18,2025-03-30,4-LOW
3831,642,F,3956.96,2025-03-06,4-LOW
3832,642,O,389.4,2025-03-19,4-LOW
3833,642,F,3187.83,2025-04-25,4-LOW
3834,642,F,1686.91,2025-06-24,2-HIGH
3835,642,F,8493.47,2025-04-04,1-URGENT
3836,642,P,2692.34,2025-06-19,4-LOW
3837,642,O,3687.93,2025-03-16,4-LOW
3838,643,O,1364.55,2025-05-29,2-HIGH
3839,643,F,7045.0,2025-04-01,2-HIGH
3840,643,F,2030.63,2025-06-13,3-MEDIUM
3841,644,O,7398.16,2025-05-11,2-HIGH
3842,644,P,3253.56,2025-01-27,3-MEDIUM
3843,644,O,1513.92,2025-03-30,3-MEDIUM
3844,644,P,2691.5,2025-05-14,4-LOW
3845,644,O,1045.41,2025-01-30,3-MEDIUM
3846,644,P,1204.19,2025-05-04,4-LOW
3847,645,P,1203.5,2025-05-22,2-HIGH
3848,645,P,2031.41,2025-01-01,2-HIGH
3849,645,P,1489.86,2025-04-26,3-MEDIUM
3850,645,F,447.8,2025-04-15,3-MEDIUM
3851,645,O,1730.14,2025-06-17,3-MEDIUM
3852,645,P,688.57,2025-05-18,4-LOW
3853,645,F,2668.18,2025-01-28,2-HIGH
3854,646,P,1105.9,2025-03-29,3-MEDIUM
3855,647,P,4990.39,2025-06-27,2-HIGH
3856,647,O,7893.61,2025-05-13,3-MEDIUM
3857,647,F,2481.33,2025-03-11,3-MEDIUM
3858,647,P,3277.3,2025-03-28,2-HIGH
3859,647,F,6329.92,2025-01-07,2-HIGH
3860,647,P,283.91,2025-06-24,2-HIGH
3861,647,F,958.82,2025-06-19,3-MEDIUM
3862,648,O,545.99,2025-04-06,2-HIGH
3863,648,O,7976.71,2025-05-20,2-HIGH
3864,648,F,3736.15,2025-03-22,3-MEDIUM
3865,648,F,4870.58,2025-05-09,4-LOW
3866,648,F,4685.71,2025-06-22,3-MEDIUM
3867,649,P,7600.01,2025-02-26,3-MEDIUM
3868,649,P,4550.03,2025-02-12,3-MEDIUM
3869,649,P,1213.44,2025-03-28,2-HIGH
3870,649,O,4689.04,2025-04-11,4-LOW
3871,650,P,7457.48,2025-03-06,1-URGENT
3872,650,P,2119.54,2025-06-28,3-MEDIUM
3873,650,F,3102.8,2025-03-21,2-HIGH
3874,650,O,2553.44,2025-06-15,2-HIGH
3875,650,O,3835.06,2025-05-22,4-LOW
3876,651,P,4428.37,2025-05-26,3-MEDIUM
3877,651,O,1307.06,2025-02-06,2-HIGH
3878,651,F,8005.09,2025-03-24,4-LOW
3879,651,O,10485.69,2025-02-01,4-LOW
3880,651,F,5659.88,2025-04-07,1-URGENT
3881,651,O,4418.34,2025-02-07,1-URGENT
3882,652,O,925.86,2025-02-23,1-URGENT
3883,652,P,332.84,2025-02-25,4-LOW
3884,652,P,4099.67,2025-04-25,2-HIGH
3885,653,O,1348.2,2025-03-24,4-LOW
3886,653,P,1346.52,2025-05-01,3-MEDIUM
3887,653,P,2003.51,2025-04-16,4-LOW
3888,653,F,4012.69,2025-05-24,2-HIGH
3889,653,F,3401.29,2025-05-29,2-HIGH
3890,654,F,4552.94,2025-06-24,1-URGENT
3891,655,F,4448.8,2025-05-05,3-MEDIUM
3892,655,O,365.59,2025-01-17,3-MEDIUM
3893,655,P,1255.38,2025-06-01,4-LOW
3894,655,O,5665.65,2025-03-31,1-URGENT
3895,656,F,825.66,2025-05-25,4-LOW
3896,656,F,751.6,2025-05-20,1-URGENT
3897,656,P,852.27,2025-02-08,3-MEDIUM
3898,657,P,4034.46,2025-03-23,2-HIGH
3899,657,P,4324.31,2025-02-23,1-URGENT
3900,658,F,3163.09,2025-02-14,1-URGENT
3901,659,O,4867.52,2025-04-22,2-HIGH
3902,660,F,3247.82,2025-01-26,3-MEDIUM
3903,660,F,132.31,2025-03-01,2-HIGH
3904,660,P,375.4,2025-06-29,3-MEDIUM
3905,660,O,2581.3,2025-03-29,1-URGENT
3906,660,F,3790.71,2025-01-17,3-MEDIUM
3907,660,O,2305.66,2025-06-30,3-MEDIUM
3908,660,O,3063.9,2025-04-27,2-HIGH
3909,661,F,464.83,2025-06-11,1-URGENT
3910,661,F,2726.65,2025-06-05,4-LOW
3911,661,F,436.1,2025-05-20,4-LOW
3912,661,P,1355.08,2025-03-27,1-URGENT
3913,661,O,6244.55,2025-06-21,4-LOW
3914,661,P,4345.67,2025-04-10,2-HIGH
3915,661,P,6905.33,2025-01-21,3-MEDIUM
3916,662,O,1478.62,2025-05-13,4-LOW
3917,662,F,736.35,2025-06-05,1-URGENT
3918,662,F,649.11,2025-04-30,4-LOW
3919,662,F,3302.96,2025-03-15,2-HIGH
3920,662,P,3022.02,2025-04-28,1-URGENT
3921,662,O,6385.23,2025-05-17,3-MEDIUM
3922,662,O,1849.71,2025-02-10,4-LOW
3923,663,O,1315.08,2025-05-18,1-URGENT
3924,663,P,3195.82,2025-02-27,4-LOW
3925,663,P,2032.06,2025-02-08,1-URGENT
3926,663,F,3335.28,2025-03-30,4-LOW
3927,663,P,5095.88,2025-06-19,2-HIGH
3928,664,O,4105.18,2025-04-06,1-URGENT
3929,664,F,3861.96,2025-03-26,2-HIGH
3930,664,F,5544.92,2025-04-11,4-LOW
3931,665,P,3288.92,2025-04-04,2-HIGH
3932,665,F,1888.04,2025-04-15,4-LOW
3933,665,F,881.55,2025-02-26,2-HIGH
3934,665,O,2819.04,2025-01-18,3-MEDIUM
3935,666,P,2083.38,2025-03-04,4-LOW
3936,666,F,3725.79,2025-05-31,2-HIGH
3937,666,F,1599.45,2025-06-09,2-HIGH
3938,666,O,1918.16,2025-04-09,4-LOW
3939,666,F,507.97,2025-04-16,3-MEDIUM
3940,667,P,5507.71,2025-05-30,2-HIGH
3941,667,P,2137.03,2025-04-20,2-HIGH
3942,667,F,767.32,2025-05-09,1-URGENT
3943,668,O,3042.76,2025-06-02,1-URGENT
3944,668,P,2870.41,2025-02-13,2-HIGH
3945,668,O,1196.8,2025-04-14,3-MEDIUM
3946,668,F,3105.24,2025-05-27,2-HIGH
3947,668,O,4449.83,2025-01-13,2-HIGH
3948,668,P,879.68,2025-04-20,4-LOW
3949,668,F,3983.02,2025-01-12,1-URGENT
3950,668,P,2834.51,2025-03-08,3-MEDIUM
3951,669,O,3967.45,2025-01-25,4-LOW
3952,669,F,551.46,2025-06-23,4-LOW
3953,669,F,4042.25,2025-01-03,4-LOW
3954,669,F,4868.18,2025-05-01,1-URGENT
3955,669,P,2455.38,2025-01-07,2-HIGH
3956,669,F,4896.69,2025-01-10,3-MEDIUM
3957,670,P,1108.46,2025-06-25,3-MEDIUM
3958,670,P,927.0,2025-03-08,4-LOW
3959,670,O,2930.21,2025-01-24,1-URGENT
3960,670,F,6081.49,2025-02-27,2-HIGH
3961,670,O,253.68,2025-05-06,3-MEDIUM
3962,670,O,740.52,2025-06-21,1-URGENT
3963,670,F,769.54,2025-06-01,2-HIGH
3964,671,F,6279.29,2025-06-29,1-URGENT
3965,671,F,5101.51,2025-05-02,4-LOW
3966,671,F,322.96,2025-01-10,3-MEDIUM
3967,671,P,4056.24,2025-06-25,3-MEDIUM
3968,671,O,3480.39,2025-06-26,3-MEDIUM
3969,671,P,3408.64,2025-05-16,3-MEDIUM
3970,672,F,1178.22,2025-03-26,2-HIGH
3971,672,F,2423.25,2025-03-01,3-MEDIUM
3972,673,O,433.24,2025-06-15,1-URGENT
3973,673,P,407.45,2025-01-25,2-HIGH
3974,673,F,3010.5,2025-06-15,3-MEDIUM
3975,673,O,2942.09,2025-01-27,2-HIGH
3976,673,F,1013.14,2025-03-20,1-URGENT
3977,674,F,5250.09,2025-06-17,3-MEDIUM
3978,674,P,4454.82,2025-02-08,1-URGENT
3979,674,F,1989.32,2025-03-19,4-LOW
3980,674,P,2679.15,2025-03-20,4-LOW
3981,675,P,3634.32,2025-04-02,4-LOW
3982,676,F,3598.53,2025-04-20,1-URGENT
3983,676,F,638.84,2025-01-15,3-MEDIUM
3984,677,P,850.43,2025-04-11,4-LOW
3985,677,P,2514.78,2025-06-30,4-LOW
3986,677,O,1074.35,2025-05-04,2-HIGH
3987,677,F,6857.0,2025-04-16,1-URGENT
3988,677,O,4158.43,2025-05-24,4-LOW
3989,677,O,335.04,2025-02-10,3-MEDIUM
3990,677,O,106.11,2025-06-28,4-LOW
3991,677,P,4866.11,2025-02-02,1-URGENT
3992,678,P,3229.03,2025-04-06,2-HIGH
3993,678,O,1533.42,2025-03-16,1-URGENT
3994,678,P,5971.98,2025-01-06,4-LOW
3995,678,O,8010.92,2025-01-29,1-URGENT
3996,678,O,303.67,2025-06-22,2-HIGH
3997,678,P,5684.72,2025-04-07,4-LOW
3998,678,O,2707.22,2025-03-10,3-MEDIUM
3999,679,P,567.49,2025-04-17,1-URGENT
4000,679,P,4410.63,2025-01-25,3-MEDIUM
4001,679,O,3334.17,2025-02-09,1-URGENT
4002,679,F,4924.78,2025-05-14,3-MEDIUM
4003,679,O,104.38,2025-01-21,3-MEDIUM
4004,679,O,1839.62,2025-02-11,4-LOW
4005,679,P,6625.91,2025-05-14,4-LOW
4006,680,O,1200.75,2025-01-30,1-URGENT
4007,680,P,2260.99,2025-02-16,4-LOW
4008,680,P,3400.88,2025-02-19,4-LOW
4009,680,P,660.76,2025-05-31,3-MEDIUM
4010,680,F,269.97,2025-02-12,3-MEDIUM
4011,680,P,2487.57,2025-04-13,3-MEDIUM
4012,681,O,1325.79,2025-06-15,4-LOW
4013,681,F,1674.86,2025-05-10,1-URGENT
4014,681,F,2446.39,2025-04-10,2-HIGH
4015,681,P,1580.83,2025-06-28,3-MEDIUM
4016,681,F,3373.88,2025-05-20,1-URGENT
4017,681,P,1804.81,2025-05-21,1-URGENT
4018,681,P,7842.43,2025-03-14,1-URGENT
4019,681,F,1531.86,2025-01-11,2-HIGH
4020,682,P,985.05,2025-06-21,4-LOW
4021,682,P,101.41,2025-02-27,2-HIGH
4022,682,F,6681.68,2025-06-20,4-LOW
4023,682,P,4530.16,2025-01-07,2-HIGH
4024,682,P,1985.99,2025-03-09,1-URGENT
4025,682,O,1590.55,2025-03-28,1-URGENT
4026,682,P,3635.43,2025-03-30,1-URGENT
4027,683,F,3444.62,2025-02-21,3-MEDIUM
4028,683,F,2797.04,2025-04-21,1-URGENT
4029,684,F,3240.78,2025-05-17,2-HIGH
4030,685,O,293.53,2025-02-15,4-LOW
4031,685,P,1538.66,2025-05-01,4-LOW
4032,685,P,4471.48,2025-06-22,4-LOW
4033,685,P,3949.13,2025-02-01,4-LOW
4034,685,F,2087.11,2025-03-07,1-URGENT
4035,685,O,9455.93,2025-03-04,1-URGENT
4036,685,O,2244.35,2025-02-03,3-MEDIUM
4037,685,O,1672.98,2025-06-07,1-URGENT
4038,686,F,1949.36,2025-03-15,2-HIGH
4039,686,F,2782.56,2025-03-11,3-MEDIUM
4040,686,F,5961.99,2025-05-17,2-HIGH
4041,686,O,9812.62,2025-02-16,3-MEDIUM
4042,686,P,4614.59,2025-04-30,1-URGENT
4043,686,F,6806.82,2025-03-10,3-MEDIUM
4044,686,P,2467.68,2025-02-12,1-URGENT
4045,687,P,6028.42,2025-06-20,2-HIGH
4046,687,P,1906.68,2025-04-03,1-URGENT
4047,687,F,2187.96,2025-04-10,2-HIGH
4048,688,P,3024.04,2025-03-27,2-HIGH
4049,688,P,5605.59,2025-05-23,2-HIGH
4050,688,O,6132.84,2025-06-01,3-MEDIUM
4051,688,O,2390.66,2025-01-02,3-MEDIUM
4052,689,O,569.17,2025-06-16,2-HIGH
4053,689,F,3680.14,2025-01-01,1-URGENT
4054,689,O,870.36,2025-03-31,4-LOW
4055,689,F,3818.29,2025-04-27,3-MEDIUM
4056,689,P,352.41,2025-05-28,1-URGENT
4057,690,O,870.16,2025-04-05,1-URGENT
4058,690,P,4217.76,2025-01-15,3-MEDIUM
4059,691,P,40.3,2025-02-04,2-HIGH
4060,691,F,4598.93,2025-05-04,4-LOW
4061,691,F,1080.94,2025-04-25,2-HIGH
4062,691,P,5748.93,2025-04-10,1-URGENT
4063,691,O,1019.09,2025-03-11,1-URGENT
4064,691,O,1601.88,2025-04-14,1-URGENT
4065,692,P,2013.77,2025-03-26,4-LOW
4066,692,O,1320.35,2025-05-20,1-URGENT
4067,692,O,2134.38,2025-06-04,4-LOW
4068,692,O,780.2,2025-04-12,2-HIGH
4069,692,F,2731.77,2025-03-20,1-URGENT
4070,692,P,3381.06,2025-03-18,1-URGENT
4071,692,O,4418.48,2025-04-07,1-URGENT
4072,692,P,182.98,2025-06-28,2-HIGH
4073,693,O,3044.2,2025-02-25,4-LOW
4074,694,F,3804.3,2025-05-22,4-LOW
4075,694,O,2313.74,2025-01-14,3-MEDIUM
4076,694,F,2253.9,2025-06-01,3-MEDIUM
4077,694,P,4108.26,2025-02-04,4-LOW
4078,694,F,5281.91,2025-03-17,3-MEDIUM
4079,694,O,1573.01,2025-04-06,2-HIGH
4080,694,F,2226.78,2025-02-23,4-LOW
4081,695,P,3640.91,2025-02-04,3-MEDIUM
4082,695,F,4340.49,2025-05-02,1-URGENT
4083,695,F,1837.26,2025-03-03,2-HIGH
4084,695,F,5638.33,2025-02-11,3-MEDIUM
4085,695,O,11135.08,2025-06-10,1-URGENT
4086,695,O,3461.44,2025-03-09,3-MEDIUM
4087,695,F,4097.65,2025-01-21,3-MEDIUM
4088,696,F,1874.63,2025-06-14,2-HIGH
4089,696,O,6670.13,2025-04-11,3-MEDIUM
4090,696,P,2396.97,2025-02-10,2-HIGH
4091,696,P,1287.0,2025-03-16,1-URGENT
4092,697,P,10479.92,2025-02-27,1-URGENT
4093,697,P,2183.25,2025-06-19,4-LOW
4094,697,O,3540.52,2025-05-05,1-URGENT
4095,697,P,8150.02,2025-04-05,2-HIGH
4096,697,P,5914.49,2025-03-11,1-URGENT
4097,697,F,3109.9,2025-02-19,1-URGENT
4098,698,P,442.44,2025-02-13,3-MEDIUM
4099,698,F,1287.25,2025-05-18,2-HIGH
4100,698,F,2801.97,2025-02-17,4-LOW
4101,699,P,2517.92,2025-04-27,3-MEDIUM
4102,699,P,133.18,2025-02-05,3-MEDIUM
4103,699,F,5053.87,2025-02-08,3-MEDIUM
4104,699,P,1324.75,2025-01-18,3-MEDIUM
4105,700,F,3203.13,2025-02-06,1-URGENT
4106,700,O,2226.83,2025-03-09,2-HIGH
4107,700,O,1330.56,2025-01-16,2-HIGH
4108,700,O,4518.59,2025-01-07,2-HIGH
4109,701,F,3478.36,2025-03-08,2-HIGH
4110,701,O,2276.22,2025-06-29,4-LOW
4111,701,O,322.08,2025-02-08,3-MEDIUM
4112,701,P,1656.88,2025-01-26,2-HIGH
4113,701,O,1204.18,2025-06-16,2-HIGH
4114,701,F,736.67,2025-01-18,3-MEDIUM
4115,701,P,6139.75,2025-03-18,1-URGENT
4116,701,P,2482.59,2025-02-05,4-LOW
4117,702,O,3280.64,2025-02-23,4-LOW
4118,703,P,4476.99,2025-01-07,4-LOW
4119,703,O,3715.18,2025-05-06,1-URGENT
4120,703,F,3375.97,2025-05-09,3-MEDIUM
4121,703,F,3997.45,2025-01-12,4-LOW
4122,703,O,4581.32,2025-04-07,4-LOW
4123,704,P,4011.99,2025-02-21,2-HIGH
4124,704,P,2780.65,2025-01-14,3-MEDIUM
4125,704,O,3178.55,2025-04-04,1-URGENT
4126,704,O,2283.95,2025-01-05,1-URGENT
4127,704,P,6843.01,2025-02-08,1-URGENT
4128,704,O,1752.68,2025-03-24,2-HIGH
4129,705,P,348.23,2025-02-22,2-HIGH
4130,706,O,3525.17,2025-04-12,1-URGENT
4131,706,P,2141.91,2025-03-17,4-LOW
4132,706,P,111.64,2025-01-23,2-HIGH
4133,706,F,1497.22,2025-02-17,3-MEDIUM
4134,707,O,216.31,2025-01-20,3-MEDIUM
4135,708,O,757.44,2025-03-07,4-LOW
4136,708,O,2316.2,2025-06-25,2-HIGH
4137,708,P,3509.92,2025-01-01,4-LOW
4138,708,P,1794.84,2025-06-24,3-MEDIUM
4139,708,P,2606.23,2025-01-26,2-HIGH
4140,709,P,5990.84,2025-06-08,2-HIGH
4141,709,F,5317.32,2025-03-17,1-URGENT
4142,709,F,3802.37,2025-06-20,4-LOW
4143,709,P,3980.91,2025-02-01,4-LOW
4144,710,P,5522.55,2025-06-12,1-URGENT
4145,710,F,4214.79,2025-02-15,2-HIGH
4146,711,O,2973.06,2025-03-20,3-MEDIUM
4147,711,P,180.93,2025-04-27,1-URGENT
4148,711,F,5947.83,2025-04-05,1-URGENT
4149,711,P,2352.59,2025-02-16,3-MEDIUM
4150,711,P,2803.27,2025-01-08,4-LOW
4151,711,F,2062.6,2025-05-03,4-LOW
4152,711,P,5965.01,2025-05-02,3-MEDIUM
4153,711,P,4833.04,2025-04-27,3-MEDIUM
4154,712,O,1682.97,2025-04-25,2-HIGH
4155,712,F,3339.58,2025-01-23,4-LOW
4156,713,F,2602.77,2025-06-11,1-URGENT
4157,713,O,1179.39,2025-02-22,3-MEDIUM
4158,713,O,2919.35,2025-01-20,2-HIGH
4159,713,P,2259.23,2025-06-28,1-URGENT
4160,713,F,2331.34,2025-03-16,4-LOW
4161,714,O,2046.6,2025-05-19,2-HIGH
4162,714,O,5276.92,2025-04-15,3-MEDIUM
4163,714,O,4975.22,2025-02-25,1-URGENT
4164,714,P,1804.23,2025-01-20,1-URGENT
4165,714,O,2027.17,2025-06-15,2-HIGH
4166,714,P,2999.58,2025-01-23,1-URGENT
4167,715,P,2701.64,2025-01-02,4-LOW
4168,716,F,2311.02,2025-01-12,4-LOW
4169,716,F,1890.85,2025-01-25,1-URGENT
4170,717,O,2297.61,2025-03-09,4-LOW
4171,717,O,7827.21,2025-04-07,1-URGENT
4172,717,F,2481.88,2025-05-05,1-URGENT
4173,717,F,4459.82,2025-03-16,4-LOW
4174,717,O,4993.85,2025-01-04,3-MEDIUM
4175,717,F,3120.17,2025-01-14,1-URGENT
4176,717,F,3551.22,2025-06-22,4-LOW
4177,717,O,2261.94,2025-02-08,1-URGENT
4178,718,P,2250.87,2025-01-16,1-URGENT
4179,718,F,627.81,2025-05-08,2-HIGH
4180,718,P,3951.9,2025-04-21,2-HIGH
4181,718,F,427.38,2025-05-22,1-URGENT
4182,718,P,7258.42,2025-02-06,3-MEDIUM
4183,718,O,2132.38,2025-03-14,1-URGENT
4184,718,O,1673.52,2025-02-19,4-LOW
4185,719,P,2248.6,2025-05-24,4-LOW
4186,719,F,3178.09,2025-01-25,1-URGENT
4187,720,P,4437.92,2025-05-10,4-LOW
4188,720,P,2499.61,2025-02-02,3-MEDIUM
4189,720,F,3697.8,2025-03-23,3-MEDIUM
4190,721,F,2183.67,2025-04-11,2-HIGH
4191,721,F,1943.25,2025-03-04,4-LOW
4192,721,F,2335.07,2025-02-08,1-URGENT
4193,721,P,5769.17,2025-05-10,4-LOW
4194,722,O,9407.1,2025-02-15,2-HIGH
4195,722,F,7116.68,2025-05-12,3-MEDIUM
4196,722,O,5075.21,2025-04-02,4-LOW
4197,722,F,6963.61,2025-06-21,1-URGENT
4198,722,P,3813.0,2025-02-15,2-HIGH
4199,722,F,7158.65,2025-02-15,3-MEDIUM
4200,722,P,8383.99,2025-01-04,1-URGENT
4201,723,O,1090.04,2025-02-22,2-HIGH
4202,723,P,5743.73,2025-02-27,1-URGENT
4203,723,O,694.93,2025-05-02,3-MEDIUM
4204,723,O,1662.09,2025-05-11,2-HIGH
4205,724,F,5282.92,2025-04-23,3-MEDIUM
4206,724,O,6457.73,2025-02-20,3-MEDIUM
4207,724,F,6802.68,2025-02-02,2-HIGH
4208,724,F,1121.79,2025-05-19,4-LOW
4209,724,P,2822.84,2025-03-28,3-MEDIUM
4210,724,O,7119.24,2025-05-29,2-HIGH
4211,724,F,3911.61,2025-02-18,4-LOW
4212,724,F,3617.45,2025-02-19,2-HIGH
4213,725,F,4043.74,2025-02-02,2-HIGH
4214,726,F,7705.02,2025-05-18,3-MEDIUM
4215,726,F,2838.72,2025-02-13,1-URGENT
4216,726,P,1042.57,2025-02-07,2-HIGH
4217,727,F,441.07,2025-06-10,4-LOW
4218,728,F,2967.3,2025-04-15,3-MEDIUM
4219,728,P,3505.06,2025-01-31,2-HIGH
4220,728,F,520.42,2025-05-29,3-MEDIUM
4221,728,P,5857.71,2025-06-17,2-HIGH
4222,729,O,1550.6,2025-01-28,3-MEDIUM
4223,729,F,3107.06,2025-03-19,2-HIGH
4224,730,O,6000.04,2025-01-14,3-MEDIUM
4225,730,F,1263.53,2025-03-11,1-URGENT
4226,730,F,1864.09,2025-05-30,4-LOW
4227,731,O,1869.9,2025-04-10,3-MEDIUM
4228,731,P,107.29,2025-03-29,3-MEDIUM
4229,731,P,6153.62,2025-06-15,2-HIGH
4230,731,O,1881.78,2025-03-04,2-HIGH
4231,731,P,1129.19,2025-02-15,1-URGENT
4232,731,F,4800.39,2025-04-02,3-MEDIUM
4233,731,P,5033.67,2025-02-03,2-HIGH
4234,732,P,985.34,2025-06-03,4-LOW
4235,732,P,1872.6,2025-05-17,4-LOW
4236,732,O,3121.84,2025-01-31,3-MEDIUM
4237,732,F,1634.15,2025-02-27,4-LOW
4238,732,O,5923.04,2025-01-11,1-URGENT
4239,732,P,3745.71,2025-05-10,2-HIGH
4240,732,O,192.44,2025-04-11,1-URGENT
4241,732,P,1548.28,2025-05-27,4-LOW
4242,733,F,4058.69,2025-05-09,3-MEDIUM
4243,733,O,4991.88,2025-01-30,1-URGENT
4244,733,O,521.86,2025-03-19,4-LOW
4245,734,O,896.85,2025-01-07,2-HIGH
4246,734,F,7088.2,2025-01-26,2-HIGH
4247,734,P,4008.95,2025-03-08,4-LOW
4248,734,F,1481.79,2025-03-28,4-LOW
4249,734,P,1367.2,2025-05-12,1-URGENT
4250,734,O,1192.8,2025-04-11,4-LOW
4251,734,P,7667.9,2025-03-26,1-URGENT
4252,735,O,70.65,2025-01-15,3-MEDIUM
4253,735,F,4412.18,2025-01-01,4-LOW
4254,735,O,8024.63,2025-06-24,4-LOW
4255,735,P,3169.58,2025-04-23,2-HIGH
4256,735,O,1508.53,2025-04-12,1-URGENT
4257,736,O,3803.08,2025-05-13,1-URGENT
4258,736,O,3493.15,2025-05-24,3-MEDIUM
4259,736,O,7695.73,2025-02-19,2-HIGH
4260,737,O,4201.04,2025-01-09,2-HIGH
4261,737,F,6290.14,2025-01-04,4-LOW
4262,737,F,1120.92,2025-02-11,2-HIGH
4263,737,F,2780.85,2025-06-02,1-URGENT
4264,737,P,4821.81,2025-01-26,1-URGENT
4265,737,P,461.05,2025-04-13,2-HIGH
4266,737,O,4643.64,2025-05-07,3-MEDIUM
4267,737,F,5781.69,2025-03-31,3-MEDIUM
4268,738,P,5079.93,2025-02-26,2-HIGH
4269,738,P,354.89,2025-02-20,2-HIGH
4270,738,P,1173.64,2025-03-06,4-LOW
4271,738,O,2444.39,2025-04-24,1-URGENT
4272,738,F,5629.9,2025-05-27,2-HIGH
4273,738,F,6936.31,2025-04-16,2-HIGH
4274,739,O,3565.1,2025-01-29,2-HIGH
4275,739,P,3653.7,2025-06-03,4-LOW
4276,740,F,3975.97,2025-05-05,1-URGENT
4277,740,O,4475.44,2025-06-28,4-LOW
4278,740,F,5409.78,2025-01-13,4-LOW
4279,740,O,1958.6,2025-05-19,4-LOW
4280,741,P,3402.33,2025-06-10,3-MEDIUM
4281,741,O,4869.47,2025-05-14,4-LOW
4282,741,F,329.04,2025-03-15,1-URGENT
4283,741,P,2437.65,2025-05-29,1-URGENT
4284,741,F,207.85,2025-04-21,1-URGENT
4285,741,O,3032.25,2025-05-28,1-URGENT
4286,742,F,4635.25,2025-03-06,3-MEDIUM
4287,742,O,3461.12,2025-04-06,3-MEDIUM
4288,742,P,2126.72,2025-06-23,3-MEDIUM
4289,743,O,4364.23,2025-06-04,2-HIGH
4290,743,P,1222.76,2025-04-21,3-MEDIUM
4291,743,F,3211.71,2025-05-19,4-LOW
4292,743,O,470.55,2025-01-29,3-MEDIUM
4293,744,P,1918.63,2025-04-15,2-HIGH
4294,744,O,9332.23,2025-02-06,1-URGENT
4295,744,P,5054.84,2025-05-10,2-HIGH
4296,744,F,1531.68,2025-05-06,2-HIGH
4297,744,F,3248.0,2025-05-16,4-LOW
4298,744,P,3412.54,2025-02-10,3-MEDIUM
4299,745,F,4121.16,2025-06-05,3-MEDIUM
4300,745,O,5542.05,2025-06-16,2-HIGH
4301,745,F,2164.28,2025-03-08,1-URGENT
4302,745,F,1301.35,2025-03-09,4-LOW
4303,745,P,3709.82,2025-01-06,3-MEDIUM
4304,745,P,1760.71,2025-03-26,4-LOW
4305,745,F,3797.31,2025-01-27,3-MEDIUM
4306,745,P,7163.55,2025-03-04,2-HIGH
4307,746,F,4491.67,2025-06-12,2-HIGH
4308,746,F,2081.75,2025-04-20,4-LOW
4309,746,F,3348.55,2025-01-28,2-HIGH
4310,747,P,1404.65,2025-06-12,1-URGENT
4311,747,F,616.7,2025-05-15,1-URGENT
4312,748,P,2805.29,2025-01-09,4-LOW
4313,748,F,160.77,2025-04-06,1-URGENT
4314,749,F,1628.4,2025-03-29,1-URGENT
4315,749,O,1935.89,2025-02-16,4-LOW
4316,749,O,4197.55,2025-05-23,1-URGENT
4317,750,O,4704.27,2025-05-23,2-HIGH
4318,750,O,4664.38,2025-05-28,1-URGENT
4319,750,O,2944.82,2025-04-26,3-MEDIUM
4320,750,O,6506.61,2025-02-06,1-URGENT
4321,750,F,4139.03,2025-03-18,3-MEDIUM
4322,750,F,662.72,2025-06-23,4-LOW
4323,751,F,8728.31,2025-05-09,4-LOW
4324,751,P,6935.33,2025-01-01,4-LOW
4325,751,F,4767.33,2025-04-25,2-HIGH
4326,751,F,1321.11,2025-03-23,1-URGENT
4327,751,O,2481.52,2025-05-02,1-URGENT
4328,751,O,1639.76,2025-05-11,2-HIGH
4329,751,F,1656.4,2025-06-03,4-LOW
4330,751,O,3197.09,2025-06-12,1-URGENT
4331,752,O,1230.34,2025-04-07,1-URGENT
4332,752,O,2581.35,2025-06-26,1-URGENT
4333,752,O,1133.86,2025-06-19,3-MEDIUM
4334,752,O,1070.09,2025-05-11,4-LOW
4335,752,O,3422.87,2025-06-24,2-HIGH
4336,752,P,5381.29,2025-02-03,4-LOW
4337,752,F,1936.99,2025-03-08,3-MEDIUM
4338,752,F,1327.68,2025-04-10,3-MEDIUM
4339,753,P,6053.64,2025-03-14,2-HIGH
4340,754,F,2827.8,2025-02-01,2-HIGH
4341,754,P,2379.64,2025-06-01,3-MEDIUM
4342,754,O,2041.29,2025-05-27,3-MEDIUM
4343,755,F,5138.87,2025-01-29,4-LOW
4344,755,F,3604.69,2025-02-12,1-URGENT
4345,755,P,4621.24,2025-05-03,3-MEDIUM
4346,755,O,504.88,2025-02-24,3-MEDIUM
4347,755,F,3608.31,2025-01-19,3-MEDIUM
4348,755,F,358.45,2025-05-01,4-LOW
4349,755,P,1015.67,2025-06-19,2-HIGH
4350,755,O,2143.3,2025-05-22,4-LOW
4351,756,F,3920.73,2025-05-18,3-MEDIUM
4352,756,F,4139.89,2025-02-14,2-HIGH
4353,756,P,752.96,2025-06-24,3-MEDIUM
4354,757,O,1831.19,2025-05-28,2-HIGH
4355,757,P,6751.81,2025-02-11,2-HIGH
4356,758,P,5540.06,2025-03-20,2-HIGH
4357,758,F,1508.25,2025-05-19,3-MEDIUM
4358,758,O,7851.45,2025-03-06,3-MEDIUM
4359,758,F,748.16,2025-03-27,3-MEDIUM
4360,758,P,1618.57,2025-04-23,2-HIGH
4361,759,P,5522.26,2025-01-11,4-LOW
4362,759,P,2630.12,2025-04-20,1-URGENT
4363,759,P,968.5,2025-06-16,2-HIGH
4364,759,F,1479.44,2025-03-16,4-LOW
4365,759,F,11290.92,2025-04-11,1-URGENT
4366,759,O,118.52,2025-02-17,2-HIGH
4367,759,P,730.91,2025-06-18,2-HIGH
4368,760,P,3686.54,2025-04-04,2-HIGH
4369,761,P,182.44,2025-01-18,2-HIGH
4370,761,P,5047.89,2025-04-17,1-URGENT
4371,761,F,1164.42,2025-03-21,3-MEDIUM
4372,762,F,1338.46,2025-02-12,4-LOW
4373,762,F,3869.67,2025-03-08,2-HIGH
4374,762,O,3302.23,2025-03-08,2-HIGH
4375,762,O,3157.81,2025-02-06,3-MEDIUM
4376,763,O,3033.94,2025-02-19,1-URGENT
4377,763,P,5303.73,2025-05-18,2-HIGH
4378,763,P,3170.98,2025-06-25,4-LOW
4379,764,F,4977.45,2025-04-30,4-LOW
4380,764,O,5065.27,2025-02-14,1-URGENT
4381,764,P,244.04,2025-01-13,2-HIGH
4382,764,P,69.19,2025-05-05,4-LOW
4383,764,F,2882.82,2025-01-23,3-MEDIUM
4384,764,F,2733.4,2025-02-01,1-URGENT
4385,765,O,580.95,2025-03-23,3-MEDIUM
4386,765,P,2794.59,2025-04-26,4-LOW
4387,765,P,1269.64,2025-03-18,2-HIGH
4388,765,P,3969.29,2025-06-13,1-URGENT
4389,765,F,1628.0,2025-04-09,4-LOW
4390,765,P,2715.35,2025-05-29,3-MEDIUM
4391,765,P,2394.61,2025-05-24,4-LOW
4392,766,P,4053.53,2025-05-30,1-URGENT
4393,767,O,3784.64,2025-05-11,1-URGENT
4394,767,O,2762.3,2025-04-16,4-LOW
4395,767,P,7423.25,2025-01-25,4-LOW
4396,767,O,31.69,2025-03-31,4-LOW
4397,767,P,4606.01,2025-05-26,4-LOW
4398,767,F,893.61,2025-04-16,3-MEDIUM
4399,768,P,3967.98,2025-02-15,2-HIGH
4400,768,O,3030.84,2025-04-07,2-HIGH
4401,768,O,2655.66,2025-06-12,2-HIGH
4402,768,P,2296.39,2025-05-11,2-HIGH
4403,768,O,5825.21,2025-01-21,3-MEDIUM
4404,769,O,2093.08,2025-05-12,3-MEDIUM
4405,769,F,529.5,2025-04-28,3-MEDIUM
4406,769,O,1280.79,2025-05-16,4-LOW
4407,770,O,629.08,2025-02-07,2-HIGH
4408,770,O,1900.39,2025-04-17,1-URGENT
4409,770,O,1303.49,2025-05-09,1-URGENT
4410,770,P,5718.39,2025-03-23,2-HIGH
4411,771,P,3097.18,2025-03-17,3-MEDIUM
4412,772,O,186.62,2025-01-30,3-MEDIUM
4413,772,F,3374.31,2025-05-27,2-HIGH
4414,773,F,4511.62,2025-06-16,4-LOW
4415,773,F,256.87,2025-05-14,4-LOW
4416,773,F,3173.59,2025-01-24,2-HIGH
4417,773,O,1003.72,2025-01-30,4-LOW
4418,774,O,1711.98,2025-05-13,1-URGENT
4419,775,F,4129.07,2025-05-07,2-HIGH
4420,775,O,6092.59,2025-02-16,4-LOW
4421,775,P,5502.11,2025-06-20,3-MEDIUM
4422,775,F,933.28,2025-01-08,2-HIGH
4423,775,F,3318.49,2025-05-29,3-MEDIUM
4424,775,P,5981.7,2025-01-02,4-LOW
4425,775,P,674.92,2025-04-10,4-LOW
4426,775,P,2214.37,2025-06-04,1-URGENT
4427,776,F,5675.18,2025-05-17,4-LOW
4428,776,O,5234.22,2025-05-01,3-MEDIUM
4429,776,F,7239.94,2025-03-16,4-LOW
4430,777,P,1038.43,2025-05-07,3-MEDIUM
4431,777,F,5218.2,2025-03-03,2-HIGH
4432,777,F,5554.62,2025-01-21,1-URGENT
4433,778,P,1224.5,2025-05-31,4-LOW
4434,778,F,4119.78,2025-02-11,1-URGENT
4435,778,P,1854.87,2025-05-14,4-LOW
4436,778,P,35.21,2025-03-18,3-MEDIUM
4437,778,F,3565.41,2025-04-07,4-LOW
4438,778,O,7030.41,2025-06-20,2-HIGH
4439,778,F,3025.42,2025-04-20,4-LOW
4440,778,O,3970.61,2025-02-04,2-HIGH
4441,779,O,1559.39,2025-04-13,4-LOW
4442,779,O,1086.96,2025-06-07,3-MEDIUM
4443,779,F,2181.03,2025-06-01,1-URGENT
4444,779,O,1093.29,2025-02-28,4-LOW
4445,779,F,5031.88,2025-04-18,1-URGENT
4446,779,O,3642.98,2025-01-12,3-MEDIUM
4447,779,O,3765.92,2025-03-11,1-URGENT
4448,779,O,2381.06,2025-01-31,4-LOW
4449,780,F,1807.97,2025-04-20,1-URGENT
4450,780,P,2822.58,2025-02-28,3-MEDIUM
4451,781,P,6763.74,2025-05-14,1-URGENT
4452,781,O,1799.94,2025-06-23,3-MEDIUM
4453,781,O,2071.73,2025-05-14,2-HIGH
4454,781,F,2453.7,2025-03-27,3-MEDIUM
4455,781,P,1099.7,2025-06-07,1-URGENT
4456,782,F,4524.1,2025-04-02,1-URGENT
4457,782,P,1982.69,2025-01-06,1-URGENT
4458,783,P,163.4,2025-05-05,2-HIGH
4459,783,F,4799.77,2025-03-09,4-LOW
4460,783,P,501.12,2025-02-19,2-HIGH
4461,783,F,7108.75,2025-01-12,4-LOW
4462,784,O,469.11,2025-04-30,3-MEDIUM
4463,784,P,5192.85,2025-02-05,2-HIGH
4464,784,P,3909.43,2025-06-28,1-URGENT
4465,784,P,253.05,2025-04-14,2-HIGH
4466,784,O,5755.07,2025-04-16,4-LOW
4467,784,O,2696.92,2025-02-13,2-HIGH
4468,784,P,3726.18,2025-02-26,3-MEDIUM
4469,784,O,3860.92,2025-04-13,2-HIGH
4470,785,O,5647.25,2025-04-05,1-URGENT
4471,785,O,1394.41,2025-02-19,4-LOW
4472,785,O,8001.68,2025-06-27,2-HIGH
4473,785,O,2320.43,2025-01-03,4-LOW
4474,785,F,8293.33,2025-01-29,2-HIGH
4475,785,O,5303.81,2025-01-21,1-URGENT
4476,785,P,3481.22,2025-05-29,2-HIGH
4477,786,F,2157.78,2025-06-21,2-HIGH
4478,786,O,2677.5,2025-02-26,2-HIGH
4479,787,F,2348.09,2025-03-15,3-MEDIUM
4480,787,F,2878.59,2025-06-12,1-URGENT
4481,787,F,687.74,2025-05-17,2-HIGH
4482,787,O,577.27,2025-06-15,4-LOW
4483,787,F,2087.91,2025-06-13,2-HIGH
4484,787,O,3957.0,2025-01-01,1-URGENT
4485,787,O,6762.55,2025-05-19,4-LOW
4486,788,P,3293.08,2025-04-21,3-MEDIUM
4487,788,O,905.1,2025-06-06,4-LOW
4488,788,F,5125.53,2025-05-21,3-MEDIUM
4489,788,P,504.09,2025-04-27,1-URGENT
4490,788,F,3776.31,2025-04-15,4-LOW
4491,789,O,4065.98,2025-03-21,1-URGENT
4492,789,F,2048.6,2025-04-01,3-MEDIUM
4493,789,F,2678.74,2025-05-02,4-LOW
4494,789,P,6804.47,2025-01-11,2-HIGH
4495,789,P,4026.91,2025-06-01,3-MEDIUM
4496,790,O,2887.94,2025-04-25,3-MEDIUM
4497,791,O,683.2,2025-04-15,2-HIGH
4498,791,F,1631.93,2025-04-03,4-LOW
4499,792,F,6453.3,2025-06-14,4-LOW
4500,792,F,4355.48,2025-01-01,2-HIGH
4501,792,F,2864.21,2025-02-18,2-HIGH
4502,792,O,2399.32,2025-04-16,1-URGENT
4503,792,F,693.36,2025-01-29,4-LOW
4504,793,F,2061.27,2025-03-28,4-LOW
4505,793,F,475.76,2025-05-09,2-HIGH
4506,793,O,820.0,2025-03-11,3-MEDIUM
4507,793,F,5232.28,2025-04-15,3-MEDIUM
4508,793,P,243.3,2025-02-07,3-MEDIUM
4509,793,P,3480.24,2025-05-17,1-URGENT
4510,793,F,464.6,2025-01-01,4-LOW
4511,794,F,6666.8,2025-04-09,1-URGENT
4512,794,P,5348.74,2025-05-28,1-URGENT
4513,794,F,1014.67,2025-03-02,2-HIGH
4514,795,F,2505.64,2025-04-21,2-HIGH
4515,795,O,7021.68,2025-06-27,2-HIGH
4516,795,P,4660.05,2025-05-14,1-URGENT
4517,796,F,1321.04,2025-03-26,3-MEDIUM
4518,796,P,6148.93,2025-03-01,4-LOW
4519,797,F,399.1,2025-01-18,3-MEDIUM
4520,797,O,3306.94,2025-04-24,2-HIGH
4521,798,O,3573.01,2025-03-01,2-HIGH
4522,798,F,2913.37,2025-06-20,1-URGENT
4523,798,P,2905.57,2025-01-06,4-LOW
4524,799,F,7619.47,2025-03-15,2-HIGH
4525,799,F,2148.49,2025-05-08,1-URGENT
4526,799,F,4602.95,2025-03-20,3-MEDIUM
4527,800,P,6977.36,2025-03-25,2-HIGH
4528,801,O,6813.31,2025-04-29,1-URGENT
4529,801,O,1446.64,2025-01-05,3-MEDIUM
4530,801,O,4712.89,2025-04-21,1-URGENT
4531,801,O,4629.82,2025-03-23,3-MEDIUM
4532,801,F,4525.86,2025-02-10,3-MEDIUM
4533,802,F,3647.01,2025-01-11,1-URGENT
4534,802,O,7819.06,2025-05-27,1-URGENT
4535,802,P,704.18,2025-01-27,4-LOW
4536,802,O,4350.56,2025-02-18,3-MEDIUM
4537,803,F,432.77,2025-05-05,1-URGENT
4538,803,F,19.36,2025-04-14,3-MEDIUM
4539,803,F,742.85,2025-02-11,2-HIGH
4540,804,O,756.05,2025-04-30,1-URGENT
4541,804,P,7119.13,2025-03-28,1-URGENT
4542,804,P,7579.79,2025-02-04,1-URGENT
4543,804,F,3786.78,2025-05-23,2-HIGH
4544,804,F,3299.44,2025-04-17,1-URGENT
4545,805,O,2713.13,2025-03-28,3-MEDIUM
4546,805,P,1917.54,2025-01-05,3-MEDIUM
4547,805,F,652.29,2025-05-21,3-MEDIUM
4548,805,F,1510.98,2025-02-06,3-MEDIUM
4549,805,F,3841.03,2025-04-01,3-MEDIUM
4550,805,F,3048.58,2025-06-18,2-HIGH
4551,805,P,2641.46,2025-01-30,1-URGENT
4552,806,O,1166.07,2025-05-01,2-HIGH
4553,806,O,5770.29,2025-06-28,2-HIGH
4554,806,P,190.02,2025-04-26,3-MEDIUM
4555,806,P,1266.78,2025-04-09,2-HIGH
4556,806,F,6667.85,2025-03-25,4-LOW
4557,806,P,5614.79,2025-05-23,1-URGENT
4558,806,O,4651.6,2025-01-07,3-MEDIUM
4559,806,P,4059.23,2025-04-05,2-HIGH
4560,807,P,4054.74,2025-02-06,4-LOW
4561,807,O,4688.79,2025-01-05,3-MEDIUM
4562,807,O,5993.89,2025-06-14,4-LOW
4563,807,F,32.96,2025-04-16,3-MEDIUM
4564,807,O,5572.74,2025-05-27,4-LOW
4565,808,F,5522.02,2025-01-31,2-HIGH
4566,808,F,2866.33,2025-06-20,1-URGENT
4567,808,F,6021.21,2025-06-05,2-HIGH
4568,808,P,2589.4,2025-01-18,1-URGENT
4569,808,F,2538.87,2025-04-17,3-MEDIUM
4570,808,P,787.18,2025-05-03,2-HIGH
4571,808,P,4405.88,2025-04-16,4-LOW
4572,809,O,3616.03,2025-01-11,4-LOW
4573,809,F,1995.0,2025-02-11,3-MEDIUM
4574,810,F,1250.16,2025-06-24,4-LOW
4575,810,O,1433.68,2025-01-26,1-URGENT
4576,810,O,3333.23,2025-03-29,2-HIGH
4577,810,P,1220.2,2025-04-03,4-LOW
4578,810,F,5711.53,2025-06-30,3-MEDIUM
4579,810,O,6507.65,2025-06-26,3-MEDIUM
4580,811,P,4811.82,2025-06-16,1-URGENT
4581,811,P,2169.86,2025-05-02,1-URGENT
4582,812,F,3619.99,2025-04-14,1-URGENT
4583,812,O,266.74,2025-01-06,2-HIGH
4584,812,P,7312.43,2025-05-26,2-HIGH
4585,813,O,1409.91,2025-02-08,4-LOW
4586,813,F,1957.61,2025-06-10,1-URGENT
4587,813,P,289.94,2025-04-28,2-HIGH
4588,813,P,2684.37,2025-06-11,3-MEDIUM
4589,813,F,2787.99,2025-01-05,2-HIGH
4590,814,F,1721.6,2025-05-24,2-HIGH
4591,814,F,230.62,2025-03-27,1-URGENT
4592,814,O,4828.74,2025-02-21,3-MEDIUM
4593,814,O,2768.77,2025-02-08,4-LOW
4594,814,P,1266.49,2025-02-02,1-URGENT
4595,814,F,4867.65,2025-04-12,2-HIGH
4596,815,F,341.19,2025-02-19,4-LOW
4597,816,F,5049.22,2025-01-01,1-URGENT
4598,816,O,4139.21,2025-02-17,3-MEDIUM
4599,817,O,846.98,2025-04-19,3-MEDIUM
4600,817,P,6193.66,2025-05-17,4-LOW
4601,817,F,966.7,2025-02-08,3-MEDIUM
4602,817,P,4994.87,2025-04-17,1-URGENT
4603,817,F,6217.54,2025-06-16,2-HIGH
4604,818,P,3020.01,2025-03-19,3-MEDIUM
4605,818,F,243.48,2025-06-20,2-HIGH
4606,818,F,4059.24,2025-01-28,1-URGENT
4607,818,O,2276.31,2025-02-04,2-HIGH
4608,818,F,2942.0,2025-06-02,4-LOW
4609,818,O,2058.76,2025-02-20,2-HIGH
4610,819,P,2350.33,2025-04-21,2-HIGH
4611,819,F,1248.13,2025-06-11,1-URGENT
4612,819,F,5824.74,2025-02-08,1-URGENT
4613,819,P,8561.89,2025-06-09,3-MEDIUM
4614,819,P,3792.77,2025-06-09,3-MEDIUM
4615,819,F,827.14,2025-06-29,4-LOW
4616,820,F,4890.18,2025-02-03,4-LOW
4617,820,F,545.26,2025-05-24,4-LOW
4618,820,P,4057.84,2025-03-30,4-LOW
4619,820,P,3224.61,2025-01-22,2-HIGH
4620,821,F,2447.81,2025-01-03,3-MEDIUM
4621,821,P,4820.56,2025-02-13,4-LOW
4622,821,P,7650.28,2025-04-06,3-MEDIUM
4623,822,F,3694.21,2025-01-15,2-HIGH
4624,822,P,322.74,2025-02-06,2-HIGH
4625,822,O,5341.73,2025-04-12,3-MEDIUM
4626,822,O,5745.85,2025-04-25,1-URGENT
4627,822,F,511.6,2025-06-20,2-HIGH
4628,823,P,1370.69,2025-05-31,1-URGENT
4629,823,P,1715.65,2025-01-31,3-MEDIUM
4630,823,F,2573.68,2025-02-15,1-URGENT
4631,823,F,739.0,2025-06-06,2-HIGH
4632,823,F,5542.12,2025-05-02,2-HIGH
4633,824,P,2749.27,2025-06-03,3-MEDIUM
4634,825,P,1593.14,2025-02-28,3-MEDIUM
4635,825,F,3222.17,2025-01-02,1-URGENT
4636,825,P,2140.81,2025-04-27,1-URGENT
4637,826,O,379.05,2025-06-11,2-HIGH
4638,826,O,2337.27,2025-05-14,2-HIGH
4639,826,F,6187.55,2025-04-27,3-MEDIUM
4640,826,O,4026.96,2025-03-11,2-HIGH
4641,826,O,2419.52,2025-04-28,2-HIGH
4642,827,O,2094.71,2025-03-19,4-LOW
4643,827,O,4697.77,2025-01-18,4-LOW
4644,828,P,3254.11,2025-02-07,1-URGENT
4645,828,O,2465.08,2025-01-11,4-LOW
4646,828,F,1246.12,2025-04-10,4-LOW
4647,829,F,1633.89,2025-03-29,2-HIGH
4648,830,O,2509.47,2025-03-10,3-MEDIUM
4649,830,P,2578.66,2025-03-19,4-LOW
4650,830,O,3912.33,2025-04-01,3-MEDIUM
4651,830,O,2037.34,2025-01-18,2-HIGH
4652,830,F,4116.13,2025-03-29,3-MEDIUM
4653,830,F,1982.85,2025-06-20,3-MEDIUM
4654,830,O,1388.94,2025-01-08,3-MEDIUM
4655,830,F,2740.42,2025-05-16,2-HIGH
4656,831,P,757.08,2025-03-26,4-LOW
4657,831,F,546.43,2025-01-21,4-LOW
4658,831,F,6176.53,2025-05-16,1-URGENT
4659,831,P,402.8,2025-01-22,2-HIGH
4660,832,P,6639.03,2025-03-07,4-LOW
4661,833,O,4332.35,2025-04-18,4-LOW
4662,833,P,6455.85,2025-02-24,4-LOW
4663,833,P,2355.82,2025-04-01,4-LOW
4664,833,F,3720.05,2025-04-21,1-URGENT
4665,833,P,5901.44,2025-05-26,2-HIGH
4666,833,O,283.63,2025-06-22,1-URGENT
4667,833,O,670.6,2025-05-24,3-MEDIUM
4668,833,F,889.27,2025-02-28,1-URGENT
4669,834,P,1800.71,2025-06-02,2-HIGH
4670,834,F,2266.8,2025-02-16,1-URGENT
4671,834,O,3343.84,2025-02-14,3-MEDIUM
4672,835,O,1175.14,2025-02-03,4-LOW
4673,835,P,2755.37,2025-02-05,4-LOW
4674,835,F,1660.9,2025-01-25,3-MEDIUM
4675,835,F,130.55,2025-01-17,3-MEDIUM
4676,835,F,4284.09,2025-02-11,3-MEDIUM
4677,835,O,773.55,2025-06-10,3-MEDIUM
4678,835,O,2602.88,2025-03-15,1-URGENT
4679,836,F,2988.99,2025-05-13,4-LOW
4680,836,P,3457.1,2025-01-18,4-LOW
4681,837,O,2575.26,2025-02-02,2-HIGH
4682,837,F,3177.0,2025-03-13,4-LOW
4683,837,F,2627.1,2025-01-06,4-LOW
4684,837,O,5721.66,2025-02-19,2-HIGH
4685,837,F,3043.98,2025-04-19,1-URGENT
4686,837,O,4411.63,2025-05-16,3-MEDIUM
4687,837,O,4972.24,2025-02-24,2-HIGH
4688,837,F,953.61,2025-06-07,4-LOW
4689,838,O,1145.58,2025-03-29,3-MEDIUM
4690,838,P,2500.83,2025-01-16,1-URGENT
4691,838,F,5690.32,2025-05-29,3-MEDIUM
4692,839,P,492.14,2025-06-17,4-LOW
4693,839,F,2328.18,2025-06-09,4-LOW
4694,839,O,1861.73,2025-04-13,1-URGENT
4695,839,F,7101.08,2025-02-10,3-MEDIUM
4696,839,P,7549.58,2025-01-24,2-HIGH
4697,839,P,3816.57,2025-03-03,1-URGENT
4698,839,O,5017.17,2025-06-07,4-LOW
4699,839,O,3061.51,2025-01-06,1-URGENT
4700,840,O,4158.71,2025-05-15,2-HIGH
4701,840,O,1497.41,2025-01-14,1-URGENT
4702,840,P,4453.38,2025-03-09,4-LOW
4703,840,P,3314.44,2025-06-25,4-LOW
4704,841,F,2017.92,2025-06-12,1-URGENT
4705,841,F,2884.86,2025-05-20,4-LOW
4706,841,F,3119.47,2025-04-30,4-LOW
4707,841,P,7972.72,2025-03-27,4-LOW
4708,841,F,3549.97,2025-01-15,3-MEDIUM
4709,841,F,3123.81,2025-05-14,2-HIGH
4710,841,P,1641.97,2025-01-14,3-MEDIUM
4711,842,P,6320.33,2025-05-24,1-URGENT
4712,842,F,886.44,2025-06-11,2-HIGH
4713,842,P,3312.65,2025-01-11,1-URGENT
4714,842,F,3448.27,2025-02-23,1-URGENT
4715,842,F,8517.72,2025-06-19,4-LOW
4716,842,P,5638.55,2025-04-22,4-LOW
4717,843,P,995.0,2025-04-02,2-HIGH
4718,844,P,3293.21,2025-03-29,3-MEDIUM
4719,844,P,2544.26,2025-03-01,2-HIGH
4720,844,P,5436.76,2025-05-08,1-URGENT
4721,845,P,1035.54,2025-04-01,2-HIGH
4722,845,F,4899.54,2025-06-13,1-URGENT
4723,846,O,2980.66,2025-04-29,1-URGENT
4724,847,O,2483.05,2025-01-03,1-URGENT
4725,847,F,1131.36,2025-02-25,4-LOW
4726,847,P,2724.24,2025-06-10,4-LOW
4727,847,P,2510.14,2025-02-04,1-URGENT
4728,847,P,2210.66,2025-01-13,4-LOW
4729,847,O,1615.79,2025-04-30,3-MEDIUM
4730,847,O,3435.7,2025-01-12,2-HIGH
4731,847,F,5544.26,2025-05-02,1-URGENT
4732,848,O,3188.67,2025-01-30,1-URGENT
4733,848,F,1430.85,2025-04-20,4-LOW
4734,848,F,5577.44,2025-05-22,1-URGENT
4735,848,O,4374.75,2025-01-08,4-LOW
4736,848,O,3073.23,2025-05-09,1-URGENT
4737,849,F,4924.79,2025-02-15,2-HIGH
4738,849,P,665.66,2025-01-25,2-HIGH
4739,849,F,464.94,2025-04-26,2-HIGH
4740,849,O,4554.08,2025-03-02,4-LOW
4741,850,P,4047.86,2025-01-19,3-MEDIUM
4742,850,O,5168.35,2025-05-28,2-HIGH
4743,850,F,2885.59,2025-03-08,3-MEDIUM
4744,850,P,3601.73,2025-01-25,2-HIGH
4745,850,F,321.48,2025-06-10,1-URGENT
4746,850,O,3485.59,2025-01-15,3-MEDIUM
4747,851,F,865.77,2025-02-19,4-LOW
4748,851,F,1927.54,2025-01-22,2-HIGH
4749,851,F,643.61,2025-02-16,2-HIGH
4750,851,O,5539.34,2025-02-13,4-LOW
4751,852,F,767.45,2025-05-24,4-LOW
4752,852,F,8914.5,2025-04-21,3-MEDIUM
4753,853,P,2592.5,2025-01-06,3-MEDIUM
4754,853,O,3684.28,2025-02-28,1-URGENT
4755,853,O,5948.49,2025-05-07,4-LOW
4756,853,O,5096.24,2025-03-29,1-URGENT
4757,853,P,5083.39,2025-03-11,1-URGENT
4758,854,F,2593.86,2025-05-05,1-URGENT
4759,854,O,1811.5,2025-03-26,2-HIGH
4760,854,F,5656.0,2025-05-17,4-LOW
4761,854,O,5990.56,2025-06-15,2-HIGH
4762,854,O,6326.95,2025-01-16,4-LOW
4763,854,F,2279.4,2025-02-17,3-MEDIUM
4764,854,P,6692.24,2025-03-11,1-URGENT
4765,854,P,2754.11,2025-01-01,1-URGENT
4766,855,O,2001.48,2025-02-08,3-MEDIUM
4767,855,O,6642.53,2025-02-13,3-MEDIUM
4768,855,F,3470.82,2025-04-30,4-LOW
4769,855,P,5717.04,2025-02-17,4-LOW
4770,855,F,3934.23,2025-01-07,4-LOW
4771,855,O,3084.07,2025-06-02,2-HIGH
4772,856,F,581.25,2025-04-10,3-MEDIUM
4773,856,F,4980.67,2025-03-28,4-LOW
4774,856,O,3086.12,2025-06-02,1-URGENT
4775,856,O,2853.59,2025-03-25,4-LOW
4776,856,F,1330.0,2025-06-10,4-LOW
4777,857,O,2162.52,2025-03-28,1-URGENT
4778,857,F,3047.99,2025-05-11,2-HIGH
4779,857,P,1883.66,2025-06-10,3-MEDIUM
4780,857,F,5729.01,2025-03-14,1-URGENT
4781,858,P,5264.59,2025-02-05,4-LOW
4782,858,P,1655.86,2025-04-12,4-LOW
4783,858,P,3263.39,2025-03-31,4-LOW
4784,858,F,1487.66,2025-05-06,2-HIGH
4785,858,F,2820.14,2025-06-11,1-URGENT
4786,858,F,4003.52,2025-06-16,1-URGENT
4787,858,F,966.72,2025-01-18,1-URGENT
4788,859,P,2626.33,2025-01-06,1-URGENT
4789,859,P,3940.18,2025-02-27,2-HIGH
4790,859,F,3443.64,2025-04-04,4-LOW
4791,859,P,4355.74,2025-02-12,4-LOW
4792,859,F,3727.91,2025-06-19,3-MEDIUM
4793,859,F,1302.55,2025-03-16,3-MEDIUM
4794,860,O,2116.79,2025-02-21,4-LOW
4795,860,O,4384.91,2025-04-11,4-LOW
4796,860,P,1321.7,2025-03-13,2-HIGH
4797,860,O,113.56,2025-06-25,3-MEDIUM
4798,860,O,8147.91,2025-05-16,4-LOW
4799,861,P,4760.99,2025-03-17,3-MEDIUM
4800,861,F,533.2,2025-05-16,1-URGENT
4801,861,O,831.91,2025-03-08,3-MEDIUM
4802,861,F,3126.57,2025-06-24,2-HIGH
4803,862,P,5992.59,2025-02-12,1-URGENT
4804,862,P,8446.46,2025-02-04,2-HIGH
4805,862,P,4064.71,2025-04-22,3-MEDIUM
4806,862,F,6842.72,2025-03-29,2-HIGH
4807,863,P,2499.38,2025-06-12,4-LOW
4808,864,P,503.49,2025-01-11,4-LOW
4809,864,F,1539.44,2025-02-04,2-HIGH
4810,865,O,3699.55,2025-01-10,2-HIGH
4811,865,F,3551.61,2025-06-26,3-MEDIUM
4812,865,P,614.7,2025-05-17,3-MEDIUM
4813,865,P,5342.92,2025-02-09,1-URGENT
4814,865,O,9876.6,2025-06-10,3-MEDIUM
4815,865,F,6851.02,2025-01-03,1-URGENT
4816,865,O,3850.31,2025-01-22,2-HIGH
4817,866,O,1259.7,2025-02-28,1-URGENT
4818,866,F,4497.8,2025-05-03,4-LOW
4819,866,F,1279.97,2025-06-28,1-URGENT
4820,866,F,6560.24,2025-06-15,3-MEDIUM
4821,866,P,4546.11,2025-03-24,2-HIGH
4822,866,O,4522.08,2025-01-27,4-LOW
4823,866,P,1870.23,2025-04-26,4-LOW
4824,867,O,1335.55,2025-01-06,4-LOW
4825,867,O,6454.21,2025-03-03,2-HIGH
4826,867,F,6663.96,2025-02-25,1-URGENT
4827,867,P,3119.54,2025-04-12,3-MEDIUM
4828,867,P,4975.57,2025-05-08,1-URGENT
4829,867,F,2567.32,2025-01-06,3-MEDIUM
4830,868,P,3620.04,2025-03-30,1-URGENT
4831,869,F,5192.7,2025-03-26,3-MEDIUM
4832,869,P,4479.5,2025-02-05,4-LOW
4833,869,O,2853.47,2025-04-23,4-LOW
4834,869,O,1295.35,2025-04-13,2-HIGH
4835,870,P,5679.93,2025-06-13,2-HIGH
4836,870,O,5470.54,2025-05-15,3-MEDIUM
4837,870,F,3952.89,2025-05-20,3-MEDIUM
4838,870,P,2539.02,2025-03-13,4-LOW
4839,870,P,3655.36,2025-06-08,1-URGENT
4840,870,F,3919.9,2025-06-26,3-MEDIUM
4841,870,O,992.39,2025-06-25,3-MEDIUM
4842,870,P,2456.72,2025-03-12,2-HIGH
4843,871,F,7351.26,2025-03-03,1-URGENT
4844,871,P,1835.39,2025-03-17,4-LOW
4845,871,O,2178.26,2025-02-09,1-URGENT
4846,871,O,1193.35,2025-04-30,1-URGENT
4847,871,P,388.9,2025-02-08,2-HIGH
4848,872,O,337.69,2025-06-25,1-URGENT
4849,872,F,4841.62,2025-06-17,3-MEDIUM
4850,872,P,3257.24,2025-03-01,3-MEDIUM
4851,872,O,3074.01,2025-04-03,1-URGENT
4852,872,P,153.52,2025-04-07,2-HIGH
4853,872,P,5095.41,2025-03-01,3-MEDIUM
4854,873,O,5416.81,2025-02-13,3-MEDIUM
4855,874,F,259.31,2025-02-20,2-HIGH
4856,874,F,2308.01,2025-06-12,2-HIGH
4857,874,P,2797.18,2025-06-30,4-LOW
4858,875,F,4461.39,2025-03-14,4-LOW
4859,875,O,442.89,2025-04-27,1-URGENT
4860,875,P,5136.99,2025-03-01,3-MEDIUM
4861,875,F,5694.56,2025-05-31,2-HIGH
4862,876,P,2727.97,2025-01-09,1-URGENT
4863,876,O,3721.11,2025-03-18,4-LOW
4864,876,F,2858.85,2025-02-28,1-URGENT
4865,876,P,162.8,2025-04-24,2-HIGH
4866,876,F,3021.0,2025-04-09,4-LOW
4867,876,F,2991.37,2025-01-22,1-URGENT
4868,877,P,2789.35,2025-03-05,4-LOW
4869,877,P,2758.61,2025-06-12,2-HIGH
4870,877,P,7587.47,2025-05-20,2-HIGH
4871,877,F,2805.0,2025-06-06,2-HIGH
4872,877,P,2138.22,2025-01-08,3-MEDIUM
4873,877,F,1824.61,2025-06-10,4-LOW
4874,878,O,3693.54,2025-03-15,2-HIGH
4875,878,F,2847.38,2025-05-14,4-LOW
4876,878,F,4338.91,2025-02-28,4-LOW
4877,878,F,737.01,2025-02-12,1-URGENT
4878,879,P,3757.7,2025-06-11,3-MEDIUM
4879,879,F,4680.96,2025-03-11,1-URGENT
4880,880,F,3251.5,2025-04-07,1-URGENT
4881,880,F,1412.46,2025-06-11,3-MEDIUM
4882,881,P,2209.07,2025-06-15,1-URGENT
4883,881,F,2172.94,2025-06-09,3-MEDIUM
4884,881,F,2529.36,2025-05-25,2-HIGH
4885,881,O,2378.47,2025-02-22,2-HIGH
4886,881,O,331.88,2025-02-14,2-HIGH
4887,881,F,5901.31,2025-02-06,2-HIGH
4888,882,O,6867.44,2025-04-29,4-LOW
4889,882,O,654.3,2025-02-07,2-HIGH
4890,882,F,7231.04,2025-01-12,3-MEDIUM
4891,882,O,1825.03,2025-03-31,3-MEDIUM
4892,882,F,6508.14,2025-03-10,2-HIGH
4893,882,P,4613.85,2025-04-04,1-URGENT
4894,882,O,2912.79,2025-03-05,2-HIGH
4895,882,O,3944.93,2025-04-07,2-HIGH
4896,883,O,718.18,2025-01-14,1-URGENT
4897,883,P,454.87,2025-01-15,4-LOW
4898,883,O,2984.64,2025-06-08,4-LOW
4899,883,O,1032.46,2025-01-17,2-HIGH
4900,884,F,3989.46,2025-04-09,4-LOW
4901,885,O,4165.72,2025-02-03,1-URGENT
4902,885,F,2589.18,2025-04-19,2-HIGH
4903,885,O,5935.67,2025-06-23,3-MEDIUM
4904,885,F,2091.02,2025-03-27,1-URGENT
4905,885,F,81.94,2025-01-24,4-LOW
4906,885,P,1073.3,2025-02-13,3-MEDIUM
4907,886,P,3672.44,2025-04-02,3-MEDIUM
4908,886,P,3264.45,2025-03-27,3-MEDIUM
4909,886,P,6074.19,2025-04-10,2-HIGH
4910,886,O,5253.19,2025-01-09,3-MEDIUM
4911,886,F,4882.51,2025-05-28,1-URGENT
4912,886,F,6578.36,2025-03-05,4-LOW
4913,886,F,338.06,2025-06-17,1-URGENT
4914,887,P,4380.8,2025-03-13,3-MEDIUM
4915,887,O,807.38,2025-04-14,1-URGENT
4916,887,P,6665.72,2025-05-05,2-HIGH
4917,888,O,3780.73,2025-04-29,2-HIGH
4918,889,O,1177.5,2025-02-05,1-URGENT
4919,889,P,2969.39,2025-01-11,2-HIGH
4920,889,O,386.12,2025-06-28,2-HIGH
4921,889,P,2295.88,2025-05-14,2-HIGH
4922,889,F,3206.79,2025-06-04,2-HIGH
4923,890,O,1127.24,2025-04-26,4-LOW
4924,891,O,4172.9,2025-04-27,1-URGENT
4925,892,F,528.55,2025-02-02,2-HIGH
4926,892,O,4915.33,2025-03-11,3-MEDIUM
4927,892,F,3201.29,2025-04-04,1-URGENT
4928,892,P,5540.09,2025-02-09,2-HIGH
4929,892,O,212.56,2025-05-21,4-LOW
4930,893,F,5653.4,2025-02-21,1-URGENT
4931,893,O,2071.61,2025-06-21,2-HIGH
4932,893,O,1343.48,2025-04-04,4-LOW
4933,893,P,2004.98,2025-04-27,2-HIGH
4934,893,P,3749.85,2025-04-12,3-MEDIUM
4935,893,F,2524.8,2025-02-18,1-URGENT
4936,893,P,4072.73,2025-06-29,3-MEDIUM
4937,894,O,4805.59,2025-05-09,2-HIGH
4938,895,F,2987.82,2025-06-21,3-MEDIUM
4939,895,P,1478.85,2025-05-08,1-URGENT
4940,895,F,1163.66,2025-02-05,4-LOW
4941,895,O,3116.02,2025-04-21,1-URGENT
4942,895,O,850.89,2025-06-25,4-LOW
4943,895,O,1862.15,2025-03-07,2-HIGH
4944,895,F,5167.33,2025-04-28,2-HIGH
4945,895,P,3317.46,2025-05-07,1-URGENT
4946,896,F,2561.36,2025-05-07,1-URGENT
4947,896,F,6203.16,2025-05-15,3-MEDIUM
4948,896,O,5502.99,2025-02-08,4-LOW
4949,896,F,1754.67,2025-02-23,4-LOW
4950,896,P,1489.86,2025-04-05,4-LOW
4951,896,O,2187.68,2025-01-28,4-LOW
4952,897,P,5829.26,2025-02-22,2-HIGH
4953,898,O,1687.4,2025-03-30,4-LOW
4954,898,F,746.0,2025-06-18,2-HIGH
4955,898,O,514.29,2025-05-11,2-HIGH
4956,898,F,183.12,2025-04-18,4-LOW
4957,898,P,4992.47,2025-05-04,2-HIGH
4958,898,F,1810.05,2025-03-14,4-LOW
4959,898,O,4606.6,2025-02-11,2-HIGH
4960,898,O,3704.05,2025-06-25,4-LOW
4961,899,O,1247.87,2025-04-25,4-LOW
4962,899,O,5296.91,2025-04-03,3-MEDIUM
4963,899,O,1759.0,2025-02-14,2-HIGH
4964,900,P,292.05,2025-06-07,4-LOW
4965,900,O,1795.62,2025-04-09,2-HIGH
4966,901,O,4132.63,2025-06-23,2-HIGH
4967,901,O,2092.36,2025-04-29,1-URGENT
4968,901,O,869.06,2025-03-20,4-LOW
4969,901,O,1919.0,2025-04-07,1-URGENT
4970,901,F,2166.41,2025-04-11,1-URGENT
4971,901,F,3982.03,2025-05-27,2-HIGH
4972,901,P,6463.56,2025-05-04,3-MEDIUM
4973,901,O,6936.28,2025-06-12,2-HIGH
4974,902,P,1404.42,2025-02-20,2-HIGH
4975,902,P,904.4,2025-02-07,3-MEDIUM
4976,902,O,2786.3,2025-03-19,3-MEDIUM
4977,902,F,2041.58,2025-01-19,4-LOW
4978,902,F,4514.1,2025-01-16,3-MEDIUM
4979,903,P,1496.25,2025-04-27,4-LOW
4980,903,F,94.38,2025-02-16,1-URGENT
4981,903,F,6587.92,2025-01-16,1-URGENT
4982,903,F,1933.26,2025-05-11,4-LOW
4983,903,P,1655.38,2025-05-05,2-HIGH
4984,903,P,2075.92,2025-01-16,4-LOW
4985,903,F,3510.18,2025-03-04,1-URGENT
4986,904,F,6148.83,2025-03-02,3-MEDIUM
4987,904,O,670.43,2025-05-23,2-HIGH
4988,905,P,492.01,2025-06-12,3-MEDIUM
4989,905,P,594.94,2025-05-27,3-MEDIUM
4990,905,F,3200.2,2025-06-11,4-LOW
4991,905,F,6743.16,2025-04-18,1-URGENT
4992,906,O,2586.61,2025-06-27,2-HIGH
4993,906,F,2673.39,2025-03-27,2-HIGH
4994,906,P,2408.03,2025-03-02,1-URGENT
4995,906,P,1115.65,2025-02-16,4-LOW
4996,906,O,4862.17,2025-01-30,1-URGENT
4997,906,F,2510.19,2025-01-29,1-URGENT
4998,906,F,4093.52,2025-04-09,4-LOW
4999,907,P,1791.5,2025-02-16,4-LOW
5000,907,F,1643.47,2025-02-26,1-URGENT
5001,907,P,5544.66,2025-06-08,4-LOW
5002,907,P,3035.93,2025-02-07,2-HIGH
5003,907,F,3547.91,2025-04-16,1-URGENT
5004,908,P,1494.36,2025-06-29,2-HIGH
5005,908,F,4485.67,2025-01-04,1-URGENT
5006,908,P,1424.89,2025-02-17,1-URGENT
5007,908,O,4323.6,2025-04-11,4-LOW
5008,908,O,1314.44,2025-02-19,3-MEDIUM
5009,909,O,3077.83,2025-02-19,3-MEDIUM
5010,909,F,2784.18,2025-06-14,1-URGENT
5011,910,F,1556.79,2025-05-17,4-LOW
5012,910,O,6720.02,2025-03-10,3-MEDIUM
5013,910,F,6635.15,2025-06-09,3-MEDIUM
5014,910,O,8064.9,2025-04-22,1-URGENT
5015,910,O,4370.3,2025-05-02,1-URGENT
5016,910,P,4139.47,2025-02-26,1-URGENT
5017,910,P,3364.0,2025-05-29,2-HIGH
5018,911,P,2162.44,2025-06-26,4-LOW
5019,911,P,329.12,2025-05-30,1-URGENT
5020,911,F,3057.24,2025-06-01,3-MEDIUM
5021,911,P,3528.64,2025-04-03,4-LOW
5022,911,P,1916.86,2025-01-24,2-HIGH
5023,912,P,7560.67,2025-01-28,3-MEDIUM
5024,912,O,2431.81,2025-01-15,1-URGENT
5025,912,F,885.33,2025-05-23,3-MEDIUM
5026,912,P,5477.39,2025-01-06,2-HIGH
5027,912,F,3321.76,2025-05-04,4-LOW
5028,912,P,7682.92,2025-05-04,3-MEDIUM
5029,912,P,5144.26,2025-02-12,2-HIGH
5030,913,P,5373.32,2025-04-11,4-LOW
5031,913,P,195.56,2025-06-24,3-MEDIUM
5032,913,O,3718.51,2025-05-29,1-URGENT
5033,913,P,3180.14,2025-03-27,3-MEDIUM
5034,913,F,6700.79,2025-01-02,2-HIGH
5035,913,F,3462.8,2025-06-30,1-URGENT
5036,913,O,4520.33,2025-04-05,1-URGENT
5037,913,O,3131.27,2025-01-30,1-URGENT
5038,914,P,5069.39,2025-03-10,2-HIGH
5039,914,O,4113.46,2025-04-28,1-URGENT
5040,915,O,877.82,2025-04-24,4-LOW
5041,915,F,6276.86,2025-03-20,3-MEDIUM
5042,916,F,3088.3,2025-01-14,1-URGENT
5043,916,P,1227.78,2025-01-15,1-URGENT
5044,916,F,164.16,2025-06-19,1-URGENT
5045,916,O,2288.69,2025-05-20,1-URGENT
5046,916,P,4931.51,2025-02-12,3-MEDIUM
5047,916,P,4885.79,2025-02-19,3-MEDIUM
5048,917,F,3357.71,2025-04-09,2-HIGH
5049,917,F,1860.76,2025-05-29,2-HIGH
5050,917,F,61.94,2025-05-14,3-MEDIUM
5051,917,F,580.83,2025-01-17,2-HIGH
5052,918,O,7871.8,2025-03-02,4-LOW
5053,918,F,347.44,2025-06-28,3-MEDIUM
5054,918,F,1122.3,2025-04-06,2-HIGH
5055,919,F,742.68,2025-04-14,1-URGENT
5056,919,P,1463.44,2025-06-21,1-URGENT
5057,919,O,5045.49,2025-06-23,3-MEDIUM
5058,920,F,5274.19,2025-01-18,1-URGENT
5059,920,P,669.85,2025-04-06,3-MEDIUM
5060,920,F,6968.44,2025-06-16,4-LOW
5061,920,F,5132.41,2025-01-18,2-HIGH
5062,920,F,2408.8,2025-02-19,4-LOW
5063,921,O,1777.44,2025-01-20,1-URGENT
5064,921,O,3525.35,2025-06-23,3-MEDIUM
5065,922,F,1698.78,2025-03-27,3-MEDIUM
5066,923,O,4353.99,2025-05-09,1-URGENT
5067,923,O,221.79,2025-05-31,3-MEDIUM
5068,923,O,374.0,2025-02-17,1-URGENT
5069,923,F,3410.87,2025-04-17,1-URGENT
5070,923,F,4843.22,2025-02-02,3-MEDIUM
5071,924,F,5240.01,2025-06-02,1-URGENT
5072,924,F,950.64,2025-06-07,1-URGENT
5073,924,F,356.94,2025-03-03,1-URGENT
5074,924,P,4092.92,2025-02-26,1-URGENT
5075,924,F,5349.74,2025-02-08,2-HIGH
5076,924,P,5294.71,2025-06-18,3-MEDIUM
5077,924,O,1078.0,2025-06-01,4-LOW
5078,925,F,3393.91,2025-05-11,2-HIGH
5079,925,O,3206.87,2025-04-07,2-HIGH
5080,925,P,5357.25,2025-04-17,2-HIGH
5081,925,F,669.05,2025-01-13,3-MEDIUM
5082,925,P,5086.82,2025-04-08,4-LOW
5083,925,O,315.0,2025-05-08,4-LOW
5084,926,F,1116.99,2025-01-27,4-LOW
5085,926,F,3824.55,2025-01-17,4-LOW
5086,926,P,5080.99,2025-02-13,2-HIGH
5087,926,F,6899.01,2025-03-09,2-HIGH
5088,926,F,785.5,2025-03-19,4-LOW
5089,926,F,752.22,2025-03-03,2-HIGH
5090,926,O,1916.31,2025-03-03,3-MEDIUM
5091,927,F,859.62,2025-04-27,1-URGENT
5092,927,O,2012.0,2025-03-29,1-URGENT
5093,927,O,159.89,2025-03-04,3-MEDIUM
5094,927,P,4968.6,2025-03-07,1-URGENT
5095,927,F,5234.48,2025-03-05,4-LOW
5096,927,P,2401.25,2025-03-22,3-MEDIUM
5097,927,O,1806.54,2025-02-17,3-MEDIUM
5098,927,O,6088.17,2025-05-19,1-URGENT
5099,928,P,3729.76,2025-04-04,4-LOW
5100,928,O,583.68,2025-02-08,3-MEDIUM
5101,928,P,2430.2,2025-01-05,2-HIGH
5102,928,O,4562.03,2025-04-05,2-HIGH
5103,928,O,1157.18,2025-05-22,2-HIGH
5104,928,F,297.97,2025-05-21,3-MEDIUM
5105,929,P,5058.49,2025-02-13,4-LOW
5106,929,P,4974.56,2025-04-05,3-MEDIUM
5107,929,P,6103.06,2025-01-07,1-URGENT
5108,930,P,1899.61,2025-06-29,4-LOW
5109,930,P,3695.0,2025-02-06,4-LOW
5110,930,P,3175.02,2025-05-23,3-MEDIUM
5111,930,O,3557.23,2025-03-26,4-LOW
5112,930,F,6930.19,2025-05-12,1-URGENT
5113,930,O,4736.86,2025-02-09,4-LOW
5114,930,P,6415.06,2025-06-13,3-MEDIUM
5115,931,O,5569.8,2025-05-27,3-MEDIUM
5116,931,O,2264.98,2025-03-07,1-URGENT
5117,931,P,542.55,2025-04-24,4-LOW
5118,932,F,2398.59,2025-06-30,1-URGENT
5119,932,O,996.32,2025-03-23,1-URGENT
5120,932,O,8455.1,2025-01-23,2-HIGH
5121,933,F,3202.19,2025-05-06,1-URGENT
5122,933,O,1158.85,2025-02-07,3-MEDIUM
5123,933,O,5370.77,2025-06-19,2-HIGH
5124,934,O,3103.87,2025-06-16,1-URGENT
5125,934,O,2631.82,2025-06-14,4-LOW
5126,934,P,2485.72,2025-01-29,4-LOW
5127,934,F,2455.4,2025-05-13,1-URGENT
5128,934,F,3153.48,2025-02-14,3-MEDIUM
5129,934,F,2796.26,2025-06-23,4-LOW
5130,934,P,756.48,2025-06-05,3-MEDIUM
5131,935,P,7295.21,2025-02-13,4-LOW
5132,935,P,3092.16,2025-04-07,3-MEDIUM
5133,935,P,2516.13,2025-01-22,3-MEDIUM
5134,935,O,427.12,2025-04-28,2-HIGH
5135,936,P,1224.83,2025-01-15,4-LOW
5136,936,F,3942.13,2025-06-08,1-URGENT
5137,936,O,2091.38,2025-01-18,2-HIGH
5138,936,P,3724.51,2025-06-02,1-URGENT
5139,937,P,1612.7,2025-04-26,2-HIGH
5140,937,O,4529.42,2025-06-19,2-HIGH
5141,937,P,2576.82,2025-02-09,4-LOW
5142,937,O,4063.18,2025-02-23,3-MEDIUM
5143,938,F,5512.54,2025-06-02,1-URGENT
5144,938,F,1199.36,2025-06-03,3-MEDIUM
5145,938,F,3910.04,2025-02-26,2-HIGH
5146,938,F,4977.82,2025-01-01,4-LOW
5147,938,F,1275.72,2025-03-06,2-HIGH
5148,938,F,384.18,2025-03-13,2-HIGH
5149,939,P,2132.41,2025-01-27,2-HIGH
5150,939,P,3137.49,2025-04-01,3-MEDIUM
5151,939,P,5248.75,2025-01-25,2-HIGH
5152,939,O,482.47,2025-01-04,1-URGENT
5153,939,F,8682.62,2025-02-16,4-LOW
5154,939,F,3075.07,2025-03-04,1-URGENT
5155,940,O,1937.31,2025-06-05,4-LOW
5156,940,P,3120.59,2025-01-26,4-LOW
5157,940,P,4156.03,2025-02-26,3-MEDIUM
5158,940,O,3957.02,2025-06-10,4-LOW
5159,940,O,4047.94,2025-05-19,2-HIGH
5160,940,P,2975.47,2025-01-27,4-LOW
5161,940,O,2665.05,2025-04-30,3-MEDIUM
5162,940,P,1667.93,2025-03-08,2-HIGH
5163,941,F,1663.78,2025-03-05,3-MEDIUM
5164,941,O,4004.26,2025-03-04,3-MEDIUM
5165,941,F,2506.39,2025-03-14,3-MEDIUM
5166,942,O,3060.26,2025-02-28,4-LOW
5167,942,O,2025.51,2025-04-22,3-MEDIUM
5168,942,P,6032.94,2025-03-14,2-HIGH
5169,942,O,589.54,2025-02-20,1-URGENT
5170,942,O,2594.32,2025-04-26,1-URGENT
5171,942,F,9611.19,2025-02-19,2-HIGH
5172,942,O,3754.0,2025-02-16,4-LOW
5173,943,O,5999.33,2025-01-24,1-URGENT
5174,943,P,3215.06,2025-06-14,3-MEDIUM
5175,943,O,3617.26,2025-02-19,2-HIGH
5176,943,F,4900.91,2025-03-13,4-LOW
5177,943,O,2864.04,2025-05-17,2-HIGH
5178,943,F,4144.39,2025-06-13,3-MEDIUM
5179,943,P,243.16,2025-02-18,2-HIGH
5180,943,P,1196.11,2025-06-02,3-MEDIUM
5181,944,F,5929.99,2025-02-14,2-HIGH
5182,944,P,4792.26,2025-04-26,1-URGENT
5183,944,F,6869.61,2025-05-18,3-MEDIUM
5184,945,F,2212.26,2025-02-01,2-HIGH
5185,945,F,4025.38,2025-04-07,1-URGENT
5186,945,O,1503.1,2025-06-13,4-LOW
5187,945,F,5850.73,2025-06-14,4-LOW
5188,945,O,4824.29,2025-02-12,1-URGENT
5189,945,P,6735.96,2025-06-19,4-LOW
5190,945,P,3326.25,2025-06-26,1-URGENT
5191,945,O,1432.74,2025-01-14,4-LOW
5192,946,O,3242.8,2025-02-05,1-URGENT
5193,947,O,3544.14,2025-02-02,2-HIGH
5194,947,F,2597.77,2025-03-16,4-LOW
5195,947,P,981.16,2025-03-14,1-URGENT
5196,947,P,10656.76,2025-03-18,4-LOW
5197,948,P,1562.83,2025-03-09,2-HIGH
5198,948,P,2422.04,2025-02-24,2-HIGH
5199,948,F,2945.21,2025-05-19,2-HIGH
5200,948,O,3408.53,2025-05-16,2-HIGH
5201,949,P,2600.02,2025-01-24,3-MEDIUM
5202,949,P,1536.19,2025-02-01,1-URGENT
5203,949,F,2956.37,2025-05-26,3-MEDIUM
5204,949,O,5537.51,2025-05-18,2-HIGH
5205,949,P,4702.04,2025-05-07,2-HIGH
5206,949,O,3974.15,2025-02-15,1-URGENT
5207,950,F,1373.0,2025-01-23,2-HIGH
5208,950,P,4367.98,2025-02-11,1-URGENT
5209,950,F,2358.0,2025-06-03,2-HIGH
5210,950,F,3623.82,2025-01-04,2-HIGH
5211,950,P,9819.21,2025-03-14,3-MEDIUM
5212,950,F,2256.86,2025-04-18,1-URGENT
5213,951,P,2895.39,2025-06-02,2-HIGH
5214,951,P,2783.25,2025-02-10,3-MEDIUM
5215,951,O,2145.96,2025-04-05,2-HIGH
5216,952,P,2744.28,2025-05-21,3-MEDIUM
5217,953,F,4058.1,2025-05-04,2-HIGH
5218,954,F,576.27,2025-06-22,3-MEDIUM
5219,954,F,5318.89,2025-06-15,1-URGENT
5220,954,F,1593.43,2025-02-20,2-HIGH
5221,955,F,3277.71,2025-05-24,2-HIGH
5222,955,P,816.96,2025-01-28,3-MEDIUM
5223,955,F,1962.26,2025-03-27,1-URGENT
5224,956,O,5912.93,2025-02-19,4-LOW
5225,956,O,493.12,2025-01-29,4-LOW
5226,956,O,4885.22,2025-03-04,1-URGENT
5227,956,O,1688.75,2025-01-19,4-LOW
5228,956,O,2436.01,2025-01-14,1-URGENT
5229,956,F,707.95,2025-03-28,1-URGENT
5230,956,F,3047.43,2025-05-14,2-HIGH
5231,956,F,2252.18,2025-02-09,2-HIGH
5232,957,O,1186.22,2025-01-12,3-MEDIUM
5233,958,F,1784.65,2025-02-20,2-HIGH
5234,958,O,5741.26,2025-01-14,1-URGENT
5235,958,O,4058.0,2025-06-07,3-MEDIUM
5236,958,O,6172.38,2025-05-18,3-MEDIUM
5237,959,O,319.52,2025-01-26,4-LOW
5238,959,O,1243.0,2025-02-04,1-URGENT
5239,959,F,1129.13,2025-03-11,4-LOW
5240,959,O,1839.39,2025-04-07,2-HIGH
5241,960,F,333.53,2025-04-29,1-URGENT
5242,960,O,9576.57,2025-02-11,1-URGENT
5243,960,F,2288.66,2025-01-07,1-URGENT
5244,960,O,4049.21,2025-05-19,2-HIGH
5245,960,P,9650.51,2025-06-30,3-MEDIUM
5246,960,F,3009.57,2025-02-18,3-MEDIUM
5247,960,F,7697.0,2025-04-26,2-HIGH
5248,960,F,236.41,2025-01-04,1-URGENT
5249,961,P,3706.28,2025-01-16,2-HIGH
5250,961,O,3700.84,2025-06-05,1-URGENT
5251,961,O,4750.97,2025-01-13,2-HIGH
5252,961,F,3100.47,2025-03-16,2-HIGH
5253,962,F,3165.97,2025-03-23,2-HIGH
5254,962,F,1821.78,2025-03-03,2-HIGH
5255,962,O,3477.2,2025-04-23,2-HIGH
5256,962,F,3559.61,2025-05-11,3-MEDIUM
5257,962,F,5195.64,2025-03-29,2-HIGH
5258,963,F,6757.66,2025-04-14,1-URGENT
5259,963,F,2834.97,2025-04-14,4-LOW
5260,963,O,6089.64,2025-05-03,3-MEDIUM
5261,963,P,789.87,2025-05-24,3-MEDIUM
5262,963,P,6969.67,2025-06-25,1-URGENT
5263,963,F,1198.77,2025-06-13,1-URGENT
5264,963,O,475.69,2025-02-04,3-MEDIUM
5265,964,O,3297.15,2025-06-25,1-URGENT
5266,964,P,3876.78,2025-04-25,3-MEDIUM
5267,964,F,894.94,2025-04-06,1-URGENT
5268,964,P,625.18,2025-05-10,1-URGENT
5269,964,O,867.13,2025-04-14,3-MEDIUM
5270,964,P,3361.43,2025-06-10,2-HIGH
5271,964,O,2457.66,2025-05-08,3-MEDIUM
5272,965,O,1910.64,2025-02-28,2-HIGH
5273,965,O,493.51,2025-04-17,3-MEDIUM
5274,965,O,1137.08,2025-03-25,4-LOW
5275,965,O,3386.76,2025-04-22,2-HIGH
5276,965,P,2138.69,2025-04-09,2-HIGH
5277,965,P,2566.0,2025-03-25,1-URGENT
5278,965,F,4783.05,2025-03-21,3-MEDIUM
5279,966,P,8551.49,2025-05-14,1-URGENT
5280,966,P,3187.69,2025-01-25,3-MEDIUM
5281,966,P,366.62,2025-01-14,1-URGENT
5282,966,F,216.76,2025-01-25,1-URGENT
5283,966,P,1546.02,2025-02-07,2-HIGH
5284,967,P,2109.71,2025-06-02,1-URGENT
5285,967,O,3992.37,2025-01-25,1-URGENT
5286,968,F,1584.56,2025-02-02,3-MEDIUM
5287,968,F,1082.24,2025-01-04,4-LOW
5288,968,F,2246.41,2025-03-19,4-LOW
5289,968,F,1491.22,2025-05-06,4-LOW
5290,968,F,4054.34,2025-04-06,3-MEDIUM
5291,968,F,1233.72,2025-04-13,3-MEDIUM
5292,968,F,2271.86,2025-02-06,4-LOW
5293,968,O,5607.92,2025-05-04,2-HIGH
5294,969,P,2215.98,2025-05-04,2-HIGH
5295,969,F,5638.48,2025-06-04,4-LOW
5296,969,P,4129.53,2025-04-22,3-MEDIUM
5297,969,O,1117.5,2025-01-27,3-MEDIUM
5298,969,F,4824.97,2025-06-18,4-LOW
5299,969,F,7724.91,2025-01-24,3-MEDIUM
5300,969,F,479.42,2025-03-27,4-LOW
5301,970,O,2824.07,2025-06-29,3-MEDIUM
5302,970,O,4472.72,2025-05-26,1-URGENT
5303,970,P,469.89,2025-06-22,4-LOW
5304,970,O,4142.52,2025-05-29,4-LOW
5305,970,O,2136.75,2025-05-29,1-URGENT
5306,971,O,6995.65,2025-05-30,3-MEDIUM
5307,971,P,5088.32,2025-04-20,2-HIGH
5308,971,O,6061.85,2025-06-14,3-MEDIUM
5309,971,O,2901.19,2025-01-17,3-MEDIUM
5310,971,O,5804.5,2025-03-30,2-HIGH
5311,971,P,3208.18,2025-02-11,1-URGENT
5312,971,F,4102.5,2025-03-16,1-URGENT
5313,972,O,9502.98,2025-04-02,1-URGENT
5314,972,P,5110.84,2025-02-27,3-MEDIUM
5315,972,F,367.24,2025-06-26,4-LOW
5316,973,P,3418.39,2025-04-07,3-MEDIUM
5317,973,P,4686.04,2025-01-05,2-HIGH
5318,973,O,5300.67,2025-02-28,3-MEDIUM
5319,973,F,1810.69,2025-02-09,1-URGENT
5320,974,P,2328.28,2025-06-11,4-LOW
5321,974,P,2183.03,2025-01-05,4-LOW
5322,974,F,2343.25,2025-04-25,2-HIGH
5323,974,F,3187.84,2025-04-06,2-HIGH
5324,974,O,6958.6,2025-06-18,4-LOW
5325,974,P,2240.32,2025-04-12,4-LOW
5326,974,P,5456.58,2025-02-14,4-LOW
5327,975,O,2465.51,2025-01-20,2-HIGH
5328,975,F,5010.85,2025-01-06,4-LOW
5329,975,P,6283.57,2025-06-23,4-LOW
5330,975,O,1474.78,2025-05-28,4-LOW
5331,975,F,147.2,2025-05-06,4-LOW
5332,975,P,6362.67,2025-01-29,1-URGENT
5333,975,F,1154.9,2025-03-31,3-MEDIUM
5334,976,P,880.35,2025-06-13,1-URGENT
5335,976,P,4574.07,2025-01-22,2-HIGH
5336,976,P,1927.49,2025-01-31,3-MEDIUM
5337,976,P,5317.65,2025-04-10,4-LOW
5338,976,P,3823.62,2025-02-21,3-MEDIUM
5339,976,F,2563.13,2025-01-31,4-LOW
5340,976,P,629.42,2025-05-25,4-LOW
5341,977,P,2279.44,2025-05-11,2-HIGH
5342,977,P,4788.55,2025-02-14,4-LOW
5343,977,O,1104.96,2025-04-20,4-LOW
5344,977,F,1838.37,2025-05-25,3-MEDIUM
5345,978,O,2477.8,2025-03-08,1-URGENT
5346,978,O,1399.32,2025-01-16,3-MEDIUM
5347,978,P,3756.05,2025-04-06,3-MEDIUM
5348,978,P,5666.76,2025-06-29,1-URGENT
5349,978,O,2219.26,2025-05-27,4-LOW
5350,978,P,968.7,2025-01-21,2-HIGH
5351,979,P,2809.05,2025-05-26,4-LOW
5352,979,F,1728.77,2025-05-16,2-HIGH
5353,979,F,5789.12,2025-02-04,2-HIGH
5354,979,P,2632.43,2025-04-02,2-HIGH
5355,979,P,5043.29,2025-01-13,2-HIGH
5356,979,P,3495.4,2025-02-04,3-MEDIUM
5357,979,P,1392.37,2025-02-05,3-MEDIUM
5358,979,P,1576.54,2025-04-29,2-HIGH
5359,980,O,3620.19,2025-03-28,4-LOW
5360,980,O,3960.03,2025-01-03,2-HIGH
5361,980,F,3236.35,2025-03-06,4-LOW
5362,980,P,3784.16,2025-02-27,1-URGENT
5363,981,F,3032.62,2025-01-09,2-HIGH
5364,981,O,3345.66,2025-02-09,4-LOW
5365,981,F,2221.65,2025-03-17,2-HIGH
5366,981,P,7914.07,2025-06-02,4-LOW
5367,982,P,3138.26,2025-06-27,3-MEDIUM
5368,983,F,2505.57,2025-04-14,2-HIGH
5369,983,P,1497.62,2025-06-04,3-MEDIUM
5370,983,F,5621.57,2025-02-05,1-URGENT
5371,983,O,4157.92,2025-01-06,1-URGENT
5372,983,F,6296.07,2025-02-23,4-LOW
5373,984,F,1976.11,2025-04-17,2-HIGH
5374,984,F,4814.54,2025-03-30,4-LOW
5375,984,P,2429.6,2025-03-20,2-HIGH
5376,984,O,4200.6,2025-05-31,3-MEDIUM
5377,984,P,2999.04,2025-02-20,4-LOW
5378,984,P,5053.71,2025-05-10,1-URGENT
5379,985,F,3688.06,2025-06-20,2-HIGH
5380,985,O,1017.2,2025-06-20,2-HIGH
5381,985,F,5526.8,2025-06-06,3-MEDIUM
5382,985,O,6204.71,2025-05-31,2-HIGH
5383,985,P,3328.03,2025-03-09,3-MEDIUM
5384,985,O,1917.7,2025-03-19,3-MEDIUM
5385,986,F,4083.01,2025-03-20,3-MEDIUM
5386,986,P,2245.61,2025-04-27,2-HIGH
5387,986,O,943.53,2025-03-12,2-HIGH
5388,986,O,4432.57,2025-06-18,2-HIGH
5389,986,F,6496.08,2025-04-30,1-URGENT
5390,986,O,1962.94,2025-02-07,1-URGENT
5391,986,P,3547.38,2025-03-22,2-HIGH
5392,987,P,60.61,2025-03-05,3-MEDIUM
5393,987,F,4436.29,2025-01-20,4-LOW
5394,987,F,3218.28,2025-01-06,1-URGENT
5395,987,O,6001.87,2025-02-05,2-HIGH
5396,987,P,1787.49,2025-06-25,3-MEDIUM
5397,987,F,2080.94,2025-05-05,2-HIGH
5398,987,F,3914.85,2025-05-04,1-URGENT
5399,988,O,3667.44,2025-04-11,3-MEDIUM
5400,988,F,989.48,2025-01-28,3-MEDIUM
5401,988,F,5728.46,2025-03-06,4-LOW
5402,988,P,933.31,2025-01-01,3-MEDIUM
5403,988,F,4111.64,2025-02-15,1-URGENT
5404,988,F,4294.26,2025-01-03,1-URGENT
5405,989,F,2159.45,2025-03-22,2-HIGH
5406,989,O,1780.28,2025-03-24,2-HIGH
5407,990,O,3796.61,2025-06-03,1-URGENT
5408,991,O,3569.39,2025-04-18,4-LOW
5409,992,O,1943.23,2025-03-04,3-MEDIUM
5410,992,O,259.7,2025-06-08,2-HIGH
5411,992,P,5829.15,2025-05-25,1-URGENT
5412,992,P,1677.34,2025-01-07,1-URGENT
5413,992,F,3981.8,2025-04-02,4-LOW
5414,992,P,1019.59,2025-01-03,1-URGENT
5415,993,P,4760.15,2025-02-21,3-MEDIUM
5416,993,O,5994.35,2025-02-06,3-MEDIUM
5417,993,O,4119.1,2025-06-26,4-LOW
5418,993,P,6931.03,2025-03-05,1-URGENT
5419,993,P,4909.0,2025-02-26,4-LOW
5420,993,F,2162.04,2025-04-14,3-MEDIUM
5421,994,F,403.41,2025-01-05,2-HIGH
5422,994,P,1241.01,2025-01-18,2-HIGH
5423,995,P,1520.06,2025-06-12,3-MEDIUM
5424,995,P,3043.76,2025-01-18,1-URGENT
5425,995,P,744.16,2025-01-09,4-LOW
5426,995,O,1502.51,2025-05-30,3-MEDIUM
5427,995,P,3177.56,2025-03-12,1-URGENT
5428,995,O,3012.06,2025-06-12,2-HIGH
5429,996,P,5781.16,2025-05-21,4-LOW
5430,996,P,4439.34,2025-04-03,2-HIGH
5431,996,O,7308.95,2025-05-14,1-URGENT
5432,996,P,1782.11,2025-05-10,2-HIGH
5433,996,F,2407.12,2025-03-17,3-MEDIUM
5434,996,F,1284.46,2025-01-29,4-LOW
5435,997,P,2893.96,2025-05-16,3-MEDIUM
5436,997,P,3644.57,2025-01-19,4-LOW
5437,997,O,121.26,2025-06-06,1-URGENT
5438,997,O,1473.96,2025-06-29,4-LOW
5439,997,F,510.31,2025-04-02,2-HIGH
5440,998,O,5455.95,2025-03-16,4-LOW
5441,998,F,166.9,2025-03-10,2-HIGH
5442,998,O,959.07,2025-05-02,3-MEDIUM
5443,998,P,959.37,2025-01-04,4-LOW
5444,998,O,484.41,2025-02-17,3-MEDIUM
5445,998,F,3666.76,2025-02-02,3-MEDIUM
5446,998,F,1989.26,2025-02-13,3-MEDIUM
5447,998,F,2118.79,2025-06-07,1-URGENT
5448,999,P,1551.4,2025-05-03,1-URGENT
5449,999,P,534.46,2025-06-09,3-MEDIUM
5450,999,P,1755.93,2025-02-18,1-URGENT
5451,999,F,2081.28,2025-01-18,3-MEDIUM
5452,999,P,4828.0,2025-03-02,4-LOW
5453,999,O,6071.4,2025-05-15,4-LOW
5454,999,P,2234.57,2025-04-27,2-HIGH
5455,999,O,108.09,2025-06-12,2-HIGH
5456,1000,O,4959.1,2025-06-21,2-HIGH
5457,1000,O,1441.75,2025-03-10,4-LOW
5458,1000,O,3606.83,2025-01-21,4-LOW
5459,1000,P,316.79,2025-04-20,4-LOW
5460,1001,P,2623.17,2025-06-25,2-HIGH
5461,1001,F,3387.72,2025-02-27,4-LOW
5462,1002,F,733.55,2025-05-04,3-MEDIUM
5463,1002,O,6892.66,2025-01-16,1-URGENT
5464,1002,O,1693.83,2025-04-11,4-LOW
5465,1002,O,6469.58,2025-06-21,2-HIGH
5466,1002,P,2584.97,2025-01-05,1-URGENT
5467,1003,P,5011.44,2025-01-15,3-MEDIUM
5468,1003,O,6093.65,2025-02-14,1-URGENT
5469,1003,F,5349.36,2025-02-09,3-MEDIUM
5470,1003,O,2580.65,2025-06-10,1-URGENT
5471,1003,F,648.53,2025-06-16,1-URGENT
5472,1004,O,2667.47,2025-05-12,4-LOW
5473,1004,O,3042.6,2025-03-02,4-LOW
5474,1004,O,3865.86,2025-06-02,4-LOW
5475,1004,O,1017.79,2025-04-05,4-LOW
5476,1004,O,6453.11,2025-02-17,1-URGENT
5477,1005,O,472.12,2025-02-18,1-URGENT
5478,1005,F,3299.88,2025-05-05,4-LOW
5479,1005,P,329.48,2025-06-16,4-LOW
5480,1005,F,6010.22,2025-02-12,3-MEDIUM
5481,1005,O,5580.18,2025-04-28,1-URGENT
5482,1006,F,3855.34,2025-02-01,1-URGENT
5483,1006,F,248.4,2025-01-08,3-MEDIUM
5484,1006,F,857.85,2025-03-02,3-MEDIUM
5485,1006,O,226.58,2025-04-26,2-HIGH
5486,1006,P,5836.15,2025-04-13,1-URGENT
5487,1006,F,3874.86,2025-01-31,3-MEDIUM
5488,1006,P,5520.58,2025-02-26,4-LOW
5489,1007,O,1604.02,2025-05-08,3-MEDIUM
5490,1007,P,1164.64,2025-03-01,2-HIGH
5491,1007,F,3447.49,2025-03-01,2-HIGH
5492,1008,O,1476.16,2025-04-30,3-MEDIUM
5493,1008,F,4083.3,2025-06-05,1-URGENT
5494,1008,O,805.01,2025-04-10,2-HIGH
5495,1008,O,7570.59,2025-05-15,1-URGENT
5496,1008,O,1449.19,2025-01-18,4-LOW
5497,1008,O,1751.26,2025-03-06,2-HIGH
5498,1008,P,493.16,2025-05-22,4-LOW
5499,1009,F,189.16,2025-05-12,1-URGENT
5500,1009,P,9613.85,2025-01-06,2-HIGH
5501,1009,O,3730.51,2025-03-27,1-URGENT
5502,1009,P,2814.42,2025-02-10,4-LOW
5503,1009,O,1528.25,2025-02-23,1-URGENT
5504,1009,P,8889.98,2025-04-03,1-URGENT
5505,1010,O,4490.04,2025-02-13,4-LOW
5506,1011,P,2921.4,2025-04-24,4-LOW
5507,1011,O,2821.28,2025-01-11,3-MEDIUM
5508,1011,O,215.26,2025-01-31,4-LOW
5509,1011,F,8045.9,2025-06-04,3-MEDIUM
5510,1011,F,1724.87,2025-01-27,3-MEDIUM
5511,1011,F,8253.21,2025-05-05,3-MEDIUM
5512,1011,F,5831.93,2025-01-26,3-MEDIUM
5513,1011,O,2181.35,2025-02-27,3-MEDIUM
5514,1012,F,1492.71,2025-03-11,4-LOW
5515,1012,P,2494.73,2025-05-15,2-HIGH
5516,1012,F,298.22,2025-03-20,3-MEDIUM
5517,1012,F,6922.85,2025-06-06,2-HIGH
5518,1012,F,1238.2,2025-04-01,3-MEDIUM
5519,1012,F,2189.21,2025-05-27,3-MEDIUM
5520,1012,F,3679.14,2025-04-29,1-URGENT
5521,1012,P,297.44,2025-02-23,3-MEDIUM
5522,1013,F,2990.49,2025-03-26,4-LOW
5523,1013,F,3295.85,2025-03-22,2-HIGH
5524,1013,P,5583.72,2025-04-08,4-LOW
5525,1013,P,1908.5,2025-04-01,3-MEDIUM
5526,1013,F,5633.53,2025-04-19,1-URGENT
5527,1013,P,733.19,2025-06-19,4-LOW
5528,1013,P,1800.63,2025-02-01,4-LOW
5529,1014,O,6884.98,2025-05-08,2-HIGH
5530,1014,O,1684.14,2025-05-26,3-MEDIUM
5531,1014,P,298.42,2025-03-13,2-HIGH
5532,1014,O,7151.53,2025-06-21,2-HIGH
5533,1014,P,4271.1,2025-04-17,1-URGENT
5534,1014,F,5645.83,2025-06-26,4-LOW
5535,1014,F,3081.12,2025-02-06,1-URGENT
5536,1014,F,3682.34,2025-04-10,1-URGENT
5537,1015,P,825.24,2025-04-12,3-MEDIUM
5538,1015,P,5560.14,2025-01-14,4-LOW
5539,1015,F,1256.07,2025-03-26,2-HIGH
5540,1015,F,417.69,2025-04-03,4-LOW
5541,1015,P,1813.22,2025-05-29,4-LOW
5542,1015,O,4465.01,2025-04-30,2-HIGH
5543,1015,P,2208.5,2025-02-07,1-URGENT
5544,1016,P,1713.47,2025-05-10,1-URGENT
5545,1016,P,6184.87,2025-02-13,1-URGENT
5546,1017,O,4006.78,2025-02-14,1-URGENT
5547,1017,O,3705.36,2025-01-05,2-HIGH
5548,1017,F,3739.51,2025-03-07,4-LOW
5549,1017,P,5063.53,2025-02-15,1-URGENT
5550,1017,P,1963.33,2025-04-18,2-HIGH
5551,1017,P,3586.47,2025-06-21,4-LOW
5552,1017,P,5489.98,2025-05-11,2-HIGH
5553,1018,O,6221.58,2025-06-28,4-LOW
5554,1018,O,2520.49,2025-02-23,3-MEDIUM
5555,1018,O,3601.54,2025-01-11,2-HIGH
5556,1018,O,2074.22,2025-04-27,2-HIGH
5557,1018,P,6847.96,2025-02-01,4-LOW
5558,1019,P,1279.97,2025-06-06,1-URGENT
5559,1019,F,3415.36,2025-05-24,1-URGENT
5560,1019,P,2698.6,2025-02-15,4-LOW
5561,1019,P,1061.25,2025-03-17,2-HIGH
5562,1019,P,7083.77,2025-03-05,1-URGENT
5563,1020,O,1459.94,2025-05-03,4-LOW
5564,1020,P,6825.75,2025-01-27,4-LOW
5565,1020,P,2686.82,2025-06-26,2-HIGH
5566,1020,F,3304.22,2025-04-04,3-MEDIUM
5567,1020,F,1463.46,2025-03-23,1-URGENT
5568,1020,F,4776.56,2025-03-13,1-URGENT
5569,1021,F,7758.56,2025-06-28,3-MEDIUM
5570,1021,F,4525.46,2025-02-01,1-URGENT
5571,1022,F,490.09,2025-04-17,2-HIGH
5572,1022,O,416.39,2025-05-07,1-URGENT
5573,1022,O,9061.23,2025-05-01,1-URGENT
5574,1022,O,3773.89,2025-05-12,1-URGENT
5575,1023,O,353.04,2025-04-09,4-LOW
5576,1023,O,3267.48,2025-03-25,3-MEDIUM
5577,1023,F,2977.57,2025-03-22,3-MEDIUM
5578,1023,P,6185.03,2025-02-07,2-HIGH
5579,1023,O,1177.73,2025-03-23,3-MEDIUM
5580,1023,O,5385.44,2025-04-05,1-URGENT
5581,1023,P,2646.45,2025-03-30,1-URGENT
5582,1024,F,5118.95,2025-05-03,3-MEDIUM
5583,1024,F,2689.19,2025-01-09,3-MEDIUM
5584,1024,P,37.0,2025-04-08,3-MEDIUM
5585,1024,O,7898.84,2025-06-19,1-URGENT
5586,1024,O,969.24,2025-05-04,4-LOW
5587,1024,F,5000.94,2025-05-31,3-MEDIUM
5588,1025,F,1719.16,2025-02-09,1-URGENT
5589,1026,O,6596.28,2025-04-23,1-URGENT
5590,1026,O,5846.11,2025-01-06,4-LOW
5591,1026,F,5798.81,2025-03-02,2-HIGH
5592,1026,P,752.17,2025-01-28,4-LOW
5593,1027,O,6166.62,2025-06-19,2-HIGH
5594,1027,O,585.09,2025-04-03,2-HIGH
5595,1028,O,4719.37,2025-05-18,3-MEDIUM
5596,1028,P,5793.7,2025-05-07,3-MEDIUM
5597,1028,F,2481.35,2025-02-26,4-LOW
5598,1028,P,5003.86,2025-02-08,4-LOW
5599,1028,P,1934.94,2025-02-08,3-MEDIUM
5600,1028,P,6988.33,2025-06-06,1-URGENT
5601,1029,F,1028.88,2025-01-14,4-LOW
5602,1030,P,6070.21,2025-04-25,2-HIGH
5603,1030,F,2505.46,2025-06-27,2-HIGH
5604,1030,F,3174.11,2025-06-19,4-LOW
5605,1030,F,2218.07,2025-02-22,1-URGENT
5606,1030,O,4727.95,2025-06-30,1-URGENT
5607,1030,P,5758.65,2025-03-20,3-MEDIUM
5608,1031,F,160.51,2025-03-07,2-HIGH
5609,1031,O,2721.44,2025-06-01,3-MEDIUM
5610,1032,O,2583.85,2025-01-08,1-URGENT
5611,1032,F,6837.48,2025-02-11,1-URGENT
5612,1032,P,6006.97,2025-03-25,2-HIGH
5613,1032,F,3982.92,2025-04-11,4-LOW
5614,1032,P,6657.46,2025-06-17,3-MEDIUM
5615,1032,O,5771.38,2025-06-07,3-MEDIUM
5616,1032,O,4026.07,2025-04-03,3-MEDIUM
5617,1033,F,2537.64,2025-01-12,2-HIGH
5618,1033,P,5013.04,2025-05-07,1-URGENT
5619,1033,F,1576.51,2025-01-14,2-HIGH
5620,1033,P,1677.21,2025-04-02,1-URGENT
5621,1034,F,2127.71,2025-01-24,2-HIGH
5622,1034,F,2120.81,2025-04-15,3-MEDIUM
5623,1034,F,3892.16,2025-04-13,4-LOW
5624,1034,P,5471.84,2025-05-07,4-LOW
5625,1034,O,3598.31,2025-06-17,4-LOW
5626,1034,P,4572.35,2025-05-23,2-HIGH
5627,1035,P,2656.51,2025-06-18,2-HIGH
5628,1035,O,740.14,2025-06-19,3-MEDIUM
5629,1035,P,3515.59,2025-06-20,3-MEDIUM
5630,1035,F,2521.55,2025-03-17,1-URGENT
5631,1035,O,3187.74,2025-05-26,3-MEDIUM
5632,1035,P,376.43,2025-06-25,2-HIGH
5633,1035,O,2527.98,2025-04-18,1-URGENT
5634,1036,P,3159.2,2025-04-10,4-LOW
5635,1036,P,1759.95,2025-03-25,1-URGENT
5636,1036,P,1755.05,2025-06-15,1-URGENT
5637,1036,P,78.37,2025-01-14,1-URGENT
5638,1036,F,4435.86,2025-02-02,1-URGENT
5639,1036,P,3334.25,2025-06-16,2-HIGH
5640,1036,P,323.12,2025-05-19,2-HIGH
5641,1036,P,2305.14,2025-05-24,4-LOW
5642,1037,P,7245.14,2025-01-20,3-MEDIUM
5643,1037,P,611.48,2025-06-16,1-URGENT
5644,1037,P,535.83,2025-03-30,4-LOW
5645,1038,O,5934.58,2025-02-28,3-MEDIUM
5646,1038,O,2343.88,2025-04-02,4-LOW
5647,1038,P,1663.6,2025-02-14,2-HIGH
5648,1038,O,3098.86,2025-01-16,3-MEDIUM
5649,1038,O,2052.19,2025-01-04,3-MEDIUM
5650,1039,P,2959.49,2025-02-26,2-HIGH
5651,1039,P,4845.36,2025-02-17,4-LOW
5652,1039,P,3144.54,2025-04-07,4-LOW
5653,1039,F,11090.96,2025-03-30,2-HIGH
5654,1040,O,1320.97,2025-02-03,4-LOW
5655,1040,O,4743.78,2025-02-02,3-MEDIUM
5656,1040,F,7253.34,2025-06-19,1-URGENT
5657,1040,P,1373.71,2025-01-10,2-HIGH
5658,1041,O,928.75,2025-04-26,3-MEDIUM
5659,1041,P,4945.53,2025-06-11,1-URGENT
5660,1041,P,100.93,2025-05-14,4-LOW
5661,1041,P,2530.63,2025-01-21,3-MEDIUM
5662,1041,P,4066.82,2025-06-24,4-LOW
5663,1042,F,4763.98,2025-05-07,2-HIGH
5664,1042,P,1381.74,2025-02-10,4-LOW
5665,1043,P,4009.45,2025-06-01,4-LOW
5666,1043,O,2073.92,2025-06-11,3-MEDIUM
5667,1044,P,3792.72,2025-05-14,3-MEDIUM
5668,1044,F,2726.59,2025-02-15,1-URGENT
5669,1044,O,6137.12,2025-05-22,4-LOW
5670,1045,O,2182.89,2025-01-30,4-LOW
5671,1046,P,3485.71,2025-03-26,4-LOW
5672,1046,O,1543.67,2025-02-12,2-HIGH
5673,1046,P,5861.45,2025-06-21,1-URGENT
5674,1046,O,2285.92,2025-05-07,1-URGENT
5675,1046,F,451.98,2025-03-01,1-URGENT
5676,1046,P,2741.72,2025-03-21,4-LOW
5677,1046,O,1584.44,2025-03-02,2-HIGH
5678,1046,P,3188.94,2025-03-12,2-HIGH
5679,1047,P,1810.02,2025-06-26,3-MEDIUM
5680,1047,P,967.19,2025-06-20,1-URGENT
5681,1047,F,4155.49,2025-01-16,3-MEDIUM
5682,1047,P,2972.91,2025-06-21,3-MEDIUM
5683,1047,F,3312.06,2025-03-14,3-MEDIUM
5684,1047,P,5422.15,2025-03-17,4-LOW
5685,1048,P,664.64,2025-06-14,2-HIGH
5686,1049,O,7094.62,2025-04-07,2-HIGH
5687,1049,O,4520.07,2025-01-03,3-MEDIUM
5688,1049,O,1111.61,2025-04-26,3-MEDIUM
5689,1049,P,2604.81,2025-01-12,1-URGENT
5690,1049,P,1487.53,2025-06-24,4-LOW
5691,1049,O,4029.3,2025-01-18,2-HIGH
5692,1050,F,110.24,2025-04-28,2-HIGH
5693,1050,P,2958.03,2025-01-02,3-MEDIUM
5694,1050,F,2777.78,2025-06-04,1-URGENT
5695,1050,O,4737.56,2025-03-30,1-URGENT
5696,1050,F,1954.6,2025-06-10,3-MEDIUM
5697,1050,O,2855.85,2025-05-18,2-HIGH
5698,1050,P,5213.4,2025-06-04,2-HIGH
5699,1050,F,1921.88,2025-03-28,2-HIGH
5700,1051,O,3803.09,2025-06-12,2-HIGH
5701,1051,O,2033.78,2025-05-14,1-URGENT
5702,1051,P,1083.91,2025-02-16,4-LOW
5703,1052,P,266.89,2025-06-26,1-URGENT
5704,1052,P,927.95,2025-01-07,1-URGENT
5705,1052,O,4300.36,2025-05-13,1-URGENT
5706,1053,O,1090.53,2025-02-27,3-MEDIUM
5707,1053,P,1198.15,2025-03-01,3-MEDIUM
5708,1053,F,826.77,2025-01-13,1-URGENT
5709,1053,F,7161.4,2025-06-24,2-HIGH
5710,1053,F,5785.61,2025-03-16,2-HIGH
5711,1053,O,4292.99,2025-03-10,2-HIGH
5712,1053,F,1517.24,2025-04-28,3-MEDIUM
5713,1054,P,630.0,2025-06-17,3-MEDIUM
5714,1054,F,4008.59,2025-04-22,3-MEDIUM
5715,1054,O,3208.96,2025-06-10,1-URGENT
5716,1054,P,1691.83,2025-04-09,3-MEDIUM
5717,1054,P,5888.64,2025-02-01,3-MEDIUM
5718,1054,O,3259.44,2025-03-12,1-URGENT
5719,1054,P,2547.36,2025-01-04,3-MEDIUM
5720,1055,F,5940.71,2025-01-03,2-HIGH
5721,1055,P,191.57,2025-01-16,1-URGENT
5722,1055,F,2313.89,2025-05-30,1-URGENT
5723,1055,P,4117.05,2025-05-28,1-URGENT
5724,1055,P,2444.7,2025-06-18,4-LOW
5725,1055,F,3771.93,2025-03-12,2-HIGH
5726,1055,F,3504.41,2025-05-31,1-URGENT
5727,1055,O,4774.88,2025-02-09,2-HIGH
5728,1056,O,4020.84,2025-05-12,2-HIGH
5729,1056,F,1861.07,2025-06-13,1-URGENT
5730,1056,O,294.1,2025-01-18,3-MEDIUM
5731,1056,O,1526.57,2025-04-01,3-MEDIUM
5732,1056,O,2686.23,2025-04-07,3-MEDIUM
5733,1056,F,4817.14,2025-01-26,4-LOW
5734,1056,O,4295.46,2025-04-10,3-MEDIUM
5735,1056,O,98.33,2025-05-02,3-MEDIUM
5736,1057,O,5203.98,2025-01-07,3-MEDIUM
5737,1057,P,2999.41,2025-02-12,1-URGENT
5738,1057,O,2674.23,2025-05-30,3-MEDIUM
5739,1057,F,5065.62,2025-01-22,1-URGENT
5740,1058,P,4292.33,2025-05-15,2-HIGH
5741,1059,P,3993.47,2025-06-15,1-URGENT
5742,1059,P,2967.08,2025-04-16,3-MEDIUM
5743,1059,O,1631.54,2025-05-02,2-HIGH
5744,1059,O,3816.1,2025-05-17,2-HIGH
5745,1059,F,3665.19,2025-01-05,1-URGENT
5746,1059,O,3512.18,2025-01-23,3-MEDIUM
5747,1059,P,5495.05,2025-06-09,3-MEDIUM
5748,1060,O,8201.83,2025-06-06,2-HIGH
5749,1060,P,3985.13,2025-03-11,4-LOW
5750,1060,P,41.69,2025-02-20,1-URGENT
5751,1060,P,2531.26,2025-06-14,3-MEDIUM
5752,1060,F,4185.9,2025-02-01,4-LOW
5753,1061,O,2721.04,2025-05-12,3-MEDIUM
5754,1061,F,4165.28,2025-05-26,2-HIGH
5755,1061,O,2409.59,2025-03-22,2-HIGH
5756,1061,F,5281.2,2025-06-28,4-LOW
5757,1061,F,3145.78,2025-01-14,3-MEDIUM
5758,1061,O,2177.4,2025-04-25,3-MEDIUM
5759,1061,F,2306.99,2025-03-26,2-HIGH
5760,1062,O,1565.96,2025-03-04,3-MEDIUM
5761,1063,P,3898.16,2025-04-21,4-LOW
5762,1063,O,2993.62,2025-03-18,4-LOW
5763,1063,P,104.89,2025-03-18,2-HIGH
5764,1063,P,4447.55,2025-04-04,4-LOW
5765,1063,F,4018.35,2025-01-06,3-MEDIUM
5766,1063,O,1756.4,2025-02-26,1-URGENT
5767,1063,O,416.02,2025-05-27,3-MEDIUM
5768,1064,P,4278.39,2025-01-03,3-MEDIUM
5769,1064,F,3030.69,2025-04-05,2-HIGH
5770,1064,O,2151.2,2025-01-18,3-MEDIUM
5771,1064,F,4113.73,2025-04-17,3-MEDIUM
5772,1065,F,1303.8,2025-06-04,2-HIGH
5773,1065,P,4550.0,2025-01-26,3-MEDIUM
5774,1065,F,3093.24,2025-04-11,4-LOW
5775,1065,F,4958.96,2025-03-14,3-MEDIUM
5776,1065,O,5862.61,2025-02-13,1-URGENT
5777,1065,F,2866.27,2025-01-23,3-MEDIUM
5778,1065,F,5436.41,2025-06-14,4-LOW
5779,1066,P,784.11,2025-02-26,2-HIGH
5780,1066,F,4141.34,2025-05-13,1-URGENT
5781,1066,P,3083.51,2025-01-01,4-LOW
5782,1066,P,5622.44,2025-02-23,2-HIGH
5783,1066,F,696.32,2025-03-25,3-MEDIUM
5784,1067,F,2138.77,2025-03-10,3-MEDIUM
5785,1067,P,1327.92,2025-04-06,3-MEDIUM
5786,1067,F,4582.6,2025-06-08,3-MEDIUM
5787,1067,P,856.28,2025-06-14,3-MEDIUM
5788,1067,P,3794.63,2025-06-15,4-LOW
5789,1068,P,5165.36,2025-06-08,1-URGENT
5790,1068,P,7801.65,2025-06-10,3-MEDIUM
5791,1068,F,3386.11,2025-05-16,3-MEDIUM
5792,1068,P,7775.04,2025-01-28,3-MEDIUM
5793,1068,F,2773.06,2025-05-19,3-MEDIUM
5794,1068,O,6786.48,2025-03-20,4-LOW
5795,1069,F,3689.54,2025-05-31,1-URGENT
5796,1069,F,4417.84,2025-01-30,1-URGENT
5797,1069,F,1905.09,2025-01-28,4-LOW
5798,1070,F,755.8,2025-03-14,3-MEDIUM
5799,1070,P,3983.81,2025-06-04,3-MEDIUM
5800,1070,P,551.76,2025-05-23,4-LOW
5801,1070,P,3265.75,2025-03-07,2-HIGH
5802,1070,F,3911.76,2025-01-23,2-HIGH
5803,1070,O,1335.64,2025-03-30,1-URGENT
5804,1070,P,7554.31,2025-01-05,4-LOW
5805,1070,F,61.94,2025-06-12,3-MEDIUM
5806,1071,O,3510.6,2025-01-02,2-HIGH
5807,1071,O,706.92,2025-01-25,1-URGENT
5808,1072,F,2612.92,2025-05-27,4-LOW
5809,1072,P,4470.91,2025-05-10,2-HIGH
5810,1072,P,1536.09,2025-03-22,1-URGENT
5811,1072,O,4708.94,2025-05-16,2-HIGH
5812,1072,F,1901.54,2025-04-01,3-MEDIUM
5813,1072,P,3966.71,2025-05-30,3-MEDIUM
5814,1073,O,1540.08,2025-02-12,1-URGENT
5815,1073,O,6033.72,2025-05-23,3-MEDIUM
5816,1073,P,3462.7,2025-02-11,2-HIGH
5817,1074,O,1393.39,2025-04-24,2-HIGH
5818,1074,P,2583.85,2025-05-02,1-URGENT
5819,1074,O,4003.47,2025-03-05,2-HIGH
5820,1074,P,1244.51,2025-01-03,4-LOW
5821,1074,O,2397.36,2025-04-05,2-HIGH
5822,1074,F,6656.26,2025-06-24,2-HIGH
5823,1075,P,7487.74,2025-01-30,1-URGENT
5824,1075,O,1543.07,2025-05-31,2-HIGH
5825,1075,P,5892.3,2025-03-03,1-URGENT
5826,1075,O,738.75,2025-04-03,1-URGENT
5827,1075,F,380.64,2025-06-30,4-LOW
5828,1076,P,1958.63,2025-03-12,3-MEDIUM
5829,1076,F,2271.8,2025-04-13,1-URGENT
5830,1076,P,2520.84,2025-03-17,1-URGENT
5831,1077,P,2063.56,2025-06-17,3-MEDIUM
5832,1077,F,4343.15,2025-04-04,2-HIGH
5833,1077,P,1072.35,2025-03-20,4-LOW
5834,1077,P,553.52,2025-02-07,4-LOW
5835,1077,O,5926.6,2025-04-11,2-HIGH
5836,1077,O,140.5,2025-03-09,1-URGENT
5837,1078,O,5323.01,2025-02-12,2-HIGH
5838,1079,F,2186.24,2025-02-19,1-URGENT
5839,1079,F,3678.87,2025-06-24,3-MEDIUM
5840,1079,O,4088.67,2025-03-12,3-MEDIUM
5841,1079,O,6087.64,2025-01-24,3-MEDIUM
5842,1079,P,1476.54,2025-03-27,1-URGENT
5843,1079,F,2044.14,2025-02-28,1-URGENT
5844,1080,F,247.18,2025-02-16,2-HIGH
5845,1080,F,7242.0,2025-03-12,2-HIGH
5846,1080,P,539.42,2025-06-29,4-LOW
5847,1080,F,4942.62,2025-05-14,2-HIGH
5848,1080,F,1872.11,2025-02-25,2-HIGH
5849,1081,F,5737.37,2025-04-10,1-URGENT
5850,1081,F,3851.17,2025-02-08,2-HIGH
5851,1081,P,4354.56,2025-01-05,3-MEDIUM
5852,1081,P,177.15,2025-04-16,3-MEDIUM
5853,1081,P,3367.87,2025-04-06,1-URGENT
5854,1081,F,3540.68,2025-04-30,1-URGENT
5855,1081,P,3054.3,2025-01-08,3-MEDIUM
5856,1081,O,3153.48,2025-04-27,3-MEDIUM
5857,1082,F,385.66,2025-05-01,1-URGENT
5858,1082,O,535.9,2025-02-08,1-URGENT
5859,1082,F,2398.36,2025-04-25,4-LOW
5860,1082,F,4700.67,2025-01-22,2-HIGH
5861,1083,P,154.99,2025-05-17,2-HIGH
5862,1083,P,8284.04,2025-05-06,3-MEDIUM
5863,1083,P,1875.05,2025-06-11,1-URGENT
5864,1083,P,2798.0,2025-02-28,3-MEDIUM
5865,1083,O,3563.4,2025-05-15,4-LOW
5866,1083,F,2682.81,2025-04-24,1-URGENT
5867,1083,P,4333.81,2025-04-18,3-MEDIUM
5868,1084,O,4183.31,2025-06-03,1-URGENT
5869,1084,P,6575.01,2025-01-19,1-URGENT
5870,1085,F,3236.7,2025-04-20,4-LOW
5871,1085,P,4315.64,2025-03-30,3-MEDIUM
5872,1085,P,2243.24,2025-06-08,1-URGENT
5873,1085,F,2193.96,2025-02-23,1-URGENT
5874,1085,F,7094.64,2025-05-25,3-MEDIUM
5875,1085,O,1892.42,2025-01-20,4-LOW
5876,1085,P,3152.04,2025-04-25,3-MEDIUM
5877,1085,O,4363.98,2025-01-26,1-URGENT
5878,1086,O,125.13,2025-01-21,2-HIGH
5879,1086,O,1404.53,2025-05-29,3-MEDIUM
5880,1086,F,5426.47,2025-02-12,1-URGENT
5881,1086,P,1106.1,2025-03-06,2-HIGH
5882,1086,O,700.56,2025-04-02,4-LOW
5883,1086,P,1779.48,2025-06-17,2-HIGH
5884,1086,O,5953.67,2025-04-12,2-HIGH
5885,1087,O,1188.63,2025-05-08,1-URGENT
5886,1087,F,4349.5,2025-02-17,4-LOW
5887,1087,O,724.66,2025-05-28,1-URGENT
5888,1087,P,7028.66,2025-01-17,1-URGENT
5889,1087,O,2012.21,2025-03-07,1-URGENT
5890,1087,P,1965.17,2025-05-12,4-LOW
5891,1088,F,345.73,2025-02-16,2-HIGH
5892,1088,F,3212.9,2025-06-02,2-HIGH
5893,1088,O,8489.07,2025-03-12,4-LOW
5894,1088,O,1285.26,2025-05-16,1-URGENT
5895,1088,P,1109.51,2025-05-26,1-URGENT
5896,1088,O,6504.57,2025-02-18,2-HIGH
5897,1088,P,3546.1,2025-05-07,1-URGENT
5898,1089,P,1709.44,2025-05-13,2-HIGH
5899,1089,P,2691.74,2025-01-13,3-MEDIUM
5900,1089,O,7599.3,2025-06-08,3-MEDIUM
5901,1089,F,1527.8,2025-03-14,4-LOW
5902,1089,F,1467.48,2025-02-19,4-LOW
5903,1089,F,5010.74,2025-05-12,3-MEDIUM
5904,1090,O,1088.63,2025-05-14,2-HIGH
5905,1090,O,2310.94,2025-01-08,4-LOW
5906,1090,F,2796.9,2025-03-04,4-LOW
5907,1090,F,1853.38,2025-01-12,2-HIGH
5908,1090,F,3806.9,2025-02-15,2-HIGH
5909,1090,O,2963.11,2025-04-12,3-MEDIUM
5910,1091,F,3081.99,2025-04-24,2-HIGH
5911,1091,O,2077.47,2025-02-21,3-MEDIUM
5912,1091,P,3161.79,2025-03-22,4-LOW
5913,1091,O,99.22,2025-04-05,4-LOW
5914,1091,O,142.43,2025-03-04,4-LOW
5915,1092,O,6564.87,2025-06-07,2-HIGH
5916,1092,O,2126.55,2025-05-13,3-MEDIUM
5917,1092,O,3768.14,2025-01-22,4-LOW
5918,1092,P,4217.24,2025-02-05,1-URGENT
5919,1093,O,3534.87,2025-05-09,4-LOW
5920,1093,F,4509.57,2025-01-02,4-LOW
5921,1093,F,5550.1,2025-03-27,1-URGENT
5922,1093,O,5736.59,2025-01-08,1-URGENT
5923,1093,P,766.77,2025-02-09,4-LOW
5924,1093,F,1657.81,2025-01-28,1-URGENT
5925,1093,P,3987.12,2025-02-03,2-HIGH
5926,1093,P,1553.18,2025-03-01,3-MEDIUM
5927,1094,F,3742.06,2025-06-26,3-MEDIUM
5928,1094,P,3623.64,2025-06-16,2-HIGH
5929,1094,O,600.27,2025-05-02,3-MEDIUM
5930,1095,O,1669.63,2025-06-13,4-LOW
5931,1096,P,929.11,2025-01-04,4-LOW
5932,1096,O,2996.57,2025-03-10,1-URGENT
5933,1096,P,4981.64,2025-05-11,1-URGENT
5934,1096,O,1531.58,2025-05-19,2-HIGH
5935,1097,P,3484.98,2025-06-07,1-URGENT
5936,1097,F,7695.85,2025-06-23,1-URGENT
5937,1097,P,298.1,2025-01-25,1-URGENT
5938,1097,F,4675.28,2025-03-10,2-HIGH
5939,1098,F,3307.28,2025-03-18,3-MEDIUM
5940,1098,P,2679.29,2025-02-28,3-MEDIUM
5941,1098,P,3441.24,2025-03-11,4-LOW
5942,1098,O,4145.87,2025-02-01,2-HIGH
5943,1098,O,2605.56,2025-02-02,2-HIGH
5944,1098,F,807.74,2025-01-14,2-HIGH
5945,1099,O,758.71,2025-03-29,4-LOW
5946,1099,F,4869.5,2025-01-25,4-LOW
5947,1099,O,2282.21,2025-06-07,2-HIGH
5948,1099,F,753.7,2025-06-13,1-URGENT
5949,1099,F,3960.62,2025-05-19,3-MEDIUM
5950,1099,O,4644.02,2025-01-22,4-LOW
5951,1100,P,2666.36,2025-01-17,1-URGENT
5952,1100,P,2885.34,2025-02-09,2-HIGH
5953,1100,P,3916.96,2025-02-09,4-LOW
5954,1100,O,3483.37,2025-06-30,4-LOW
5955,1100,F,6291.28,2025-03-20,3-MEDIUM
5956,1100,P,1868.82,2025-06-18,4-LOW
5957,1100,P,2175.6,2025-05-12,1-URGENT
5958,1100,F,2863.34,2025-04-07,1-URGENT
5959,1101,O,3890.62,2025-06-07,3-MEDIUM
5960,1101,O,1858.9,2025-03-30,3-MEDIUM
5961,1101,O,1741.2,2025-04-20,1-URGENT
5962,1101,F,3386.4,2025-06-28,2-HIGH
5963,1101,O,6710.59,2025-02-16,4-LOW
5964,1101,O,1216.45,2025-02-23,3-MEDIUM
5965,1101,O,3240.95,2025-02-25,3-MEDIUM
5966,1102,O,6287.29,2025-03-04,3-MEDIUM
5967,1102,F,5633.88,2025-01-14,4-LOW
5968,1102,O,3822.83,2025-01-08,4-LOW
5969,1102,P,1455.89,2025-03-26,4-LOW
5970,1102,P,2656.54,2025-03-08,1-URGENT
5971,1103,F,3667.11,2025-04-09,4-LOW
5972,1103,P,5144.07,2025-02-19,1-URGENT
5973,1103,P,3154.58,2025-05-19,2-HIGH
5974,1103,P,5235.8,2025-03-24,3-MEDIUM
5975,1103,P,4940.75,2025-01-25,2-HIGH
5976,1103,P,4045.58,2025-03-14,1-URGENT
5977,1103,F,712.78,2025-06-18,4-LOW
5978,1103,F,455.9,2025-03-26,3-MEDIUM
5979,1104,P,3488.07,2025-06-11,2-HIGH
5980,1104,O,8461.57,2025-06-08,2-HIGH
5981,1104,P,2447.16,2025-03-09,4-LOW
5982,1105,P,4513.45,2025-02-01,2-HIGH
5983,1105,P,1738.76,2025-04-24,3-MEDIUM
5984,1105,P,4157.78,2025-06-13,4-LOW
5985,1105,P,4012.36,2025-06-20,4-LOW
5986,1105,F,1979.54,2025-06-09,1-URGENT
5987,1105,F,5648.63,2025-05-26,2-HIGH
5988,1105,F,6237.61,2025-04-23,1-URGENT
5989,1105,F,6144.43,2025-01-14,4-LOW
5990,1106,F,1782.96,2025-01-08,4-LOW
5991,1106,O,2772.0,2025-01-11,4-LOW
5992,1106,P,4305.9,2025-01-10,3-MEDIUM
5993,1106,O,5528.69,2025-04-07,3-MEDIUM
5994,1106,P,326.94,2025-06-27,2-HIGH
5995,1106,O,966.57,2025-05-22,3-MEDIUM
5996,1107,P,1928.11,2025-05-21,1-URGENT
5997,1107,P,3942.54,2025-01-24,3-MEDIUM
5998,1108,P,1020.75,2025-04-26,1-URGENT
5999,1109,F,4044.09,2025-04-08,4-LOW
6000,1109,O,5126.46,2025-04-27,3-MEDIUM
6001,1109,O,3312.76,2025-04-09,4-LOW
6002,1109,P,4413.24,2025-06-22,1-URGENT
6003,1109,O,1898.69,2025-03-02,3-MEDIUM
6004,1109,P,1633.92,2025-01-07,3-MEDIUM
6005,1109,O,510.5,2025-02-26,2-HIGH
6006,1110,P,1895.84,2025-04-22,2-HIGH
6007,1110,F,4670.83,2025-03-22,2-HIGH
6008,1110,P,2967.27,2025-02-18,2-HIGH
6009,1110,O,2343.77,2025-02-09,3-MEDIUM
6010,1110,P,3622.31,2025-01-02,2-HIGH
6011,1111,F,1293.13,2025-01-30,2-HIGH
6012,1111,P,155.0,2025-05-02,1-URGENT
6013,1111,O,862.45,2025-05-06,1-URGENT
6014,1111,O,2159.98,2025-04-18,1-URGENT
6015,1112,F,4332.84,2025-02-21,3-MEDIUM
6016,1112,P,6294.41,2025-02-24,3-MEDIUM
6017,1113,O,3926.83,2025-02-20,1-URGENT
6018,1113,O,5062.38,2025-04-06,3-MEDIUM
6019,1113,O,5183.46,2025-04-27,3-MEDIUM
6020,1113,O,3268.17,2025-06-16,3-MEDIUM
6021,1114,F,1170.29,2025-04-15,2-HIGH
6022,1114,F,245.42,2025-03-12,1-URGENT
6023,1114,F,522.98,2025-01-12,3-MEDIUM
6024,1114,F,3557.02,2025-02-28,2-HIGH
6025,1114,P,2542.17,2025-04-09,4-LOW
6026,1114,O,2005.66,2025-03-03,3-MEDIUM
6027,1115,O,7240.78,2025-05-28,4-LOW
6028,1115,F,3680.78,2025-06-04,4-LOW
6029,1115,P,1664.85,2025-03-18,2-HIGH
6030,1115,P,3839.2,2025-03-28,4-LOW
6031,1115,P,3807.16,2025-02-26,1-URGENT
6032,1115,P,4290.33,2025-06-07,3-MEDIUM
6033,1115,O,2078.1,2025-01-20,2-HIGH
6034,1115,F,682.97,2025-05-20,1-URGENT
6035,1116,F,5340.43,2025-04-16,2-HIGH
6036,1116,F,1075.92,2025-05-24,2-HIGH
6037,1116,F,2864.34,2025-01-09,4-LOW
6038,1117,F,1787.67,2025-05-12,3-MEDIUM
6039,1118,O,734.65,2025-05-11,3-MEDIUM
6040,1118,P,845.86,2025-02-04,3-MEDIUM
6041,1119,F,5228.5,2025-05-08,2-HIGH
6042,1119,F,4321.57,2025-05-24,4-LOW
6043,1119,P,7014.97,2025-02-18,2-HIGH
6044,1119,F,1224.12,2025-06-14,3-MEDIUM
6045,1119,P,4475.44,2025-01-19,1-URGENT
6046,1119,O,5860.5,2025-05-15,4-LOW
6047,1119,P,4488.71,2025-03-03,1-URGENT
6048,1120,O,1178.14,2025-03-19,1-URGENT
6049,1120,P,1340.57,2025-04-23,3-MEDIUM
6050,1120,P,4113.98,2025-01-27,3-MEDIUM
6051,1120,P,1398.8,2025-06-27,1-URGENT
6052,1120,P,1594.41,2025-01-05,4-LOW
6053,1120,P,4075.47,2025-05-01,4-LOW
6054,1121,O,3505.29,2025-01-20,4-LOW
6055,1121,O,40.3,2025-06-23,4-LOW
6056,1121,P,1395.21,2025-05-17,2-HIGH
6057,1121,P,3397.47,2025-06-07,3-MEDIUM
6058,1121,P,5973.81,2025-05-08,4-LOW
6059,1121,P,5045.25,2025-05-19,1-URGENT
6060,1122,P,3865.76,2025-06-16,3-MEDIUM
6061,1122,O,1541.33,2025-04-11,2-HIGH
6062,1122,O,872.12,2025-03-16,2-HIGH
6063,1122,O,1345.71,2025-05-22,1-URGENT
6064,1122,F,2895.52,2025-02-02,2-HIGH
6065,1123,P,653.37,2025-05-04,3-MEDIUM
6066,1123,P,1027.58,2025-05-09,1-URGENT
6067,1123,O,479.85,2025-02-22,1-URGENT
6068,1123,F,6274.47,2025-02-07,2-HIGH
6069,1123,F,3272.96,2025-01-19,2-HIGH
6070,1124,O,4607.3,2025-03-26,1-URGENT
6071,1124,F,3175.5,2025-02-11,4-LOW
6072,1124,F,1372.67,2025-02-21,3-MEDIUM
6073,1124,O,433.36,2025-05-15,2-HIGH
6074,1124,P,983.79,2025-05-27,4-LOW
6075,1125,O,4746.35,2025-02-09,2-HIGH
6076,1125,O,2798.33,2025-01-13,3-MEDIUM
6077,1125,P,811.87,2025-06-26,2-HIGH
6078,1125,P,3955.84,2025-05-27,1-URGENT
6079,1125,O,3479.32,2025-03-22,2-HIGH
6080,1125,F,8076.78,2025-04-05,4-LOW
6081,1126,P,7013.56,2025-05-18,2-HIGH
6082,1126,P,2409.41,2025-04-13,4-LOW
6083,1126,F,4272.79,2025-01-01,3-MEDIUM
6084,1126,P,6194.28,2025-01-09,1-URGENT
6085,1127,O,1263.02,2025-05-06,4-LOW
6086,1127,F,2002.73,2025-06-26,2-HIGH
6087,1127,P,4749.46,2025-03-07,1-URGENT
6088,1127,O,2264.45,2025-02-27,2-HIGH
6089,1127,F,1462.05,2025-01-02,3-MEDIUM
6090,1127,F,1192.15,2025-04-06,2-HIGH
6091,1127,F,2635.3,2025-01-29,3-MEDIUM
6092,1128,F,703.62,2025-02-07,4-LOW
6093,1128,F,8790.69,2025-06-28,3-MEDIUM
6094,1128,F,2494.08,2025-01-26,3-MEDIUM
6095,1128,P,1486.53,2025-03-17,1-URGENT
6096,1129,F,2449.83,2025-06-04,4-LOW
6097,1129,O,3737.63,2025-05-06,1-URGENT
6098,1129,F,1539.46,2025-01-05,3-MEDIUM
6099,1130,F,5036.57,2025-03-13,4-LOW
6100,1130,P,5082.22,2025-06-18,3-MEDIUM
6101,1130,O,3555.84,2025-06-14,2-HIGH
6102,1130,F,248.63,2025-02-15,3-MEDIUM
6103,1130,F,3050.06,2025-02-01,2-HIGH
6104,1130,P,5739.8,2025-01-22,1-URGENT
6105,1131,P,2569.36,2025-06-16,3-MEDIUM
6106,1131,P,3677.42,2025-02-03,2-HIGH
6107,1131,O,597.93,2025-06-02,3-MEDIUM
6108,1131,P,605.16,2025-02-14,1-URGENT
6109,1131,O,4157.24,2025-04-23,2-HIGH
6110,1132,O,6857.54,2025-06-09,1-URGENT
6111,1133,P,7342.83,2025-04-25,4-LOW
6112,1133,O,5229.32,2025-03-15,3-MEDIUM
6113,1133,F,5668.17,2025-04-12,4-LOW
6114,1133,F,1196.14,2025-02-13,3-MEDIUM
6115,1133,P,3521.99,2025-05-07,1-URGENT
6116,1133,O,1881.35,2025-06-04,1-URGENT
6117,1133,P,3264.96,2025-04-20,1-URGENT
6118,1134,O,2318.59,2025-06-14,2-HIGH
6119,1134,O,3370.79,2025-02-13,4-LOW
6120,1135,P,4398.1,2025-04-26,1-URGENT
6121,1135,F,4520.46,2025-04-26,1-URGENT
6122,1135,O,3828.72,2025-04-06,4-LOW
6123,1136,O,761.75,2025-03-29,4-LOW
6124,1137,O,3657.01,2025-01-22,3-MEDIUM
6125,1137,O,6137.86,2025-04-15,1-URGENT
6126,1137,P,133.4,2025-04-30,1-URGENT
6127,1138,P,3151.74,2025-02-15,4-LOW
6128,1138,P,3976.46,2025-03-30,4-LOW
6129,1139,O,794.61,2025-01-02,4-LOW
6130,1139,F,4362.92,2025-04-26,2-HIGH
6131,1139,P,2692.3,2025-06-22,4-LOW
6132,1139,F,337.14,2025-06-05,3-MEDIUM
6133,1139,F,2919.1,2025-03-19,1-URGENT
6134,1140,O,415.69,2025-04-16,4-LOW
6135,1141,O,1456.05,2025-04-30,1-URGENT
6136,1141,O,5749.18,2025-05-28,1-URGENT
6137,1141,O,2021.6,2025-03-07,4-LOW
6138,1141,P,2241.63,2025-04-28,2-HIGH
6139,1142,O,5230.28,2025-02-11,3-MEDIUM
6140,1142,F,892.52,2025-04-13,2-HIGH
6141,1142,F,2402.6,2025-05-09,1-URGENT
6142,1143,P,2061.36,2025-03-03,3-MEDIUM
6143,1143,O,763.56,2025-01-22,3-MEDIUM
6144,1143,O,691.0,2025-05-27,2-HIGH
6145,1143,O,2892.86,2025-03-22,2-HIGH
6146,1144,O,486.0,2025-02-17,3-MEDIUM
6147,1144,O,1659.01,2025-06-05,1-URGENT
6148,1144,O,4440.34,2025-01-17,1-URGENT
6149,1144,P,4045.96,2025-01-04,3-MEDIUM
6150,1144,O,4808.54,2025-01-03,4-LOW
6151,1144,O,356.72,2025-02-16,4-LOW
6152,1144,O,5949.11,2025-04-25,4-LOW
6153,1144,P,4716.0,2025-05-23,4-LOW
6154,1145,O,6677.61,2025-03-03,4-LOW
6155,1145,F,2563.65,2025-05-29,4-LOW
6156,1145,O,1313.21,2025-02-24,2-HIGH
6157,1145,P,2762.89,2025-06-03,3-MEDIUM
6158,1145,O,4839.04,2025-06-03,3-MEDIUM
6159,1145,O,7730.01,2025-05-15,1-URGENT
6160,1145,F,3402.36,2025-02-28,3-MEDIUM
6161,1146,O,6534.85,2025-04-30,4-LOW
6162,1147,O,1736.98,2025-04-23,4-LOW
6163,1148,P,1747.78,2025-04-29,4-LOW
6164,1148,P,2042.52,2025-05-22,1-URGENT
6165,1148,P,3198.43,2025-02-22,4-LOW
6166,1149,O,2131.86,2025-01-29,2-HIGH
6167,1149,P,2263.67,2025-05-11,2-HIGH
6168,1149,F,151.2,2025-06-27,1-URGENT
6169,1149,O,2232.77,2025-03-06,1-URGENT
6170,1149,O,968.15,2025-06-28,4-LOW
6171,1149,O,866.21,2025-06-29,1-URGENT
6172,1149,F,5997.94,2025-05-24,3-MEDIUM
6173,1149,O,1414.07,2025-02-06,2-HIGH
6174,1150,P,505.17,2025-06-11,3-MEDIUM
6175,1150,F,757.84,2025-01-15,4-LOW
6176,1150,P,3966.06,2025-02-09,3-MEDIUM
6177,1150,O,590.58,2025-03-02,1-URGENT
6178,1150,O,716.05,2025-02-26,3-MEDIUM
6179,1151,F,2780.02,2025-03-15,3-MEDIUM
6180,1151,F,1595.85,2025-03-27,2-HIGH
6181,1151,P,5172.28,2025-06-25,4-LOW
6182,1151,F,1619.3,2025-01-14,2-HIGH
6183,1152,O,631.61,2025-05-12,4-LOW
6184,1152,O,3624.55,2025-03-17,2-HIGH
6185,1152,P,2670.18,2025-03-04,1-URGENT
6186,1152,P,6512.91,2025-01-11,4-LOW
6187,1152,F,3377.97,2025-01-06,3-MEDIUM
6188,1152,F,3687.76,2025-05-31,2-HIGH
6189,1153,P,535.82,2025-05-13,4-LOW
6190,1153,F,4990.64,2025-06-24,4-LOW
6191,1153,O,3397.84,2025-06-30,3-MEDIUM
6192,1154,O,9072.03,2025-06-16,3-MEDIUM
6193,1154,O,4250.97,2025-02-27,2-HIGH
6194,1154,O,2614.12,2025-04-18,2-HIGH
6195,1154,O,4216.39,2025-06-15,1-URGENT
6196,1154,P,4040.18,2025-03-15,4-LOW
6197,1154,O,323.39,2025-06-05,2-HIGH
6198,1154,O,3145.61,2025-01-13,4-LOW
6199,1154,P,3967.48,2025-03-07,3-MEDIUM
6200,1155,F,4531.19,2025-02-08,1-URGENT
6201,1155,P,5619.51,2025-04-30,3-MEDIUM
6202,1155,F,2078.14,2025-03-24,4-LOW
6203,1155,P,3037.69,2025-02-09,4-LOW
6204,1155,O,847.13,2025-04-15,1-URGENT
6205,1155,P,6551.27,2025-01-13,2-HIGH
6206,1155,F,3932.38,2025-01-09,2-HIGH
6207,1155,P,690.85,2025-03-06,3-MEDIUM
6208,1156,O,1599.22,2025-01-09,2-HIGH
6209,1156,P,2190.38,2025-05-23,4-LOW
6210,1156,O,617.07,2025-02-04,4-LOW
6211,1156,O,7234.95,2025-05-14,1-URGENT
6212,1156,F,1851.46,2025-03-13,4-LOW
6213,1156,O,5003.48,2025-06-30,2-HIGH
6214,1157,P,1474.81,2025-01-06,4-LOW
6215,1157,O,2937.06,2025-03-28,3-MEDIUM
6216,1157,F,1232.6,2025-01-18,2-HIGH
6217,1157,O,4356.15,2025-05-30,1-URGENT
6218,1157,P,2763.44,2025-01-22,4-LOW
6219,1158,P,365.85,2025-06-27,4-LOW
6220,1158,F,1171.92,2025-03-28,3-MEDIUM
6221,1158,F,4284.09,2025-05-15,3-MEDIUM
6222,1158,O,2246.4,2025-05-16,2-HIGH
6223,1158,O,2905.04,2025-02-06,3-MEDIUM
6224,1159,P,5370.79,2025-02-19,4-LOW
6225,1159,F,1659.42,2025-05-08,2-HIGH
6226,1159,O,2802.48,2025-05-01,4-LOW
6227,1159,O,739.3,2025-01-16,2-HIGH
6228,1159,P,421.63,2025-02-12,4-LOW
6229,1159,F,2086.84,2025-05-27,3-MEDIUM
6230,1159,O,4639.73,2025-05-26,4-LOW
6231,1159,O,2552.91,2025-04-25,1-URGENT
6232,1160,F,3523.88,2025-03-14,1-URGENT
6233,1161,P,7002.46,2025-05-12,4-LOW
6234,1161,F,2852.51,2025-06-13,3-MEDIUM
6235,1161,F,1930.56,2025-03-26,3-MEDIUM
6236,1161,P,2852.18,2025-03-07,1-URGENT
6237,1161,P,3494.84,2025-03-26,3-MEDIUM
6238,1161,F,6909.83,2025-01-26,4-LOW
6239,1162,F,2956.48,2025-06-03,1-URGENT
6240,1162,P,3742.56,2025-05-15,3-MEDIUM
6241,1163,O,4463.12,2025-05-25,2-HIGH
6242,1163,P,3122.08,2025-03-30,3-MEDIUM
6243,1163,F,2693.03,2025-03-21,2-HIGH
6244,1163,P,5985.01,2025-02-07,2-HIGH
6245,1163,F,931.57,2025-04-08,3-MEDIUM
6246,1163,P,3261.81,2025-03-20,4-LOW
6247,1164,P,5139.93,2025-04-16,4-LOW
6248,1164,P,942.55,2025-03-26,3-MEDIUM
6249,1164,F,4177.14,2025-02-05,2-HIGH
6250,1164,P,3702.54,2025-05-17,2-HIGH
6251,1164,O,3881.57,2025-05-18,2-HIGH
6252,1164,F,1457.3,2025-02-01,2-HIGH
6253,1164,P,3892.7,2025-05-24,4-LOW
6254,1164,P,4663.23,2025-05-25,1-URGENT
6255,1165,O,3089.29,2025-02-08,2-HIGH
6256,1166,F,1626.97,2025-06-19,3-MEDIUM
6257,1166,O,3808.48,2025-06-14,4-LOW
6258,1166,F,2721.31,2025-04-07,4-LOW
6259,1166,P,1466.6,2025-02-03,2-HIGH
6260,1166,O,4505.85,2025-04-18,1-URGENT
6261,1166,O,8531.8,2025-05-16,2-HIGH
6262,1167,P,1045.37,2025-06-16,4-LOW
6263,1167,F,5093.52,2025-06-29,2-HIGH
6264,1167,P,1896.35,2025-02-14,2-HIGH
6265,1167,O,921.82,2025-06-18,4-LOW
6266,1167,P,597.3,2025-03-30,2-HIGH
6267,1167,F,6052.47,2025-02-17,1-URGENT
6268,1167,P,175.24,2025-04-19,1-URGENT
6269,1167,F,4000.15,2025-05-28,2-HIGH
6270,1168,O,7202.85,2025-03-27,3-MEDIUM
6271,1168,F,1762.53,2025-06-04,3-MEDIUM
6272,1168,O,2670.14,2025-04-15,4-LOW
6273,1169,F,177.7,2025-06-23,2-HIGH
6274,1169,O,4557.65,2025-01-10,1-URGENT
6275,1170,P,3068.59,2025-06-13,3-MEDIUM
6276,1170,P,3464.8,2025-06-15,3-MEDIUM
6277,1170,O,3309.21,2025-05-22,1-URGENT
6278,1170,P,3327.57,2025-01-19,2-HIGH
6279,1170,F,5000.15,2025-05-02,3-MEDIUM
6280,1171,O,394.74,2025-02-01,3-MEDIUM
6281,1171,F,6052.02,2025-01-01,3-MEDIUM
6282,1171,O,510.05,2025-02-13,1-URGENT
6283,1171,P,5244.15,2025-05-03,3-MEDIUM
6284,1172,F,1669.2,2025-02-06,3-MEDIUM
6285,1172,O,2773.62,2025-06-25,3-MEDIUM
6286,1172,O,2872.81,2025-03-07,2-HIGH
6287,1172,F,2526.97,2025-05-01,4-LOW
6288,1172,P,2598.41,2025-01-14,1-URGENT
6289,1172,P,4800.51,2025-06-01,4-LOW
6290,1172,F,1928.14,2025-05-07,3-MEDIUM
6291,1172,O,2772.86,2025-05-26,1-URGENT
6292,1173,P,5127.76,2025-05-27,2-HIGH
6293,1173,O,3315.78,2025-04-14,3-MEDIUM
6294,1173,P,6749.3,2025-05-21,2-HIGH
6295,1173,P,3894.39,2025-04-16,2-HIGH
6296,1174,O,390.5,2025-02-07,2-HIGH
6297,1175,F,2566.66,2025-06-01,2-HIGH
6298,1175,P,7035.2,2025-03-27,4-LOW
6299,1176,O,6014.52,2025-06-30,4-LOW
6300,1176,F,6044.09,2025-01-31,4-LOW
6301,1176,F,2495.36,2025-02-27,1-URGENT
6302,1176,P,1880.72,2025-03-24,3-MEDIUM
6303,1176,O,462.81,2025-06-08,1-URGENT
6304,1176,F,2229.62,2025-04-26,3-MEDIUM
6305,1176,P,2662.8,2025-05-25,4-LOW
6306,1177,P,1122.42,2025-03-14,2-HIGH
6307,1177,F,8023.38,2025-04-04,3-MEDIUM
6308,1177,F,9147.25,2025-03-29,1-URGENT
6309,1177,F,2482.84,2025-02-26,2-HIGH
6310,1177,O,1766.62,2025-06-06,1-URGENT
6311,1177,O,449.64,2025-02-16,1-URGENT
6312,1177,P,2877.12,2025-05-20,4-LOW
6313,1178,P,3952.01,2025-04-24,1-URGENT
6314,1178,O,362.75,2025-03-26,2-HIGH
6315,1178,F,2504.74,2025-03-14,1-URGENT
6316,1178,O,169.95,2025-03-09,1-URGENT
6317,1178,F,1879.34,2025-06-28,1-URGENT
6318,1178,F,5979.98,2025-02-16,4-LOW
6319,1179,F,2687.96,2025-05-31,4-LOW
6320,1179,P,1265.25,2025-03-14,2-HIGH
6321,1179,O,2519.19,2025-02-28,2-HIGH
6322,1179,P,2663.85,2025-04-29,1-URGENT
6323,1179,O,5068.94,2025-02-17,1-URGENT
6324,1180,O,732.29,2025-03-03,4-LOW
6325,1180,P,504.56,2025-03-29,2-HIGH
6326,1180,F,746.46,2025-01-27,3-MEDIUM
6327,1180,P,1579.86,2025-05-29,3-MEDIUM
6328,1180,F,1631.54,2025-06-27,2-HIGH
6329,1181,O,1943.24,2025-03-07,1-URGENT
6330,1181,O,457.03,2025-03-06,3-MEDIUM
6331,1181,O,1029.17,2025-06-13,3-MEDIUM
6332,1181,F,2882.07,2025-01-05,2-HIGH
6333,1181,P,481.32,2025-01-08,4-LOW
6334,1181,F,1112.65,2025-02-19,4-LOW
6335,1181,P,4055.07,2025-02-11,2-HIGH
6336,1181,F,5065.9,2025-06-02,2-HIGH
6337,1182,O,2279.02,2025-03-01,1-URGENT
6338,1182,O,6609.82,2025-01-25,3-MEDIUM
6339,1182,O,4455.74,2025-04-14,1-URGENT
6340,1182,F,5696.43,2025-05-06,2-HIGH
6341,1183,P,5366.9,2025-01-02,2-HIGH
6342,1183,F,6154.87,2025-05-13,3-MEDIUM
6343,1183,O,6289.04,2025-03-12,2-HIGH
6344,1183,P,3104.23,2025-02-16,4-LOW
6345,1183,F,1633.19,2025-06-09,4-LOW
6346,1184,F,540.08,2025-03-17,4-LOW
6347,1184,P,4103.72,2025-01-21,1-URGENT
6348,1184,F,771.7,2025-02-03,3-MEDIUM
6349,1184,O,317.36,2025-06-26,2-HIGH
6350,1184,F,2018.18,2025-05-10,3-MEDIUM
6351,1184,F,4455.9,2025-04-03,1-URGENT
6352,1184,F,4830.29,2025-03-25,1-URGENT
6353,1185,O,2960.64,2025-06-19,2-HIGH
6354,1185,F,2636.18,2025-02-05,1-URGENT
6355,1186,O,5574.93,2025-01-31,4-LOW
6356,1186,F,3304.76,2025-03-21,4-LOW
6357,1186,F,7189.18,2025-05-23,3-MEDIUM
6358,1186,F,3721.71,2025-01-03,4-LOW
6359,1186,F,564.0,2025-04-24,3-MEDIUM
6360,1186,P,3411.16,2025-03-24,1-URGENT
6361,1186,P,2853.76,2025-02-23,1-URGENT
6362,1186,O,5720.11,2025-06-24,1-URGENT
6363,1187,F,6900.64,2025-05-24,4-LOW
6364,1187,O,10241.68,2025-02-08,1-URGENT
6365,1187,F,7077.89,2025-04-12,3-MEDIUM
6366,1187,O,8827.6,2025-04-16,4-LOW
6367,1187,F,4068.51,2025-04-11,4-LOW
6368,1187,P,3676.25,2025-02-28,3-MEDIUM
6369,1187,P,2510.74,2025-05-04,1-URGENT
6370,1188,P,3980.85,2025-03-02,1-URGENT
6371,1188,F,3909.2,2025-04-02,3-MEDIUM
6372,1188,P,3530.31,2025-05-06,3-MEDIUM
6373,1188,F,5618.45,2025-06-24,4-LOW
6374,1188,P,3939.45,2025-03-04,2-HIGH
6375,1188,P,5377.72,2025-03-07,4-LOW
6376,1189,P,1792.18,2025-03-09,4-LOW
6377,1189,P,1034.52,2025-05-07,2-HIGH
6378,1189,P,1240.75,2025-02-12,1-URGENT
6379,1189,P,5316.91,2025-06-07,1-URGENT
6380,1189,P,221.62,2025-05-01,2-HIGH
6381,1190,F,3987.56,2025-02-02,3-MEDIUM
6382,1190,F,3315.78,2025-06-27,3-MEDIUM
6383,1190,F,6304.31,2025-03-12,4-LOW
6384,1190,F,3420.16,2025-03-23,4-LOW
6385,1190,P,7153.18,2025-04-26,1-URGENT
6386,1190,O,3191.06,2025-02-21,2-HIGH
6387,1190,P,2474.4,2025-06-18,2-HIGH
6388,1191,F,5006.14,2025-06-13,3-MEDIUM
6389,1191,O,3953.05,2025-03-25,3-MEDIUM
6390,1191,O,3394.42,2025-04-20,3-MEDIUM
6391,1191,F,3191.46,2025-04-03,4-LOW
6392,1191,P,4710.44,2025-02-07,4-LOW
6393,1191,P,362.32,2025-03-26,4-LOW
6394,1192,O,5755.12,2025-01-03,3-MEDIUM
6395,1193,P,8023.31,2025-04-30,3-MEDIUM
6396,1193,P,430.79,2025-06-15,3-MEDIUM
6397,1193,F,2462.01,2025-02-28,3-MEDIUM
6398,1193,F,8255.38,2025-04-23,1-URGENT
6399,1193,F,1877.02,2025-05-09,4-LOW
6400,1193,P,6982.0,2025-02-21,3-MEDIUM
6401,1193,P,186.92,2025-03-13,1-URGENT
6402,1193,F,1988.12,2025-03-23,4-LOW
6403,1194,O,190.52,2025-04-23,4-LOW
6404,1195,O,2070.54,2025-01-22,2-HIGH
6405,1195,P,4092.34,2025-02-03,3-MEDIUM
6406,1196,F,6650.53,2025-01-19,1-URGENT
6407,1196,P,5137.01,2025-03-31,2-HIGH
6408,1196,O,2331.7,2025-05-14,1-URGENT
6409,1196,P,1724.75,2025-05-20,4-LOW
6410,1196,P,1511.08,2025-06-18,2-HIGH
6411,1197,P,1392.01,2025-01-19,2-HIGH
6412,1197,P,5380.57,2025-06-28,1-URGENT
6413,1197,P,3086.7,2025-03-14,1-URGENT
6414,1197,F,1726.97,2025-05-03,2-HIGH
6415,1197,P,221.44,2025-06-12,3-MEDIUM
6416,1198,P,1555.22,2025-01-23,1-URGENT
6417,1198,P,989.34,2025-01-19,1-URGENT
6418,1198,O,3342.23,2025-06-25,2-HIGH
6419,1198,F,3285.58,2025-01-11,2-HIGH
6420,1198,P,1051.2,2025-05-18,4-LOW
6421,1198,F,3584.35,2025-02-09,2-HIGH
6422,1198,O,2060.59,2025-04-15,1-URGENT
6423,1198,F,4781.91,2025-06-27,2-HIGH
6424,1199,P,877.32,2025-05-02,1-URGENT
6425,1199,O,3232.94,2025-03-24,2-HIGH
6426,1199,O,2000.98,2025-01-25,4-LOW
6427,1199,O,5504.8,2025-02-23,2-HIGH
6428,1199,O,1439.82,2025-05-28,2-HIGH
6429,1199,P,2081.93,2025-04-08,3-MEDIUM
6430,1199,O,1858.09,2025-01-20,4-LOW
6431,1199,P,2699.17,2025-06-10,1-URGENT
6432,1200,O,2784.07,2025-04-12,3-MEDIUM
6433,1200,F,6148.38,2025-03-21,2-HIGH
6434,1200,O,4893.44,2025-01-09,4-LOW
6435,1201,O,3220.7,2025-02-14,2-HIGH
6436,1201,O,1761.24,2025-02-13,3-MEDIUM
6437,1201,O,3665.68,2025-04-15,1-URGENT
6438,1201,F,5293.02,2025-03-27,2-HIGH
6439,1202,O,1859.09,2025-05-08,2-HIGH
6440,1202,O,2963.82,2025-06-24,3-MEDIUM
6441,1202,O,1627.87,2025-04-06,4-LOW
6442,1203,P,129.79,2025-04-12,3-MEDIUM
6443,1203,P,1638.6,2025-06-28,1-URGENT
6444,1203,O,5641.66,2025-04-20,3-MEDIUM
6445,1203,F,1641.77,2025-06-26,1-URGENT
6446,1203,O,4138.72,2025-01-21,2-HIGH
6447,1203,O,6450.85,2025-05-10,2-HIGH
6448,1203,P,4073.2,2025-06-24,2-HIGH
6449,1203,O,2841.18,2025-01-06,1-URGENT
6450,1204,F,2106.08,2025-05-06,2-HIGH
6451,1204,O,5312.55,2025-01-07,2-HIGH
6452,1204,F,3186.33,2025-04-05,3-MEDIUM
6453,1204,F,620.84,2025-04-19,3-MEDIUM
6454,1204,F,2415.63,2025-03-31,2-HIGH
6455,1205,F,3793.97,2025-04-23,2-HIGH
6456,1205,O,1375.09,2025-02-02,1-URGENT
6457,1206,O,1361.59,2025-01-06,1-URGENT
6458,1206,O,1864.73,2025-05-24,1-URGENT
6459,1206,O,3434.73,2025-05-04,2-HIGH
6460,1206,F,1562.48,2025-05-14,2-HIGH
6461,1206,O,3588.9,2025-05-09,3-MEDIUM
6462,1206,O,1860.88,2025-02-11,3-MEDIUM
6463,1206,P,1320.65,2025-05-01,3-MEDIUM
6464,1207,O,1402.95,2025-02-07,2-HIGH
6465,1208,F,7071.63,2025-01-27,3-MEDIUM
6466,1208,P,2982.6,2025-06-13,2-HIGH
6467,1208,F,4102.54,2025-06-19,2-HIGH
6468,1208,O,2470.96,2025-04-20,1-URGENT
6469,1208,O,1854.23,2025-06-06,1-URGENT
6470,1208,F,3741.64,2025-02-19,1-URGENT
6471,1209,F,4993.16,2025-04-16,3-MEDIUM
6472,1209,F,3237.24,2025-06-29,3-MEDIUM
6473,1209,O,995.84,2025-06-10,4-LOW
6474,1209,P,4643.41,2025-04-01,2-HIGH
6475,1209,P,1843.92,2025-06-20,1-URGENT
6476,1209,P,1664.23,2025-03-04,3-MEDIUM
6477,1209,O,5162.79,2025-01-28,2-HIGH
6478,1209,F,945.45,2025-05-18,2-HIGH
6479,1210,O,2479.57,2025-01-06,4-LOW
6480,1210,P,3522.94,2025-06-24,1-URGENT
6481,1211,P,2664.71,2025-01-26,2-HIGH
6482,1211,P,436.53,2025-01-27,4-LOW
6483,1211,P,6712.6,2025-02-23,2-HIGH
6484,1212,P,2049.1,2025-03-14,3-MEDIUM
6485,1213,P,1112.2,2025-03-13,1-URGENT
6486,1213,P,3136.88,2025-01-15,3-MEDIUM
6487,1213,P,1434.48,2025-06-26,1-URGENT
6488,1213,P,4684.4,2025-02-25,4-LOW
6489,1213,F,6595.61,2025-06-09,1-URGENT
6490,1213,O,177.22,2025-06-23,1-URGENT
6491,1213,O,2299.93,2025-06-20,1-URGENT
6492,1213,P,5301.79,2025-01-24,2-HIGH
6493,1214,O,3377.53,2025-04-02,3-MEDIUM
6494,1214,P,4669.37,2025-05-04,4-LOW
6495,1214,O,1415.11,2025-04-21,3-MEDIUM
6496,1215,P,1735.88,2025-05-17,1-URGENT
6497,1215,P,2237.23,2025-03-10,1-URGENT
6498,1215,O,9481.77,2025-01-08,4-LOW
6499,1215,F,1085.28,2025-03-19,2-HIGH
6500,1215,F,760.28,2025-06-26,1-URGENT
6501,1215,O,3177.9,2025-04-20,1-URGENT
6502,1215,O,3739.56,2025-03-02,2-HIGH
6503,1215,O,1446.93,2025-05-29,2-HIGH
6504,1216,O,9933.73,2025-03-03,2-HIGH
6505,1216,O,7950.93,2025-06-08,4-LOW
6506,1216,O,3417.88,2025-04-25,4-LOW
6507,1217,O,2304.56,2025-04-14,4-LOW
6508,1217,F,3616.24,2025-04-21,2-HIGH
6509,1218,P,2168.85,2025-04-23,1-URGENT
6510,1218,O,1900.17,2025-02-27,3-MEDIUM
6511,1218,O,2262.88,2025-04-16,4-LOW
6512,1218,O,2698.75,2025-02-08,4-LOW
6513,1218,P,3086.45,2025-03-02,3-MEDIUM
6514,1218,F,2943.87,2025-06-24,2-HIGH
6515,1218,F,3526.02,2025-04-01,2-HIGH
6516,1218,F,2095.96,2025-04-23,1-URGENT
6517,1219,O,3904.07,2025-05-14,2-HIGH
6518,1219,P,5688.11,2025-06-22,3-MEDIUM
6519,1220,P,3421.82,2025-05-24,1-URGENT
6520,1220,F,4443.85,2025-04-04,3-MEDIUM
6521,1220,P,4763.12,2025-05-20,3-MEDIUM
6522,1221,P,4345.57,2025-03-26,2-HIGH
6523,1222,P,3130.27,2025-05-03,1-URGENT
6524,1222,O,1662.69,2025-06-21,1-URGENT
6525,1222,F,2761.19,2025-03-29,3-MEDIUM
6526,1223,F,6650.84,2025-04-22,1-URGENT
6527,1223,O,5323.57,2025-03-26,2-HIGH
6528,1223,F,7213.17,2025-05-16,3-MEDIUM
6529,1223,F,2120.3,2025-01-17,2-HIGH
6530,1223,O,2845.9,2025-02-15,2-HIGH
6531,1223,F,1524.1,2025-04-20,4-LOW
6532,1223,P,4074.32,2025-05-07,3-MEDIUM
6533,1223,F,6098.02,2025-03-29,2-HIGH
6534,1224,P,1236.09,2025-02-15,3-MEDIUM
6535,1224,P,2638.58,2025-06-01,2-HIGH
6536,1224,P,1218.64,2025-04-14,2-HIGH
6537,1224,P,2040.48,2025-01-06,2-HIGH
6538,1225,O,4763.23,2025-04-20,4-LOW
6539,1225,P,733.7,2025-02-11,3-MEDIUM
6540,1226,P,5036.36,2025-01-21,3-MEDIUM
6541,1226,F,4781.28,2025-06-25,4-LOW
6542,1226,P,1070.23,2025-04-09,2-HIGH
6543,1226,F,1040.94,2025-02-19,1-URGENT
6544,1226,O,6348.59,2025-02-24,2-HIGH
6545,1226,F,1429.65,2025-01-24,3-MEDIUM
6546,1226,O,1234.35,2025-04-03,4-LOW
6547,1226,P,3202.71,2025-03-30,1-URGENT
6548,1227,F,4001.19,2025-05-11,3-MEDIUM
6549,1227,P,2645.66,2025-03-02,4-LOW
6550,1227,O,1047.42,2025-04-14,1-URGENT
6551,1227,O,2914.6,2025-05-05,1-URGENT
6552,1227,O,3827.24,2025-05-12,2-HIGH
6553,1227,P,410.02,2025-02-25,2-HIGH
6554,1227,O,1705.22,2025-04-05,1-URGENT
6555,1228,O,4646.46,2025-03-15,2-HIGH
6556,1228,O,2345.93,2025-03-25,2-HIGH
6557,1228,F,2221.56,2025-06-25,4-LOW
6558,1228,P,3865.73,2025-01-01,3-MEDIUM
6559,1229,O,5152.55,2025-05-19,4-LOW
6560,1229,P,4521.44,2025-05-04,1-URGENT
6561,1229,O,728.46,2025-05-11,3-MEDIUM
6562,1229,F,320.04,2025-02-12,2-HIGH
6563,1230,O,5563.69,2025-06-10,4-LOW
6564,1230,P,5984.82,2025-03-23,4-LOW
6565,1230,O,2411.69,2025-06-26,2-HIGH
6566,1230,P,2117.92,2025-02-16,4-LOW
6567,1230,F,149.6,2025-01-09,1-URGENT
6568,1231,F,2450.49,2025-01-19,1-URGENT
6569,1231,F,1040.47,2025-06-17,4-LOW
6570,1231,F,5435.35,2025-03-02,4-LOW
6571,1231,F,1186.21,2025-01-09,3-MEDIUM
6572,1232,O,2461.26,2025-02-17,3-MEDIUM
6573,1232,F,7267.82,2025-06-16,1-URGENT
6574,1232,F,3148.28,2025-06-23,2-HIGH
6575,1232,F,2443.82,2025-04-23,4-LOW
6576,1232,P,1872.31,2025-04-15,1-URGENT
6577,1232,F,2651.65,2025-02-23,2-HIGH
6578,1233,F,2571.36,2025-06-18,4-LOW
6579,1233,P,4869.09,2025-01-07,1-URGENT
6580,1233,O,5565.54,2025-01-25,4-LOW
6581,1233,O,2266.59,2025-01-27,3-MEDIUM
6582,1233,P,6542.72,2025-02-01,4-LOW
6583,1234,O,2431.92,2025-01-23,2-HIGH
6584,1234,F,5297.13,2025-05-06,4-LOW
6585,1234,O,1670.26,2025-01-27,2-HIGH
6586,1234,P,2495.2,2025-05-12,3-MEDIUM
6587,1234,F,4939.11,2025-01-21,1-URGENT
6588,1234,P,1534.11,2025-02-05,4-LOW
6589,1235,F,1760.06,2025-05-18,4-LOW
6590,1235,O,4146.81,2025-01-17,1-URGENT
6591,1235,F,3467.15,2025-05-10,4-LOW
6592,1235,P,895.82,2025-04-19,4-LOW
6593,1235,P,1035.45,2025-03-28,4-LOW
6594,1235,O,5036.17,2025-04-07,1-URGENT
6595,1235,O,482.24,2025-02-26,4-LOW
6596,1236,O,8780.32,2025-02-20,1-URGENT
6597,1236,F,4348.08,2025-05-07,3-MEDIUM
6598,1236,O,2170.53,2025-03-02,1-URGENT
6599,1236,F,5840.87,2025-06-09,1-URGENT
6600,1236,O,4520.6,2025-02-24,2-HIGH
6601,1237,F,1331.67,2025-05-16,3-MEDIUM
6602,1238,P,3569.23,2025-01-23,3-MEDIUM
6603,1238,F,4284.87,2025-05-13,3-MEDIUM
6604,1238,O,3366.27,2025-04-02,4-LOW
6605,1238,P,3093.73,2025-01-08,2-HIGH
6606,1238,F,1251.32,2025-02-11,1-URGENT
6607,1238,P,6676.08,2025-02-22,1-URGENT
6608,1239,P,1823.29,2025-01-26,1-URGENT
6609,1239,F,2160.3,2025-06-30,1-URGENT
6610,1239,F,355.47,2025-05-25,3-MEDIUM
6611,1239,O,3844.43,2025-04-25,2-HIGH
6612,1240,P,1837.02,2025-06-25,1-URGENT
6613,1240,F,2491.03,2025-04-07,4-LOW
6614,1240,P,2340.09,2025-02-19,1-URGENT
6615,1240,F,6520.79,2025-06-30,1-URGENT
6616,1240,F,7246.85,2025-05-15,1-URGENT
6617,1240,O,3926.16,2025-03-30,2-HIGH
6618,1241,F,5345.81,2025-02-22,3-MEDIUM
6619,1242,F,761.48,2025-04-19,2-HIGH
6620,1242,F,5733.78,2025-06-03,2-HIGH
6621,1242,P,3541.72,2025-06-01,1-URGENT
6622,1242,O,3371.75,2025-05-16,3-MEDIUM
6623,1242,P,2834.52,2025-01-26,2-HIGH
6624,1242,P,4294.78,2025-05-21,1-URGENT
6625,1242,P,2522.9,2025-02-28,1-URGENT
6626,1242,O,3868.98,2025-03-27,3-MEDIUM
6627,1243,P,3130.01,2025-03-07,3-MEDIUM
6628,1243,F,7129.19,2025-05-29,4-LOW
6629,1243,O,3258.79,2025-03-27,2-HIGH
6630,1243,P,4577.92,2025-06-06,3-MEDIUM
6631,1243,F,2711.89,2025-01-04,1-URGENT
6632,1244,O,6059.83,2025-06-21,4-LOW
6633,1244,P,7371.53,2025-02-11,3-MEDIUM
6634,1244,F,6967.29,2025-02-22,3-MEDIUM
6635,1244,O,5991.92,2025-04-07,1-URGENT
6636,1244,O,3890.69,2025-03-31,1-URGENT
6637,1244,F,3209.19,2025-02-27,1-URGENT
6638,1244,F,4080.15,2025-04-04,3-MEDIUM
6639,1244,P,5008.61,2025-02-20,4-LOW
6640,1245,P,1094.45,2025-01-18,4-LOW
6641,1245,P,5318.3,2025-06-30,3-MEDIUM
6642,1245,P,6633.99,2025-04-14,2-HIGH
6643,1245,O,1079.87,2025-03-08,2-HIGH
6644,1246,F,2161.57,2025-05-14,4-LOW
6645,1246,P,2929.35,2025-01-21,1-URGENT
6646,1246,O,5154.73,2025-06-09,4-LOW
6647,1246,F,1059.59,2025-06-07,3-MEDIUM
6648,1246,O,1867.04,2025-04-29,2-HIGH
6649,1246,O,6061.9,2025-06-15,4-LOW
6650,1246,O,3953.99,2025-05-26,1-URGENT
6651,1246,F,5299.77,2025-05-07,3-MEDIUM
6652,1247,P,4948.02,2025-06-19,4-LOW
6653,1247,P,6090.02,2025-03-21,1-URGENT
6654,1247,P,2802.58,2025-05-27,4-LOW
6655,1247,F,5454.16,2025-06-23,4-LOW
6656,1247,O,4092.72,2025-01-04,2-HIGH
6657,1247,P,780.65,2025-03-24,4-LOW
6658,1247,P,2670.92,2025-05-20,1-URGENT
6659,1247,F,544.31,2025-06-06,1-URGENT
6660,1248,O,4335.65,2025-02-02,4-LOW
6661,1248,P,4132.6,2025-04-24,3-MEDIUM
6662,1249,P,1356.32,2025-05-28,2-HIGH
6663,1249,F,2964.56,2025-03-25,2-HIGH
6664,1250,P,800.38,2025-06-07,4-LOW
6665,1250,O,429.4,2025-01-18,3-MEDIUM
6666,1250,P,4176.77,2025-01-31,3-MEDIUM
6667,1250,P,1961.04,2025-02-03,3-MEDIUM
6668,1250,P,4274.85,2025-01-20,3-MEDIUM
6669,1250,P,2478.69,2025-03-22,1-URGENT
6670,1251,F,268.76,2025-02-17,3-MEDIUM
6671,1251,F,997.68,2025-03-19,3-MEDIUM
6672,1251,P,2509.43,2025-01-01,1-URGENT
6673,1251,O,4621.22,2025-05-11,3-MEDIUM
6674,1251,P,4958.68,2025-04-19,4-LOW
6675,1251,F,2464.45,2025-01-07,4-LOW
6676,1251,F,4786.09,2025-03-04,3-MEDIUM
6677,1252,O,4570.8,2025-01-15,3-MEDIUM
6678,1252,F,4331.83,2025-05-10,1-URGENT
6679,1252,F,3126.27,2025-05-16,1-URGENT
6680,1253,O,4308.13,2025-02-07,3-MEDIUM
6681,1253,P,5413.84,2025-02-17,3-MEDIUM
6682,1253,O,4913.33,2025-01-27,1-URGENT
6683,1253,P,3792.02,2025-02-18,3-MEDIUM
6684,1253,F,3783.6,2025-05-29,1-URGENT
6685,1254,P,197.64,2025-06-27,1-URGENT
6686,1254,F,4625.61,2025-01-06,3-MEDIUM
6687,1255,F,4343.97,2025-02-28,2-HIGH
6688,1255,F,9129.9,2025-05-01,1-URGENT
6689,1256,O,7257.81,2025-04-18,1-URGENT
6690,1256,F,7725.16,2025-04-26,1-URGENT
6691,1256,F,5210.26,2025-03-09,4-LOW
6692,1256,F,1552.88,2025-03-16,4-LOW
6693,1256,F,2222.78,2025-02-13,2-HIGH
6694,1257,P,2456.29,2025-06-12,4-LOW
6695,1258,F,2158.07,2025-02-25,1-URGENT
6696,1258,F,2817.59,2025-04-18,1-URGENT
6697,1259,O,4545.98,2025-04-04,4-LOW
6698,1259,F,3766.5,2025-03-31,1-URGENT
6699,1259,O,3468.82,2025-04-10,2-HIGH
6700,1259,F,3407.2,2025-03-02,3-MEDIUM
6701,1259,O,697.17,2025-04-20,1-URGENT
6702,1259,F,4265.86,2025-04-29,2-HIGH
6703,1259,O,4661.55,2025-03-01,1-URGENT
6704,1259,O,3752.76,2025-01-13,3-MEDIUM
6705,1260,P,1517.13,2025-01-04,1-URGENT
6706,1260,P,2423.14,2025-04-30,1-URGENT
6707,1260,P,2399.51,2025-02-04,4-LOW
6708,1260,F,6329.94,2025-03-31,1-URGENT
6709,1260,P,452.2,2025-02-17,1-URGENT
6710,1260,F,664.06,2025-02-10,3-MEDIUM
6711,1261,P,363.43,2025-02-09,4-LOW
6712,1262,P,6823.17,2025-05-02,3-MEDIUM
6713,1262,F,243.7,2025-05-22,3-MEDIUM
6714,1262,O,3660.99,2025-03-28,1-URGENT
6715,1262,F,4052.46,2025-02-03,1-URGENT
6716,1262,P,3503.79,2025-01-25,4-LOW
6717,1262,P,6196.92,2025-02-06,1-URGENT
6718,1262,O,4139.98,2025-04-16,1-URGENT
6719,1262,F,8393.72,2025-02-27,1-URGENT
6720,1263,O,4011.34,2025-02-12,1-URGENT
6721,1263,O,4120.12,2025-06-25,1-URGENT
6722,1263,P,2903.03,2025-05-19,1-URGENT
6723,1263,P,861.0,2025-04-03,4-LOW
6724,1263,O,1206.66,2025-04-14,1-URGENT
6725,1263,F,4201.46,2025-04-22,2-HIGH
6726,1264,O,5797.4,2025-03-18,3-MEDIUM
6727,1264,P,2761.07,2025-02-19,3-MEDIUM
6728,1264,F,2937.36,2025-01-15,3-MEDIUM
6729,1264,O,1025.09,2025-04-20,3-MEDIUM
6730,1265,P,1660.17,2025-05-06,1-URGENT
6731,1265,P,554.31,2025-05-25,2-HIGH
6732,1265,O,3733.3,2025-04-23,2-HIGH
6733,1265,O,4823.48,2025-01-15,1-URGENT
6734,1265,P,4691.24,2025-01-01,3-MEDIUM
6735,1266,P,3832.13,2025-03-05,2-HIGH
6736,1267,O,6089.59,2025-02-13,1-URGENT
6737,1267,P,2021.03,2025-06-13,4-LOW
6738,1267,P,3885.17,2025-03-06,3-MEDIUM
6739,1267,F,1404.71,2025-06-01,4-LOW
6740,1268,F,2003.07,2025-02-23,1-URGENT
6741,1268,O,711.79,2025-06-18,4-LOW
6742,1268,O,4244.85,2025-05-17,4-LOW
6743,1269,O,3672.98,2025-05-11,4-LOW
6744,1269,F,971.85,2025-02-13,3-MEDIUM
6745,1270,P,2015.28,2025-02-06,3-MEDIUM
6746,1270,P,1340.4,2025-04-15,3-MEDIUM
6747,1270,O,452.45,2025-02-16,4-LOW
6748,1270,P,1379.57,2025-03-19,1-URGENT
6749,1270,F,1097.76,2025-04-04,3-MEDIUM
6750,1270,F,3351.92,2025-04-10,2-HIGH
6751,1270,P,331.18,2025-02-18,3-MEDIUM
6752,1270,F,2298.34,2025-04-19,3-MEDIUM
6753,1271,P,6920.65,2025-01-14,4-LOW
6754,1271,P,2825.61,2025-05-27,2-HIGH
6755,1271,F,2712.05,2025-06-24,4-LOW
6756,1271,O,8304.29,2025-05-03,4-LOW
6757,1272,O,2609.87,2025-02-19,2-HIGH
6758,1272,F,670.95,2025-05-24,3-MEDIUM
6759,1272,P,5390.34,2025-03-28,4-LOW
6760,1272,F,6282.48,2025-04-06,4-LOW
6761,1272,P,6108.76,2025-03-09,1-URGENT
6762,1272,O,7203.44,2025-04-20,1-URGENT
6763,1272,F,238.51,2025-06-19,4-LOW
6764,1273,P,3017.52,2025-02-26,4-LOW
6765,1274,O,1758.06,2025-01-07,3-MEDIUM
6766,1274,P,5477.47,2025-02-20,3-MEDIUM
6767,1274,F,3046.87,2025-01-20,4-LOW
6768,1274,P,1073.1,2025-06-22,3-MEDIUM
6769,1274,O,3549.9,2025-04-30,3-MEDIUM
6770,1274,O,9934.53,2025-02-15,3-MEDIUM
6771,1274,O,4466.62,2025-03-31,3-MEDIUM
6772,1274,P,1538.94,2025-05-05,3-MEDIUM
6773,1275,F,5128.84,2025-01-17,2-HIGH
6774,1276,O,1573.88,2025-02-06,3-MEDIUM
6775,1277,O,1118.77,2025-04-21,4-LOW
6776,1277,F,2087.03,2025-04-15,1-URGENT
6777,1277,P,536.6,2025-02-19,4-LOW
6778,1278,F,1900.0,2025-04-25,4-LOW
6779,1278,O,4439.39,2025-06-06,1-URGENT
6780,1278,O,1306.02,2025-04-30,4-LOW
6781,1278,O,241.24,2025-01-07,4-LOW
6782,1278,F,3743.37,2025-01-13,1-URGENT
6783,1279,P,2204.09,2025-02-01,3-MEDIUM
6784,1279,P,540.44,2025-05-14,1-URGENT
6785,1279,P,3482.29,2025-05-12,1-URGENT
6786,1279,O,3466.87,2025-01-30,4-LOW
6787,1279,P,4255.01,2025-03-17,4-LOW
6788,1279,F,6896.68,2025-05-25,1-URGENT
6789,1280,F,1778.85,2025-01-20,1-URGENT
6790,1280,O,3720.66,2025-03-15,1-URGENT
6791,1281,O,5687.57,2025-01-02,3-MEDIUM
6792,1281,O,1421.73,2025-03-27,2-HIGH
6793,1281,F,1735.24,2025-01-26,4-LOW
6794,1282,P,554.19,2025-01-09,3-MEDIUM
6795,1282,O,4688.51,2025-05-20,3-MEDIUM
6796,1282,F,6397.74,2025-01-08,2-HIGH
6797,1282,P,215.35,2025-04-14,4-LOW
6798,1282,O,6011.81,2025-06-06,2-HIGH
6799,1282,F,2857.69,2025-01-23,3-MEDIUM
6800,1282,F,6088.54,2025-04-08,4-LOW
6801,1283,O,4730.5,2025-01-12,2-HIGH
6802,1283,P,2135.54,2025-05-29,3-MEDIUM
6803,1283,O,4506.9,2025-06-30,1-URGENT
6804,1283,O,7259.03,2025-01-07,3-MEDIUM
6805,1283,P,1326.8,2025-04-22,2-HIGH
6806,1283,F,747.93,2025-01-14,4-LOW
6807,1283,F,2219.45,2025-02-17,2-HIGH
6808,1283,P,2686.06,2025-05-14,4-LOW
6809,1284,F,476.87,2025-02-23,4-LOW
6810,1284,P,2060.13,2025-05-11,2-HIGH
6811,1284,P,1728.22,2025-04-06,4-LOW
6812,1285,P,3411.04,2025-06-04,3-MEDIUM
6813,1285,F,323.32,2025-06-22,4-LOW
6814,1285,P,409.24,2025-01-20,4-LOW
6815,1285,P,2493.86,2025-05-14,1-URGENT
6816,1285,P,1311.58,2025-06-16,2-HIGH
6817,1285,F,6681.8,2025-06-04,3-MEDIUM
6818,1285,F,967.71,2025-05-29,3-MEDIUM
6819,1286,O,1950.27,2025-02-11,4-LOW
6820,1286,P,5529.43,2025-05-29,1-URGENT
6821,1286,O,3462.66,2025-02-07,1-URGENT
6822,1287,F,1729.36,2025-01-26,1-URGENT
6823,1287,F,7617.61,2025-05-23,2-HIGH
6824,1287,F,4395.29,2025-03-24,3-MEDIUM
6825,1288,O,1296.54,2025-03-06,4-LOW
6826,1288,F,1686.3,2025-03-28,3-MEDIUM
6827,1288,O,2939.77,2025-04-08,1-URGENT
6828,1288,O,6907.52,2025-04-16,1-URGENT
6829,1288,F,2166.56,2025-03-28,4-LOW
6830,1288,F,468.52,2025-05-14,4-LOW
6831,1289,P,633.79,2025-01-13,3-MEDIUM
6832,1289,O,2365.38,2025-04-28,1-URGENT
6833,1289,P,4027.95,2025-06-13,2-HIGH
6834,1289,F,1521.5,2025-03-14,1-URGENT
6835,1289,P,33.9,2025-02-26,1-URGENT
6836,1289,F,1366.73,2025-03-25,2-HIGH
6837,1290,P,1803.28,2025-01-29,4-LOW
6838,1290,O,980.25,2025-04-05,1-URGENT
6839,1290,F,630.36,2025-04-03,3-MEDIUM
6840,1290,F,2120.1,2025-01-17,4-LOW
6841,1290,F,3497.47,2025-06-10,3-MEDIUM
6842,1290,P,3614.61,2025-03-10,1-URGENT
6843,1290,P,2349.52,2025-05-20,2-HIGH
6844,1290,P,1363.96,2025-01-06,4-LOW
6845,1291,O,4606.71,2025-01-27,3-MEDIUM
6846,1291,O,4955.1,2025-06-16,4-LOW
6847,1291,F,4311.04,2025-02-28,2-HIGH
6848,1291,P,4166.5,2025-03-24,2-HIGH
6849,1292,O,1467.66,2025-03-12,1-URGENT
6850,1292,P,5336.75,2025-05-22,4-LOW
6851,1292,P,631.45,2025-03-18,3-MEDIUM
6852,1292,P,3187.59,2025-05-09,3-MEDIUM
6853,1293,O,2267.45,2025-06-08,4-LOW
6854,1293,O,328.2,2025-02-28,4-LOW
6855,1294,P,1890.56,2025-04-20,3-MEDIUM
6856,1294,O,2763.13,2025-01-27,4-LOW
6857,1294,O,6699.92,2025-01-12,3-MEDIUM
6858,1295,F,104.0,2025-01-29,4-LOW
6859,1295,F,5256.24,2025-06-12,4-LOW
6860,1295,P,6328.82,2025-05-21,1-URGENT
6861,1295,F,836.01,2025-05-30,1-URGENT
6862,1295,F,1739.89,2025-04-21,2-HIGH
6863,1295,O,2009.25,2025-06-24,2-HIGH
6864,1296,F,1261.73,2025-02-27,2-HIGH
6865,1296,F,5254.15,2025-03-29,1-URGENT
6866,1297,F,2258.99,2025-03-12,3-MEDIUM
6867,1297,P,152.93,2025-04-20,1-URGENT
6868,1297,O,1044.65,2025-04-15,2-HIGH
6869,1297,F,2593.36,2025-02-10,2-HIGH
6870,1297,O,3514.44,2025-02-05,1-URGENT
6871,1297,O,4132.32,2025-06-27,4-LOW
6872,1298,P,585.04,2025-03-18,3-MEDIUM
6873,1299,P,4870.45,2025-03-26,3-MEDIUM
6874,1299,P,3983.13,2025-03-11,3-MEDIUM
6875,1299,P,6145.17,2025-03-10,3-MEDIUM
6876,1299,P,2800.22,2025-04-17,1-URGENT
6877,1299,O,3641.41,2025-06-11,2-HIGH
6878,1299,F,7518.98,2025-03-09,1-URGENT
6879,1299,O,5015.42,2025-02-28,2-HIGH
6880,1300,F,6334.15,2025-01-30,3-MEDIUM
6881,1300,O,468.27,2025-01-09,3-MEDIUM
6882,1301,P,2548.04,2025-05-25,4-LOW
6883,1301,P,5795.45,2025-06-19,2-HIGH
6884,1301,P,7782.09,2025-03-28,3-MEDIUM
6885,1301,F,3542.38,2025-06-27,1-URGENT
6886,1301,O,435.12,2025-06-02,4-LOW
6887,1301,P,1311.89,2025-01-25,3-MEDIUM
6888,1301,F,1931.67,2025-02-18,4-LOW
6889,1301,O,5754.88,2025-03-09,4-LOW
6890,1302,P,3434.75,2025-06-14,1-URGENT
6891,1302,F,1718.49,2025-05-25,4-LOW
6892,1302,F,4126.7,2025-05-01,1-URGENT
6893,1302,O,1503.45,2025-06-07,2-HIGH
6894,1302,F,4474.91,2025-05-05,2-HIGH
6895,1302,F,1353.35,2025-01-29,1-URGENT
6896,1302,O,1057.26,2025-06-17,1-URGENT
6897,1303,F,4043.73,2025-01-16,4-LOW
6898,1303,O,1401.57,2025-02-03,4-LOW
6899,1303,F,2688.49,2025-06-02,2-HIGH
6900,1303,F,2388.62,2025-01-25,1-URGENT
6901,1303,P,7647.05,2025-03-28,2-HIGH
6902,1303,O,5683.18,2025-04-25,4-LOW
6903,1303,P,88.74,2025-03-06,4-LOW
6904,1304,F,487.87,2025-04-26,2-HIGH
6905,1304,P,8188.59,2025-05-09,4-LOW
6906,1304,O,3196.95,2025-01-10,4-LOW
6907,1305,O,665.2,2025-05-19,2-HIGH
6908,1305,F,5138.21,2025-01-29,3-MEDIUM
6909,1305,P,5396.38,2025-05-10,2-HIGH
6910,1305,F,3732.29,2025-06-22,3-MEDIUM
6911,1306,O,2298.38,2025-06-24,4-LOW
6912,1307,F,7071.34,2025-02-02,2-HIGH
6913,1308,F,5395.08,2025-05-21,1-URGENT
6914,1308,O,3964.92,2025-01-10,1-URGENT
6915,1308,O,2581.61,2025-01-05,4-LOW
6916,1308,F,3577.85,2025-04-23,2-HIGH
6917,1308,O,3029.0,2025-02-06,4-LOW
6918,1308,F,2404.8,2025-02-09,1-URGENT
6919,1309,F,6104.07,2025-06-16,3-MEDIUM
6920,1310,F,6866.58,2025-06-22,2-HIGH
6921,1310,P,2440.86,2025-05-28,3-MEDIUM
6922,1310,F,3498.72,2025-06-20,2-HIGH
6923,1311,O,1796.93,2025-06-26,4-LOW
6924,1311,P,720.77,2025-04-27,1-URGENT
6925,1311,F,4171.45,2025-05-16,1-URGENT
6926,1311,F,4377.61,2025-01-15,3-MEDIUM
6927,1311,F,6269.84,2025-02-17,2-HIGH
6928,1311,P,3539.22,2025-02-28,1-URGENT
6929,1311,O,6899.87,2025-01-17,4-LOW
6930,1311,P,1331.82,2025-01-02,1-URGENT
6931,1312,F,3302.93,2025-04-22,1-URGENT
6932,1312,O,1837.68,2025-01-08,1-URGENT
6933,1313,P,1196.58,2025-05-25,4-LOW
6934,1313,F,4125.0,2025-05-30,2-HIGH
6935,1313,P,3070.96,2025-04-28,1-URGENT
6936,1314,O,6473.65,2025-05-16,3-MEDIUM
6937,1314,O,2372.66,2025-01-26,2-HIGH
6938,1314,P,3001.25,2025-05-24,2-HIGH
6939,1314,F,754.75,2025-04-06,1-URGENT
6940,1315,O,2928.96,2025-06-04,4-LOW
6941,1315,O,4346.78,2025-06-26,1-URGENT
6942,1315,F,5762.43,2025-05-02,1-URGENT
6943,1315,P,1268.02,2025-01-25,1-URGENT
6944,1315,F,4348.4,2025-04-16,3-MEDIUM
6945,1316,P,6476.66,2025-06-25,2-HIGH
6946,1316,O,1955.73,2025-06-12,3-MEDIUM
6947,1316,P,2778.42,2025-05-11,1-URGENT
6948,1316,F,4351.09,2025-06-15,4-LOW
6949,1316,P,537.5,2025-01-25,1-URGENT
6950,1317,P,3949.65,2025-01-25,1-URGENT
6951,1317,O,6768.37,2025-04-24,3-MEDIUM
6952,1317,O,4454.14,2025-05-31,1-URGENT
6953,1318,F,2631.01,2025-04-18,4-LOW
6954,1318,F,839.23,2025-06-12,1-URGENT
6955,1318,P,1057.58,2025-01-24,3-MEDIUM
6956,1318,P,5123.15,2025-06-13,3-MEDIUM
6957,1318,F,1486.12,2025-03-28,1-URGENT
6958,1318,F,4172.97,2025-05-26,1-URGENT
6959,1318,P,3937.91,2025-04-25,4-LOW
6960,1319,O,4655.59,2025-01-06,1-URGENT
6961,1319,P,1162.56,2025-03-10,3-MEDIUM
6962,1319,P,1009.62,2025-05-09,3-MEDIUM
6963,1319,F,1579.48,2025-06-01,1-URGENT
6964,1319,O,4285.21,2025-06-12,2-HIGH
6965,1319,F,2213.16,2025-06-05,2-HIGH
6966,1319,O,1534.96,2025-05-11,3-MEDIUM
6967,1320,P,5763.82,2025-02-19,2-HIGH
6968,1320,P,1544.7,2025-02-11,3-MEDIUM
6969,1320,O,7068.08,2025-05-15,4-LOW
6970,1320,P,121.09,2025-04-05,1-URGENT
6971,1320,O,2650.6,2025-06-30,2-HIGH
6972,1320,P,401.4,2025-04-30,2-HIGH
6973,1320,O,6909.19,2025-03-30,3-MEDIUM
6974,1321,O,2356.3,2025-06-30,1-URGENT
6975,1321,P,6368.39,2025-06-12,3-MEDIUM
6976,1321,P,7234.38,2025-05-21,1-URGENT
6977,1321,P,5332.62,2025-04-16,3-MEDIUM
6978,1321,F,3142.53,2025-06-13,4-LOW
6979,1321,P,4613.2,2025-05-04,1-URGENT
6980,1321,P,572.94,2025-03-10,3-MEDIUM
6981,1321,F,3907.59,2025-06-04,2-HIGH
6982,1322,O,4079.96,2025-05-18,3-MEDIUM
6983,1322,F,5134.45,2025-03-23,4-LOW
6984,1322,F,150.04,2025-02-01,4-LOW
6985,1322,O,5103.55,2025-01-24,4-LOW
6986,1322,P,3249.29,2025-05-19,1-URGENT
6987,1322,F,4392.18,2025-04-29,4-LOW
6988,1323,O,2065.28,2025-05-14,4-LOW
6989,1324,O,6928.03,2025-05-18,1-URGENT
6990,1324,O,3162.1,2025-05-27,4-LOW
6991,1324,O,3894.11,2025-06-17,4-LOW
6992,1325,O,641.53,2025-05-12,1-URGENT
6993,1325,P,1175.66,2025-04-02,1-URGENT
6994,1325,P,5722.37,2025-06-02,1-URGENT
6995,1325,P,8507.85,2025-01-09,3-MEDIUM
6996,1325,F,3395.68,2025-03-17,3-MEDIUM
6997,1326,O,5442.67,2025-03-07,1-URGENT
6998,1326,F,1071.91,2025-03-15,2-HIGH
6999,1326,F,6513.73,2025-01-05,2-HIGH
7000,1326,F,702.24,2025-04-01,1-URGENT
7001,1326,F,5532.28,2025-05-10,4-LOW
7002,1326,P,3480.41,2025-04-13,2-HIGH
7003,1326,F,194.55,2025-02-15,1-URGENT
7004,1327,F,3084.76,2025-01-03,1-URGENT
7005,1327,O,5809.4,2025-02-01,3-MEDIUM
7006,1327,P,6747.9,2025-02-13,2-HIGH
7007,1327,F,2220.39,2025-06-09,4-LOW
7008,1327,P,2920.3,2025-06-29,1-URGENT
7009,1327,F,1453.59,2025-05-18,2-HIGH
7010,1327,F,1611.14,2025-02-04,3-MEDIUM
7011,1327,P,5433.02,2025-03-08,2-HIGH
7012,1328,P,3758.1,2025-01-01,2-HIGH
7013,1328,O,3716.9,2025-01-08,3-MEDIUM
7014,1328,O,4872.33,2025-04-11,1-URGENT
7015,1328,O,3069.5,2025-03-12,4-LOW
7016,1328,F,4118.83,2025-03-17,4-LOW
7017,1329,P,1833.8,2025-05-18,3-MEDIUM
7018,1329,O,2870.56,2025-01-17,1-URGENT
7019,1329,F,3899.95,2025-05-04,2-HIGH
7020,1329,F,4591.04,2025-04-19,4-LOW
7021,1330,P,2159.74,2025-05-30,3-MEDIUM
7022,1330,O,4700.94,2025-06-24,2-HIGH
7023,1330,F,6002.93,2025-01-23,2-HIGH
7024,1330,P,3719.55,2025-02-28,2-HIGH
7025,1330,P,331.06,2025-04-30,2-HIGH
7026,1330,O,1641.6,2025-03-27,4-LOW
7027,1330,P,4956.91,2025-05-03,4-LOW
7028,1330,O,6048.62,2025-01-30,1-URGENT
7029,1331,P,93.74,2025-05-22,2-HIGH
7030,1332,P,3484.66,2025-06-18,4-LOW
7031,1332,O,3169.97,2025-02-03,1-URGENT
7032,1332,O,84.24,2025-02-04,3-MEDIUM
7033,1333,F,3784.46,2025-04-19,4-LOW
7034,1333,P,5648.19,2025-04-27,2-HIGH
7035,1333,P,4983.05,2025-01-02,3-MEDIUM
7036,1333,P,2602.18,2025-05-26,1-URGENT
7037,1333,P,1657.36,2025-02-22,4-LOW
7038,1333,F,804.39,2025-05-09,2-HIGH
7039,1333,O,6241.88,2025-03-30,4-LOW
7040,1333,F,4198.76,2025-05-01,4-LOW
7041,1334,O,1526.98,2025-05-11,3-MEDIUM
7042,1334,F,1601.21,2025-01-26,1-URGENT
7043,1334,F,1242.1,2025-06-03,4-LOW
7044,1334,P,2503.93,2025-04-10,3-MEDIUM
7045,1334,O,1641.22,2025-06-28,3-MEDIUM
7046,1334,P,2910.52,2025-03-18,3-MEDIUM
7047,1334,P,4248.13,2025-03-19,3-MEDIUM
7048,1335,F,3412.72,2025-03-08,4-LOW
7049,1335,O,3766.08,2025-03-08,1-URGENT
7050,1336,O,2169.75,2025-06-25,4-LOW
7051,1336,O,1039.68,2025-02-11,4-LOW
7052,1337,P,3325.69,2025-04-30,2-HIGH
7053,1337,P,5142.91,2025-06-22,2-HIGH
7054,1337,O,1694.19,2025-04-11,4-LOW
7055,1337,O,675.9,2025-02-21,2-HIGH
7056,1337,F,6248.3,2025-01-31,3-MEDIUM
7057,1337,F,1706.26,2025-06-07,2-HIGH
7058,1337,F,1209.83,2025-02-23,3-MEDIUM
7059,1338,F,2912.12,2025-02-28,3-MEDIUM
7060,1338,P,2002.14,2025-03-26,2-HIGH
7061,1339,P,826.0,2025-02-14,2-HIGH
7062,1339,F,6110.94,2025-06-29,3-MEDIUM
7063,1339,O,1452.49,2025-02-16,3-MEDIUM
7064,1339,P,1776.71,2025-02-23,3-MEDIUM
7065,1339,P,2796.41,2025-03-12,1-URGENT
7066,1339,P,6719.51,2025-02-24,2-HIGH
7067,1339,O,6952.36,2025-02-24,1-URGENT
7068,1339,P,1843.03,2025-04-11,1-URGENT
7069,1340,O,6564.64,2025-03-20,4-LOW
7070,1340,F,284.2,2025-04-09,2-HIGH
7071,1340,P,56.87,2025-01-14,1-URGENT
7072,1340,O,3374.08,2025-02-22,2-HIGH
7073,1340,O,2808.95,2025-01-03,2-HIGH
7074,1340,P,877.4,2025-05-03,4-LOW
7075,1340,O,4273.55,2025-04-19,1-URGENT
7076,1341,P,2916.52,2025-03-05,3-MEDIUM
7077,1341,O,1428.18,2025-01-30,4-LOW
7078,1342,O,1677.31,2025-06-16,3-MEDIUM
7079,1342,F,2341.14,2025-02-06,2-HIGH
7080,1342,P,756.76,2025-01-06,2-HIGH
7081,1342,F,6138.52,2025-02-11,3-MEDIUM
7082,1342,P,3377.54,2025-01-29,1-URGENT
7083,1342,O,6449.67,2025-01-23,4-LOW
7084,1343,O,2532.23,2025-06-19,2-HIGH
7085,1343,P,930.88,2025-06-29,4-LOW
7086,1343,O,358.85,2025-04-25,1-URGENT
7087,1343,O,141.92,2025-06-03,1-URGENT
7088,1343,P,9065.66,2025-03-12,3-MEDIUM
7089,1343,O,3964.83,2025-03-10,4-LOW
7090,1343,O,1154.66,2025-06-23,2-HIGH
7091,1343,P,559.73,2025-06-11,2-HIGH
7092,1344,F,5433.99,2025-04-27,3-MEDIUM
7093,1344,P,1775.26,2025-01-13,3-MEDIUM
7094,1344,F,1741.95,2025-02-13,2-HIGH
7095,1344,P,1999.62,2025-05-03,4-LOW
7096,1344,F,921.92,2025-03-20,3-MEDIUM
7097,1344,F,4285.22,2025-02-15,1-URGENT
7098,1344,O,3583.34,2025-06-14,1-URGENT
7099,1344,O,826.04,2025-01-02,2-HIGH
7100,1345,O,849.05,2025-02-01,3-MEDIUM
7101,1346,P,7154.82,2025-04-08,2-HIGH
7102,1346,P,2242.13,2025-02-19,3-MEDIUM
7103,1346,F,2204.9,2025-02-17,1-URGENT
7104,1346,O,4637.3,2025-05-21,1-URGENT
7105,1346,F,1638.46,2025-02-01,1-URGENT
7106,1347,P,3536.99,2025-03-15,1-URGENT
7107,1347,P,2553.76,2025-03-12,4-LOW
7108,1347,P,6088.01,2025-04-26,4-LOW
7109,1348,O,2695.85,2025-01-26,2-HIGH
7110,1348,F,2321.28,2025-05-04,1-URGENT
7111,1348,F,1823.99,2025-05-16,3-MEDIUM
7112,1348,O,2571.06,2025-01-01,1-URGENT
7113,1348,F,8896.44,2025-06-06,3-MEDIUM
7114,1348,P,3354.58,2025-06-13,4-LOW
7115,1349,F,1609.22,2025-02-22,1-URGENT
7116,1349,F,6204.82,2025-05-09,4-LOW
7117,1349,F,3875.99,2025-01-31,1-URGENT
7118,1349,P,405.3,2025-06-17,1-URGENT
7119,1349,F,730.84,2025-05-01,3-MEDIUM
7120,1349,O,5414.97,2025-03-19,2-HIGH
7121,1349,P,4473.4,2025-03-30,2-HIGH
7122,1349,F,1054.83,2025-02-08,3-MEDIUM
7123,1350,P,3426.41,2025-02-08,2-HIGH
7124,1350,F,4890.51,2025-05-13,4-LOW
7125,1350,P,5900.4,2025-06-29,1-URGENT
7126,1350,P,1152.76,2025-02-14,1-URGENT
7127,1350,F,3187.73,2025-01-18,3-MEDIUM
7128,1350,F,8891.05,2025-01-22,4-LOW
7129,1350,O,2960.26,2025-03-07,3-MEDIUM
7130,1351,F,8472.35,2025-06-21,4-LOW
7131,1351,F,8497.73,2025-04-05,4-LOW
7132,1351,O,2525.47,2025-02-18,1-URGENT
7133,1351,O,2640.36,2025-05-30,4-LOW
7134,1351,P,2797.88,2025-01-16,1-URGENT
7135,1351,F,1672.74,2025-03-30,4-LOW
7136,1351,F,2916.09,2025-05-29,4-LOW
7137,1352,F,2151.71,2025-05-25,3-MEDIUM
7138,1352,F,3214.87,2025-05-23,3-MEDIUM
7139,1352,F,3765.27,2025-01-13,4-LOW
7140,1352,P,4780.47,2025-06-07,4-LOW
7141,1352,P,202.45,2025-01-23,3-MEDIUM
7142,1352,F,77.01,2025-05-03,4-LOW
7143,1352,O,3197.0,2025-01-27,3-MEDIUM
7144,1353,F,5330.0,2025-06-08,2-HIGH
7145,1353,O,7901.51,2025-05-28,2-HIGH
7146,1354,O,2808.4,2025-03-20,3-MEDIUM
7147,1354,O,1730.07,2025-02-25,1-URGENT
7148,1354,F,94.93,2025-05-14,4-LOW
7149,1354,O,2774.46,2025-03-29,2-HIGH
7150,1354,F,2516.75,2025-03-19,1-URGENT
7151,1354,P,471.2,2025-01-05,4-LOW
7152,1355,O,498.32,2025-05-23,2-HIGH
7153,1355,F,3107.2,2025-01-29,2-HIGH
7154,1355,O,6924.96,2025-04-05,2-HIGH
7155,1355,O,1384.16,2025-03-03,1-URGENT
7156,1355,O,2026.64,2025-05-23,4-LOW
7157,1356,O,2731.4,2025-06-06,1-URGENT
7158,1356,P,2356.8,2025-06-14,3-MEDIUM
7159,1356,F,6929.86,2025-01-13,1-URGENT
7160,1356,P,3315.94,2025-02-18,2-HIGH
7161,1357,F,3366.08,2025-05-14,3-MEDIUM
7162,1357,P,9432.96,2025-03-25,1-URGENT
7163,1357,O,7426.16,2025-04-12,4-LOW
7164,1357,O,4008.52,2025-05-18,4-LOW
7165,1357,F,298.44,2025-05-31,3-MEDIUM
7166,1357,P,3604.6,2025-03-24,4-LOW
7167,1358,O,7179.13,2025-01-02,2-HIGH
7168,1358,F,2527.82,2025-02-11,1-URGENT
7169,1358,P,6258.22,2025-06-12,3-MEDIUM
7170,1358,P,4300.67,2025-06-12,2-HIGH
7171,1359,O,1732.63,2025-04-21,4-LOW
7172,1359,O,3640.94,2025-04-14,2-HIGH
7173,1359,F,2991.32,2025-04-07,3-MEDIUM
7174,1359,F,1889.29,2025-03-06,4-LOW
7175,1359,P,3922.98,2025-03-21,3-MEDIUM
7176,1359,P,4390.37,2025-01-12,4-LOW
7177,1360,O,2481.41,2025-04-28,1-URGENT
7178,1361,P,711.58,2025-03-16,2-HIGH
7179,1361,P,6343.94,2025-02-24,3-MEDIUM
7180,1362,F,5239.93,2025-05-26,2-HIGH
7181,1363,O,2737.15,2025-04-19,2-HIGH
7182,1363,F,1481.47,2025-02-25,1-URGENT
7183,1363,F,1817.8,2025-01-14,2-HIGH
7184,1363,O,207.85,2025-03-19,1-URGENT
7185,1363,O,4478.83,2025-03-29,2-HIGH
7186,1363,O,2297.49,2025-06-21,2-HIGH
7187,1363,P,2297.21,2025-03-05,1-URGENT
7188,1363,P,329.6,2025-02-07,4-LOW
7189,1364,O,3226.16,2025-02-12,3-MEDIUM
7190,1364,O,1916.86,2025-05-17,2-HIGH
7191,1364,F,5903.43,2025-01-28,2-HIGH
7192,1364,O,3874.38,2025-05-03,2-HIGH
7193,1364,F,3655.84,2025-02-25,4-LOW
7194,1364,O,3632.44,2025-05-01,1-URGENT
7195,1364,O,2934.13,2025-02-08,4-LOW
7196,1364,O,638.13,2025-06-10,1-URGENT
7197,1365,P,1908.93,2025-02-16,4-LOW
7198,1365,F,4617.39,2025-06-21,1-URGENT
7199,1365,O,3720.72,2025-03-20,2-HIGH
7200,1365,P,1869.57,2025-04-21,2-HIGH
7201,1365,F,6065.11,2025-03-09,1-URGENT
7202,1366,P,2479.07,2025-02-28,1-URGENT
7203,1366,O,2770.45,2025-01-22,4-LOW
7204,1366,P,1303.5,2025-03-28,2-HIGH
7205,1366,F,5642.72,2025-01-31,4-LOW
7206,1366,F,7169.96,2025-03-04,1-URGENT
7207,1366,F,3097.22,2025-02-23,1-URGENT
7208,1366,O,2805.48,2025-04-27,4-LOW
7209,1366,P,2425.25,2025-04-10,2-HIGH
7210,1367,F,2972.31,2025-06-23,1-URGENT
7211,1367,F,4530.1,2025-03-07,2-HIGH
7212,1367,P,1221.24,2025-04-12,3-MEDIUM
7213,1368,F,4411.68,2025-05-16,4-LOW
7214,1368,O,1371.43,2025-05-12,3-MEDIUM
7215,1368,P,5337.94,2025-03-10,3-MEDIUM
7216,1369,F,552.09,2025-03-28,2-HIGH
7217,1369,P,1440.39,2025-02-16,3-MEDIUM
7218,1369,P,9575.8,2025-06-03,2-HIGH
7219,1370,F,799.07,2025-01-11,4-LOW
7220,1371,P,5741.68,2025-02-01,2-HIGH
7221,1371,F,8081.52,2025-03-22,2-HIGH
7222,1371,O,3930.92,2025-03-22,4-LOW
7223,1371,P,5945.32,2025-02-05,4-LOW
7224,1372,P,6371.22,2025-05-23,1-URGENT
7225,1372,P,303.71,2025-06-12,2-HIGH
7226,1372,P,2369.91,2025-02-28,2-HIGH
7227,1373,F,2165.76,2025-05-11,3-MEDIUM
7228,1373,O,4451.94,2025-06-23,3-MEDIUM
7229,1373,F,3242.99,2025-02-22,4-LOW
7230,1373,O,242.31,2025-03-18,1-URGENT
7231,1373,O,6010.43,2025-01-18,4-LOW
7232,1374,F,1087.36,2025-06-16,3-MEDIUM
7233,1374,F,4592.25,2025-05-10,4-LOW
7234,1374,O,4305.84,2025-05-02,3-MEDIUM
7235,1374,P,2500.29,2025-02-08,1-URGENT
7236,1374,F,3424.91,2025-03-31,2-HIGH
7237,1374,P,3260.98,2025-01-04,3-MEDIUM
7238,1374,P,4176.6,2025-02-10,1-URGENT
7239,1375,P,662.32,2025-02-14,4-LOW
7240,1375,P,1233.94,2025-01-17,2-HIGH
7241,1375,P,3923.12,2025-05-26,2-HIGH
7242,1376,P,719.44,2025-03-04,3-MEDIUM
7243,1376,P,2963.51,2025-01-10,2-HIGH
7244,1376,F,1887.93,2025-05-28,2-HIGH
7245,1376,F,2254.22,2025-06-26,3-MEDIUM
7246,1376,O,471.01,2025-06-15,2-HIGH
7247,1376,P,2976.3,2025-06-09,2-HIGH
7248,1376,O,887.04,2025-06-27,4-LOW
7249,1376,F,831.7,2025-05-15,3-MEDIUM
7250,1377,F,4498.39,2025-01-25,3-MEDIUM
7251,1378,F,473.87,2025-04-10,4-LOW
7252,1378,O,1773.06,2025-02-14,3-MEDIUM
7253,1378,F,1969.06,2025-02-05,2-HIGH
7254,1378,P,1822.38,2025-03-19,3-MEDIUM
7255,1378,F,2105.93,2025-06-04,1-URGENT
7256,1378,O,6438.8,2025-03-28,4-LOW
7257,1378,P,1751.94,2025-02-13,1-URGENT
7258,1378,O,6240.07,2025-06-11,1-URGENT
7259,1379,P,1670.92,2025-03-29,2-HIGH
7260,1379,F,3736.35,2025-04-22,2-HIGH
7261,1379,O,2938.87,2025-05-21,2-HIGH
7262,1379,F,1071.98,2025-01-10,2-HIGH
7263,1379,F,1258.11,2025-06-07,2-HIGH
7264,1379,O,624.02,2025-02-19,2-HIGH
7265,1379,P,2083.98,2025-05-05,1-URGENT
7266,1380,P,4857.09,2025-06-03,2-HIGH
7267,1380,F,6897.41,2025-03-11,3-MEDIUM
7268,1380,O,4248.34,2025-04-13,3-MEDIUM
7269,1380,O,76.48,2025-01-10,2-HIGH
7270,1380,O,898.95,2025-06-21,1-URGENT
7271,1380,P,966.5,2025-04-07,4-LOW
7272,1380,O,1494.47,2025-01-12,1-URGENT
7273,1380,F,5094.99,2025-02-02,2-HIGH
7274,1381,O,3046.04,2025-05-12,1-URGENT
7275,1381,F,2828.83,2025-05-11,1-URGENT
7276,1382,F,1996.65,2025-02-01,3-MEDIUM
7277,1382,F,5419.43,2025-04-03,4-LOW
7278,1383,F,6242.42,2025-06-26,4-LOW
7279,1383,F,4515.68,2025-01-01,4-LOW
7280,1383,P,2633.83,2025-03-06,4-LOW
7281,1383,F,5323.75,2025-05-08,2-HIGH
7282,1383,P,1922.01,2025-02-15,3-MEDIUM
7283,1384,P,6188.84,2025-03-17,4-LOW
7284,1385,O,1364.04,2025-01-10,4-LOW
7285,1386,O,68.99,2025-05-11,3-MEDIUM
7286,1386,O,1982.52,2025-04-25,1-URGENT
7287,1386,O,5255.72,2025-04-12,4-LOW
7288,1386,F,2482.91,2025-04-29,3-MEDIUM
7289,1386,O,3408.47,2025-04-22,3-MEDIUM
7290,1386,O,1880.61,2025-01-07,1-URGENT
7291,1386,F,5793.16,2025-04-16,3-MEDIUM
7292,1386,O,1061.04,2025-03-04,4-LOW
7293,1387,P,3846.39,2025-01-10,4-LOW
7294,1387,F,771.55,2025-03-08,2-HIGH
7295,1388,F,1873.3,2025-04-13,3-MEDIUM
7296,1389,P,6772.08,2025-01-11,2-HIGH
7297,1389,P,199.08,2025-04-06,2-HIGH
7298,1390,O,5948.03,2025-01-26,1-URGENT
7299,1390,O,4672.99,2025-06-10,1-URGENT
7300,1390,F,2952.55,2025-01-06,3-MEDIUM
7301,1390,P,4358.91,2025-03-21,1-URGENT
7302,1390,O,5864.8,2025-03-08,2-HIGH
7303,1390,O,3359.08,2025-02-01,2-HIGH
7304,1390,O,4506.97,2025-01-18,1-URGENT
7305,1391,F,4025.61,2025-05-14,3-MEDIUM
7306,1391,O,5485.86,2025-01-07,2-HIGH
7307,1391,O,5386.21,2025-06-21,1-URGENT
7308,1392,P,6126.5,2025-02-12,4-LOW
7309,1392,P,4161.28,2025-05-23,3-MEDIUM
7310,1392,O,1541.49,2025-01-03,4-LOW
7311,1392,P,4482.76,2025-06-28,4-LOW
7312,1393,O,3391.56,2025-06-24,1-URGENT
7313,1393,P,3008.11,2025-01-27,1-URGENT
7314,1393,O,1651.03,2025-05-24,2-HIGH
7315,1393,F,777.83,2025-04-21,3-MEDIUM
7316,1394,P,5099.25,2025-06-21,1-URGENT
7317,1394,O,1804.0,2025-02-19,2-HIGH
7318,1394,O,3362.76,2025-01-26,4-LOW
7319,1394,O,4076.27,2025-02-03,3-MEDIUM
7320,1394,O,2153.45,2025-03-07,1-URGENT
7321,1395,O,9359.21,2025-04-26,3-MEDIUM
7322,1395,O,987.74,2025-01-29,2-HIGH
7323,1396,O,6124.72,2025-04-18,3-MEDIUM
7324,1396,P,1576.6,2025-02-27,4-LOW
7325,1396,O,2932.32,2025-02-10,3-MEDIUM
7326,1396,P,1699.88,2025-04-10,2-HIGH
7327,1396,F,1638.69,2025-01-03,2-HIGH
7328,1396,F,3510.37,2025-04-30,4-LOW
7329,1397,O,4981.26,2025-04-25,1-URGENT
7330,1397,O,3577.37,2025-06-21,2-HIGH
7331,1398,P,676.24,2025-04-16,4-LOW
7332,1398,P,3026.6,2025-04-19,4-LOW
7333,1398,O,7570.27,2025-05-20,4-LOW
7334,1398,O,1098.72,2025-05-13,4-LOW
7335,1398,O,1407.56,2025-05-26,3-MEDIUM
7336,1398,F,3362.39,2025-01-01,1-URGENT
7337,1398,F,4338.9,2025-02-03,1-URGENT
7338,1398,O,1728.62,2025-03-24,1-URGENT
7339,1399,P,2590.34,2025-05-12,3-MEDIUM
7340,1399,F,5531.72,2025-04-06,3-MEDIUM
7341,1399,P,6491.87,2025-06-07,3-MEDIUM
7342,1399,P,2987.61,2025-04-07,3-MEDIUM
7343,1399,F,607.24,2025-04-29,1-URGENT
7344,1399,P,4110.09,2025-01-27,3-MEDIUM
7345,1399,O,2161.9,2025-04-10,1-URGENT
7346,1400,O,3806.0,2025-05-23,2-HIGH
7347,1400,P,6170.24,2025-01-29,3-MEDIUM
7348,1400,F,904.42,2025-05-22,4-LOW
7349,1400,O,3898.52,2025-06-11,3-MEDIUM
7350,1400,P,117.22,2025-01-27,3-MEDIUM
7351,1400,O,2425.32,2025-01-24,2-HIGH
7352,1400,O,6559.57,2025-06-30,2-HIGH
7353,1400,O,3616.72,2025-06-27,3-MEDIUM
7354,1401,P,4535.2,2025-06-04,1-URGENT
7355,1401,O,1987.69,2025-05-16,3-MEDIUM
7356,1402,P,1600.01,2025-01-08,1-URGENT
7357,1402,F,687.1,2025-02-14,3-MEDIUM
7358,1402,F,2869.9,2025-06-26,2-HIGH
7359,1403,P,753.52,2025-01-13,2-HIGH
7360,1403,P,5120.06,2025-01-10,3-MEDIUM
7361,1403,P,6973.64,2025-04-25,3-MEDIUM
7362,1403,P,3300.71,2025-04-17,2-HIGH
7363,1403,P,2378.56,2025-02-12,1-URGENT
7364,1403,F,3809.26,2025-05-10,1-URGENT
7365,1404,O,5852.01,2025-02-25,2-HIGH
7366,1405,P,5130.21,2025-06-02,2-HIGH
7367,1405,P,3872.0,2025-04-15,4-LOW
7368,1405,F,1359.65,2025-02-14,4-LOW
7369,1405,F,2023.99,2025-06-06,1-URGENT
7370,1405,F,5112.36,2025-05-20,4-LOW
7371,1405,O,5480.56,2025-04-14,1-URGENT
7372,1406,O,1821.02,2025-01-11,1-URGENT
7373,1406,P,4517.46,2025-03-31,3-MEDIUM
7374,1406,O,5447.8,2025-05-05,2-HIGH
7375,1406,O,5861.46,2025-06-10,4-LOW
7376,1406,F,641.82,2025-02-22,1-URGENT
7377,1406,F,197.19,2025-05-21,1-URGENT
7378,1406,P,215.93,2025-05-28,1-URGENT
7379,1406,O,563.49,2025-03-05,1-URGENT
7380,1407,P,1591.88,2025-04-30,3-MEDIUM
7381,1407,F,46.16,2025-02-16,4-LOW
7382,1407,F,3937.67,2025-02-05,2-HIGH
7383,1407,F,1662.53,2025-05-12,1-URGENT
7384,1407,P,788.94,2025-05-01,3-MEDIUM
7385,1407,P,4081.39,2025-01-20,3-MEDIUM
7386,1408,F,4203.49,2025-03-05,4-LOW
7387,1408,O,165.42,2025-03-21,2-HIGH
7388,1408,P,4696.95,2025-02-28,2-HIGH
7389,1409,P,1948.92,2025-05-20,3-MEDIUM
7390,1409,P,786.2,2025-06-17,2-HIGH
7391,1409,O,644.4,2025-04-21,2-HIGH
7392,1409,F,1248.71,2025-04-20,4-LOW
7393,1409,P,2878.42,2025-01-01,4-LOW
7394,1409,F,75.12,2025-04-04,4-LOW
7395,1409,O,2641.14,2025-04-26,4-LOW
7396,1410,F,3843.59,2025-05-21,1-URGENT
7397,1410,F,2156.98,2025-06-03,1-URGENT
7398,1410,F,1309.59,2025-01-30,2-HIGH
7399,1410,O,4793.34,2025-05-21,1-URGENT
7400,1410,F,1949.57,2025-03-06,2-HIGH
7401,1410,P,3623.94,2025-06-25,1-URGENT
7402,1410,O,2212.01,2025-01-24,4-LOW
7403,1410,P,2377.29,2025-03-05,3-MEDIUM
7404,1411,P,3283.11,2025-02-18,4-LOW
7405,1411,O,3235.55,2025-01-19,4-LOW
7406,1412,F,2286.55,2025-02-16,4-LOW
7407,1413,F,82.59,2025-01-12,2-HIGH
7408,1413,P,6079.04,2025-03-03,4-LOW
7409,1413,P,3423.43,2025-03-25,1-URGENT
7410,1413,P,1125.01,2025-06-11,2-HIGH
7411,1413,F,1610.62,2025-01-14,3-MEDIUM
7412,1413,O,1751.79,2025-06-11,1-URGENT
7413,1413,O,5923.24,2025-05-17,2-HIGH
7414,1414,F,4123.18,2025-04-01,1-URGENT
7415,1414,P,8118.88,2025-03-10,4-LOW
7416,1415,F,4783.45,2025-06-28,2-HIGH
7417,1415,P,2957.38,2025-04-01,3-MEDIUM
7418,1415,P,2115.69,2025-05-07,3-MEDIUM
7419,1415,P,5921.97,2025-04-04,2-HIGH
7420,1415,F,4187.63,2025-05-25,2-HIGH
7421,1415,F,265.27,2025-02-26,3-MEDIUM
7422,1415,O,4395.24,2025-03-07,2-HIGH
7423,1415,F,101.37,2025-06-17,3-MEDIUM
7424,1416,O,4964.23,2025-05-22,3-MEDIUM
7425,1416,P,1726.04,2025-06-09,3-MEDIUM
7426,1416,O,2787.87,2025-04-25,2-HIGH
7427,1416,P,3856.31,2025-03-08,1-URGENT
7428,1416,F,1864.67,2025-01-30,4-LOW
7429,1416,F,5034.91,2025-05-15,1-URGENT
7430,1417,O,4083.05,2025-01-13,2-HIGH
7431,1417,F,2497.98,2025-04-06,4-LOW
7432,1418,O,4857.89,2025-01-30,2-HIGH
7433,1418,O,4069.36,2025-05-06,4-LOW
7434,1418,F,1727.22,2025-05-02,4-LOW
7435,1418,F,4550.73,2025-06-22,4-LOW
7436,1418,F,7245.52,2025-02-28,3-MEDIUM
7437,1418,P,3164.26,2025-01-19,1-URGENT
7438,1419,P,3133.98,2025-05-07,2-HIGH
7439,1419,O,1289.37,2025-02-19,1-URGENT
7440,1419,O,5144.66,2025-04-30,1-URGENT
7441,1419,P,4638.74,2025-02-13,2-HIGH
7442,1419,O,1983.99,2025-05-09,4-LOW
7443,1419,F,2447.57,2025-02-09,2-HIGH
7444,1419,P,6131.21,2025-04-30,4-LOW
7445,1419,P,292.29,2025-06-01,2-HIGH
7446,1420,O,5074.72,2025-01-20,1-URGENT
7447,1420,O,2005.79,2025-02-10,2-HIGH
7448,1420,F,4206.07,2025-06-29,1-URGENT
7449,1420,O,928.91,2025-03-14,4-LOW
7450,1420,P,4540.44,2025-02-19,3-MEDIUM
7451,1420,O,4389.79,2025-05-30,2-HIGH
7452,1420,P,4321.86,2025-06-17,3-MEDIUM
7453,1421,F,3992.25,2025-02-24,1-URGENT
7454,1422,O,805.2,2025-06-23,2-HIGH
7455,1422,P,5123.59,2025-02-07,2-HIGH
7456,1422,O,324.91,2025-03-31,3-MEDIUM
7457,1422,P,1893.76,2025-06-08,4-LOW
7458,1422,P,468.88,2025-06-30,3-MEDIUM
7459,1422,F,3276.38,2025-02-09,1-URGENT
7460,1422,O,5237.81,2025-06-16,2-HIGH
7461,1422,F,2007.18,2025-03-07,4-LOW
7462,1423,F,2454.92,2025-03-02,1-URGENT
7463,1423,O,5878.62,2025-06-02,2-HIGH
7464,1423,O,4581.57,2025-06-17,1-URGENT
7465,1423,P,5343.68,2025-02-01,4-LOW
7466,1423,P,6099.22,2025-05-31,2-HIGH
7467,1423,O,3737.39,2025-05-09,3-MEDIUM
7468,1423,P,6388.2,2025-06-17,4-LOW
7469,1423,F,4420.77,2025-01-28,2-HIGH
7470,1424,P,2973.91,2025-06-18,4-LOW
7471,1424,O,1549.77,2025-04-28,3-MEDIUM
7472,1424,O,1379.57,2025-05-15,1-URGENT
7473,1424,F,6398.74,2025-05-09,2-HIGH
7474,1425,F,3592.96,2025-02-26,2-HIGH
7475,1425,P,3328.04,2025-05-31,4-LOW
7476,1425,F,1786.53,2025-02-12,3-MEDIUM
7477,1426,F,3861.12,2025-02-27,3-MEDIUM
7478,1426,F,106.33,2025-05-31,3-MEDIUM
7479,1426,O,4754.02,2025-04-14,2-HIGH
7480,1426,P,2302.07,2025-03-05,2-HIGH
7481,1427,P,2192.93,2025-03-20,2-HIGH
7482,1427,P,338.99,2025-01-09,1-URGENT
7483,1427,O,4556.57,2025-06-22,1-URGENT
7484,1427,F,1825.03,2025-01-20,3-MEDIUM
7485,1427,F,2283.5,2025-06-04,1-URGENT
7486,1428,O,6240.23,2025-02-26,4-LOW
7487,1429,F,3138.96,2025-04-17,4-LOW
7488,1429,F,356.82,2025-05-12,1-URGENT
7489,1429,F,3097.37,2025-05-24,1-URGENT
7490,1429,F,3973.67,2025-06-22,1-URGENT
7491,1429,O,5330.08,2025-03-15,1-URGENT
7492,1429,O,6049.18,2025-06-05,2-HIGH
7493,1430,P,781.23,2025-06-14,3-MEDIUM
7494,1431,O,306.54,2025-01-30,3-MEDIUM
7495,1431,P,1072.11,2025-01-13,1-URGENT
7496,1431,F,3541.64,2025-01-21,3-MEDIUM
7497,1431,P,1865.8,2025-01-10,3-MEDIUM
7498,1431,F,2778.99,2025-01-21,4-LOW
7499,1431,F,4810.39,2025-06-08,4-LOW
7500,1432,F,2529.54,2025-02-22,1-URGENT
7501,1432,P,1896.44,2025-01-22,2-HIGH
7502,1432,F,6062.94,2025-06-16,4-LOW
7503,1432,O,1023.18,2025-02-21,1-URGENT
7504,1432,F,4831.67,2025-06-25,3-MEDIUM
7505,1433,F,5823.78,2025-01-23,4-LOW
7506,1433,P,104.54,2025-05-19,2-HIGH
7507,1433,F,3969.65,2025-01-21,4-LOW
7508,1433,O,3223.18,2025-05-15,1-URGENT
7509,1434,P,6874.78,2025-02-08,3-MEDIUM
7510,1435,P,595.45,2025-04-11,2-HIGH
7511,1435,O,1808.85,2025-04-14,2-HIGH
7512,1435,P,5277.22,2025-04-12,3-MEDIUM
7513,1435,F,2077.72,2025-06-10,1-URGENT
7514,1435,O,6972.54,2025-02-14,3-MEDIUM
7515,1436,F,9781.51,2025-02-07,1-URGENT
7516,1436,F,1182.57,2025-05-21,1-URGENT
7517,1436,F,2654.52,2025-04-01,4-LOW
7518,1436,F,4854.84,2025-01-05,4-LOW
7519,1436,O,1443.15,2025-03-08,3-MEDIUM
7520,1437,F,1678.06,2025-03-05,4-LOW
7521,1437,F,203.57,2025-04-18,2-HIGH
7522,1437,P,1610.35,2025-03-23,4-LOW
7523,1437,F,298.17,2025-01-17,1-URGENT
7524,1437,O,1316.03,2025-03-01,1-URGENT
7525,1437,F,1311.84,2025-06-25,4-LOW
7526,1437,F,4125.49,2025-01-06,2-HIGH
7527,1437,O,2498.44,2025-06-20,4-LOW
7528,1438,O,1428.65,2025-03-15,1-URGENT
7529,1438,F,1456.47,2025-04-01,1-URGENT
7530,1438,O,5212.87,2025-05-15,1-URGENT
7531,1438,P,1433.86,2025-03-21,3-MEDIUM
7532,1438,F,1513.42,2025-02-03,1-URGENT
7533,1438,O,2353.47,2025-05-08,1-URGENT
7534,1438,O,1814.55,2025-04-02,4-LOW
7535,1438,F,4267.85,2025-02-06,1-URGENT
7536,1439,O,1520.35,2025-06-30,2-HIGH
7537,1439,F,2390.78,2025-02-08,4-LOW
7538,1439,O,8394.98,2025-05-10,4-LOW
7539,1440,O,5606.46,2025-01-31,1-URGENT
7540,1440,F,1818.91,2025-01-08,4-LOW
7541,1440,P,1549.69,2025-04-17,2-HIGH
7542,1440,O,3810.81,2025-01-25,3-MEDIUM
7543,1440,P,888.06,2025-04-06,1-URGENT
7544,1440,P,1821.86,2025-01-03,3-MEDIUM
7545,1440,O,6175.65,2025-05-02,3-MEDIUM
7546,1441,O,3997.78,2025-01-25,4-LOW
7547,1441,O,3995.37,2025-02-15,4-LOW
7548,1441,F,1416.65,2025-03-06,4-LOW
7549,1442,O,1179.51,2025-06-16,4-LOW
7550,1442,F,1046.02,2025-01-22,4-LOW
7551,1442,O,4398.27,2025-05-21,2-HIGH
7552,1442,P,4206.69,2025-04-15,4-LOW
7553,1442,F,2357.16,2025-06-04,1-URGENT
7554,1442,F,2226.89,2025-04-23,4-LOW
7555,1442,P,3494.67,2025-05-10,3-MEDIUM
7556,1443,F,1908.86,2025-06-24,4-LOW
7557,1443,P,1542.38,2025-06-12,4-LOW
7558,1443,O,5824.39,2025-06-29,4-LOW
7559,1443,F,587.66,2025-04-04,3-MEDIUM
7560,1443,F,4578.57,2025-02-02,2-HIGH
7561,1444,F,4998.98,2025-01-15,4-LOW
7562,1444,P,6805.16,2025-03-01,3-MEDIUM
7563,1444,O,1422.75,2025-03-14,4-LOW
7564,1444,O,766.4,2025-01-23,1-URGENT
7565,1444,F,3277.87,2025-04-13,3-MEDIUM
7566,1444,F,746.98,2025-01-27,4-LOW
7567,1444,F,141.57,2025-05-09,2-HIGH
7568,1444,F,5324.81,2025-05-08,3-MEDIUM
7569,1445,P,823.54,2025-03-01,4-LOW
7570,1445,F,6005.91,2025-05-08,1-URGENT
7571,1445,P,2742.75,2025-04-04,3-MEDIUM
7572,1445,P,8105.42,2025-01-07,1-URGENT
7573,1445,P,3350.31,2025-04-10,2-HIGH
7574,1445,O,2975.18,2025-06-01,3-MEDIUM
7575,1445,P,2482.48,2025-05-16,2-HIGH
7576,1446,F,4633.94,2025-04-20,1-URGENT
7577,1446,F,7609.2,2025-03-11,3-MEDIUM
7578,1447,F,6008.72,2025-05-20,3-MEDIUM
7579,1448,P,6379.14,2025-03-02,4-LOW
7580,1448,O,4906.83,2025-01-03,3-MEDIUM
7581,1448,O,4101.53,2025-03-30,4-LOW
7582,1448,O,4019.81,2025-03-14,3-MEDIUM
7583,1448,O,4188.01,2025-06-29,3-MEDIUM
7584,1449,F,3745.31,2025-02-08,2-HIGH
7585,1450,O,1419.02,2025-05-10,1-URGENT
7586,1450,O,4108.29,2025-04-26,4-LOW
7587,1450,P,1504.77,2025-06-20,2-HIGH
7588,1450,F,2788.1,2025-02-18,3-MEDIUM
7589,1450,F,1982.61,2025-02-09,2-HIGH
7590,1451,F,71.35,2025-01-25,4-LOW
7591,1451,F,2638.72,2025-03-18,2-HIGH
7592,1451,F,5195.69,2025-06-09,3-MEDIUM
7593,1451,F,1960.14,2025-06-30,1-URGENT
7594,1451,P,4662.42,2025-02-24,1-URGENT
7595,1452,P,2741.86,2025-05-30,1-URGENT
7596,1452,F,4765.5,2025-05-10,1-URGENT
7597,1453,O,495.92,2025-02-12,4-LOW
7598,1453,O,528.5,2025-03-13,2-HIGH
7599,1453,P,3918.57,2025-02-02,2-HIGH
7600,1453,O,1323.59,2025-06-16,3-MEDIUM
7601,1454,O,1582.41,2025-05-30,1-URGENT
7602,1454,P,5779.36,2025-03-31,1-URGENT
7603,1454,F,9920.15,2025-06-21,2-HIGH
7604,1454,F,1613.97,2025-01-12,3-MEDIUM
7605,1454,O,888.97,2025-05-24,2-HIGH
7606,1455,F,3559.75,2025-06-10,1-URGENT
7607,1456,F,1628.76,2025-03-24,4-LOW
7608,1456,O,2514.92,2025-06-23,2-HIGH
7609,1456,F,2451.62,2025-03-08,3-MEDIUM
7610,1456,O,7401.68,2025-05-13,4-LOW
7611,1456,O,1317.36,2025-05-01,1-URGENT
7612,1456,O,5184.31,2025-05-26,4-LOW
7613,1457,O,3944.7,2025-01-03,3-MEDIUM
7614,1457,O,5681.08,2025-06-06,4-LOW
7615,1457,F,2675.7,2025-03-04,4-LOW
7616,1457,O,2995.45,2025-01-23,1-URGENT
7617,1457,F,2401.49,2025-02-21,1-URGENT
7618,1457,O,4800.59,2025-01-21,2-HIGH
7619,1457,F,4295.23,2025-04-04,4-LOW
7620,1458,O,171.5,2025-04-27,4-LOW
7621,1458,P,1962.71,2025-03-03,2-HIGH
7622,1458,O,3145.8,2025-03-03,3-MEDIUM
7623,1458,F,1645.74,2025-06-25,2-HIGH
7624,1458,O,3214.85,2025-02-16,2-HIGH
7625,1458,F,5048.1,2025-05-21,1-URGENT
7626,1458,O,1681.36,2025-05-22,1-URGENT
7627,1459,P,2004.31,2025-03-26,1-URGENT
7628,1459,O,2846.18,2025-01-21,1-URGENT
7629,1459,F,3950.64,2025-05-13,1-URGENT
7630,1459,O,3277.57,2025-01-16,1-URGENT
7631,1459,P,3786.54,2025-03-16,2-HIGH
7632,1459,F,1180.5,2025-02-03,1-URGENT
7633,1460,F,3867.01,2025-04-02,4-LOW
7634,1460,P,5197.05,2025-05-13,2-HIGH
7635,1461,P,616.16,2025-05-21,4-LOW
7636,1461,O,4207.54,2025-06-21,2-HIGH
7637,1461,F,3852.25,2025-03-08,2-HIGH
7638,1461,P,2853.14,2025-02-19,4-LOW
7639,1461,F,2253.38,2025-02-27,4-LOW
7640,1461,O,1788.25,2025-06-01,1-URGENT
7641,1462,P,3216.02,2025-06-28,4-LOW
7642,1462,F,1225.23,2025-04-22,3-MEDIUM
7643,1462,F,1224.4,2025-02-03,1-URGENT
7644,1462,O,3735.63,2025-06-01,1-URGENT
7645,1462,O,6670.34,2025-03-30,1-URGENT
7646,1463,P,2681.27,2025-06-13,2-HIGH
7647,1463,P,1564.76,2025-05-06,1-URGENT
7648,1463,F,5207.13,2025-05-17,3-MEDIUM
7649,1463,F,4422.41,2025-02-24,1-URGENT
7650,1463,O,4530.87,2025-04-28,4-LOW
7651,1464,O,2621.08,2025-01-14,2-HIGH
7652,1464,F,2961.45,2025-01-07,2-HIGH
7653,1464,F,3836.09,2025-03-25,1-URGENT
7654,1464,P,4198.83,2025-01-31,3-MEDIUM
7655,1465,O,3025.97,2025-03-04,3-MEDIUM
7656,1465,P,531.58,2025-03-20,1-URGENT
7657,1466,F,1926.51,2025-01-16,1-URGENT
7658,1466,P,4265.31,2025-02-06,1-URGENT
7659,1466,P,4580.75,2025-04-10,4-LOW
7660,1466,O,2320.27,2025-06-15,1-URGENT
7661,1466,O,2634.73,2025-06-15,2-HIGH
7662,1466,O,2750.54,2025-06-29,2-HIGH
7663,1466,F,3727.48,2025-03-28,3-MEDIUM
7664,1466,O,2980.73,2025-03-19,3-MEDIUM
7665,1467,O,3509.7,2025-04-19,2-HIGH
7666,1467,P,5484.93,2025-04-14,4-LOW
7667,1467,O,4921.93,2025-06-18,2-HIGH
7668,1467,P,3419.68,2025-03-21,3-MEDIUM
7669,1467,P,5646.02,2025-04-25,3-MEDIUM
7670,1467,F,8792.19,2025-04-10,3-MEDIUM
7671,1467,O,5697.31,2025-02-19,2-HIGH
7672,1467,P,470.99,2025-01-15,1-URGENT
7673,1468,O,260.25,2025-05-18,2-HIGH
7674,1468,O,1634.57,2025-02-21,2-HIGH
7675,1468,P,1872.12,2025-02-15,2-HIGH
7676,1469,O,9734.49,2025-03-25,3-MEDIUM
7677,1469,F,4803.25,2025-05-02,4-LOW
7678,1469,F,3202.75,2025-04-24,1-URGENT
7679,1469,F,5803.28,2025-03-29,4-LOW
7680,1469,F,5329.65,2025-06-25,3-MEDIUM
7681,1469,P,1850.7,2025-04-12,2-HIGH
7682,1469,F,5957.97,2025-04-23,3-MEDIUM
7683,1470,O,1479.37,2025-04-09,2-HIGH
7684,1470,P,1259.82,2025-03-12,3-MEDIUM
7685,1470,F,6075.39,2025-01-19,1-URGENT
7686,1470,P,8315.19,2025-06-13,4-LOW
7687,1470,F,6459.38,2025-03-29,1-URGENT
7688,1470,P,767.62,2025-01-08,2-HIGH
7689,1471,P,191.73,2025-05-05,4-LOW
7690,1471,F,2066.45,2025-02-10,1-URGENT
7691,1471,P,1617.21,2025-05-29,1-URGENT
7692,1471,P,1027.89,2025-05-08,4-LOW
7693,1471,O,4102.19,2025-05-30,4-LOW
7694,1472,O,3363.1,2025-06-29,3-MEDIUM
7695,1473,O,2181.97,2025-05-15,2-HIGH
7696,1473,P,1975.98,2025-06-09,2-HIGH
7697,1473,O,3642.99,2025-04-10,1-URGENT
7698,1473,P,5618.49,2025-02-24,4-LOW
7699,1474,F,4816.63,2025-04-26,2-HIGH
7700,1474,O,7925.38,2025-06-19,2-HIGH
7701,1474,O,7705.88,2025-06-18,2-HIGH
7702,1474,O,3884.22,2025-05-21,4-LOW
7703,1474,O,5340.4,2025-06-13,3-MEDIUM
7704,1474,O,1525.99,2025-06-19,2-HIGH
7705,1474,P,934.23,2025-06-19,2-HIGH
7706,1475,P,3101.11,2025-04-30,3-MEDIUM
7707,1475,P,963.0,2025-03-14,1-URGENT
7708,1475,P,1576.32,2025-04-19,3-MEDIUM
7709,1475,P,1505.63,2025-06-23,4-LOW
7710,1475,P,793.89,2025-03-10,2-HIGH
7711,1475,F,1104.03,2025-01-07,3-MEDIUM
7712,1475,P,4375.76,2025-04-21,2-HIGH
7713,1476,O,2023.21,2025-04-03,4-LOW
7714,1476,O,1067.18,2025-01-01,1-URGENT
7715,1477,F,1806.6,2025-06-29,2-HIGH
7716,1477,F,1649.8,2025-02-03,3-MEDIUM
7717,1477,F,5402.55,2025-01-23,1-URGENT
7718,1477,P,5398.58,2025-01-26,3-MEDIUM
7719,1477,P,507.57,2025-01-04,2-HIGH
7720,1478,O,1745.23,2025-03-14,1-URGENT
7721,1478,O,3565.09,2025-05-29,3-MEDIUM
7722,1478,P,2198.55,2025-02-11,3-MEDIUM
7723,1479,O,10737.94,2025-05-10,2-HIGH
7724,1479,O,1843.97,2025-04-25,3-MEDIUM
7725,1479,F,2544.84,2025-03-02,1-URGENT
7726,1479,F,3103.39,2025-06-14,1-URGENT
7727,1479,P,5470.01,2025-01-29,1-URGENT
7728,1479,P,4610.91,2025-03-05,4-LOW
7729,1479,F,5029.6,2025-06-28,3-MEDIUM
7730,1479,O,228.44,2025-05-16,1-URGENT
7731,1480,O,402.13,2025-05-01,4-LOW
7732,1481,P,1037.09,2025-04-02,1-URGENT
7733,1481,O,4377.72,2025-02-04,3-MEDIUM
7734,1481,F,3636.99,2025-01-17,2-HIGH
7735,1481,F,4408.02,2025-05-13,4-LOW
7736,1481,O,3984.33,2025-02-14,1-URGENT
7737,1481,O,1628.75,2025-03-30,2-HIGH
7738,1482,F,7951.54,2025-06-01,1-URGENT
7739,1482,O,3455.67,2025-02-15,1-URGENT
7740,1483,F,3025.07,2025-03-06,2-HIGH
7741,1483,P,1684.27,2025-02-08,4-LOW
7742,1483,O,112.48,2025-03-18,3-MEDIUM
7743,1484,O,891.47,2025-03-31,4-LOW
7744,1484,O,1842.29,2025-03-05,1-URGENT
7745,1484,O,3452.18,2025-05-02,1-URGENT
7746,1484,O,334.96,2025-02-26,1-URGENT
7747,1484,O,353.24,2025-03-20,4-LOW
7748,1484,O,1432.07,2025-03-22,3-MEDIUM
7749,1484,O,6204.52,2025-02-08,4-LOW
7750,1485,P,170.25,2025-01-23,4-LOW
7751,1486,O,6146.29,2025-03-27,1-URGENT
7752,1486,F,3355.34,2025-05-23,1-URGENT
7753,1486,F,1731.58,2025-06-14,3-MEDIUM
7754,1486,F,4740.77,2025-04-01,2-HIGH
7755,1487,O,6018.81,2025-02-12,1-URGENT
7756,1487,F,1961.18,2025-01-05,3-MEDIUM
7757,1487,O,2787.42,2025-06-05,2-HIGH
7758,1488,F,4305.23,2025-06-01,3-MEDIUM
7759,1488,F,2589.68,2025-05-03,3-MEDIUM
7760,1488,P,6589.54,2025-05-06,2-HIGH
7761,1488,F,4137.17,2025-01-19,2-HIGH
7762,1489,F,4373.73,2025-05-02,1-URGENT
7763,1489,O,27.87,2025-01-22,1-URGENT
7764,1489,O,1671.06,2025-04-13,1-URGENT
7765,1489,P,510.28,2025-04-08,4-LOW
7766,1490,O,4387.74,2025-01-03,4-LOW
7767,1490,P,4568.1,2025-04-27,4-LOW
7768,1490,P,4585.46,2025-05-12,3-MEDIUM
7769,1490,P,1465.28,2025-01-21,4-LOW
7770,1490,P,3707.7,2025-06-12,4-LOW
7771,1490,F,5925.06,2025-01-08,4-LOW
7772,1490,F,5560.34,2025-05-24,1-URGENT
7773,1491,O,2843.4,2025-05-07,4-LOW
7774,1491,O,134.92,2025-03-23,1-URGENT
7775,1492,O,2669.28,2025-05-12,2-HIGH
7776,1492,O,1526.67,2025-05-30,4-LOW
7777,1492,F,6105.01,2025-06-29,2-HIGH
7778,1493,F,4105.85,2025-03-03,1-URGENT
7779,1493,P,5171.97,2025-05-16,4-LOW
7780,1493,P,5932.89,2025-04-06,3-MEDIUM
7781,1493,P,3466.92,2025-06-11,1-URGENT
7782,1493,P,3556.06,2025-01-12,1-URGENT
7783,1493,O,2496.45,2025-05-07,2-HIGH
7784,1494,P,2683.95,2025-02-12,4-LOW
7785,1494,P,418.8,2025-06-18,2-HIGH
7786,1494,P,986.6,2025-06-12,4-LOW
7787,1494,O,2252.48,2025-04-28,2-HIGH
7788,1494,F,3371.05,2025-06-23,3-MEDIUM
7789,1495,P,3921.83,2025-01-20,1-URGENT
7790,1495,O,3004.93,2025-06-10,2-HIGH
7791,1495,O,4845.26,2025-04-18,3-MEDIUM
7792,1496,O,3193.21,2025-01-09,3-MEDIUM
7793,1496,F,3041.89,2025-01-04,2-HIGH
7794,1496,O,3025.76,2025-01-02,4-LOW
7795,1496,O,7842.19,2025-06-07,4-LOW
7796,1496,O,2679.23,2025-01-28,1-URGENT
7797,1496,F,4173.61,2025-02-25,2-HIGH
7798,1497,O,3578.82,2025-06-16,3-MEDIUM
7799,1497,P,5352.18,2025-04-24,3-MEDIUM
7800,1497,P,6122.59,2025-01-25,3-MEDIUM
7801,1497,P,612.51,2025-04-14,4-LOW
7802,1497,O,1995.7,2025-05-16,3-MEDIUM
7803,1497,P,2753.56,2025-01-10,3-MEDIUM
7804,1497,F,3140.82,2025-05-21,2-HIGH
7805,1497,F,3869.08,2025-06-04,2-HIGH
7806,1498,O,1064.96,2025-03-10,1-URGENT
7807,1499,O,7159.51,2025-06-29,2-HIGH
7808,1499,P,2379.34,2025-05-08,3-MEDIUM
7809,1500,O,7924.28,2025-03-06,1-URGENT
7810,1500,P,2119.9,2025-04-09,3-MEDIUM
7811,1500,P,2655.69,2025-06-14,2-HIGH
7812,1500,P,1381.8,2025-04-11,4-LOW
7813,1500,P,4067.19,2025-01-12,2-HIGH
7814,1500,P,1281.44,2025-02-12,4-LOW
7815,1501,O,1047.1,2025-03-03,3-MEDIUM
7816,1501,P,5324.1,2025-06-29,4-LOW
7817,1501,P,4938.36,2025-04-07,4-LOW
7818,1502,P,6521.64,2025-02-19,2-HIGH
7819,1502,O,2232.73,2025-02-14,2-HIGH
7820,1502,F,4436.29,2025-03-25,4-LOW
7821,1502,P,2031.42,2025-02-07,2-HIGH
7822,1502,O,1552.44,2025-01-10,1-URGENT
7823,1502,P,1740.26,2025-04-23,3-MEDIUM
7824,1502,O,1310.98,2025-06-14,2-HIGH
7825,1503,F,4758.19,2025-01-23,4-LOW
7826,1503,F,1523.54,2025-01-12,4-LOW
7827,1503,O,5166.79,2025-03-19,2-HIGH
7828,1503,P,2123.51,2025-02-14,3-MEDIUM
7829,1503,P,9407.84,2025-03-19,4-LOW
7830,1503,P,1570.2,2025-06-02,4-LOW
7831,1504,F,2357.91,2025-06-17,1-URGENT
7832,1504,F,3016.0,2025-01-26,1-URGENT
7833,1504,F,1945.3,2025-04-16,4-LOW
7834,1504,O,2416.96,2025-03-05,3-MEDIUM
7835,1505,F,6156.87,2025-01-12,1-URGENT
7836,1505,O,673.92,2025-04-14,1-URGENT
7837,1505,P,2050.08,2025-05-27,3-MEDIUM
7838,1505,F,5467.98,2025-03-05,4-LOW
7839,1505,F,773.38,2025-03-28,1-URGENT
7840,1505,F,770.55,2025-03-01,1-URGENT
7841,1505,F,1949.7,2025-02-07,1-URGENT
7842,1505,P,873.41,2025-06-25,2-HIGH
7843,1506,O,2977.97,2025-02-13,2-HIGH
7844,1506,O,5993.78,2025-05-01,2-HIGH
7845,1506,F,1368.3,2025-01-19,2-HIGH
7846,1507,P,567.36,2025-02-11,1-URGENT
7847,1507,P,5544.71,2025-06-02,2-HIGH
7848,1507,O,4582.62,2025-02-21,2-HIGH
7849,1508,P,3578.3,2025-04-16,2-HIGH
7850,1508,P,1206.38,2025-06-09,4-LOW
7851,1508,P,4979.83,2025-03-11,1-URGENT
7852,1508,F,3035.24,2025-05-21,2-HIGH
7853,1508,P,3132.15,2025-01-22,4-LOW
7854,1508,O,2877.22,2025-03-06,4-LOW
7855,1508,P,2328.76,2025-02-17,4-LOW
7856,1509,F,1901.18,2025-03-23,2-HIGH
7857,1509,P,8122.34,2025-02-07,4-LOW
7858,1509,O,2414.16,2025-03-13,1-URGENT
7859,1509,F,941.75,2025-04-03,2-HIGH
7860,1509,F,7294.1,2025-01-19,1-URGENT
7861,1510,O,7710.17,2025-05-02,3-MEDIUM
7862,1510,P,3287.63,2025-03-05,4-LOW
7863,1511,O,3364.89,2025-02-03,4-LOW
7864,1511,P,2479.26,2025-01-04,3-MEDIUM
7865,1511,P,2197.42,2025-02-19,3-MEDIUM
7866,1511,O,3285.58,2025-01-10,2-HIGH
7867,1511,F,161.64,2025-06-21,1-URGENT
7868,1511,O,2674.87,2025-06-11,2-HIGH
7869,1511,P,4118.91,2025-04-13,4-LOW
7870,1512,O,3368.05,2025-06-10,4-LOW
7871,1512,P,5206.03,2025-04-29,3-MEDIUM
7872,1512,O,5686.36,2025-05-11,3-MEDIUM
7873,1512,P,6700.76,2025-05-30,3-MEDIUM
7874,1513,O,8547.84,2025-05-24,1-URGENT
7875,1513,P,7183.52,2025-02-16,3-MEDIUM
7876,1514,O,3724.1,2025-05-25,1-URGENT
7877,1514,F,2126.39,2025-02-17,4-LOW
7878,1514,O,1328.81,2025-06-24,1-URGENT
7879,1514,O,2645.1,2025-03-05,4-LOW
7880,1514,F,3085.76,2025-01-15,2-HIGH
7881,1514,P,4617.35,2025-04-25,1-URGENT
7882,1514,P,1012.99,2025-04-26,3-MEDIUM
7883,1514,P,4431.04,2025-01-15,3-MEDIUM
7884,1515,F,783.71,2025-01-08,2-HIGH
7885,1516,F,1040.55,2025-01-30,1-URGENT
7886,1516,P,1573.36,2025-03-05,3-MEDIUM
7887,1516,O,2209.13,2025-01-24,2-HIGH
7888,1517,P,2052.98,2025-03-15,4-LOW
7889,1517,O,5989.08,2025-03-28,3-MEDIUM
7890,1517,F,2731.78,2025-04-08,2-HIGH
7891,1517,P,1761.89,2025-06-20,4-LOW
7892,1517,O,2240.8,2025-05-19,3-MEDIUM
7893,1517,O,4541.61,2025-02-24,3-MEDIUM
7894,1518,P,470.6,2025-06-30,3-MEDIUM
7895,1518,P,2086.79,2025-04-08,2-HIGH
7896,1518,F,1947.86,2025-03-26,4-LOW
7897,1518,O,1349.6,2025-02-02,3-MEDIUM
7898,1518,P,4851.81,2025-02-11,1-URGENT
7899,1518,P,4828.28,2025-03-08,4-LOW
7900,1519,F,3541.89,2025-03-04,2-HIGH
7901,1519,P,1529.08,2025-02-12,1-URGENT
7902,1520,O,5523.28,2025-06-09,1-URGENT
7903,1520,O,2941.06,2025-02-15,1-URGENT
7904,1520,O,4509.9,2025-06-11,4-LOW
7905,1520,O,2379.87,2025-01-22,2-HIGH
7906,1520,P,1960.0,2025-05-18,1-URGENT
7907,1521,F,3142.64,2025-06-18,3-MEDIUM
7908,1522,O,1733.3,2025-01-03,4-LOW
7909,1522,P,5729.06,2025-04-05,1-URGENT
7910,1522,F,2384.28,2025-02-05,4-LOW
7911,1523,O,3115.03,2025-04-12,3-MEDIUM
7912,1524,F,2746.06,2025-01-16,3-MEDIUM
7913,1524,P,5164.03,2025-06-01,4-LOW
7914,1524,P,1637.13,2025-05-09,2-HIGH
7915,1524,F,4694.51,2025-02-09,3-MEDIUM
7916,1524,F,2730.09,2025-05-22,2-HIGH
7917,1525,P,5179.52,2025-01-04,4-LOW
7918,1525,F,1344.83,2025-03-13,1-URGENT
7919,1525,P,2412.78,2025-06-25,2-HIGH
7920,1525,O,227.3,2025-04-09,2-HIGH
7921,1525,P,860.79,2025-03-07,3-MEDIUM
7922,1526,O,1274.33,2025-04-13,3-MEDIUM
7923,1526,O,1444.43,2025-06-29,2-HIGH
7924,1526,O,1546.04,2025-03-01,4-LOW
7925,1526,P,473.99,2025-06-09,3-MEDIUM
7926,1526,P,2023.15,2025-04-25,3-MEDIUM
7927,1526,F,4754.58,2025-06-16,4-LOW
7928,1526,P,1137.65,2025-05-25,4-LOW
7929,1526,F,5160.62,2025-02-04,3-MEDIUM
7930,1527,P,3166.45,2025-04-20,1-URGENT
7931,1527,F,2636.8,2025-04-16,4-LOW
7932,1527,F,1046.79,2025-01-24,3-MEDIUM
7933,1527,O,2664.84,2025-04-02,3-MEDIUM
7934,1527,O,482.77,2025-04-04,1-URGENT
7935,1527,P,5517.05,2025-05-22,2-HIGH
7936,1527,P,2859.07,2025-03-05,4-LOW
7937,1528,F,3877.6,2025-05-05,3-MEDIUM
7938,1528,O,2267.38,2025-04-14,1-URGENT
7939,1528,F,3501.31,2025-06-28,2-HIGH
7940,1528,O,3546.48,2025-01-10,3-MEDIUM
7941,1528,P,5486.64,2025-04-22,2-HIGH
7942,1528,F,2908.29,2025-06-10,3-MEDIUM
7943,1528,F,1471.26,2025-04-06,1-URGENT
7944,1528,F,3623.55,2025-04-18,2-HIGH
7945,1529,O,4928.52,2025-06-29,2-HIGH
7946,1529,O,3389.82,2025-04-22,4-LOW
7947,1529,O,3366.77,2025-01-14,4-LOW
7948,1529,F,757.98,2025-02-25,3-MEDIUM
7949,1529,F,881.3,2025-05-05,4-LOW
7950,1529,O,3437.55,2025-06-05,4-LOW
7951,1530,O,2566.19,2025-04-13,3-MEDIUM
7952,1530,O,450.41,2025-01-29,4-LOW
7953,1531,P,2163.78,2025-02-16,3-MEDIUM
7954,1531,P,7097.5,2025-04-16,2-HIGH
7955,1531,F,5893.04,2025-01-15,1-URGENT
7956,1532,O,3888.36,2025-02-28,4-LOW
7957,1532,O,3960.3,2025-01-16,1-URGENT
7958,1532,P,6312.51,2025-02-12,3-MEDIUM
7959,1533,P,6107.9,2025-02-26,3-MEDIUM
7960,1533,O,2077.26,2025-05-10,4-LOW
7961,1533,P,2896.34,2025-04-25,3-MEDIUM
7962,1533,F,1133.68,2025-06-20,3-MEDIUM
7963,1534,O,2346.42,2025-01-29,4-LOW
7964,1534,O,4472.07,2025-03-30,2-HIGH
7965,1535,P,4249.69,2025-06-13,1-URGENT
7966,1535,F,3397.99,2025-03-20,1-URGENT
7967,1535,O,2670.28,2025-02-24,1-URGENT
7968,1535,O,5857.61,2025-03-07,2-HIGH
7969,1535,F,230.5,2025-02-27,4-LOW
7970,1535,F,399.91,2025-02-09,3-MEDIUM
7971,1535,P,2346.73,2025-03-16,3-MEDIUM
7972,1536,P,1177.27,2025-05-17,1-URGENT
7973,1536,P,2938.19,2025-05-09,4-LOW
7974,1536,F,4350.86,2025-03-03,2-HIGH
7975,1536,O,3341.37,2025-05-06,3-MEDIUM
7976,1536,P,8226.15,2025-01-15,1-URGENT
7977,1536,P,2719.98,2025-04-04,3-MEDIUM
7978,1536,P,4715.88,2025-06-18,2-HIGH
7979,1536,F,1120.04,2025-04-10,2-HIGH
7980,1537,O,1426.26,2025-06-18,4-LOW
7981,1537,O,3729.57,2025-04-12,1-URGENT
7982,1537,F,3500.94,2025-06-27,2-HIGH
7983,1537,O,3595.6,2025-05-12,4-LOW
7984,1537,O,10372.56,2025-01-17,1-URGENT
7985,1537,P,5125.28,2025-01-31,2-HIGH
7986,1537,P,1827.57,2025-06-15,1-URGENT
7987,1537,F,3251.4,2025-04-23,4-LOW
7988,1538,F,1256.13,2025-04-04,2-HIGH
7989,1538,P,4974.52,2025-04-22,1-URGENT
7990,1538,F,4592.65,2025-02-17,2-HIGH
7991,1538,F,3129.3,2025-04-02,4-LOW
7992,1538,P,3421.24,2025-05-01,1-URGENT
7993,1539,F,4089.6,2025-04-26,4-LOW
7994,1539,O,2834.88,2025-05-11,3-MEDIUM
7995,1539,O,2344.17,2025-05-22,2-HIGH
7996,1539,P,2139.29,2025-06-19,2-HIGH
7997,1539,P,7880.88,2025-04-03,4-LOW
7998,1539,P,2652.52,2025-03-21,4-LOW
7999,1539,F,700.38,2025-02-25,4-LOW
8000,1539,P,5877.7,2025-03-07,3-MEDIUM
8001,1540,O,3716.87,2025-03-01,2-HIGH
8002,1540,P,5534.75,2025-03-09,1-URGENT
8003,1540,O,6259.96,2025-06-29,1-URGENT
8004,1541,P,8813.49,2025-04-12,4-LOW
8005,1541,F,3869.9,2025-04-02,4-LOW
8006,1541,F,3438.27,2025-06-10,4-LOW
8007,1541,O,1016.92,2025-01-01,4-LOW
8008,1541,O,3032.73,2025-01-13,1-URGENT
8009,1541,F,1725.92,2025-02-01,4-LOW
8010,1541,O,1680.58,2025-03-05,4-LOW
8011,1542,P,3592.76,2025-04-21,2-HIGH
8012,1543,P,4087.12,2025-06-04,4-LOW
8013,1543,O,928.3,2025-01-07,3-MEDIUM
8014,1543,P,877.3,2025-05-23,3-MEDIUM
8015,1544,F,4853.24,2025-03-29,1-URGENT
8016,1544,F,4721.42,2025-06-24,2-HIGH
8017,1544,O,2819.36,2025-04-28,2-HIGH
8018,1544,P,3694.28,2025-06-01,2-HIGH
8019,1544,P,2102.67,2025-06-30,2-HIGH
8020,1545,P,5449.53,2025-02-12,3-MEDIUM
8021,1545,P,3447.62,2025-02-09,2-HIGH
8022,1545,P,3366.35,2025-03-12,2-HIGH
8023,1545,F,718.18,2025-05-04,3-MEDIUM
8024,1545,F,5526.0,2025-04-08,1-URGENT
8025,1545,P,6054.1,2025-03-28,3-MEDIUM
8026,1545,O,3441.64,2025-06-22,3-MEDIUM
8027,1545,O,1324.76,2025-04-01,4-LOW
8028,1546,O,1665.07,2025-03-28,1-URGENT
8029,1546,P,6293.1,2025-04-06,3-MEDIUM
8030,1546,F,1393.97,2025-01-07,3-MEDIUM
8031,1546,F,3411.45,2025-05-05,2-HIGH
8032,1546,P,173.28,2025-04-16,4-LOW
8033,1547,F,834.24,2025-04-09,3-MEDIUM
8034,1548,O,2743.32,2025-03-15,2-HIGH
8035,1548,F,3826.98,2025-04-28,2-HIGH
8036,1548,P,4081.08,2025-01-25,3-MEDIUM
8037,1548,P,6423.02,2025-06-02,3-MEDIUM
8038,1548,P,798.57,2025-05-02,1-URGENT
8039,1549,F,2338.3,2025-05-19,4-LOW
8040,1549,F,4569.7,2025-05-16,3-MEDIUM
8041,1550,O,2149.96,2025-05-21,1-URGENT
8042,1550,P,7588.76,2025-06-05,2-HIGH
8043,1550,F,1712.25,2025-04-19,4-LOW
8044,1550,O,7105.02,2025-03-10,2-HIGH
8045,1550,F,5603.65,2025-04-26,4-LOW
8046,1550,P,1237.8,2025-03-19,4-LOW
8047,1550,P,675.1,2025-02-04,3-MEDIUM
8048,1551,O,3325.6,2025-06-11,4-LOW
8049,1551,F,5188.57,2025-02-07,3-MEDIUM
8050,1551,O,4727.81,2025-01-12,3-MEDIUM
8051,1551,O,2156.25,2025-06-28,2-HIGH
8052,1551,O,3300.61,2025-01-22,2-HIGH
8053,1551,F,7237.08,2025-01-28,4-LOW
8054,1551,O,1584.49,2025-05-20,2-HIGH
8055,1551,P,3199.76,2025-01-07,1-URGENT
8056,1552,F,2294.13,2025-02-25,2-HIGH
8057,1552,O,882.76,2025-04-20,1-URGENT
8058,1552,O,960.16,2025-03-19,3-MEDIUM
8059,1552,P,6497.8,2025-04-19,1-URGENT
8060,1552,O,2090.52,2025-03-27,4-LOW
8061,1552,P,2143.06,2025-01-29,1-URGENT
8062,1552,O,2280.8,2025-02-15,2-HIGH
8063,1553,P,4420.27,2025-05-11,2-HIGH
8064,1553,P,7434.06,2025-02-16,1-URGENT
8065,1553,P,1558.2,2025-06-19,3-MEDIUM
8066,1553,O,6738.67,2025-04-16,2-HIGH
8067,1553,F,3297.32,2025-01-27,2-HIGH
8068,1554,F,5771.94,2025-06-30,3-MEDIUM
8069,1554,F,5722.44,2025-05-23,2-HIGH
8070,1554,P,2280.23,2025-01-07,3-MEDIUM
8071,1554,O,4162.2,2025-03-06,3-MEDIUM
8072,1555,F,508.18,2025-01-30,1-URGENT
8073,1555,O,1646.32,2025-02-14,1-URGENT
8074,1555,O,2158.4,2025-03-18,4-LOW
8075,1555,F,4666.04,2025-05-03,2-HIGH
8076,1556,P,5071.26,2025-01-20,4-LOW
8077,1556,F,2156.24,2025-05-21,2-HIGH
8078,1556,F,5514.47,2025-02-23,4-LOW
8079,1556,P,2522.58,2025-06-19,1-URGENT
8080,1556,P,519.89,2025-01-26,2-HIGH
8081,1556,O,1528.02,2025-03-06,2-HIGH
8082,1556,P,2666.74,2025-06-28,1-URGENT
8083,1556,O,4370.12,2025-05-13,4-LOW
8084,1557,P,3498.96,2025-03-12,1-URGENT
8085,1557,P,1926.52,2025-03-13,1-URGENT
8086,1557,F,3305.1,2025-06-07,2-HIGH
8087,1557,O,4832.83,2025-03-12,2-HIGH
8088,1557,P,3193.12,2025-05-27,4-LOW
8089,1557,P,5185.42,2025-05-01,3-MEDIUM
8090,1558,P,2528.28,2025-01-08,1-URGENT
8091,1558,P,5389.45,2025-03-30,4-LOW
8092,1559,O,6346.25,2025-06-27,1-URGENT
8093,1559,O,936.0,2025-01-10,1-URGENT
8094,1560,F,5108.54,2025-06-07,2-HIGH
8095,1560,O,1084.59,2025-04-01,2-HIGH
8096,1560,O,4175.54,2025-06-29,2-HIGH
8097,1560,O,6812.2,2025-06-24,1-URGENT
8098,1560,F,7389.8,2025-06-05,4-LOW
8099,1560,F,5914.31,2025-05-13,2-HIGH
8100,1560,P,4228.52,2025-06-04,4-LOW
8101,1561,O,6437.14,2025-04-03,4-LOW
8102,1561,P,325.67,2025-02-20,3-MEDIUM
8103,1561,F,5920.79,2025-01-16,1-URGENT
8104,1561,O,1592.69,2025-01-23,1-URGENT
8105,1562,P,2633.1,2025-03-16,2-HIGH
8106,1562,P,2267.21,2025-06-12,4-LOW
8107,1562,F,4101.6,2025-06-02,2-HIGH
8108,1562,O,3261.44,2025-06-15,3-MEDIUM
8109,1562,F,2661.48,2025-05-15,3-MEDIUM
8110,1562,P,133.75,2025-06-18,2-HIGH
8111,1562,P,1362.51,2025-06-24,2-HIGH
8112,1562,O,4751.43,2025-06-03,2-HIGH
8113,1563,P,1761.59,2025-05-27,1-URGENT
8114,1563,O,1310.46,2025-02-08,2-HIGH
8115,1563,P,4809.21,2025-01-13,4-LOW
8116,1563,O,1903.8,2025-06-22,2-HIGH
8117,1563,O,5355.9,2025-06-13,1-URGENT
8118,1563,O,2919.49,2025-05-01,4-LOW
8119,1563,P,57.36,2025-03-25,2-HIGH
8120,1564,O,3482.67,2025-02-04,4-LOW
8121,1564,F,100.51,2025-02-22,1-URGENT
8122,1564,P,2635.78,2025-01-08,2-HIGH
8123,1564,O,5969.76,2025-06-19,1-URGENT
8124,1564,P,1737.9,2025-05-04,4-LOW
8125,1564,F,1105.58,2025-02-03,1-URGENT
8126,1564,O,438.78,2025-03-23,3-MEDIUM
8127,1564,P,4929.11,2025-01-12,1-URGENT
8128,1565,O,3877.76,2025-01-18,1-URGENT
8129,1565,O,943.28,2025-06-08,2-HIGH
8130,1566,F,6247.46,2025-02-28,1-URGENT
8131,1566,O,2008.48,2025-05-14,3-MEDIUM
8132,1566,P,1088.56,2025-05-25,2-HIGH
8133,1566,P,2626.81,2025-01-04,3-MEDIUM
8134,1566,O,5722.32,2025-04-02,1-URGENT
8135,1567,P,618.03,2025-06-01,1-URGENT
8136,1568,P,388.28,2025-04-24,4-LOW
8137,1568,O,3526.88,2025-04-22,4-LOW
8138,1568,P,3599.3,2025-03-11,2-HIGH
8139,1568,F,6774.59,2025-06-20,4-LOW
8140,1568,F,3693.46,2025-05-20,2-HIGH
8141,1568,P,1196.75,2025-05-05,4-LOW
8142,1568,P,1145.3,2025-06-17,2-HIGH
8143,1568,O,2910.46,2025-04-26,4-LOW
8144,1569,F,3365.06,2025-05-18,1-URGENT
8145,1569,F,3743.29,2025-02-05,2-HIGH
8146,1569,P,1144.56,2025-03-24,1-URGENT
8147,1569,P,5563.47,2025-06-06,1-URGENT
8148,1569,F,3218.07,2025-01-01,3-MEDIUM
8149,1569,O,4917.99,2025-01-03,1-URGENT
8150,1569,F,4209.48,2025-04-22,3-MEDIUM
8151,1569,O,5886.61,2025-01-13,4-LOW
8152,1570,P,2827.88,2025-04-05,2-HIGH
8153,1571,F,3678.48,2025-06-07,1-URGENT
8154,1571,P,3205.08,2025-03-02,2-HIGH
8155,1571,F,3222.48,2025-05-08,2-HIGH
8156,1571,O,2707.84,2025-06-10,3-MEDIUM
8157,1571,O,955.05,2025-02-25,3-MEDIUM
8158,1571,O,3292.57,2025-06-03,1-URGENT
8159,1571,F,4697.22,2025-02-21,3-MEDIUM
8160,1572,O,4425.05,2025-01-18,4-LOW
8161,1572,O,2080.55,2025-06-14,2-HIGH
8162,1572,P,5302.13,2025-03-09,1-URGENT
8163,1573,O,7905.93,2025-02-07,1-URGENT
8164,1573,F,5417.0,2025-01-07,4-LOW
8165,1574,F,1255.62,2025-03-27,4-LOW
8166,1575,O,1425.24,2025-03-04,3-MEDIUM
8167,1575,F,4025.09,2025-06-21,4-LOW
8168,1575,F,2507.57,2025-02-15,2-HIGH
8169,1575,F,418.91,2025-03-25,4-LOW
8170,1575,F,6628.72,2025-03-19,3-MEDIUM
8171,1576,P,2397.51,2025-06-11,4-LOW
8172,1576,O,5196.65,2025-06-07,2-HIGH
8173,1576,P,2546.32,2025-03-19,1-URGENT
8174,1576,O,6080.25,2025-05-08,3-MEDIUM
8175,1577,F,3230.45,2025-03-28,2-HIGH
8176,1577,F,293.76,2025-05-19,4-LOW
8177,1577,O,3053.97,2025-04-04,3-MEDIUM
8178,1577,O,4537.31,2025-01-23,2-HIGH
8179,1577,F,642.13,2025-01-08,1-URGENT
8180,1578,F,4180.2,2025-04-19,4-LOW
8181,1578,F,1013.4,2025-06-07,4-LOW
8182,1578,P,6741.34,2025-05-26,2-HIGH
8183,1578,O,1698.4,2025-02-22,2-HIGH
8184,1578,F,3852.64,2025-03-01,4-LOW
8185,1578,P,2737.24,2025-03-23,1-URGENT
8186,1579,O,4257.56,2025-06-13,4-LOW
8187,1580,P,8732.22,2025-01-24,3-MEDIUM
8188,1580,O,5778.32,2025-05-04,3-MEDIUM
8189,1580,F,3424.91,2025-05-24,1-URGENT
8190,1580,F,4781.28,2025-06-17,1-URGENT
8191,1581,O,4534.63,2025-03-01,4-LOW
8192,1582,P,3700.46,2025-04-23,3-MEDIUM
8193,1582,P,8762.91,2025-02-20,3-MEDIUM
8194,1582,P,1535.02,2025-06-17,3-MEDIUM
8195,1582,P,4400.68,2025-05-29,1-URGENT
8196,1583,P,898.86,2025-04-28,1-URGENT
8197,1583,O,2495.83,2025-05-12,2-HIGH
8198,1583,F,1264.46,2025-03-17,2-HIGH
8199,1583,P,6746.74,2025-05-25,2-HIGH
8200,1584,F,2329.1,2025-04-05,3-MEDIUM
8201,1584,O,5351.36,2025-05-22,1-URGENT
8202,1584,O,4185.63,2025-01-19,2-HIGH
8203,1584,P,726.12,2025-02-28,4-LOW
8204,1584,O,544.5,2025-01-26,4-LOW
8205,1585,O,4676.03,2025-06-19,1-URGENT
8206,1585,O,3776.09,2025-02-22,4-LOW
8207,1585,O,3175.8,2025-06-13,4-LOW
8208,1585,P,2680.29,2025-06-04,4-LOW
8209,1585,P,395.27,2025-03-21,3-MEDIUM
8210,1585,F,1317.02,2025-02-05,1-URGENT
8211,1586,P,1439.2,2025-04-27,1-URGENT
8212,1586,O,741.59,2025-03-26,1-URGENT
8213,1586,O,304.52,2025-03-18,2-HIGH
8214,1586,P,1071.41,2025-05-12,2-HIGH
8215,1586,P,1071.71,2025-04-14,1-URGENT
8216,1586,F,4357.36,2025-03-18,2-HIGH
8217,1587,P,5557.71,2025-03-22,1-URGENT
8218,1588,F,5364.52,2025-05-03,1-URGENT
8219,1588,F,720.37,2025-03-23,1-URGENT
8220,1589,P,1589.3,2025-05-12,4-LOW
8221,1589,P,2615.99,2025-05-10,4-LOW
8222,1589,F,5076.93,2025-03-29,2-HIGH
8223,1590,P,1295.17,2025-01-05,3-MEDIUM
8224,1590,O,6756.99,2025-02-06,3-MEDIUM
8225,1590,O,2535.76,2025-06-28,1-URGENT
8226,1590,P,7265.66,2025-02-16,2-HIGH
8227,1590,P,6808.01,2025-06-11,2-HIGH
8228,1591,O,491.45,2025-05-12,1-URGENT
8229,1591,F,4916.55,2025-05-26,1-URGENT
8230,1591,O,745.44,2025-05-25,4-LOW
8231,1591,F,5170.32,2025-05-05,4-LOW
8232,1591,O,1637.39,2025-06-18,4-LOW
8233,1592,P,2434.63,2025-06-15,1-URGENT
8234,1593,O,346.58,2025-06-06,4-LOW
8235,1593,O,2573.1,2025-05-05,1-URGENT
8236,1593,O,832.9,2025-06-27,2-HIGH
8237,1594,P,2171.73,2025-05-17,1-URGENT
8238,1594,F,6246.02,2025-05-04,1-URGENT
8239,1594,O,2280.43,2025-05-20,4-LOW
8240,1594,F,1140.28,2025-04-05,4-LOW
8241,1594,P,1450.9,2025-03-07,1-URGENT
8242,1594,F,4766.89,2025-05-25,2-HIGH
8243,1594,P,2471.01,2025-02-16,3-MEDIUM
8244,1594,P,2674.29,2025-05-15,4-LOW
8245,1595,O,5893.99,2025-03-09,4-LOW
8246,1595,O,3236.84,2025-05-10,4-LOW
8247,1595,O,3379.6,2025-04-23,2-HIGH
8248,1595,P,4845.59,2025-05-01,3-MEDIUM
8249,1595,O,4324.69,2025-03-08,2-HIGH
8250,1595,O,4192.15,2025-01-02,3-MEDIUM
8251,1596,O,3616.6,2025-01-13,2-HIGH
8252,1596,F,2601.85,2025-06-27,1-URGENT
8253,1596,P,6931.85,2025-06-01,4-LOW
8254,1596,P,6586.07,2025-04-14,4-LOW
8255,1596,P,3165.57,2025-05-09,3-MEDIUM
8256,1596,F,3185.49,2025-01-22,1-URGENT
8257,1596,O,3720.78,2025-05-09,2-HIGH
8258,1596,P,9881.58,2025-05-03,3-MEDIUM
8259,1597,P,1375.39,2025-04-15,4-LOW
8260,1597,O,2508.0,2025-03-01,4-LOW
8261,1598,F,2901.8,2025-02-12,1-URGENT
8262,1598,P,4836.01,2025-01-03,4-LOW
8263,1598,O,436.3,2025-04-28,4-LOW
8264,1598,F,4771.16,2025-06-10,3-MEDIUM
8265,1598,P,1883.84,2025-03-31,2-HIGH
8266,1599,P,2460.31,2025-03-12,2-HIGH
8267,1599,P,5210.25,2025-05-04,2-HIGH
8268,1599,F,4239.96,2025-05-10,3-MEDIUM
8269,1599,O,1291.52,2025-05-24,4-LOW
8270,1599,O,7260.75,2025-05-17,1-URGENT
8271,1599,P,1006.39,2025-02-04,3-MEDIUM
8272,1599,O,4878.42,2025-06-01,3-MEDIUM
8273,1599,F,5084.93,2025-03-12,1-URGENT
8274,1600,F,4762.33,2025-01-15,4-LOW
8275,1600,F,1108.48,2025-03-07,4-LOW
8276,1601,P,6196.14,2025-04-13,4-LOW
8277,1601,P,2394.97,2025-06-19,2-HIGH
8278,1601,O,5227.25,2025-06-24,3-MEDIUM
8279,1601,P,6756.0,2025-02-03,1-URGENT
8280,1601,F,3132.91,2025-04-17,1-URGENT
8281,1601,P,3029.22,2025-04-10,3-MEDIUM
8282,1601,O,8028.71,2025-01-17,3-MEDIUM
8283,1602,O,1989.95,2025-03-27,1-URGENT
8284,1602,P,3654.7,2025-03-19,2-HIGH
8285,1602,F,2256.85,2025-03-30,1-URGENT
8286,1602,F,8845.98,2025-06-28,1-URGENT
8287,1602,P,4318.51,2025-03-27,3-MEDIUM
8288,1602,F,2982.33,2025-03-16,4-LOW
8289,1603,O,2813.4,2025-04-24,3-MEDIUM
8290,1603,F,3422.81,2025-05-02,2-HIGH
8291,1603,F,676.78,2025-03-09,2-HIGH
8292,1603,P,2344.14,2025-04-04,2-HIGH
8293,1604,F,4299.14,2025-05-22,2-HIGH
8294,1604,O,5937.71,2025-06-04,3-MEDIUM
8295,1604,F,1862.8,2025-06-19,4-LOW
8296,1604,F,4247.96,2025-03-03,4-LOW
8297,1604,O,1755.3,2025-03-04,1-URGENT
8298,1604,O,5881.63,2025-02-19,3-MEDIUM
8299,1604,O,879.01,2025-01-20,2-HIGH
8300,1605,F,1619.8,2025-03-18,2-HIGH
8301,1605,P,4656.65,2025-03-17,1-URGENT
8302,1605,P,6465.03,2025-04-03,4-LOW
8303,1605,P,3955.64,2025-06-12,3-MEDIUM
8304,1605,P,4376.12,2025-01-21,1-URGENT
8305,1605,F,3596.63,2025-05-01,2-HIGH
8306,1605,F,714.87,2025-01-24,2-HIGH
8307,1606,O,2228.19,2025-02-03,3-MEDIUM
8308,1606,O,5728.78,2025-04-18,1-URGENT
8309,1606,F,1785.03,2025-01-12,4-LOW
8310,1606,F,5587.69,2025-05-26,4-LOW
8311,1606,F,3407.89,2025-03-25,1-URGENT
8312,1606,O,479.69,2025-06-26,1-URGENT
8313,1606,F,4990.29,2025-06-16,4-LOW
8314,1606,F,6455.18,2025-01-20,4-LOW
8315,1607,F,6747.08,2025-05-14,2-HIGH
8316,1607,O,901.74,2025-06-27,4-LOW
8317,1607,P,2479.56,2025-02-05,1-URGENT
8318,1607,O,6013.87,2025-06-08,3-MEDIUM
8319,1607,F,5094.22,2025-04-13,3-MEDIUM
8320,1607,F,771.8,2025-06-15,2-HIGH
8321,1607,O,3094.38,2025-02-18,4-LOW
8322,1608,O,243.16,2025-02-25,1-URGENT
8323,1608,F,494.99,2025-02-16,4-LOW
8324,1608,F,4251.58,2025-06-02,2-HIGH
8325,1608,P,4060.19,2025-03-23,1-URGENT
8326,1608,O,5275.94,2025-03-07,2-HIGH
8327,1609,P,2717.85,2025-03-21,4-LOW
8328,1609,F,5125.96,2025-03-10,4-LOW
8329,1609,P,778.48,2025-04-23,1-URGENT
8330,1609,P,1797.14,2025-06-09,2-HIGH
8331,1609,O,3439.88,2025-06-20,3-MEDIUM
8332,1609,P,1699.25,2025-05-09,3-MEDIUM
8333,1610,O,5781.39,2025-02-17,2-HIGH
8334,1610,F,3921.74,2025-02-18,3-MEDIUM
8335,1610,O,3078.79,2025-04-21,2-HIGH
8336,1610,F,4341.53,2025-06-20,4-LOW
8337,1610,O,2456.59,2025-05-06,3-MEDIUM
8338,1611,F,4480.04,2025-01-14,4-LOW
8339,1611,F,1640.27,2025-01-04,1-URGENT
8340,1611,P,7067.76,2025-02-21,3-MEDIUM
8341,1612,F,4844.84,2025-05-16,3-MEDIUM
8342,1612,F,1948.72,2025-01-09,4-LOW
8343,1612,F,1488.53,2025-06-21,1-URGENT
8344,1612,F,2181.62,2025-06-26,4-LOW
8345,1612,O,2092.17,2025-04-26,3-MEDIUM
8346,1612,P,2147.21,2025-04-04,3-MEDIUM
8347,1612,F,377.78,2025-01-09,2-HIGH
8348,1613,O,7881.31,2025-02-06,3-MEDIUM
8349,1613,P,1136.15,2025-06-10,3-MEDIUM
8350,1613,O,5161.56,2025-06-28,4-LOW
8351,1614,O,383.84,2025-05-20,3-MEDIUM
8352,1614,O,1446.55,2025-03-06,4-LOW
8353,1614,F,833.82,2025-06-14,2-HIGH
8354,1615,O,424.59,2025-03-01,4-LOW
8355,1615,F,1124.4,2025-06-20,2-HIGH
8356,1615,O,7639.41,2025-05-05,2-HIGH
8357,1615,O,2884.76,2025-03-05,2-HIGH
8358,1615,P,3119.13,2025-05-03,4-LOW
8359,1616,F,327.81,2025-06-09,1-URGENT
8360,1616,P,3580.75,2025-01-15,2-HIGH
8361,1616,P,2823.56,2025-01-31,4-LOW
8362,1616,P,83.62,2025-03-14,2-HIGH
8363,1616,F,5350.63,2025-03-29,2-HIGH
8364,1616,F,3740.99,2025-03-17,1-URGENT
8365,1616,F,1617.78,2025-02-15,4-LOW
8366,1616,F,753.49,2025-03-16,1-URGENT
8367,1617,P,2193.06,2025-05-30,4-LOW
8368,1618,O,6518.57,2025-06-09,4-LOW
8369,1619,O,1843.82,2025-06-18,2-HIGH
8370,1619,F,3138.57,2025-01-07,4-LOW
8371,1619,P,7964.4,2025-04-29,3-MEDIUM
8372,1619,F,1510.84,2025-01-13,3-MEDIUM
8373,1619,P,7033.77,2025-03-20,3-MEDIUM
8374,1619,O,5311.86,2025-06-30,3-MEDIUM
8375,1619,P,89.94,2025-02-10,1-URGENT
8376,1619,F,656.82,2025-03-15,4-LOW
8377,1620,P,6222.89,2025-02-10,4-LOW
8378,1620,P,2156.32,2025-06-30,2-HIGH
8379,1620,O,4142.91,2025-04-10,3-MEDIUM
8380,1620,P,1403.16,2025-06-25,3-MEDIUM
8381,1620,F,5250.69,2025-03-09,2-HIGH
8382,1621,P,1841.43,2025-04-05,4-LOW
8383,1621,P,4009.35,2025-02-24,2-HIGH
8384,1621,P,1048.2,2025-06-17,2-HIGH
8385,1622,O,3613.45,2025-05-30,4-LOW
8386,1623,F,1518.03,2025-03-09,4-LOW
8387,1623,P,6686.21,2025-02-17,3-MEDIUM
8388,1623,O,5004.78,2025-02-11,3-MEDIUM
8389,1623,F,410.19,2025-03-26,4-LOW
8390,1623,O,1240.42,2025-03-31,2-HIGH
8391,1623,P,135.96,2025-05-05,1-URGENT
8392,1623,P,5231.53,2025-03-24,1-URGENT
8393,1624,P,4706.97,2025-02-14,4-LOW
8394,1624,F,2094.97,2025-02-12,3-MEDIUM
8395,1624,P,2533.01,2025-05-10,3-MEDIUM
8396,1624,P,1161.22,2025-01-28,3-MEDIUM
8397,1624,P,2278.67,2025-05-04,3-MEDIUM
8398,1624,P,2082.59,2025-06-29,2-HIGH
8399,1624,F,650.95,2025-03-15,4-LOW
8400,1624,O,7491.89,2025-01-27,4-LOW
8401,1625,F,4447.73,2025-04-23,3-MEDIUM
8402,1625,F,1326.15,2025-05-11,4-LOW
8403,1625,O,8778.74,2025-04-09,4-LOW
8404,1625,O,4320.87,2025-02-11,4-LOW
8405,1625,F,3230.14,2025-01-15,1-URGENT
8406,1625,O,470.32,2025-05-01,4-LOW
8407,1625,F,3286.54,2025-04-03,3-MEDIUM
8408,1626,O,808.36,2025-02-28,4-LOW
8409,1626,F,1985.79,2025-06-27,3-MEDIUM
8410,1626,P,2449.74,2025-02-16,1-URGENT
8411,1627,O,2854.72,2025-01-17,2-HIGH
8412,1627,F,6063.76,2025-04-29,4-LOW
8413,1628,P,4033.39,2025-02-03,2-HIGH
8414,1628,F,3226.38,2025-05-20,1-URGENT
8415,1628,F,4230.78,2025-04-05,3-MEDIUM
8416,1628,P,1814.76,2025-03-01,3-MEDIUM
8417,1628,F,3473.0,2025-06-15,4-LOW
8418,1628,P,3544.33,2025-02-02,3-MEDIUM
8419,1628,P,2329.01,2025-01-08,2-HIGH
8420,1628,O,6522.43,2025-05-05,3-MEDIUM
8421,1629,F,2290.66,2025-05-22,4-LOW
8422,1629,F,1075.63,2025-02-03,2-HIGH
8423,1629,O,3041.74,2025-05-16,3-MEDIUM
8424,1630,O,4066.3,2025-04-25,3-MEDIUM
8425,1630,O,185.82,2025-05-31,1-URGENT
8426,1630,F,1499.26,2025-01-07,2-HIGH
8427,1630,P,2242.66,2025-02-15,1-URGENT
8428,1630,P,5366.24,2025-03-18,4-LOW
8429,1630,O,3010.03,2025-04-16,1-URGENT
8430,1630,F,5625.49,2025-06-16,4-LOW
8431,1631,O,1004.72,2025-05-10,3-MEDIUM
8432,1631,P,6999.7,2025-05-28,3-MEDIUM
8433,1631,P,3780.11,2025-03-02,1-URGENT
8434,1632,P,5111.25,2025-05-07,3-MEDIUM
8435,1632,O,506.5,2025-03-20,1-URGENT
8436,1632,F,3026.64,2025-03-07,2-HIGH
8437,1632,P,5198.72,2025-03-31,1-URGENT
8438,1632,F,2670.08,2025-05-01,4-LOW
8439,1632,P,2095.11,2025-06-30,2-HIGH
8440,1632,P,4869.54,2025-04-16,4-LOW
8441,1633,F,3654.54,2025-06-09,1-URGENT
8442,1634,O,745.22,2025-01-17,3-MEDIUM
8443,1634,P,848.04,2025-01-05,2-HIGH
8444,1634,O,932.86,2025-05-22,1-URGENT
8445,1634,F,96.44,2025-05-02,4-LOW
8446,1634,P,3240.11,2025-01-21,1-URGENT
8447,1634,O,4080.22,2025-01-15,1-URGENT
8448,1634,O,3771.26,2025-01-12,2-HIGH
8449,1635,P,3799.66,2025-01-09,1-URGENT
8450,1636,F,6328.66,2025-01-21,1-URGENT
8451,1636,P,2745.18,2025-05-05,3-MEDIUM
8452,1636,O,2870.23,2025-06-22,2-HIGH
8453,1636,P,2133.9,2025-01-28,3-MEDIUM
8454,1636,O,2141.15,2025-01-15,3-MEDIUM
8455,1636,F,3431.09,2025-04-28,4-LOW
8456,1637,O,4548.61,2025-03-01,4-LOW
8457,1637,O,7242.92,2025-03-19,3-MEDIUM
8458,1637,F,2190.21,2025-04-14,4-LOW
8459,1637,F,806.66,2025-01-31,2-HIGH
8460,1637,F,2650.43,2025-05-25,4-LOW
8461,1637,F,3637.54,2025-01-19,4-LOW
8462,1638,O,1930.19,2025-03-01,1-URGENT
8463,1638,F,439.06,2025-04-26,2-HIGH
8464,1638,P,2875.71,2025-04-04,2-HIGH
8465,1638,O,3546.37,2025-05-28,2-HIGH
8466,1639,P,2621.87,2025-04-16,4-LOW
8467,1639,O,1964.11,2025-02-15,4-LOW
8468,1639,P,3110.7,2025-01-05,3-MEDIUM
8469,1639,F,2503.56,2025-05-01,4-LOW
8470,1639,F,4847.22,2025-02-12,2-HIGH
8471,1639,P,4385.32,2025-06-23,1-URGENT
8472,1639,F,3806.24,2025-01-08,3-MEDIUM
8473,1640,F,3711.2,2025-04-21,2-HIGH
8474,1641,F,8187.76,2025-05-20,1-URGENT
8475,1641,F,3074.55,2025-06-19,2-HIGH
8476,1641,F,3209.82,2025-06-25,1-URGENT
8477,1641,F,2569.48,2025-04-12,4-LOW
8478,1642,P,3585.09,2025-02-03,2-HIGH
8479,1642,O,2016.6,2025-04-23,2-HIGH
8480,1642,P,987.96,2025-06-13,1-URGENT
8481,1643,F,2478.25,2025-01-02,2-HIGH
8482,1643,O,3257.22,2025-05-08,3-MEDIUM
8483,1643,O,6122.79,2025-05-07,4-LOW
8484,1643,O,4500.65,2025-03-10,3-MEDIUM
8485,1643,F,5791.88,2025-05-11,3-MEDIUM
8486,1643,O,709.08,2025-05-29,1-URGENT
8487,1643,O,5247.44,2025-02-20,1-URGENT
8488,1644,P,322.65,2025-02-20,2-HIGH
8489,1645,F,3323.76,2025-02-08,1-URGENT
8490,1645,F,4572.54,2025-05-16,4-LOW
8491,1645,P,1685.32,2025-06-21,4-LOW
8492,1645,O,3658.68,2025-04-12,1-URGENT
8493,1645,F,4792.57,2025-04-09,2-HIGH
8494,1645,F,5355.03,2025-03-25,3-MEDIUM
8495,1645,O,3589.71,2025-03-16,3-MEDIUM
8496,1646,P,1592.91,2025-02-05,2-HIGH
8497,1646,F,685.48,2025-02-08,1-URGENT
8498,1646,O,938.46,2025-03-27,4-LOW
8499,1646,O,2950.44,2025-04-04,3-MEDIUM
8500,1646,P,4367.13,2025-03-28,4-LOW
8501,1646,O,5755.37,2025-01-10,4-LOW
8502,1646,O,4369.92,2025-04-24,2-HIGH
8503,1646,P,3284.66,2025-04-24,2-HIGH
8504,1647,F,8707.15,2025-06-15,1-URGENT
8505,1647,P,8016.33,2025-06-20,1-URGENT
8506,1647,O,4324.71,2025-06-11,3-MEDIUM
8507,1647,F,4425.45,2025-02-18,1-URGENT
8508,1648,P,4372.52,2025-02-14,3-MEDIUM
8509,1648,O,2541.31,2025-03-19,1-URGENT
8510,1648,P,2856.33,2025-06-24,1-URGENT
8511,1648,F,4648.17,2025-03-19,2-HIGH
8512,1648,F,529.55,2025-06-04,2-HIGH
8513,1648,F,2302.03,2025-04-12,2-HIGH
8514,1648,P,1447.07,2025-05-03,3-MEDIUM
8515,1649,P,2410.24,2025-02-09,1-URGENT
8516,1649,O,525.97,2025-01-30,3-MEDIUM
8517,1649,O,4132.62,2025-04-06,2-HIGH
8518,1649,O,959.53,2025-03-13,2-HIGH
8519,1649,O,808.59,2025-03-28,2-HIGH
8520,1649,P,3246.26,2025-02-02,3-MEDIUM
8521,1649,P,2947.69,2025-04-19,4-LOW
8522,1649,O,5881.08,2025-02-26,1-URGENT
8523,1650,O,5568.33,2025-05-13,3-MEDIUM
8524,1650,O,285.78,2025-06-02,1-URGENT
8525,1650,F,4479.84,2025-01-12,4-LOW
8526,1650,O,1057.33,2025-01-28,3-MEDIUM
8527,1651,F,617.59,2025-04-20,1-URGENT
8528,1652,F,3875.89,2025-04-26,3-MEDIUM
8529,1652,F,7588.69,2025-01-10,2-HIGH
8530,1652,F,1521.06,2025-04-23,3-MEDIUM
8531,1652,O,5453.85,2025-01-05,3-MEDIUM
8532,1652,P,2139.42,2025-03-30,2-HIGH
8533,1652,P,5326.74,2025-01-20,1-URGENT
8534,1652,O,1372.14,2025-01-30,4-LOW
8535,1652,O,5650.37,2025-02-22,2-HIGH
8536,1653,F,891.45,2025-02-12,2-HIGH
8537,1653,P,4156.85,2025-03-03,3-MEDIUM
8538,1653,O,2016.42,2025-06-27,2-HIGH
8539,1653,P,7122.7,2025-01-03,2-HIGH
8540,1654,F,580.16,2025-01-03,3-MEDIUM
8541,1654,F,2021.23,2025-04-11,1-URGENT
8542,1655,F,5525.05,2025-04-07,2-HIGH
8543,1655,F,2924.65,2025-05-24,2-HIGH
8544,1655,P,380.45,2025-02-21,3-MEDIUM
8545,1656,F,2713.76,2025-01-07,2-HIGH
8546,1656,F,497.63,2025-05-28,2-HIGH
8547,1657,F,1419.03,2025-05-12,1-URGENT
8548,1658,P,2535.26,2025-03-27,2-HIGH
8549,1658,P,3209.7,2025-06-27,1-URGENT
8550,1658,P,8683.47,2025-04-01,2-HIGH
8551,1658,O,1044.97,2025-05-23,2-HIGH
8552,1658,P,6366.18,2025-05-16,1-URGENT
8553,1658,F,1421.2,2025-03-30,2-HIGH
8554,1658,P,2913.56,2025-03-31,3-MEDIUM
8555,1658,F,4574.52,2025-02-27,2-HIGH
8556,1659,P,7498.38,2025-05-28,4-LOW
8557,1659,F,747.95,2025-04-20,3-MEDIUM
8558,1659,O,5653.6,2025-01-17,1-URGENT
8559,1659,O,5170.62,2025-05-15,4-LOW
8560,1659,F,1625.34,2025-05-18,3-MEDIUM
8561,1659,O,286.45,2025-03-21,4-LOW
8562,1659,P,4314.74,2025-02-16,3-MEDIUM
8563,1659,P,1151.14,2025-05-06,4-LOW
8564,1660,P,1549.92,2025-06-08,4-LOW
8565,1660,P,3267.25,2025-03-09,3-MEDIUM
8566,1660,F,2848.15,2025-02-13,3-MEDIUM
8567,1661,P,3918.11,2025-04-19,4-LOW
8568,1661,P,273.19,2025-01-07,1-URGENT
8569,1661,F,5116.2,2025-02-11,4-LOW
8570,1661,P,3154.48,2025-03-07,1-URGENT
8571,1662,O,4533.32,2025-05-16,1-URGENT
8572,1662,F,2708.22,2025-04-01,4-LOW
8573,1662,F,1686.47,2025-02-11,2-HIGH
8574,1662,F,3313.62,2025-03-08,2-HIGH
8575,1663,P,3003.61,2025-01-07,3-MEDIUM
8576,1663,F,873.29,2025-03-25,4-LOW
8577,1663,O,29.07,2025-04-29,4-LOW
8578,1663,P,3673.5,2025-06-01,4-LOW
8579,1663,O,3633.7,2025-02-10,1-URGENT
8580,1663,P,3279.53,2025-04-10,2-HIGH
8581,1663,F,1665.18,2025-01-09,1-URGENT
8582,1663,P,5828.16,2025-01-03,2-HIGH
8583,1664,O,3172.0,2025-01-25,1-URGENT
8584,1665,F,4020.97,2025-03-25,1-URGENT
8585,1665,P,3005.45,2025-01-13,4-LOW
8586,1665,P,3262.44,2025-04-02,4-LOW
8587,1665,P,5149.56,2025-01-23,3-MEDIUM
8588,1665,F,7528.29,2025-01-02,2-HIGH
8589,1665,P,7637.45,2025-05-21,4-LOW
8590,1665,P,4857.33,2025-05-16,4-LOW
8591,1665,P,105.27,2025-03-02,2-HIGH
8592,1666,O,708.49,2025-04-17,3-MEDIUM
8593,1666,F,2121.98,2025-01-03,1-URGENT
8594,1666,F,4312.13,2025-02-17,3-MEDIUM
8595,1666,O,1907.36,2025-04-13,3-MEDIUM
8596,1666,P,3156.77,2025-04-23,1-URGENT
8597,1666,P,1135.67,2025-03-25,4-LOW
8598,1666,F,8433.51,2025-04-16,3-MEDIUM
8599,1667,O,1487.04,2025-01-25,3-MEDIUM
8600,1667,P,5341.26,2025-03-21,2-HIGH
8601,1667,P,8567.69,2025-06-26,3-MEDIUM
8602,1668,O,1492.9,2025-03-06,1-URGENT
8603,1668,P,2105.28,2025-04-13,1-URGENT
8604,1668,F,416.31,2025-01-04,3-MEDIUM
8605,1668,O,3833.81,2025-04-16,1-URGENT
8606,1668,O,2341.47,2025-03-06,3-MEDIUM
8607,1669,F,3105.75,2025-02-14,4-LOW
8608,1670,F,2866.28,2025-06-10,1-URGENT
8609,1670,P,4674.59,2025-02-23,4-LOW
8610,1671,O,4291.21,2025-05-16,4-LOW
8611,1671,O,11232.31,2025-04-06,1-URGENT
8612,1671,O,199.37,2025-05-24,2-HIGH
8613,1672,P,1368.62,2025-02-20,4-LOW
8614,1672,F,375.16,2025-01-12,1-URGENT
8615,1672,F,3147.0,2025-05-25,1-URGENT
8616,1672,P,924.92,2025-06-20,3-MEDIUM
8617,1672,P,5286.63,2025-01-08,4-LOW
8618,1672,F,7255.98,2025-06-17,1-URGENT
8619,1673,P,171.13,2025-02-27,1-URGENT
8620,1673,P,1719.44,2025-04-15,4-LOW
8621,1673,O,267.84,2025-02-04,3-MEDIUM
8622,1673,O,2808.67,2025-02-08,1-URGENT
8623,1673,P,3243.91,2025-06-10,2-HIGH
8624,1674,P,987.02,2025-02-16,3-MEDIUM
8625,1674,P,3628.27,2025-01-23,2-HIGH
8626,1674,P,1988.3,2025-04-15,1-URGENT
8627,1674,O,4229.56,2025-03-05,1-URGENT
8628,1674,O,1518.72,2025-06-10,1-URGENT
8629,1675,O,4830.26,2025-02-19,2-HIGH
8630,1675,P,2523.72,2025-02-06,1-URGENT
8631,1675,P,584.2,2025-01-03,4-LOW
8632,1675,O,1644.62,2025-04-30,2-HIGH
8633,1675,F,4352.51,2025-05-14,3-MEDIUM
8634,1675,F,7645.7,2025-01-29,4-LOW
8635,1676,F,827.59,2025-06-02,1-URGENT
8636,1676,O,416.56,2025-01-10,2-HIGH
8637,1676,P,5485.38,2025-04-28,3-MEDIUM
8638,1676,P,4984.46,2025-05-25,4-LOW
8639,1676,F,780.6,2025-01-22,3-MEDIUM
8640,1676,O,142.16,2025-04-09,4-LOW
8641,1677,F,5649.15,2025-04-30,1-URGENT
8642,1677,P,2357.73,2025-04-12,4-LOW
8643,1677,F,1904.03,2025-06-28,4-LOW
8644,1677,O,1540.05,2025-06-09,3-MEDIUM
8645,1677,O,301.86,2025-02-07,4-LOW
8646,1678,O,241.1,2025-01-02,3-MEDIUM
8647,1678,O,3097.34,2025-04-24,1-URGENT
8648,1679,F,3339.44,2025-04-27,4-LOW
8649,1679,P,300.8,2025-03-17,2-HIGH
8650,1679,P,493.32,2025-06-24,4-LOW
8651,1679,F,7079.79,2025-04-25,2-HIGH
8652,1679,P,4343.05,2025-02-05,2-HIGH
8653,1679,F,5398.8,2025-02-09,4-LOW
8654,1679,F,1023.71,2025-01-28,1-URGENT
8655,1679,O,756.63,2025-03-24,1-URGENT
8656,1680,O,6585.36,2025-06-03,4-LOW
8657,1680,F,693.28,2025-01-07,2-HIGH
8658,1680,P,439.99,2025-05-10,4-LOW
8659,1680,O,5105.91,2025-02-02,4-LOW
8660,1680,P,866.33,2025-04-03,4-LOW
8661,1680,F,1173.82,2025-04-06,1-URGENT
8662,1680,P,2774.04,2025-05-13,1-URGENT
8663,1680,P,5251.75,2025-04-06,4-LOW
8664,1681,F,8163.47,2025-03-29,2-HIGH
8665,1681,F,4388.36,2025-05-30,2-HIGH
8666,1681,P,2732.56,2025-01-10,2-HIGH
8667,1681,O,4062.19,2025-02-25,3-MEDIUM
8668,1681,P,1815.79,2025-03-21,2-HIGH
8669,1682,F,494.32,2025-01-27,4-LOW
8670,1682,P,5152.27,2025-02-23,4-LOW
8671,1682,P,1283.02,2025-01-01,2-HIGH
8672,1682,F,3776.14,2025-02-20,2-HIGH
8673,1682,F,6199.05,2025-03-04,1-URGENT
8674,1683,P,5150.45,2025-02-10,2-HIGH
8675,1683,P,4299.13,2025-05-18,4-LOW
8676,1684,F,3777.99,2025-02-02,4-LOW
8677,1684,F,203.09,2025-03-19,3-MEDIUM
8678,1684,O,2102.86,2025-04-26,4-LOW
8679,1684,F,4449.57,2025-03-28,1-URGENT
8680,1685,O,3703.4,2025-04-08,1-URGENT
8681,1686,O,3922.1,2025-04-21,1-URGENT
8682,1686,O,1008.67,2025-06-08,3-MEDIUM
8683,1686,O,2004.43,2025-03-15,3-MEDIUM
8684,1686,O,1815.9,2025-04-24,3-MEDIUM
8685,1686,O,2189.12,2025-05-07,2-HIGH
8686,1687,P,1107.03,2025-01-12,3-MEDIUM
8687,1687,F,548.01,2025-03-28,2-HIGH
8688,1687,O,6463.91,2025-06-20,4-LOW
8689,1687,F,391.77,2025-01-31,3-MEDIUM
8690,1687,P,2349.89,2025-06-15,3-MEDIUM
8691,1688,P,5560.43,2025-01-18,4-LOW
8692,1688,O,4414.87,2025-01-14,4-LOW
8693,1689,F,4929.63,2025-04-27,1-URGENT
8694,1689,O,1402.44,2025-03-24,2-HIGH
8695,1689,O,8731.27,2025-01-26,4-LOW
8696,1690,O,1844.63,2025-02-21,2-HIGH
8697,1690,P,5976.66,2025-05-19,2-HIGH
8698,1690,F,1416.48,2025-06-02,3-MEDIUM
8699,1690,F,3105.91,2025-03-29,4-LOW
8700,1690,F,5016.7,2025-03-25,4-LOW
8701,1690,O,7015.42,2025-01-21,3-MEDIUM
8702,1691,O,2381.51,2025-03-02,2-HIGH
8703,1691,F,8643.67,2025-06-29,1-URGENT
8704,1692,P,2078.75,2025-04-22,3-MEDIUM
8705,1692,F,2920.83,2025-01-31,1-URGENT
8706,1693,O,3580.19,2025-02-05,3-MEDIUM
8707,1693,O,1424.77,2025-05-03,3-MEDIUM
8708,1694,F,1958.43,2025-06-05,4-LOW
8709,1694,F,4594.29,2025-04-13,1-URGENT
8710,1694,O,1945.52,2025-01-20,2-HIGH
8711,1694,P,638.04,2025-01-17,2-HIGH
8712,1695,P,2433.4,2025-05-31,2-HIGH
8713,1695,P,6059.04,2025-05-04,1-URGENT
8714,1696,F,5847.75,2025-06-08,4-LOW
8715,1696,P,2915.07,2025-04-13,1-URGENT
8716,1696,O,2446.76,2025-06-07,2-HIGH
8717,1697,P,5382.48,2025-06-21,4-LOW
8718,1698,F,5714.74,2025-06-14,2-HIGH
8719,1699,F,363.09,2025-05-11,4-LOW
8720,1699,P,5642.74,2025-03-10,4-LOW
8721,1699,F,2127.27,2025-06-03,3-MEDIUM
8722,1699,P,2443.67,2025-04-27,2-HIGH
8723,1699,P,4483.36,2025-06-12,4-LOW
8724,1699,F,1812.16,2025-04-20,2-HIGH
8725,1699,P,2809.19,2025-06-07,3-MEDIUM
8726,1700,F,955.6,2025-03-27,1-URGENT
8727,1700,O,7497.23,2025-06-15,4-LOW
8728,1700,F,600.31,2025-02-15,2-HIGH
8729,1700,P,1611.96,2025-01-26,1-URGENT
8730,1701,P,4583.15,2025-05-04,2-HIGH
8731,1701,O,2833.87,2025-05-09,3-MEDIUM
8732,1701,F,5705.58,2025-01-27,3-MEDIUM
8733,1701,F,461.52,2025-01-27,4-LOW
8734,1701,F,1221.21,2025-06-24,1-URGENT
8735,1702,F,6562.0,2025-06-19,4-LOW
8736,1702,F,1006.88,2025-05-01,4-LOW
8737,1702,F,6408.32,2025-04-23,4-LOW
8738,1702,O,2588.77,2025-01-20,3-MEDIUM
8739,1702,P,1208.21,2025-05-06,3-MEDIUM
8740,1703,F,2887.92,2025-05-25,1-URGENT
8741,1703,O,1211.6,2025-05-16,2-HIGH
8742,1703,P,2572.44,2025-01-28,4-LOW
8743,1703,P,102.56,2025-05-27,4-LOW
8744,1703,F,476.04,2025-03-05,2-HIGH
8745,1703,O,3661.62,2025-01-31,3-MEDIUM
8746,1703,F,6809.96,2025-04-30,4-LOW
8747,1704,P,4611.67,2025-05-26,3-MEDIUM
8748,1704,F,4942.95,2025-06-05,4-LOW
8749,1704,P,3898.9,2025-03-05,1-URGENT
8750,1704,P,8738.43,2025-03-19,4-LOW
8751,1704,F,4664.12,2025-05-02,1-URGENT
8752,1705,P,2705.44,2025-02-23,4-LOW
8753,1705,P,4185.14,2025-04-02,1-URGENT
8754,1705,P,809.59,2025-05-24,2-HIGH
8755,1705,F,304.23,2025-04-21,2-HIGH
8756,1705,O,6339.27,2025-06-24,1-URGENT
8757,1705,P,3877.86,2025-02-04,4-LOW
8758,1706,P,4486.21,2025-06-18,4-LOW
8759,1706,O,2862.27,2025-02-22,2-HIGH
8760,1706,F,4190.46,2025-03-01,3-MEDIUM
8761,1706,O,6321.84,2025-05-14,4-LOW
8762,1706,P,1380.06,2025-03-24,2-HIGH
8763,1706,O,1331.03,2025-01-28,3-MEDIUM
8764,1706,F,1562.81,2025-01-28,2-HIGH
8765,1706,P,64.1,2025-04-27,4-LOW
8766,1707,O,4470.25,2025-03-12,1-URGENT
8767,1707,F,1536.54,2025-06-14,1-URGENT
8768,1707,O,1007.86,2025-04-28,4-LOW
8769,1707,O,1215.93,2025-01-07,3-MEDIUM
8770,1707,F,4657.79,2025-04-18,3-MEDIUM
8771,1707,O,5356.02,2025-03-16,3-MEDIUM
8772,1707,F,2052.85,2025-01-06,3-MEDIUM
8773,1707,P,4767.34,2025-03-31,1-URGENT
8774,1708,F,2112.21,2025-06-28,4-LOW
8775,1708,O,1563.19,2025-06-30,3-MEDIUM
8776,1708,O,4559.28,2025-04-22,4-LOW
8777,1708,P,110.84,2025-06-01,1-URGENT
8778,1708,P,6239.66,2025-03-28,4-LOW
8779,1708,O,420.13,2025-05-16,1-URGENT
8780,1709,O,8155.97,2025-04-30,4-LOW
8781,1709,O,1724.95,2025-04-07,1-URGENT
8782,1709,P,4029.24,2025-01-30,2-HIGH
8783,1709,F,4688.39,2025-02-18,4-LOW
8784,1709,F,580.32,2025-01-07,3-MEDIUM
8785,1709,F,4620.06,2025-04-08,1-URGENT
8786,1710,O,5083.29,2025-02-10,3-MEDIUM
8787,1710,F,559.78,2025-06-06,3-MEDIUM
8788,1710,P,5215.28,2025-06-14,3-MEDIUM
8789,1710,F,3654.06,2025-03-27,4-LOW
8790,1711,P,1405.02,2025-02-05,4-LOW
8791,1711,O,2955.95,2025-01-23,2-HIGH
8792,1712,O,1425.17,2025-03-18,4-LOW
8793,1712,F,6315.82,2025-03-15,2-HIGH
8794,1712,F,4907.68,2025-06-17,2-HIGH
8795,1712,F,168.77,2025-03-30,3-MEDIUM
8796,1712,P,5098.37,2025-04-16,4-LOW
8797,1712,O,3420.27,2025-04-27,4-LOW
8798,1713,P,3604.91,2025-02-15,4-LOW
8799,1713,P,3106.66,2025-04-08,2-HIGH
8800,1714,O,3255.25,2025-03-14,4-LOW
8801,1714,F,3248.48,2025-04-05,4-LOW
8802,1714,P,4855.81,2025-02-08,2-HIGH
8803,1714,P,4333.09,2025-03-27,3-MEDIUM
8804,1715,F,2700.88,2025-05-13,3-MEDIUM
8805,1715,O,7229.07,2025-06-29,4-LOW
8806,1715,P,761.08,2025-02-05,4-LOW
8807,1715,O,1434.36,2025-02-24,3-MEDIUM
8808,1716,O,2885.97,2025-02-07,3-MEDIUM
8809,1716,F,3644.48,2025-06-02,4-LOW
8810,1716,P,5330.66,2025-02-20,1-URGENT
8811,1717,P,958.13,2025-01-26,4-LOW
8812,1717,F,978.73,2025-02-25,4-LOW
8813,1717,P,4670.59,2025-01-03,2-HIGH
8814,1718,P,525.61,2025-06-10,4-LOW
8815,1718,F,8872.21,2025-05-15,1-URGENT
8816,1718,O,3514.37,2025-04-08,2-HIGH
8817,1718,P,3560.91,2025-01-21,4-LOW
8818,1718,F,893.61,2025-02-02,1-URGENT
8819,1718,O,2226.56,2025-04-21,4-LOW
8820,1719,F,700.9,2025-03-06,1-URGENT
8821,1720,O,7763.49,2025-06-04,1-URGENT
8822,1720,O,3811.93,2025-05-25,4-LOW
8823,1720,P,10982.37,2025-04-13,2-HIGH
8824,1720,P,2543.24,2025-06-15,3-MEDIUM
8825,1720,F,3393.38,2025-01-12,1-URGENT
8826,1720,F,517.96,2025-01-14,3-MEDIUM
8827,1721,F,7071.94,2025-06-07,3-MEDIUM
8828,1722,P,5251.02,2025-05-08,3-MEDIUM
8829,1722,F,2344.77,2025-02-02,2-HIGH
8830,1722,P,1812.21,2025-03-03,3-MEDIUM
8831,1722,F,50.92,2025-04-09,1-URGENT
8832,1722,O,6638.2,2025-01-12,2-HIGH
8833,1722,O,256.02,2025-03-05,2-HIGH
8834,1722,F,2911.24,2025-04-16,4-LOW
8835,1722,O,2520.78,2025-01-24,2-HIGH
8836,1723,P,2679.09,2025-02-16,4-LOW
8837,1723,P,1900.2,2025-04-20,2-HIGH
8838,1724,O,358.2,2025-01-24,1-URGENT
8839,1725,F,2367.86,2025-02-23,4-LOW
8840,1725,P,1731.1,2025-04-26,1-URGENT
8841,1725,P,8878.57,2025-01-04,3-MEDIUM
8842,1725,O,4206.41,2025-06-01,3-MEDIUM
8843,1725,F,1078.63,2025-06-04,3-MEDIUM
8844,1725,O,2738.56,2025-02-10,3-MEDIUM
8845,1725,O,4133.24,2025-04-30,1-URGENT
8846,1725,P,6032.24,2025-06-17,1-URGENT
8847,1726,P,79.26,2025-06-22,3-MEDIUM
8848,1726,F,2058.35,2025-03-11,2-HIGH
8849,1726,P,1357.92,2025-04-19,3-MEDIUM
8850,1727,F,6387.27,2025-03-03,4-LOW
8851,1727,O,2560.97,2025-01-06,3-MEDIUM
8852,1727,F,4136.74,2025-05-21,3-MEDIUM
8853,1727,F,3279.33,2025-02-20,3-MEDIUM
8854,1727,P,8607.77,2025-03-07,3-MEDIUM
8855,1727,F,1259.2,2025-06-20,1-URGENT
8856,1728,P,2531.19,2025-06-18,2-HIGH
8857,1728,O,2343.33,2025-05-09,3-MEDIUM
8858,1728,P,1280.84,2025-05-06,3-MEDIUM
8859,1729,F,3797.04,2025-02-19,4-LOW
8860,1730,F,5053.16,2025-05-23,1-URGENT
8861,1730,O,949.33,2025-05-28,3-MEDIUM
8862,1731,F,2276.32,2025-03-06,1-URGENT
8863,1732,O,1639.77,2025-05-16,4-LOW
8864,1732,O,406.01,2025-02-22,2-HIGH
8865,1732,O,944.08,2025-05-23,3-MEDIUM
8866,1732,P,6876.94,2025-05-13,2-HIGH
8867,1732,F,2566.44,2025-03-19,1-URGENT
8868,1733,O,873.04,2025-04-03,4-LOW
8869,1734,P,4189.4,2025-05-31,2-HIGH
8870,1734,F,4151.14,2025-01-03,3-MEDIUM
8871,1734,F,1755.6,2025-03-16,3-MEDIUM
8872,1735,O,1524.21,2025-01-31,1-URGENT
8873,1735,P,1072.89,2025-06-12,2-HIGH
8874,1735,F,7339.21,2025-02-07,2-HIGH
8875,1735,O,3578.9,2025-02-22,4-LOW
8876,1736,F,2987.2,2025-04-21,3-MEDIUM
8877,1736,O,6185.93,2025-01-26,1-URGENT
8878,1736,O,2319.44,2025-06-26,2-HIGH
8879,1736,F,3191.35,2025-03-02,2-HIGH
8880,1736,F,1202.61,2025-03-05,4-LOW
8881,1736,F,4589.01,2025-02-03,4-LOW
8882,1736,O,3049.39,2025-03-21,3-MEDIUM
8883,1736,F,509.08,2025-03-27,1-URGENT
8884,1737,P,3655.38,2025-06-13,4-LOW
8885,1737,O,3971.71,2025-06-21,4-LOW
8886,1737,O,2734.69,2025-05-10,3-MEDIUM
8887,1737,F,6040.06,2025-02-11,4-LOW
8888,1737,O,1894.25,2025-05-26,3-MEDIUM
8889,1737,F,1096.83,2025-01-22,2-HIGH
8890,1738,P,539.07,2025-04-20,2-HIGH
8891,1738,F,5180.38,2025-03-21,4-LOW
8892,1738,O,143.59,2025-06-16,2-HIGH
8893,1739,O,6988.47,2025-01-03,4-LOW
8894,1739,O,5595.26,2025-02-23,1-URGENT
8895,1739,F,1894.01,2025-05-10,1-URGENT
8896,1739,O,2298.98,2025-02-05,1-URGENT
8897,1739,F,2624.61,2025-06-10,2-HIGH
8898,1740,O,3032.17,2025-06-01,3-MEDIUM
8899,1740,F,3783.95,2025-06-15,1-URGENT
8900,1741,O,486.91,2025-06-05,1-URGENT
8901,1741,O,5005.23,2025-01-20,1-URGENT
8902,1741,O,4365.64,2025-01-14,1-URGENT
8903,1741,O,4018.93,2025-03-14,4-LOW
8904,1741,F,8057.38,2025-06-30,4-LOW
8905,1741,O,732.64,2025-01-09,3-MEDIUM
8906,1741,P,63.99,2025-03-31,1-URGENT
8907,1742,F,3857.07,2025-04-28,4-LOW
8908,1742,O,2392.5,2025-02-20,2-HIGH
8909,1742,O,3203.33,2025-02-17,2-HIGH
8910,1742,F,5541.75,2025-06-29,4-LOW
8911,1742,P,1160.28,2025-05-05,3-MEDIUM
8912,1742,O,2084.66,2025-04-28,1-URGENT
8913,1742,P,5536.84,2025-03-28,2-HIGH
8914,1742,O,1934.51,2025-05-09,3-MEDIUM
8915,1743,O,8022.14,2025-01-19,3-MEDIUM
8916,1743,P,896.97,2025-03-25,2-HIGH
8917,1743,F,1941.25,2025-03-27,3-MEDIUM
8918,1743,P,4475.74,2025-01-11,2-HIGH
8919,1744,F,4362.97,2025-06-12,3-MEDIUM
8920,1744,P,4542.37,2025-06-02,3-MEDIUM
8921,1744,F,1237.45,2025-06-04,1-URGENT
8922,1744,F,6510.4,2025-04-30,4-LOW
8923,1744,O,9152.47,2025-06-17,1-URGENT
8924,1744,P,1894.58,2025-04-18,3-MEDIUM
8925,1745,P,3700.29,2025-02-15,3-MEDIUM
8926,1745,P,787.74,2025-04-08,3-MEDIUM
8927,1745,P,9425.04,2025-03-01,4-LOW
8928,1745,O,3896.68,2025-03-20,1-URGENT
8929,1745,O,2599.58,2025-05-30,4-LOW
8930,1745,F,3201.45,2025-05-30,3-MEDIUM
8931,1745,F,4187.72,2025-05-08,1-URGENT
8932,1746,P,4919.59,2025-06-04,4-LOW
8933,1746,P,2440.02,2025-06-09,2-HIGH
8934,1746,O,5947.31,2025-05-24,2-HIGH
8935,1746,P,337.84,2025-06-10,3-MEDIUM
8936,1746,P,1019.44,2025-03-04,2-HIGH
8937,1746,F,3794.54,2025-03-29,4-LOW
8938,1746,O,766.21,2025-03-29,3-MEDIUM
8939,1747,P,2375.75,2025-02-04,1-URGENT
8940,1747,O,7501.4,2025-06-14,1-URGENT
8941,1748,F,6173.57,2025-02-13,3-MEDIUM
8942,1748,F,622.87,2025-05-23,2-HIGH
8943,1748,P,1512.14,2025-02-09,2-HIGH
8944,1748,O,1714.32,2025-04-22,2-HIGH
8945,1748,F,5148.68,2025-04-24,3-MEDIUM
8946,1748,O,1359.54,2025-06-09,1-URGENT
8947,1748,O,1271.57,2025-04-14,3-MEDIUM
8948,1749,P,1119.13,2025-05-07,4-LOW
8949,1749,F,3200.02,2025-04-22,4-LOW
8950,1749,P,2246.81,2025-06-27,4-LOW
8951,1749,F,5404.26,2025-01-20,3-MEDIUM
8952,1749,P,1269.58,2025-05-29,2-HIGH
8953,1750,F,8731.67,2025-01-25,3-MEDIUM
8954,1750,O,1844.53,2025-03-13,3-MEDIUM
8955,1750,F,2424.82,2025-05-01,4-LOW
8956,1750,O,3159.1,2025-02-01,1-URGENT
8957,1751,F,5537.1,2025-03-15,1-URGENT
8958,1751,P,3102.43,2025-01-10,4-LOW
8959,1752,F,2502.17,2025-05-05,4-LOW
8960,1753,F,4617.2,2025-03-17,4-LOW
8961,1753,O,3287.2,2025-03-20,2-HIGH
8962,1753,F,263.54,2025-02-01,1-URGENT
8963,1754,P,3973.37,2025-04-10,2-HIGH
8964,1754,O,2931.63,2025-05-11,1-URGENT
8965,1754,O,1942.52,2025-04-26,4-LOW
8966,1754,F,5849.7,2025-01-20,2-HIGH
8967,1754,F,3694.66,2025-06-21,1-URGENT
8968,1755,F,5599.81,2025-03-30,1-URGENT
8969,1755,O,78.44,2025-01-04,4-LOW
8970,1756,P,3074.77,2025-02-15,1-URGENT
8971,1756,F,3180.91,2025-06-27,3-MEDIUM
8972,1756,P,3784.48,2025-04-16,2-HIGH
8973,1756,P,732.5,2025-05-27,3-MEDIUM
8974,1757,P,3048.54,2025-06-26,1-URGENT
8975,1757,P,5293.79,2025-06-14,2-HIGH
8976,1757,O,3283.1,2025-04-21,4-LOW
8977,1758,P,3068.62,2025-01-08,4-LOW
8978,1758,F,1905.88,2025-02-21,2-HIGH
8979,1758,P,2376.07,2025-03-03,4-LOW
8980,1758,O,8898.52,2025-04-29,4-LOW
8981,1759,O,3374.01,2025-06-06,2-HIGH
8982,1759,P,3360.9,2025-01-08,4-LOW
8983,1759,O,7406.91,2025-02-06,3-MEDIUM
8984,1759,P,1965.32,2025-05-04,1-URGENT
8985,1760,P,5528.43,2025-03-14,4-LOW
8986,1760,P,209.08,2025-02-20,1-URGENT
8987,1760,P,1908.75,2025-06-03,3-MEDIUM
8988,1761,O,2847.91,2025-06-19,4-LOW
8989,1761,O,5495.61,2025-02-21,1-URGENT
8990,1761,F,6273.23,2025-01-18,3-MEDIUM
8991,1761,F,3377.77,2025-06-03,2-HIGH
8992,1761,P,6060.17,2025-01-29,2-HIGH
8993,1761,F,5795.69,2025-02-27,4-LOW
8994,1761,O,4798.08,2025-06-04,4-LOW
8995,1762,F,1580.46,2025-05-30,3-MEDIUM
8996,1762,O,646.72,2025-06-17,2-HIGH
8997,1762,P,4243.93,2025-03-04,4-LOW
8998,1762,O,358.33,2025-04-20,4-LOW
8999,1762,F,1062.41,2025-06-23,3-MEDIUM
9000,1762,P,3103.43,2025-03-15,1-URGENT
9001,1762,O,890.91,2025-06-11,4-LOW
9002,1763,P,2709.61,2025-03-26,2-HIGH
9003,1763,O,4476.3,2025-04-17,4-LOW
9004,1763,O,2818.36,2025-03-01,1-URGENT
9005,1763,F,4612.6,2025-02-11,2-HIGH
9006,1764,F,4041.16,2025-03-13,3-MEDIUM
9007,1764,O,2105.52,2025-01-21,1-URGENT
9008,1764,O,3875.02,2025-02-16,1-URGENT
9009,1764,P,1928.39,2025-06-16,2-HIGH
9010,1765,P,1262.47,2025-03-24,3-MEDIUM
9011,1765,O,5658.46,2025-06-18,3-MEDIUM
9012,1765,F,4382.31,2025-03-04,1-URGENT
9013,1765,F,3828.9,2025-05-06,1-URGENT
9014,1765,O,2197.09,2025-04-21,1-URGENT
9015,1765,P,5150.41,2025-02-08,4-LOW
9016,1765,F,5028.3,2025-01-13,3-MEDIUM
9017,1766,O,4330.74,2025-02-07,1-URGENT
9018,1766,P,2526.7,2025-04-12,4-LOW
9019,1766,F,274.8,2025-02-13,2-HIGH
9020,1766,P,1187.53,2025-01-12,4-LOW
9021,1766,F,5192.05,2025-03-05,3-MEDIUM
9022,1767,O,3364.49,2025-05-04,4-LOW
9023,1767,F,5453.95,2025-03-09,2-HIGH
9024,1767,O,381.2,2025-06-07,1-URGENT
9025,1768,O,4256.42,2025-01-31,2-HIGH
9026,1768,F,338.59,2025-03-09,2-HIGH
9027,1768,P,6177.06,2025-01-11,1-URGENT
9028,1768,F,3856.27,2025-06-29,4-LOW
9029,1769,P,2888.82,2025-02-27,2-HIGH
9030,1769,O,5090.56,2025-01-05,4-LOW
9031,1769,F,2312.08,2025-03-16,1-URGENT
9032,1769,P,3478.29,2025-03-07,4-LOW
9033,1770,O,4257.76,2025-05-17,4-LOW
9034,1770,P,4991.88,2025-05-17,2-HIGH
9035,1770,O,2077.65,2025-03-29,1-URGENT
9036,1770,F,898.95,2025-02-11,1-URGENT
9037,1771,P,1135.43,2025-02-27,2-HIGH
9038,1771,F,3098.6,2025-05-27,4-LOW
9039,1771,F,5812.5,2025-05-26,3-MEDIUM
9040,1771,O,1511.3,2025-06-20,3-MEDIUM
9041,1771,O,1016.07,2025-05-17,4-LOW
9042,1771,O,5259.34,2025-01-10,3-MEDIUM
9043,1771,O,3846.27,2025-01-15,4-LOW
9044,1771,P,4477.79,2025-04-17,2-HIGH
9045,1772,O,4133.44,2025-03-20,4-LOW
9046,1772,P,944.79,2025-06-23,2-HIGH
9047,1772,O,4397.99,2025-03-10,4-LOW
9048,1772,P,1237.64,2025-03-13,2-HIGH
9049,1772,P,1689.27,2025-03-19,3-MEDIUM
9050,1772,O,1265.66,2025-01-19,3-MEDIUM
9051,1773,O,7909.01,2025-04-28,1-URGENT
9052,1773,P,1898.58,2025-03-03,3-MEDIUM
9053,1773,F,629.23,2025-02-13,4-LOW
9054,1773,O,3902.55,2025-05-21,4-LOW
9055,1774,P,6112.68,2025-06-16,1-URGENT
9056,1774,P,10408.94,2025-06-04,3-MEDIUM
9057,1774,O,3280.69,2025-03-02,2-HIGH
9058,1774,P,5355.01,2025-03-08,3-MEDIUM
9059,1774,O,3408.1,2025-04-09,2-HIGH
9060,1774,O,3727.56,2025-01-04,1-URGENT
9061,1774,F,181.42,2025-02-04,1-URGENT
9062,1775,F,3737.4,2025-05-20,4-LOW
9063,1775,O,4478.66,2025-06-18,1-URGENT
9064,1775,F,3098.52,2025-03-06,4-LOW
9065,1775,O,4603.96,2025-04-23,3-MEDIUM
9066,1775,O,3754.68,2025-05-03,4-LOW
9067,1776,P,298.31,2025-03-27,2-HIGH
9068,1776,O,4746.61,2025-06-10,3-MEDIUM
9069,1776,O,3297.32,2025-05-22,2-HIGH
9070,1776,P,296.9,2025-02-20,4-LOW
9071,1776,O,7983.27,2025-05-23,3-MEDIUM
9072,1776,F,2492.53,2025-01-11,4-LOW
9073,1776,F,10326.08,2025-06-22,4-LOW
9074,1776,O,2248.62,2025-04-30,2-HIGH
9075,1777,O,2602.62,2025-02-09,3-MEDIUM
9076,1777,P,4356.35,2025-05-20,2-HIGH
9077,1777,O,664.68,2025-05-06,1-URGENT
9078,1777,F,5185.01,2025-03-01,3-MEDIUM
9079,1777,F,4591.29,2025-01-11,4-LOW
9080,1777,P,4876.44,2025-04-14,2-HIGH
9081,1777,F,3133.8,2025-06-18,3-MEDIUM
9082,1778,P,4369.66,2025-04-17,1-URGENT
9083,1778,P,602.83,2025-05-07,3-MEDIUM
9084,1779,P,2454.31,2025-06-30,2-HIGH
9085,1779,F,4829.59,2025-03-11,2-HIGH
9086,1779,P,5029.01,2025-03-22,2-HIGH
9087,1780,P,4920.13,2025-01-19,1-URGENT
9088,1780,O,2112.23,2025-05-25,1-URGENT
9089,1780,O,5649.3,2025-04-24,1-URGENT
9090,1780,P,1941.21,2025-05-01,3-MEDIUM
9091,1781,F,2434.9,2025-05-20,4-LOW
9092,1781,O,4075.78,2025-01-31,1-URGENT
9093,1781,P,2068.66,2025-02-27,1-URGENT
9094,1782,O,8683.89,2025-04-30,2-HIGH
9095,1782,O,2442.59,2025-02-25,1-URGENT
9096,1783,O,4578.87,2025-04-27,3-MEDIUM
9097,1783,O,2570.4,2025-05-03,3-MEDIUM
9098,1783,F,1014.82,2025-02-24,1-URGENT
9099,1784,F,719.34,2025-04-01,1-URGENT
9100,1784,O,4854.69,2025-01-26,3-MEDIUM
9101,1784,P,4090.69,2025-06-28,1-URGENT
9102,1784,P,7587.37,2025-02-06,2-HIGH
9103,1784,F,8009.4,2025-02-16,1-URGENT
9104,1784,O,962.28,2025-01-24,1-URGENT
9105,1785,P,1749.33,2025-01-18,4-LOW
9106,1785,O,1895.75,2025-05-07,4-LOW
9107,1785,F,1146.66,2025-06-08,2-HIGH
9108,1785,P,3578.8,2025-02-08,4-LOW
9109,1785,F,6498.71,2025-05-12,1-URGENT
9110,1785,P,3423.29,2025-06-20,1-URGENT
9111,1785,O,535.25,2025-05-14,3-MEDIUM
9112,1786,P,1239.5,2025-03-15,3-MEDIUM
9113,1786,O,2304.81,2025-04-30,3-MEDIUM
9114,1786,P,1240.92,2025-03-06,1-URGENT
9115,1786,O,2283.37,2025-06-27,2-HIGH
9116,1786,F,1902.0,2025-03-30,2-HIGH
9117,1786,F,3164.4,2025-05-19,3-MEDIUM
9118,1787,O,4450.6,2025-04-02,4-LOW
9119,1787,P,270.6,2025-03-05,1-URGENT
9120,1787,P,4143.21,2025-02-19,4-LOW
9121,1787,P,783.11,2025-05-20,1-URGENT
9122,1787,F,4040.91,2025-02-14,2-HIGH
9123,1787,F,2579.94,2025-06-26,3-MEDIUM
9124,1787,P,6964.05,2025-06-10,4-LOW
9125,1788,P,1761.05,2025-06-09,1-URGENT
9126,1788,F,3022.74,2025-03-13,2-HIGH
9127,1788,F,101.34,2025-03-02,2-HIGH
9128,1788,P,2277.8,2025-03-18,2-HIGH
9129,1788,P,264.36,2025-02-25,2-HIGH
9130,1788,O,5352.67,2025-01-23,4-LOW
9131,1788,P,4345.91,2025-04-26,1-URGENT
9132,1788,F,5077.1,2025-06-06,3-MEDIUM
9133,1789,O,7328.36,2025-01-02,4-LOW
9134,1790,P,495.68,2025-01-16,3-MEDIUM
9135,1790,F,1344.87,2025-01-27,4-LOW
9136,1790,F,181.26,2025-01-17,2-HIGH
9137,1790,F,3188.96,2025-01-06,1-URGENT
9138,1790,O,1346.73,2025-02-09,1-URGENT
9139,1791,P,2925.44,2025-05-04,1-URGENT
9140,1791,F,2640.55,2025-02-23,4-LOW
9141,1792,F,4756.87,2025-05-14,3-MEDIUM
9142,1792,P,4916.35,2025-05-12,4-LOW
9143,1792,P,3197.64,2025-05-18,1-URGENT
9144,1792,P,5433.7,2025-01-17,2-HIGH
9145,1792,P,4354.6,2025-04-18,3-MEDIUM
9146,1793,P,3140.44,2025-02-01,1-URGENT
9147,1793,O,522.8,2025-01-01,1-URGENT
9148,1793,P,4188.16,2025-06-13,2-HIGH
9149,1793,O,1687.26,2025-03-05,2-HIGH
9150,1793,F,1099.39,2025-02-14,3-MEDIUM
9151,1794,P,5843.6,2025-03-13,1-URGENT
9152,1794,O,5201.32,2025-01-11,2-HIGH
9153,1795,O,3086.04,2025-03-19,3-MEDIUM
9154,1795,P,5356.08,2025-01-07,1-URGENT
9155,1795,P,2111.38,2025-05-12,2-HIGH
9156,1796,O,4907.82,2025-03-17,2-HIGH
9157,1796,P,801.39,2025-02-23,4-LOW
9158,1796,P,3715.6,2025-04-24,3-MEDIUM
9159,1796,P,2008.75,2025-04-02,2-HIGH
9160,1796,O,3293.88,2025-02-04,4-LOW
9161,1796,O,3588.81,2025-01-29,2-HIGH
9162,1796,P,790.07,2025-03-26,1-URGENT
9163,1796,O,593.47,2025-02-04,4-LOW
9164,1797,F,407.34,2025-05-11,4-LOW
9165,1798,F,3945.14,2025-01-26,2-HIGH
9166,1798,O,816.65,2025-06-01,4-LOW
9167,1798,F,1485.67,2025-04-24,3-MEDIUM
9168,1798,O,1805.01,2025-06-19,2-HIGH
9169,1798,F,5389.82,2025-06-15,4-LOW
9170,1799,P,5654.75,2025-02-19,2-HIGH
9171,1799,P,4826.23,2025-05-03,3-MEDIUM
9172,1799,P,3628.73,2025-02-14,1-URGENT
9173,1799,O,290.09,2025-04-28,1-URGENT
9174,1799,P,8072.57,2025-02-09,3-MEDIUM
9175,1800,F,2321.34,2025-06-02,1-URGENT
9176,1800,O,811.7,2025-01-28,1-URGENT
9177,1800,F,2826.25,2025-02-03,3-MEDIUM
9178,1800,P,785.18,2025-01-01,3-MEDIUM
9179,1800,P,672.88,2025-05-01,2-HIGH
9180,1800,O,130.99,2025-06-10,2-HIGH
9181,1801,P,252.68,2025-06-06,3-MEDIUM
9182,1801,F,3136.3,2025-06-27,2-HIGH
9183,1801,O,406.61,2025-03-26,4-LOW
9184,1801,F,2862.6,2025-04-18,4-LOW
9185,1801,F,4406.59,2025-03-19,4-LOW
9186,1802,O,602.48,2025-04-30,3-MEDIUM
9187,1802,F,805.62,2025-06-16,1-URGENT
9188,1802,P,3386.66,2025-04-15,1-URGENT
9189,1803,P,2981.93,2025-04-19,2-HIGH
9190,1803,F,2997.97,2025-04-24,1-URGENT
9191,1803,P,3300.12,2025-01-17,3-MEDIUM
9192,1804,P,2246.51,2025-06-10,4-LOW
9193,1804,P,2179.44,2025-05-27,4-LOW
9194,1804,O,4210.51,2025-03-25,3-MEDIUM
9195,1804,O,3383.05,2025-03-29,1-URGENT
9196,1804,O,303.66,2025-01-03,3-MEDIUM
9197,1805,O,9031.44,2025-03-08,1-URGENT
9198,1806,F,4013.94,2025-02-02,3-MEDIUM
9199,1807,P,4316.86,2025-03-20,4-LOW
9200,1807,O,1318.32,2025-02-07,1-URGENT
9201,1807,P,241.44,2025-06-04,4-LOW
9202,1808,O,4511.05,2025-01-21,4-LOW
9203,1808,F,1803.1,2025-05-16,2-HIGH
9204,1808,O,2582.27,2025-06-18,2-HIGH
9205,1808,F,3525.09,2025-06-21,3-MEDIUM
9206,1808,O,2053.38,2025-03-09,1-URGENT
9207,1808,O,734.54,2025-06-02,2-HIGH
9208,1809,P,2043.35,2025-01-06,3-MEDIUM
9209,1809,O,5432.86,2025-04-21,1-URGENT
9210,1809,F,4216.42,2025-02-24,2-HIGH
9211,1810,F,277.4,2025-05-25,3-MEDIUM
9212,1810,P,4594.49,2025-05-15,4-LOW
9213,1810,O,5048.57,2025-01-13,4-LOW
9214,1810,O,2080.04,2025-03-15,3-MEDIUM
9215,1810,F,1706.44,2025-04-17,3-MEDIUM
9216,1810,P,474.46,2025-04-20,1-URGENT
9217,1810,O,1428.71,2025-01-31,1-URGENT
9218,1811,P,2654.8,2025-01-08,1-URGENT
9219,1812,P,319.91,2025-04-25,2-HIGH
9220,1812,F,2638.37,2025-03-01,2-HIGH
9221,1812,P,5615.09,2025-01-27,3-MEDIUM
9222,1812,F,1691.83,2025-06-09,2-HIGH
9223,1812,F,6041.66,2025-03-09,1-URGENT
9224,1812,F,876.84,2025-06-28,1-URGENT
9225,1813,P,4262.11,2025-03-20,3-MEDIUM
9226,1813,P,3004.71,2025-06-03,1-URGENT
9227,1813,O,1703.14,2025-06-23,2-HIGH
9228,1813,F,1348.68,2025-03-07,4-LOW
9229,1813,F,1739.8,2025-03-25,1-URGENT
9230,1813,F,796.25,2025-02-21,2-HIGH
9231,1813,P,6763.48,2025-03-16,4-LOW
9232,1813,F,1228.6,2025-06-29,3-MEDIUM
9233,1814,O,3879.21,2025-04-10,4-LOW
9234,1814,P,4111.56,2025-03-14,1-URGENT
9235,1814,O,2868.66,2025-03-24,2-HIGH
9236,1815,P,2876.19,2025-06-30,1-URGENT
9237,1815,P,1919.23,2025-05-18,3-MEDIUM
9238,1815,F,4887.73,2025-04-18,1-URGENT
9239,1816,F,642.55,2025-03-28,1-URGENT
9240,1816,O,3588.63,2025-01-18,1-URGENT
9241,1816,P,3380.85,2025-02-05,1-URGENT
9242,1817,P,3911.49,2025-02-01,2-HIGH
9243,1817,F,4316.13,2025-06-29,1-URGENT
9244,1817,O,2555.2,2025-02-05,2-HIGH
9245,1817,P,359.82,2025-05-10,1-URGENT
9246,1817,P,3764.28,2025-06-10,2-HIGH
9247,1818,O,2053.78,2025-03-12,4-LOW
9248,1818,O,2953.19,2025-06-17,2-HIGH
9249,1818,F,2788.64,2025-01-27,4-LOW
9250,1818,P,1861.12,2025-04-09,3-MEDIUM
9251,1818,P,2451.72,2025-03-23,1-URGENT
9252,1818,F,5899.64,2025-06-05,3-MEDIUM
9253,1818,F,2221.17,2025-04-08,3-MEDIUM
9254,1818,O,512.64,2025-02-18,4-LOW
9255,1819,O,3920.08,2025-06-21,4-LOW
9256,1819,F,3488.14,2025-01-20,4-LOW
9257,1819,O,2578.16,2025-04-06,2-HIGH
9258,1819,F,2179.34,2025-02-16,4-LOW
9259,1819,F,6330.19,2025-01-11,1-URGENT
9260,1819,P,2794.41,2025-05-17,4-LOW
9261,1819,O,3949.95,2025-01-04,1-URGENT
9262,1820,O,3957.23,2025-05-07,1-URGENT
9263,1820,O,4811.03,2025-04-10,4-LOW
9264,1820,O,3226.48,2025-03-13,1-URGENT
9265,1821,O,3461.4,2025-04-06,2-HIGH
9266,1821,P,7164.61,2025-01-03,4-LOW
9267,1821,O,4084.21,2025-06-24,3-MEDIUM
9268,1821,O,2474.21,2025-01-07,3-MEDIUM
9269,1821,F,6115.42,2025-04-04,1-URGENT
9270,1822,P,4694.1,2025-03-12,2-HIGH
9271,1822,F,3943.94,2025-03-24,3-MEDIUM
9272,1822,P,3134.41,2025-02-26,1-URGENT
9273,1822,O,2119.68,2025-06-20,1-URGENT
9274,1822,P,801.92,2025-04-01,4-LOW
9275,1822,O,1866.99,2025-01-07,2-HIGH
9276,1823,P,4846.02,2025-06-04,2-HIGH
9277,1823,O,2796.63,2025-03-11,4-LOW
9278,1823,P,4747.31,2025-01-19,1-URGENT
9279,1824,O,2863.25,2025-05-15,4-LOW
9280,1825,O,5390.96,2025-06-28,2-HIGH
9281,1826,O,724.52,2025-03-08,4-LOW
9282,1826,O,2481.34,2025-03-28,3-MEDIUM
9283,1827,P,2172.22,2025-05-11,3-MEDIUM
9284,1827,F,4197.47,2025-06-15,2-HIGH
9285,1827,F,705.33,2025-05-27,1-URGENT
9286,1828,O,3240.74,2025-02-20,2-HIGH
9287,1828,O,4774.05,2025-05-17,4-LOW
9288,1828,O,240.88,2025-05-17,1-URGENT
9289,1828,F,3782.36,2025-04-02,4-LOW
9290,1828,P,1222.0,2025-01-30,4-LOW
9291,1828,F,555.52,2025-02-04,2-HIGH
9292,1828,F,3389.47,2025-06-16,4-LOW
9293,1829,P,2572.04,2025-04-25,2-HIGH
9294,1829,P,1513.15,2025-01-01,3-MEDIUM
9295,1830,F,4605.68,2025-05-11,4-LOW
9296,1830,O,4400.84,2025-01-12,3-MEDIUM
9297,1830,P,3355.31,2025-03-15,2-HIGH
9298,1830,F,5030.09,2025-02-25,1-URGENT
9299,1830,O,3112.68,2025-03-22,3-MEDIUM
9300,1830,F,384.46,2025-06-24,1-URGENT
9301,1830,F,6349.77,2025-02-13,4-LOW
9302,1831,F,1660.92,2025-06-02,1-URGENT
9303,1831,F,2926.99,2025-02-25,2-HIGH
9304,1831,O,2321.47,2025-01-06,4-LOW
9305,1831,F,1191.73,2025-01-06,2-HIGH
9306,1832,P,493.05,2025-06-03,3-MEDIUM
9307,1833,O,2053.26,2025-05-23,1-URGENT
9308,1833,P,3896.88,2025-06-20,1-URGENT
9309,1833,O,1616.15,2025-06-15,1-URGENT
9310,1834,F,678.89,2025-01-14,2-HIGH
9311,1834,O,484.04,2025-06-10,1-URGENT
9312,1834,O,5282.04,2025-05-25,4-LOW
9313,1834,O,5355.31,2025-04-28,4-LOW
9314,1834,F,143.64,2025-01-26,2-HIGH
9315,1834,F,3392.11,2025-01-04,1-URGENT
9316,1834,F,6749.97,2025-02-08,4-LOW
9317,1835,O,5381.28,2025-05-30,4-LOW
9318,1836,P,765.54,2025-01-20,2-HIGH
9319,1836,F,2624.84,2025-03-07,1-URGENT
9320,1836,O,5522.65,2025-01-27,2-HIGH
9321,1837,O,2904.23,2025-03-21,3-MEDIUM
9322,1837,P,502.3,2025-01-21,2-HIGH
9323,1837,P,2831.88,2025-02-19,3-MEDIUM
9324,1837,F,3700.59,2025-04-10,2-HIGH
9325,1837,O,1426.92,2025-05-12,4-LOW
9326,1838,F,3868.39,2025-05-29,3-MEDIUM
9327,1838,O,3058.49,2025-01-28,4-LOW
9328,1838,F,5405.4,2025-06-25,4-LOW
9329,1838,O,3307.92,2025-04-01,2-HIGH
9330,1838,P,2393.31,2025-06-21,4-LOW
9331,1838,F,6213.36,2025-04-17,4-LOW
9332,1838,P,4071.22,2025-05-30,3-MEDIUM
9333,1838,O,3933.98,2025-03-11,1-URGENT
9334,1839,F,3379.31,2025-06-23,4-LOW
9335,1839,P,3232.14,2025-04-29,4-LOW
9336,1839,O,1767.42,2025-05-23,2-HIGH
9337,1839,P,3219.94,2025-01-16,2-HIGH
9338,1839,O,6103.96,2025-03-18,2-HIGH
9339,1839,F,5154.03,2025-06-02,3-MEDIUM
9340,1839,F,118.14,2025-03-02,2-HIGH
9341,1840,O,5925.93,2025-01-23,1-URGENT
9342,1840,P,731.17,2025-04-22,2-HIGH
9343,1840,F,5055.31,2025-02-17,2-HIGH
9344,1840,P,7895.11,2025-02-22,1-URGENT
9345,1840,P,792.23,2025-02-25,4-LOW
9346,1840,P,5460.89,2025-05-22,1-URGENT
9347,1840,O,8895.79,2025-03-09,2-HIGH
9348,1840,P,4349.05,2025-03-03,3-MEDIUM
9349,1841,P,4207.56,2025-03-14,1-URGENT
9350,1842,P,1065.53,2025-04-02,1-URGENT
9351,1842,P,319.48,2025-01-24,3-MEDIUM
9352,1842,O,1855.79,2025-03-16,2-HIGH
9353,1843,F,4395.82,2025-06-21,3-MEDIUM
9354,1844,P,2880.22,2025-03-02,1-URGENT
9355,1844,F,378.42,2025-03-02,3-MEDIUM
9356,1844,O,399.64,2025-06-14,3-MEDIUM
9357,1844,P,5238.4,2025-06-19,3-MEDIUM
9358,1844,F,4932.95,2025-03-25,2-HIGH
9359,1844,O,4942.22,2025-01-14,3-MEDIUM
9360,1844,F,4334.83,2025-01-16,4-LOW
9361,1845,O,5635.79,2025-04-04,1-URGENT
9362,1846,P,5559.92,2025-01-01,1-URGENT
9363,1846,F,2513.72,2025-01-04,4-LOW
9364,1846,P,2016.39,2025-01-27,3-MEDIUM
9365,1846,F,3562.36,2025-04-24,4-LOW
9366,1846,O,1433.57,2025-05-25,1-URGENT
9367,1847,O,2660.36,2025-03-08,4-LOW
9368,1847,O,2321.01,2025-01-24,3-MEDIUM
9369,1847,O,1287.96,2025-03-29,1-URGENT
9370,1848,O,3804.33,2025-01-07,2-HIGH
9371,1849,P,4155.92,2025-01-26,1-URGENT
9372,1849,O,4218.71,2025-04-21,3-MEDIUM
9373,1849,O,4233.28,2025-04-02,2-HIGH
9374,1849,P,5255.95,2025-04-29,2-HIGH
9375,1849,O,4205.49,2025-06-15,4-LOW
9376,1849,F,6020.97,2025-01-07,1-URGENT
9377,1849,O,3187.12,2025-02-08,4-LOW
9378,1849,O,7129.89,2025-06-09,2-HIGH
9379,1850,P,5345.35,2025-06-01,2-HIGH
9380,1851,F,5829.75,2025-04-20,1-URGENT
9381,1851,P,3829.61,2025-03-26,4-LOW
9382,1851,O,5494.38,2025-04-04,4-LOW
9383,1851,F,8932.15,2025-01-01,1-URGENT
9384,1851,O,5130.98,2025-05-14,2-HIGH
9385,1851,F,2100.71,2025-05-24,1-URGENT
9386,1852,P,1420.17,2025-05-26,2-HIGH
9387,1852,O,1800.14,2025-03-18,1-URGENT
9388,1852,F,1751.17,2025-06-27,3-MEDIUM
9389,1852,O,6267.51,2025-03-10,2-HIGH
9390,1852,P,254.66,2025-02-24,2-HIGH
9391,1853,P,2214.67,2025-06-23,3-MEDIUM
9392,1853,F,2893.13,2025-03-13,1-URGENT
9393,1853,P,2511.21,2025-01-17,4-LOW
9394,1853,P,8014.8,2025-02-18,3-MEDIUM
9395,1854,F,2603.8,2025-03-04,1-URGENT
9396,1854,O,3260.42,2025-05-28,4-LOW
9397,1854,P,7341.61,2025-03-11,2-HIGH
9398,1854,F,3311.43,2025-01-31,2-HIGH
9399,1854,O,1208.34,2025-06-29,3-MEDIUM
9400,1855,O,2538.93,2025-05-14,2-HIGH
9401,1855,O,7019.32,2025-02-19,2-HIGH
9402,1855,O,1841.9,2025-01-11,2-HIGH
9403,1855,F,6408.27,2025-04-16,2-HIGH
9404,1855,P,3674.61,2025-06-12,4-LOW
9405,1856,F,2435.33,2025-02-03,1-URGENT
9406,1856,F,2157.43,2025-03-26,3-MEDIUM
9407,1856,F,95.51,2025-03-07,3-MEDIUM
9408,1856,F,1778.77,2025-06-22,1-URGENT
9409,1856,O,5691.81,2025-02-16,1-URGENT
9410,1857,F,8349.29,2025-04-17,1-URGENT
9411,1857,F,831.38,2025-04-10,4-LOW
9412,1857,O,2274.91,2025-04-25,3-MEDIUM
9413,1857,F,2913.36,2025-03-09,4-LOW
9414,1857,F,1708.91,2025-02-19,1-URGENT
9415,1857,F,2663.59,2025-01-16,2-HIGH
9416,1858,O,4134.03,2025-01-02,4-LOW
9417,1859,O,4203.85,2025-06-13,3-MEDIUM
9418,1859,P,1127.41,2025-01-14,1-URGENT
9419,1860,P,1635.55,2025-04-20,2-HIGH
9420,1861,F,3628.22,2025-02-01,3-MEDIUM
9421,1861,F,2242.93,2025-06-09,4-LOW
9422,1861,O,4024.33,2025-02-08,1-URGENT
9423,1861,O,860.17,2025-05-23,2-HIGH
9424,1861,P,2238.1,2025-03-24,1-URGENT
9425,1861,O,4700.06,2025-04-05,1-URGENT
9426,1862,P,5188.58,2025-06-30,3-MEDIUM
9427,1862,P,2013.89,2025-01-28,1-URGENT
9428,1862,F,2616.07,2025-05-11,1-URGENT
9429,1863,F,2465.83,2025-05-27,4-LOW
9430,1863,F,5446.63,2025-05-10,4-LOW
9431,1863,O,564.3,2025-06-30,1-URGENT
9432,1863,O,2815.72,2025-01-29,3-MEDIUM
9433,1863,O,2624.34,2025-04-02,4-LOW
9434,1864,O,3442.6,2025-05-20,2-HIGH
9435,1864,P,294.96,2025-04-17,4-LOW
9436,1864,F,4502.56,2025-05-25,4-LOW
9437,1864,P,3714.92,2025-04-03,3-MEDIUM
9438,1864,F,1729.66,2025-06-11,4-LOW
9439,1864,P,5176.45,2025-04-07,3-MEDIUM
9440,1864,O,718.73,2025-05-27,2-HIGH
9441,1865,F,5643.63,2025-01-03,2-HIGH
9442,1865,O,1723.19,2025-04-12,1-URGENT
9443,1865,P,2840.63,2025-05-14,4-LOW
9444,1865,P,1152.0,2025-03-14,3-MEDIUM
9445,1865,P,78.32,2025-06-04,4-LOW
9446,1865,O,1102.57,2025-05-08,2-HIGH
9447,1865,P,3825.86,2025-03-11,2-HIGH
9448,1866,P,2663.03,2025-02-02,2-HIGH
9449,1866,F,2840.9,2025-04-12,3-MEDIUM
9450,1867,O,840.13,2025-01-29,2-HIGH
9451,1867,O,954.24,2025-01-06,3-MEDIUM
9452,1867,P,1210.02,2025-02-12,2-HIGH
9453,1867,P,2029.11,2025-02-05,3-MEDIUM
9454,1867,O,5511.75,2025-02-23,3-MEDIUM
9455,1867,P,4404.67,2025-06-21,3-MEDIUM
9456,1868,F,5124.92,2025-02-16,4-LOW
9457,1868,O,1355.64,2025-02-21,4-LOW
9458,1868,O,3182.88,2025-03-08,3-MEDIUM
9459,1868,O,1167.91,2025-02-08,3-MEDIUM
9460,1868,O,6034.96,2025-04-12,3-MEDIUM
9461,1868,O,3896.81,2025-02-04,3-MEDIUM
9462,1868,F,2972.99,2025-03-10,3-MEDIUM
9463,1868,P,1427.1,2025-04-06,4-LOW
9464,1869,O,2430.46,2025-04-12,4-LOW
9465,1869,F,3451.06,2025-06-14,1-URGENT
9466,1870,P,1994.6,2025-06-07,3-MEDIUM
9467,1870,P,3737.43,2025-03-21,2-HIGH
9468,1870,P,2406.15,2025-04-02,4-LOW
9469,1870,P,1960.31,2025-02-09,1-URGENT
9470,1870,P,4125.73,2025-02-03,4-LOW
9471,1870,P,4004.97,2025-01-24,4-LOW
9472,1870,O,9055.79,2025-02-01,2-HIGH
9473,1870,P,2699.67,2025-03-18,3-MEDIUM
9474,1871,P,1075.03,2025-02-01,3-MEDIUM
9475,1871,P,229.48,2025-06-26,1-URGENT
9476,1871,P,474.73,2025-01-12,3-MEDIUM
9477,1871,O,824.05,2025-04-26,1-URGENT
9478,1871,P,1959.14,2025-06-10,4-LOW
9479,1871,F,5995.52,2025-06-17,1-URGENT
9480,1872,O,3288.1,2025-01-11,4-LOW
9481,1872,P,952.5,2025-02-28,1-URGENT
9482,1872,F,4957.38,2025-06-01,1-URGENT
9483,1872,O,1048.95,2025-05-15,1-URGENT
9484,1872,P,4368.98,2025-03-24,1-URGENT
9485,1872,O,6258.03,2025-03-23,4-LOW
9486,1873,F,1115.37,2025-04-30,4-LOW
9487,1873,P,1445.17,2025-03-28,2-HIGH
9488,1873,O,1887.64,2025-02-14,4-LOW
9489,1873,P,4572.14,2025-06-04,2-HIGH
9490,1873,O,4068.9,2025-01-17,3-MEDIUM
9491,1873,P,1414.07,2025-02-17,3-MEDIUM
9492,1873,P,8069.22,2025-06-06,4-LOW
9493,1874,P,6969.54,2025-02-17,3-MEDIUM
9494,1874,O,2674.69,2025-03-10,4-LOW
9495,1874,O,2505.63,2025-04-02,3-MEDIUM
9496,1874,O,2445.24,2025-03-01,4-LOW
9497,1875,O,6118.77,2025-06-14,1-URGENT
9498,1876,P,6895.13,2025-04-08,1-URGENT
9499,1876,F,3605.42,2025-04-19,2-HIGH
9500,1876,F,2460.78,2025-05-23,4-LOW
9501,1876,F,2515.38,2025-01-28,3-MEDIUM
9502,1876,P,5580.85,2025-02-16,1-URGENT
9503,1876,P,244.74,2025-04-13,2-HIGH
9504,1876,F,1541.42,2025-06-20,1-URGENT
9505,1876,P,706.86,2025-05-11,4-LOW
9506,1877,P,4934.26,2025-05-19,4-LOW
9507,1877,F,2624.44,2025-06-20,1-URGENT
9508,1877,F,390.06,2025-04-22,1-URGENT
9509,1878,O,4269.61,2025-06-24,2-HIGH
9510,1878,O,880.19,2025-06-02,1-URGENT
9511,1878,O,3155.21,2025-01-11,1-URGENT
9512,1878,F,2833.99,2025-03-10,4-LOW
9513,1878,F,5865.53,2025-04-28,3-MEDIUM
9514,1878,F,5718.8,2025-02-07,3-MEDIUM
9515,1878,O,1281.63,2025-04-03,3-MEDIUM
9516,1879,O,2486.63,2025-01-27,3-MEDIUM
9517,1879,O,4690.73,2025-01-12,2-HIGH
9518,1879,O,6206.21,2025-04-10,1-URGENT
9519,1879,F,512.97,2025-02-13,2-HIGH
9520,1880,P,2800.83,2025-03-15,1-URGENT
9521,1880,P,829.15,2025-01-27,3-MEDIUM
9522,1880,O,836.3,2025-06-28,2-HIGH
9523,1880,O,958.05,2025-06-09,1-URGENT
9524,1881,F,2139.19,2025-01-11,1-URGENT
9525,1882,P,3239.98,2025-04-09,1-URGENT
9526,1883,F,2764.49,2025-03-15,2-HIGH
9527,1883,P,4460.66,2025-03-08,4-LOW
9528,1884,P,1337.81,2025-01-27,2-HIGH
9529,1884,F,4872.23,2025-03-02,2-HIGH
9530,1884,F,5342.14,2025-04-05,2-HIGH
9531,1885,P,2714.65,2025-06-19,1-URGENT
9532,1886,O,1802.6,2025-03-11,3-MEDIUM
9533,1886,O,4534.13,2025-01-18,3-MEDIUM
9534,1886,F,720.86,2025-01-08,3-MEDIUM
9535,1886,O,2066.14,2025-06-27,1-URGENT
9536,1886,O,1674.79,2025-02-10,3-MEDIUM
9537,1886,F,2284.52,2025-06-28,2-HIGH
9538,1887,F,986.11,2025-04-29,1-URGENT
9539,1887,P,2316.21,2025-06-29,1-URGENT
9540,1887,F,1566.83,2025-04-17,1-URGENT
9541,1887,O,2738.71,2025-02-25,1-URGENT
9542,1887,F,478.7,2025-03-05,3-MEDIUM
9543,1887,P,1323.96,2025-01-20,1-URGENT
9544,1887,P,4002.33,2025-05-22,3-MEDIUM
9545,1888,O,5269.26,2025-06-03,1-URGENT
9546,1888,P,900.05,2025-03-08,1-URGENT
9547,1888,F,2378.81,2025-01-29,1-URGENT
9548,1888,O,711.65,2025-06-24,1-URGENT
9549,1888,F,4448.55,2025-02-04,2-HIGH
9550,1889,O,3548.92,2025-05-23,4-LOW
9551,1889,O,7526.33,2025-04-11,1-URGENT
9552,1889,O,4331.78,2025-06-29,4-LOW
9553,1889,O,5570.31,2025-01-21,3-MEDIUM
9554,1889,P,2518.67,2025-06-29,2-HIGH
9555,1889,P,1207.44,2025-01-18,4-LOW
9556,1890,O,1708.96,2025-02-26,3-MEDIUM
9557,1890,F,4631.04,2025-06-29,3-MEDIUM
9558,1890,P,2680.93,2025-06-09,3-MEDIUM
9559,1891,P,4186.44,2025-03-06,4-LOW
9560,1891,F,430.73,2025-02-22,2-HIGH
9561,1891,P,3473.49,2025-03-20,1-URGENT
9562,1891,O,5412.69,2025-01-19,2-HIGH
9563,1891,F,2701.76,2025-05-15,4-LOW
9564,1892,P,2017.28,2025-06-26,4-LOW
9565,1893,O,2102.81,2025-01-30,1-URGENT
9566,1894,O,1050.73,2025-01-22,1-URGENT
9567,1894,O,1295.33,2025-03-11,2-HIGH
9568,1894,P,989.66,2025-02-14,1-URGENT
9569,1895,O,3785.63,2025-03-20,2-HIGH
9570,1895,P,5700.96,2025-05-07,2-HIGH
9571,1895,P,2153.68,2025-04-26,4-LOW
9572,1895,P,4344.02,2025-04-21,1-URGENT
9573,1895,F,1690.47,2025-06-12,3-MEDIUM
9574,1895,P,5711.02,2025-01-18,1-URGENT
9575,1896,P,1486.81,2025-03-08,4-LOW
9576,1896,F,2535.35,2025-05-18,4-LOW
9577,1896,F,4011.93,2025-05-04,2-HIGH
9578,1896,O,1788.09,2025-01-07,1-URGENT
9579,1896,P,4150.2,2025-03-23,1-URGENT
9580,1896,P,4563.11,2025-04-25,2-HIGH
9581,1896,O,1315.59,2025-06-28,2-HIGH
9582,1896,P,4619.48,2025-03-06,3-MEDIUM
9583,1897,O,2678.93,2025-03-07,4-LOW
9584,1897,O,2762.81,2025-05-08,1-URGENT
9585,1897,P,732.74,2025-02-27,4-LOW
9586,1897,F,1474.66,2025-02-04,3-MEDIUM
9587,1897,F,3077.39,2025-01-11,4-LOW
9588,1898,O,7050.42,2025-05-25,4-LOW
9589,1898,F,95.08,2025-01-28,4-LOW
9590,1898,O,2527.1,2025-01-07,1-URGENT
9591,1898,O,3612.41,2025-02-25,3-MEDIUM
9592,1898,F,3693.96,2025-01-22,3-MEDIUM
9593,1899,O,4402.73,2025-03-08,4-LOW
9594,1899,F,2711.69,2025-03-02,3-MEDIUM
9595,1899,F,443.64,2025-05-07,4-LOW
9596,1899,P,5093.8,2025-03-18,4-LOW
9597,1900,F,1453.14,2025-05-25,2-HIGH
9598,1900,O,2196.3,2025-01-15,1-URGENT
9599,1900,F,1149.42,2025-04-11,1-URGENT
9600,1900,O,520.87,2025-06-05,1-URGENT
9601,1900,O,7409.78,2025-04-26,4-LOW
9602,1900,F,3935.5,2025-02-07,4-LOW
9603,1900,F,5557.34,2025-05-24,4-LOW
9604,1901,F,7736.1,2025-03-29,4-LOW
9605,1901,F,355.37,2025-01-29,2-HIGH
9606,1901,F,2427.76,2025-04-11,2-HIGH
9607,1901,F,4791.57,2025-05-27,2-HIGH
9608,1901,O,3511.82,2025-04-07,1-URGENT
9609,1901,P,3167.63,2025-06-26,4-LOW
9610,1901,O,1860.3,2025-03-11,4-LOW
9611,1901,F,836.72,2025-02-25,4-LOW
9612,1902,P,8405.95,2025-04-13,2-HIGH
9613,1902,P,4865.92,2025-04-29,4-LOW
9614,1903,O,410.06,2025-04-03,4-LOW
9615,1903,P,3125.25,2025-06-22,1-URGENT
9616,1903,P,2433.49,2025-01-29,1-URGENT
9617,1904,O,4787.12,2025-06-27,3-MEDIUM
9618,1904,P,8517.57,2025-01-24,1-URGENT
9619,1904,P,490.08,2025-04-30,1-URGENT
9620,1904,O,394.96,2025-01-21,1-URGENT
9621,1904,F,1837.92,2025-04-04,4-LOW
9622,1904,F,7716.14,2025-01-25,3-MEDIUM
9623,1904,O,287.62,2025-01-26,3-MEDIUM
9624,1905,O,9691.73,2025-03-16,3-MEDIUM
9625,1905,P,1072.28,2025-06-10,2-HIGH
9626,1905,F,2018.57,2025-02-22,1-URGENT
9627,1905,F,6068.18,2025-04-28,3-MEDIUM
9628,1905,F,111.37,2025-06-04,2-HIGH
9629,1905,F,2535.6,2025-02-15,2-HIGH
9630,1905,F,699.56,2025-05-28,2-HIGH
9631,1906,F,4413.88,2025-06-02,3-MEDIUM
9632,1906,P,5006.58,2025-02-26,4-LOW
9633,1906,P,2325.56,2025-03-28,2-HIGH
9634,1906,F,786.15,2025-04-27,2-HIGH
9635,1906,O,527.18,2025-06-01,3-MEDIUM
9636,1907,O,118.91,2025-03-22,1-URGENT
9637,1907,O,6105.74,2025-01-28,1-URGENT
9638,1908,P,5152.41,2025-04-08,3-MEDIUM
9639,1908,F,6972.37,2025-06-10,3-MEDIUM
9640,1908,P,4031.62,2025-04-12,3-MEDIUM
9641,1908,F,1539.81,2025-06-17,3-MEDIUM
9642,1908,P,4537.39,2025-03-18,4-LOW
9643,1908,O,482.79,2025-02-04,3-MEDIUM
9644,1909,O,752.47,2025-06-04,4-LOW
9645,1909,P,3968.43,2025-04-01,1-URGENT
9646,1909,F,2004.87,2025-01-03,2-HIGH
9647,1909,P,3562.99,2025-04-20,2-HIGH
9648,1909,F,4609.21,2025-06-04,4-LOW
9649,1909,O,3300.74,2025-02-26,1-URGENT
9650,1909,F,4657.13,2025-04-04,4-LOW
9651,1910,O,574.39,2025-05-30,3-MEDIUM
9652,1910,F,2603.8,2025-01-11,4-LOW
9653,1910,O,1749.19,2025-04-29,1-URGENT
9654,1910,F,3156.96,2025-03-30,4-LOW
9655,1910,O,7744.52,2025-05-29,1-URGENT
9656,1910,F,2159.58,2025-03-06,2-HIGH
9657,1910,P,258.84,2025-04-12,3-MEDIUM
9658,1911,P,6374.34,2025-03-20,4-LOW
9659,1911,P,6502.82,2025-04-16,3-MEDIUM
9660,1911,F,3703.6,2025-06-19,4-LOW
9661,1911,O,3580.78,2025-02-15,3-MEDIUM
9662,1912,F,1873.49,2025-02-25,2-HIGH
9663,1912,O,5572.2,2025-06-15,2-HIGH
9664,1912,O,6769.93,2025-03-09,1-URGENT
9665,1912,F,2249.26,2025-05-18,2-HIGH
9666,1913,P,1600.85,2025-01-15,2-HIGH
9667,1913,F,5164.82,2025-06-01,2-HIGH
9668,1913,P,3333.32,2025-06-16,1-URGENT
9669,1913,P,1145.29,2025-05-23,2-HIGH
9670,1913,P,573.3,2025-01-21,4-LOW
9671,1913,P,1659.5,2025-01-17,4-LOW
9672,1914,F,2598.92,2025-06-19,3-MEDIUM
9673,1914,O,25.05,2025-03-04,1-URGENT
9674,1914,O,2861.85,2025-01-14,4-LOW
9675,1914,P,2454.33,2025-04-11,3-MEDIUM
9676,1914,O,3425.53,2025-02-11,1-URGENT
9677,1915,O,2580.8,2025-04-02,4-LOW
9678,1915,F,6539.76,2025-02-20,1-URGENT
9679,1915,O,3336.53,2025-03-02,2-HIGH
9680,1915,F,7028.77,2025-05-13,3-MEDIUM
9681,1915,P,3573.2,2025-02-08,1-URGENT
9682,1915,O,1276.58,2025-04-12,4-LOW
9683,1916,P,1078.11,2025-05-23,3-MEDIUM
9684,1916,O,420.26,2025-01-10,2-HIGH
9685,1916,O,1542.66,2025-03-22,1-URGENT
9686,1916,O,4475.26,2025-06-24,4-LOW
9687,1916,O,2815.09,2025-02-21,3-MEDIUM
9688,1916,F,263.6,2025-02-05,4-LOW
9689,1917,O,1482.03,2025-02-05,2-HIGH
9690,1917,F,4509.04,2025-03-13,2-HIGH
9691,1917,P,2140.64,2025-06-25,2-HIGH
9692,1918,P,326.8,2025-02-19,3-MEDIUM
9693,1918,P,4171.38,2025-04-03,1-URGENT
9694,1918,P,1581.83,2025-05-28,2-HIGH
9695,1918,O,2831.58,2025-02-20,1-URGENT
9696,1918,P,5229.07,2025-04-01,4-LOW
9697,1918,F,2577.02,2025-03-07,2-HIGH
9698,1918,F,4883.27,2025-04-21,1-URGENT
9699,1918,P,306.35,2025-01-05,2-HIGH
9700,1919,F,6205.86,2025-01-31,4-LOW
9701,1919,O,4877.82,2025-04-11,2-HIGH
9702,1919,O,2696.22,2025-05-15,2-HIGH
9703,1919,O,6641.25,2025-01-23,2-HIGH
9704,1919,O,3603.9,2025-05-02,4-LOW
9705,1919,F,4151.37,2025-06-08,1-URGENT
9706,1919,P,1196.81,2025-05-01,3-MEDIUM
9707,1919,O,5727.76,2025-01-31,2-HIGH
9708,1920,P,5518.23,2025-01-06,2-HIGH
9709,1921,F,1351.71,2025-01-11,1-URGENT
9710,1921,F,5015.23,2025-01-22,2-HIGH
9711,1921,P,1455.33,2025-03-31,4-LOW
9712,1921,P,2600.33,2025-05-31,2-HIGH
9713,1921,O,6240.0,2025-06-15,1-URGENT
9714,1921,P,2980.8,2025-01-24,3-MEDIUM
9715,1921,F,4262.41,2025-05-24,4-LOW
9716,1922,F,5049.19,2025-04-27,4-LOW
9717,1922,P,4034.11,2025-06-16,1-URGENT
9718,1922,O,1931.23,2025-04-05,3-MEDIUM
9719,1923,O,2317.53,2025-03-26,2-HIGH
9720,1923,O,3410.54,2025-05-03,2-HIGH
9721,1923,F,2820.53,2025-02-06,2-HIGH
9722,1923,P,1352.51,2025-06-13,1-URGENT
9723,1923,O,1736.37,2025-06-21,3-MEDIUM
9724,1923,F,1332.03,2025-03-07,3-MEDIUM
9725,1923,P,1170.96,2025-02-06,4-LOW
9726,1923,O,6043.21,2025-02-07,4-LOW
9727,1924,P,937.72,2025-01-08,3-MEDIUM
9728,1924,F,72.02,2025-02-23,3-MEDIUM
9729,1924,F,4475.47,2025-04-16,3-MEDIUM
9730,1924,P,412.42,2025-04-23,2-HIGH
9731,1924,O,2097.06,2025-06-11,1-URGENT
9732,1924,P,1802.59,2025-05-18,1-URGENT
9733,1925,F,818.66,2025-05-08,3-MEDIUM
9734,1925,F,600.1,2025-06-27,3-MEDIUM
9735,1925,F,6890.23,2025-06-16,4-LOW
9736,1925,F,4083.04,2025-02-16,2-HIGH
9737,1925,P,4848.14,2025-03-12,3-MEDIUM
9738,1925,F,1328.62,2025-01-11,3-MEDIUM
9739,1926,F,5802.11,2025-06-10,3-MEDIUM
9740,1926,O,3933.24,2025-01-19,1-URGENT
9741,1927,P,5083.37,2025-03-18,1-URGENT
9742,1927,O,70.31,2025-03-02,1-URGENT
9743,1927,P,4581.51,2025-01-13,1-URGENT
9744,1927,O,3273.23,2025-01-04,1-URGENT
9745,1928,P,6206.52,2025-04-23,1-URGENT
9746,1928,F,1064.28,2025-01-13,4-LOW
9747,1928,O,4636.27,2025-01-29,4-LOW
9748,1929,O,1601.9,2025-03-10,2-HIGH
9749,1929,P,5225.07,2025-02-26,3-MEDIUM
9750,1929,F,2378.32,2025-03-15,4-LOW
9751,1929,P,10532.25,2025-02-11,4-LOW
9752,1930,F,6341.93,2025-04-02,1-URGENT
9753,1930,O,747.54,2025-05-04,3-MEDIUM
9754,1930,P,3132.49,2025-03-31,3-MEDIUM
9755,1931,P,875.72,2025-03-24,3-MEDIUM
9756,1931,O,1860.12,2025-04-15,4-LOW
9757,1932,P,5906.07,2025-05-29,4-LOW
9758,1932,O,741.03,2025-06-05,2-HIGH
9759,1932,F,304.47,2025-04-11,2-HIGH
9760,1933,P,1643.58,2025-03-11,1-URGENT
9761,1934,O,260.93,2025-06-10,4-LOW
9762,1934,O,2864.33,2025-06-17,3-MEDIUM
9763,1934,F,7054.51,2025-02-02,1-URGENT
9764,1934,F,3418.45,2025-06-23,1-URGENT
9765,1934,O,347.08,2025-05-12,1-URGENT
9766,1934,P,3765.23,2025-06-11,3-MEDIUM
9767,1934,O,2877.98,2025-04-26,3-MEDIUM
9768,1934,F,600.54,2025-03-28,2-HIGH
9769,1935,P,2460.52,2025-03-13,2-HIGH
9770,1935,F,64.33,2025-05-20,3-MEDIUM
9771,1935,P,9274.75,2025-02-26,4-LOW
9772,1935,F,4658.95,2025-05-04,3-MEDIUM
9773,1935,F,3211.62,2025-06-12,3-MEDIUM
9774,1936,P,2352.38,2025-01-31,3-MEDIUM
9775,1937,P,1982.71,2025-02-04,3-MEDIUM
9776,1937,P,1202.4,2025-01-24,2-HIGH
9777,1937,O,3857.83,2025-04-15,4-LOW
9778,1937,P,2736.58,2025-03-03,2-HIGH
9779,1937,O,586.92,2025-01-02,2-HIGH
9780,1938,P,2609.49,2025-06-05,2-HIGH
9781,1939,P,1463.95,2025-02-10,2-HIGH
9782,1939,F,355.76,2025-05-14,1-URGENT
9783,1939,F,2106.33,2025-04-16,4-LOW
9784,1939,P,2551.52,2025-06-01,4-LOW
9785,1940,F,925.41,2025-03-17,2-HIGH
9786,1940,F,8084.66,2025-04-18,2-HIGH
9787,1940,O,991.31,2025-06-22,1-URGENT
9788,1940,O,3149.49,2025-06-19,3-MEDIUM
9789,1940,F,3618.85,2025-03-27,4-LOW
9790,1940,F,4024.12,2025-06-04,4-LOW
9791,1941,O,3614.94,2025-05-20,1-URGENT
9792,1941,P,1603.96,2025-03-08,2-HIGH
9793,1941,O,1751.76,2025-01-31,2-HIGH
9794,1941,O,108.61,2025-04-14,3-MEDIUM
9795,1941,F,3283.92,2025-03-27,3-MEDIUM
9796,1941,P,4877.9,2025-01-03,1-URGENT
9797,1941,P,5830.01,2025-04-11,4-LOW
9798,1942,F,6640.89,2025-04-28,2-HIGH
9799,1942,P,436.59,2025-03-25,3-MEDIUM
9800,1942,P,1071.25,2025-01-29,4-LOW
9801,1942,F,936.8,2025-04-25,3-MEDIUM
9802,1942,F,735.14,2025-02-24,2-HIGH
9803,1942,P,6921.72,2025-04-26,3-MEDIUM
9804,1942,F,2526.6,2025-02-17,3-MEDIUM
9805,1942,O,2570.64,2025-03-10,2-HIGH
9806,1943,O,4501.1,2025-02-08,3-MEDIUM
9807,1943,F,6157.53,2025-06-25,3-MEDIUM
9808,1943,F,1231.34,2025-06-22,2-HIGH
9809,1943,O,202.92,2025-03-01,3-MEDIUM
9810,1943,O,3702.5,2025-02-01,3-MEDIUM
9811,1944,O,334.99,2025-04-23,2-HIGH
9812,1944,P,1035.31,2025-05-27,1-URGENT
9813,1944,F,3493.77,2025-03-20,1-URGENT
9814,1945,F,4520.86,2025-02-19,3-MEDIUM
9815,1945,F,4187.34,2025-01-15,3-MEDIUM
9816,1945,F,1843.5,2025-06-19,2-HIGH
9817,1945,O,1856.64,2025-01-14,3-MEDIUM
9818,1945,O,2311.57,2025-06-05,2-HIGH
9819,1946,F,3507.2,2025-04-23,1-URGENT
9820,1946,F,5298.26,2025-04-01,3-MEDIUM
9821,1947,P,1235.98,2025-04-13,4-LOW
9822,1948,P,4741.68,2025-02-17,3-MEDIUM
9823,1948,O,2036.79,2025-02-19,3-MEDIUM
9824,1948,O,4029.98,2025-02-15,3-MEDIUM
9825,1948,O,475.44,2025-02-24,2-HIGH
9826,1948,O,66.97,2025-01-10,1-URGENT
9827,1948,P,5658.62,2025-03-08,1-URGENT
9828,1948,O,80.01,2025-02-12,3-MEDIUM
9829,1949,P,8259.64,2025-05-12,4-LOW
9830,1950,O,6785.52,2025-06-06,1-URGENT
9831,1951,F,6742.74,2025-01-03,3-MEDIUM
9832,1951,P,5674.43,2025-02-28,2-HIGH
9833,1951,O,6197.25,2025-06-15,3-MEDIUM
9834,1952,F,4035.84,2025-01-02,1-URGENT
9835,1952,F,183.16,2025-01-13,4-LOW
9836,1952,O,2335.08,2025-01-23,2-HIGH
9837,1952,F,5599.84,2025-03-07,4-LOW
9838,1952,O,6301.23,2025-03-25,2-HIGH
9839,1952,O,2979.05,2025-05-04,4-LOW
9840,1952,O,4331.62,2025-03-03,1-URGENT
9841,1952,F,3911.86,2025-04-23,1-URGENT
9842,1953,P,1605.3,2025-06-03,1-URGENT
9843,1953,P,3199.02,2025-06-16,4-LOW
9844,1953,F,1890.7,2025-05-13,2-HIGH
9845,1954,O,3573.87,2025-04-05,3-MEDIUM
9846,1954,O,1661.82,2025-05-15,4-LOW
9847,1954,P,3382.8,2025-01-11,1-URGENT
9848,1954,F,5229.92,2025-05-27,3-MEDIUM
9849,1954,O,5311.56,2025-03-26,2-HIGH
9850,1954,O,1833.58,2025-03-12,3-MEDIUM
9851,1955,O,8411.87,2025-05-25,4-LOW
9852,1955,F,2009.77,2025-04-20,1-URGENT
9853,1955,P,4217.92,2025-02-16,1-URGENT
9854,1955,O,4021.28,2025-03-06,1-URGENT
9855,1955,O,1923.62,2025-01-04,1-URGENT
9856,1955,O,1801.1,2025-02-20,4-LOW
9857,1956,O,1641.65,2025-05-23,1-URGENT
9858,1956,F,1455.74,2025-03-04,3-MEDIUM
9859,1956,P,6760.69,2025-05-19,1-URGENT
9860,1956,P,4397.73,2025-01-05,4-LOW
9861,1956,O,4240.19,2025-06-24,2-HIGH
9862,1956,P,2178.79,2025-05-16,2-HIGH
9863,1956,F,7720.88,2025-02-03,4-LOW
9864,1956,O,1461.69,2025-01-09,1-URGENT
9865,1957,O,1416.42,2025-05-11,3-MEDIUM
9866,1957,F,8232.78,2025-05-26,4-LOW
9867,1958,O,996.01,2025-04-17,2-HIGH
9868,1958,P,5322.84,2025-01-17,4-LOW
9869,1958,P,1476.59,2025-06-08,3-MEDIUM
9870,1959,F,2010.45,2025-05-12,1-URGENT
9871,1959,F,257.07,2025-05-03,3-MEDIUM
9872,1959,F,616.08,2025-04-01,4-LOW
9873,1959,F,2868.1,2025-03-29,2-HIGH
9874,1959,O,5672.35,2025-03-18,1-URGENT
9875,1959,F,4881.99,2025-01-27,2-HIGH
9876,1959,F,2961.03,2025-02-11,4-LOW
9877,1959,F,1040.59,2025-03-16,1-URGENT
9878,1960,F,1120.15,2025-04-15,4-LOW
9879,1960,P,6369.07,2025-02-13,4-LOW
9880,1960,O,1921.97,2025-01-10,4-LOW
9881,1960,P,3297.14,2025-03-10,2-HIGH
9882,1960,F,1571.22,2025-03-18,1-URGENT
9883,1960,P,957.89,2025-05-01,1-URGENT
9884,1960,O,5871.52,2025-01-09,4-LOW
9885,1960,F,376.78,2025-01-15,1-URGENT
9886,1961,F,3035.1,2025-05-06,2-HIGH
9887,1961,P,1831.64,2025-04-29,4-LOW
9888,1961,P,1413.21,2025-06-22,4-LOW
9889,1962,O,5279.06,2025-05-02,1-URGENT
9890,1962,F,2572.64,2025-05-02,1-URGENT
9891,1962,O,3916.81,2025-04-24,4-LOW
9892,1962,P,6319.46,2025-01-31,1-URGENT
9893,1962,P,4473.24,2025-01-06,2-HIGH
9894,1962,P,88.39,2025-06-05,1-URGENT
9895,1963,P,4026.23,2025-06-15,4-LOW
9896,1963,P,2904.77,2025-01-09,2-HIGH
9897,1964,F,8590.33,2025-03-02,1-URGENT
9898,1964,O,5069.4,2025-04-22,1-URGENT
9899,1964,P,2939.17,2025-02-11,2-HIGH
9900,1964,P,10043.45,2025-02-14,1-URGENT
9901,1964,O,2785.01,2025-02-13,1-URGENT
9902,1965,O,5059.66,2025-04-27,3-MEDIUM
9903,1965,F,999.38,2025-06-16,4-LOW
9904,1965,O,1829.59,2025-05-23,1-URGENT
9905,1965,P,4297.72,2025-05-23,2-HIGH
9906,1965,P,6553.33,2025-04-06,1-URGENT
9907,1965,F,4793.87,2025-04-22,2-HIGH
9908,1965,O,3563.97,2025-03-04,4-LOW
9909,1966,O,4745.53,2025-04-30,4-LOW
9910,1966,F,3569.05,2025-05-27,2-HIGH
9911,1967,P,2071.72,2025-05-12,3-MEDIUM
9912,1968,O,1146.72,2025-05-20,2-HIGH
9913,1968,P,2157.22,2025-05-18,3-MEDIUM
9914,1968,P,5365.27,2025-03-03,1-URGENT
9915,1969,F,1145.25,2025-06-01,2-HIGH
9916,1969,O,4112.3,2025-04-26,1-URGENT
9917,1969,F,1241.5,2025-05-15,2-HIGH
9918,1970,P,7048.6,2025-06-25,2-HIGH
9919,1970,P,3739.75,2025-06-15,3-MEDIUM
9920,1971,O,2881.39,2025-01-08,4-LOW
9921,1971,P,2998.36,2025-01-18,3-MEDIUM
9922,1971,P,2013.34,2025-03-09,1-URGENT
9923,1971,O,5422.5,2025-03-26,1-URGENT
9924,1971,F,2184.53,2025-02-26,1-URGENT
9925,1971,F,6938.23,2025-05-11,2-HIGH
9926,1971,F,2126.41,2025-03-11,4-LOW
9927,1971,P,4130.13,2025-03-07,3-MEDIUM
9928,1972,O,6059.25,2025-06-05,2-HIGH
9929,1972,P,5078.85,2025-06-07,1-URGENT
9930,1972,F,297.12,2025-06-17,1-URGENT
9931,1972,F,4214.65,2025-01-24,4-LOW
9932,1972,P,755.36,2025-06-05,4-LOW
9933,1972,F,1495.19,2025-05-28,4-LOW
9934,1972,F,4231.28,2025-03-04,3-MEDIUM
9935,1972,F,147.17,2025-01-11,1-URGENT
9936,1973,P,1164.28,2025-05-25,2-HIGH
9937,1973,O,605.51,2025-04-02,2-HIGH
9938,1973,F,4128.46,2025-01-11,1-URGENT
9939,1973,O,1214.19,2025-06-02,2-HIGH
9940,1973,O,4991.9,2025-03-21,1-URGENT
9941,1973,O,1245.88,2025-04-13,2-HIGH
9942,1973,P,2986.62,2025-04-18,1-URGENT
9943,1973,F,938.63,2025-03-15,1-URGENT
9944,1974,F,3489.14,2025-03-11,3-MEDIUM
9945,1974,O,4307.15,2025-02-06,2-HIGH
9946,1974,F,5084.71,2025-03-12,4-LOW
9947,1974,P,6149.75,2025-06-18,2-HIGH
9948,1975,O,869.01,2025-04-09,1-URGENT
9949,1975,P,2606.24,2025-03-22,4-LOW
9950,1975,O,434.32,2025-04-08,2-HIGH
9951,1976,O,3289.37,2025-03-02,4-LOW
9952,1976,O,2552.53,2025-01-31,2-HIGH
9953,1977,P,2273.86,2025-05-25,1-URGENT
9954,1977,P,1709.27,2025-03-23,3-MEDIUM
9955,1977,O,6032.88,2025-05-19,1-URGENT
9956,1977,F,6430.24,2025-05-26,4-LOW
9957,1977,O,1595.35,2025-05-20,1-URGENT
9958,1978,P,5019.4,2025-04-29,4-LOW
9959,1978,P,5101.46,2025-02-18,4-LOW
9960,1978,O,2446.26,2025-02-02,1-URGENT
9961,1978,O,3250.35,2025-05-18,2-HIGH
9962,1978,P,5402.95,2025-06-09,1-URGENT
9963,1978,F,1499.11,2025-03-31,4-LOW
9964,1978,F,2012.8,2025-05-09,1-URGENT
9965,1979,P,306.32,2025-05-07,2-HIGH
9966,1979,F,3378.99,2025-05-10,3-MEDIUM
9967,1979,O,3730.39,2025-05-24,3-MEDIUM
9968,1979,P,1209.0,2025-04-21,4-LOW
9969,1979,F,2790.7,2025-04-22,1-URGENT
9970,1979,O,853.82,2025-04-05,3-MEDIUM
9971,1979,P,3466.51,2025-05-18,2-HIGH
9972,1979,O,1067.58,2025-04-02,4-LOW
9973,1980,P,2287.77,2025-03-17,1-URGENT
9974,1980,F,2176.72,2025-05-17,1-URGENT
9975,1980,O,4439.45,2025-03-06,1-URGENT
9976,1980,P,1412.98,2025-01-01,4-LOW
9977,1980,P,6420.75,2025-06-03,1-URGENT
9978,1980,P,3741.15,2025-03-30,4-LOW
9979,1980,O,5063.43,2025-01-31,4-LOW
9980,1981,P,3822.74,2025-01-16,1-URGENT
9981,1981,O,6302.42,2025-04-02,2-HIGH
9982,1981,F,2278.87,2025-05-25,2-HIGH
9983,1981,P,2543.64,2025-04-12,1-URGENT
9984,1981,P,241.87,2025-01-20,4-LOW
9985,1982,P,3290.72,2025-05-28,3-MEDIUM
9986,1982,P,3727.91,2025-04-25,2-HIGH
9987,1982,O,2458.4,2025-05-29,1-URGENT
9988,1982,F,2709.01,2025-01-27,1-URGENT
9989,1982,O,401.13,2025-03-28,4-LOW
9990,1982,F,1971.4,2025-03-22,4-LOW
9991,1983,F,1500.06,2025-05-23,4-LOW
9992,1984,F,1499.7,2025-02-12,4-LOW
9993,1984,O,3394.04,2025-06-04,1-URGENT
9994,1984,O,527.14,2025-04-14,1-URGENT
9995,1984,P,409.88,2025-04-07,1-URGENT
9996,1984,P,1684.49,2025-03-27,4-LOW
9997,1984,O,1925.08,2025-02-06,3-MEDIUM
9998,1984,F,2269.96,2025-02-01,3-MEDIUM
9999,1984,P,3528.47,2025-04-22,1-URGENT
10000,1985,F,4191.14,2025-02-15,1-URGENT
10001,1985,O,714.95,2025-05-26,3-MEDIUM
10002,1985,F,2745.56,2025-06-10,2-HIGH
10003,1985,F,1198.08,2025-05-23,2-HIGH
10004,1986,P,6133.31,2025-04-13,1-URGENT
10005,1986,F,1034.8,2025-03-07,4-LOW
10006,1986,O,1682.61,2025-05-28,2-HIGH
10007,1986,P,6901.33,2025-01-15,2-HIGH
10008,1986,F,2643.67,2025-03-23,4-LOW
10009,1986,F,3256.55,2025-02-28,2-HIGH
10010,1986,O,3732.83,2025-04-03,1-URGENT
10011,1987,P,3873.66,2025-03-14,1-URGENT
10012,1987,F,488.35,2025-02-04,2-HIGH
10013,1987,F,2324.4,2025-04-19,4-LOW
10014,1987,P,2859.06,2025-01-18,3-MEDIUM
10015,1988,O,3883.61,2025-02-03,2-HIGH
10016,1989,F,4257.04,2025-05-01,3-MEDIUM
10017,1989,F,2709.85,2025-06-02,3-MEDIUM
10018,1989,O,3358.37,2025-06-02,3-MEDIUM
10019,1989,F,3494.46,2025-05-18,4-LOW
10020,1990,F,2269.46,2025-06-19,1-URGENT
10021,1990,P,1012.78,2025-02-08,4-LOW
10022,1990,F,322.71,2025-04-27,1-URGENT
10023,1990,O,2370.8,2025-06-05,1-URGENT
10024,1990,O,488.36,2025-03-28,1-URGENT
10025,1990,P,3575.72,2025-06-02,1-URGENT
10026,1990,P,1248.12,2025-06-17,4-LOW
10027,1990,O,3431.1,2025-05-18,3-MEDIUM
10028,1991,F,381.94,2025-01-07,4-LOW
10029,1991,O,5168.13,2025-01-24,1-URGENT
10030,1991,F,6017.82,2025-01-26,1-URGENT
10031,1991,F,380.33,2025-05-05,2-HIGH
10032,1992,O,1338.21,2025-06-27,3-MEDIUM
10033,1992,O,2119.81,2025-03-08,1-URGENT
10034,1992,P,89.61,2025-06-29,4-LOW
10035,1992,P,7834.64,2025-05-28,2-HIGH
10036,1992,O,1911.27,2025-06-03,2-HIGH
10037,1992,P,1096.96,2025-01-18,4-LOW
10038,1992,P,3329.88,2025-02-19,1-URGENT
10039,1993,O,3839.05,2025-01-16,4-LOW
10040,1994,P,5672.72,2025-06-14,3-MEDIUM
10041,1994,F,809.65,2025-02-02,1-URGENT
10042,1994,F,589.84,2025-05-15,1-URGENT
10043,1994,P,2289.6,2025-02-16,4-LOW
10044,1994,F,4823.99,2025-01-09,1-URGENT
10045,1994,O,137.41,2025-06-27,3-MEDIUM
10046,1994,F,4607.2,2025-02-21,4-LOW
10047,1995,P,476.0,2025-02-21,1-URGENT
10048,1995,O,5629.07,2025-02-13,2-HIGH
10049,1996,O,2229.14,2025-01-28,1-URGENT
10050,1996,O,633.92,2025-02-24,1-URGENT
10051,1996,O,4599.04,2025-03-27,3-MEDIUM
10052,1997,P,1333.11,2025-04-03,3-MEDIUM
10053,1997,P,3964.64,2025-01-02,2-HIGH
10054,1998,F,2996.33,2025-03-11,1-URGENT
10055,1998,P,1138.99,2025-04-04,2-HIGH
10056,1998,F,5592.15,2025-01-26,1-URGENT
10057,1998,F,1716.36,2025-02-13,1-URGENT
10058,1998,F,1836.87,2025-01-19,2-HIGH
10059,1998,O,3365.64,2025-03-06,3-MEDIUM
10060,1998,F,2517.51,2025-04-30,2-HIGH
10061,1999,O,260.61,2025-01-24,2-HIGH
10062,1999,P,231.55,2025-02-05,2-HIGH
10063,1999,P,660.42,2025-05-28,4-LOW
10064,1999,F,802.76,2025-06-27,1-URGENT
10065,1999,P,2478.07,2025-02-14,4-LOW
10066,1999,F,6074.57,2025-05-28,4-LOW
10067,1999,F,6968.87,2025-02-03,2-HIGH
10068,2000,O,1540.74,2025-04-14,1-URGENT
10069,2000,F,6190.3,2025-03-21,1-URGENT
10070,2000,O,314.44,2025-02-28,2-HIGH
10071,2000,O,4309.5,2025-03-16,4-LOW
10072,2000,P,3970.05,2025-03-05,3-MEDIUM
10073,2001,F,6196.65,2025-02-10,3-MEDIUM
10074,2001,F,2803.24,2025-01-10,4-LOW
10075,2001,P,5455.83,2025-03-31,1-URGENT
10076,2001,F,3902.99,2025-05-15,1-URGENT
10077,2001,P,638.29,2025-01-26,1-URGENT
10078,2001,O,2720.47,2025-05-20,2-HIGH
10079,2002,F,5731.09,2025-04-09,4-LOW
10080,2002,O,3147.5,2025-06-14,2-HIGH
10081,2002,P,4233.45,2025-02-11,3-MEDIUM
10082,2002,P,8953.0,2025-05-12,3-MEDIUM
10083,2002,O,747.11,2025-05-31,3-MEDIUM
10084,2003,O,3417.07,2025-01-31,2-HIGH
10085,2003,P,1721.88,2025-06-09,3-MEDIUM
10086,2003,F,2527.48,2025-01-27,4-LOW
10087,2003,P,4623.91,2025-02-24,1-URGENT
10088,2004,O,2467.26,2025-06-14,2-HIGH
10089,2004,F,2049.94,2025-02-16,1-URGENT
10090,2004,F,2979.72,2025-03-17,3-MEDIUM
10091,2004,F,913.05,2025-05-22,4-LOW
10092,2004,F,3971.7,2025-03-09,1-URGENT
10093,2004,O,2284.46,2025-04-14,4-LOW
10094,2004,F,1936.0,2025-04-25,3-MEDIUM
10095,2004,P,1251.05,2025-04-20,4-LOW
10096,2005,F,8930.02,2025-05-14,2-HIGH
10097,2005,F,3918.83,2025-03-15,3-MEDIUM
10098,2006,F,213.42,2025-01-07,3-MEDIUM
10099,2006,P,8926.81,2025-02-26,2-HIGH
10100,2006,O,4648.74,2025-05-10,4-LOW
10101,2006,O,485.74,2025-02-23,4-LOW
10102,2006,F,8870.74,2025-03-24,2-HIGH
10103,2007,O,3728.2,2025-04-20,1-URGENT
10104,2007,P,215.89,2025-05-02,2-HIGH
10105,2007,O,3193.95,2025-05-26,2-HIGH
10106,2007,F,4577.54,2025-05-22,4-LOW
10107,2008,P,3384.72,2025-03-27,4-LOW
10108,2008,F,2190.04,2025-01-05,3-MEDIUM
10109,2008,F,3858.69,2025-05-01,2-HIGH
10110,2008,P,3813.32,2025-01-28,3-MEDIUM
10111,2008,O,626.14,2025-05-25,1-URGENT
10112,2009,P,805.98,2025-04-13,3-MEDIUM
10113,2009,O,3510.68,2025-03-03,4-LOW
10114,2009,F,1479.21,2025-01-05,2-HIGH
10115,2010,F,2317.84,2025-05-19,3-MEDIUM
10116,2010,O,3230.53,2025-03-23,1-URGENT
10117,2011,F,553.64,2025-04-25,3-MEDIUM
10118,2011,F,2889.73,2025-02-06,4-LOW
10119,2011,P,2794.08,2025-06-06,1-URGENT
10120,2011,F,5574.16,2025-03-10,4-LOW
10121,2011,P,3273.69,2025-03-10,4-LOW
10122,2011,P,1992.35,2025-04-21,1-URGENT
10123,2012,F,224.42,2025-03-20,4-LOW
10124,2012,O,3862.19,2025-02-23,2-HIGH
10125,2012,P,196.12,2025-02-07,2-HIGH
10126,2012,F,3134.28,2025-02-23,1-URGENT
10127,2012,P,1140.48,2025-04-17,1-URGENT
10128,2013,O,9377.19,2025-02-10,1-URGENT
10129,2013,O,6558.4,2025-02-07,4-LOW
10130,2013,P,5660.17,2025-02-19,4-LOW
10131,2013,P,6750.62,2025-05-03,3-MEDIUM
10132,2014,P,6371.5,2025-02-11,4-LOW
10133,2014,O,3877.46,2025-04-04,1-URGENT
10134,2014,F,2781.74,2025-02-04,4-LOW
10135,2015,F,3476.31,2025-01-05,1-URGENT
10136,2015,O,6589.87,2025-02-26,2-HIGH
10137,2015,O,4279.74,2025-02-21,2-HIGH
10138,2016,F,484.24,2025-04-14,2-HIGH
10139,2016,F,795.15,2025-05-15,4-LOW
10140,2017,O,398.99,2025-06-12,1-URGENT
10141,2017,P,9627.12,2025-05-23,3-MEDIUM
10142,2017,P,1132.55,2025-03-16,2-HIGH
10143,2017,F,4819.62,2025-01-26,2-HIGH
10144,2018,O,3930.59,2025-04-18,2-HIGH
10145,2018,O,3254.42,2025-01-31,4-LOW
10146,2018,F,2587.79,2025-06-16,3-MEDIUM
10147,2018,P,2857.04,2025-03-16,4-LOW
10148,2018,O,2216.55,2025-05-23,4-LOW
10149,2018,F,1098.29,2025-04-14,3-MEDIUM
10150,2018,F,9260.19,2025-04-21,4-LOW
10151,2019,O,1347.63,2025-03-08,3-MEDIUM
10152,2019,P,8280.14,2025-05-26,3-MEDIUM
10153,2019,P,1831.2,2025-03-27,2-HIGH
10154,2020,P,1754.0,2025-02-02,3-MEDIUM
10155,2020,P,6804.34,2025-04-28,1-URGENT
10156,2020,F,127.75,2025-01-23,1-URGENT
10157,2021,F,6493.56,2025-04-01,1-URGENT
10158,2021,O,3176.19,2025-01-31,3-MEDIUM
10159,2021,F,3137.6,2025-06-29,3-MEDIUM
10160,2021,P,614.3,2025-05-16,3-MEDIUM
10161,2021,F,566.48,2025-02-27,1-URGENT
10162,2022,O,7204.54,2025-06-11,1-URGENT
10163,2022,P,1072.28,2025-06-19,4-LOW
10164,2022,F,96.42,2025-03-31,4-LOW
10165,2022,O,6056.05,2025-06-08,3-MEDIUM
10166,2022,F,2293.38,2025-06-13,1-URGENT
10167,2023,P,4508.63,2025-01-22,3-MEDIUM
10168,2023,O,395.73,2025-06-07,1-URGENT
10169,2023,P,7300.03,2025-04-25,4-LOW
10170,2024,F,5699.27,2025-01-28,2-HIGH
10171,2024,F,7383.22,2025-05-12,2-HIGH
10172,2024,O,676.93,2025-04-06,2-HIGH
10173,2025,O,7432.44,2025-02-11,2-HIGH
10174,2025,O,2244.68,2025-01-18,4-LOW
10175,2025,F,2831.75,2025-04-22,1-URGENT
10176,2025,O,1263.18,2025-01-08,2-HIGH
10177,2026,F,2954.1,2025-04-15,1-URGENT
10178,2026,P,641.85,2025-04-22,2-HIGH
10179,2026,F,4461.56,2025-06-13,3-MEDIUM
10180,2026,P,6316.68,2025-05-28,3-MEDIUM
10181,2026,F,3889.12,2025-02-06,4-LOW
10182,2027,P,2346.66,2025-02-04,4-LOW
10183,2027,O,5738.35,2025-03-30,4-LOW
10184,2028,F,4421.02,2025-03-26,1-URGENT
10185,2029,O,1515.29,2025-01-01,3-MEDIUM
10186,2029,F,1973.97,2025-03-04,4-LOW
10187,2029,F,134.21,2025-05-17,2-HIGH
10188,2029,F,3751.14,2025-06-10,3-MEDIUM
10189,2029,O,3117.5,2025-03-10,4-LOW
10190,2029,F,1180.68,2025-06-10,4-LOW
10191,2029,P,3104.75,2025-03-13,2-HIGH
10192,2029,P,880.35,2025-04-28,2-HIGH
10193,2030,O,5109.32,2025-06-12,4-LOW
10194,2030,F,6792.73,2025-06-12,4-LOW
10195,2030,F,3471.38,2025-04-02,4-LOW
10196,2030,P,1830.95,2025-03-10,1-URGENT
10197,2030,F,3228.47,2025-05-25,2-HIGH
10198,2030,P,561.47,2025-02-07,1-URGENT
10199,2030,P,3814.11,2025-02-28,2-HIGH
10200,2031,F,6173.9,2025-06-06,3-MEDIUM
10201,2031,O,787.0,2025-06-16,2-HIGH
10202,2031,P,7235.11,2025-06-15,1-URGENT
10203,2032,F,1469.31,2025-06-04,2-HIGH
10204,2033,P,7482.93,2025-05-18,4-LOW
10205,2033,P,4223.1,2025-05-21,4-LOW
10206,2033,O,4110.13,2025-01-08,2-HIGH
10207,2033,F,5822.8,2025-05-13,2-HIGH
10208,2033,O,2602.49,2025-06-06,1-URGENT
10209,2033,P,1588.59,2025-06-07,2-HIGH
10210,2034,O,744.15,2025-01-24,1-URGENT
10211,2034,P,4365.42,2025-01-14,3-MEDIUM
10212,2034,F,4200.72,2025-04-17,2-HIGH
10213,2034,F,4300.59,2025-05-24,3-MEDIUM
10214,2035,F,6075.8,2025-05-24,2-HIGH
10215,2035,F,357.15,2025-02-06,1-URGENT
10216,2035,O,2353.38,2025-06-26,2-HIGH
10217,2036,F,3994.94,2025-03-12,1-URGENT
10218,2036,P,5777.34,2025-02-20,2-HIGH
10219,2036,F,3264.4,2025-05-03,1-URGENT
10220,2036,O,4953.37,2025-05-05,2-HIGH
10221,2036,F,1305.03,2025-01-21,2-HIGH
10222,2037,F,1166.86,2025-05-21,4-LOW
10223,2037,O,1664.73,2025-05-27,2-HIGH
10224,2037,F,5047.81,2025-01-30,3-MEDIUM
10225,2038,P,2265.07,2025-02-17,3-MEDIUM
10226,2038,F,2102.59,2025-01-20,4-LOW
10227,2038,F,2647.5,2025-02-11,3-MEDIUM
10228,2038,O,3410.28,2025-06-30,1-URGENT
10229,2038,P,1733.08,2025-03-10,4-LOW
10230,2038,F,1000.16,2025-01-22,4-LOW
10231,2038,P,4990.18,2025-03-23,1-URGENT
10232,2039,P,4036.59,2025-01-11,3-MEDIUM
10233,2039,O,7699.03,2025-02-26,4-LOW
10234,2039,O,2806.88,2025-03-14,4-LOW
10235,2039,O,3096.31,2025-02-15,2-HIGH
10236,2039,F,1331.8,2025-05-12,4-LOW
10237,2039,P,3517.74,2025-02-10,4-LOW
10238,2040,O,4080.86,2025-02-08,2-HIGH
10239,2040,F,268.5,2025-06-15,1-URGENT
10240,2040,F,2449.87,2025-02-12,3-MEDIUM
10241,2040,P,1578.35,2025-06-17,3-MEDIUM
10242,2040,O,1068.09,2025-02-04,4-LOW
10243,2040,O,1578.96,2025-05-19,3-MEDIUM
10244,2040,F,2398.56,2025-01-21,4-LOW
10245,2040,F,2655.79,2025-03-10,2-HIGH
10246,2041,F,5051.96,2025-03-08,3-MEDIUM
10247,2041,O,1023.83,2025-04-20,3-MEDIUM
10248,2041,F,1367.22,2025-03-06,2-HIGH
10249,2041,F,1816.97,2025-05-25,4-LOW
10250,2041,F,3612.71,2025-03-01,2-HIGH
10251,2041,P,1741.93,2025-03-21,1-URGENT
10252,2041,O,5124.5,2025-06-22,4-LOW
10253,2041,F,1361.93,2025-02-16,2-HIGH
10254,2042,O,2355.12,2025-03-02,1-URGENT
10255,2042,F,5115.01,2025-04-03,1-URGENT
10256,2042,P,6034.27,2025-03-19,4-LOW
10257,2042,P,4370.53,2025-05-01,3-MEDIUM
10258,2042,O,631.96,2025-01-29,4-LOW
10259,2043,P,1883.04,2025-03-24,4-LOW
10260,2043,O,4259.63,2025-04-21,1-URGENT
10261,2043,O,369.36,2025-05-27,4-LOW
10262,2043,F,2579.89,2025-06-23,4-LOW
10263,2043,P,4823.01,2025-05-13,1-URGENT
10264,2043,F,474.09,2025-06-16,3-MEDIUM
10265,2043,F,6024.78,2025-06-21,3-MEDIUM
10266,2044,O,3157.44,2025-05-20,4-LOW
10267,2044,P,4495.98,2025-01-13,2-HIGH
10268,2044,O,90.26,2025-03-29,4-LOW
10269,2044,O,3207.35,2025-02-26,3-MEDIUM
10270,2044,P,230.95,2025-05-07,3-MEDIUM
10271,2045,O,2399.84,2025-02-05,1-URGENT
10272,2045,F,4060.93,2025-01-24,4-LOW
10273,2045,P,2786.87,2025-06-11,2-HIGH
10274,2045,F,1960.7,2025-05-03,1-URGENT
10275,2045,O,2176.39,2025-02-02,4-LOW
10276,2045,F,4213.75,2025-04-17,3-MEDIUM
10277,2045,O,1477.51,2025-02-15,1-URGENT
10278,2046,P,3751.65,2025-06-30,4-LOW
10279,2046,F,295.03,2025-06-01,1-URGENT
10280,2046,F,1758.77,2025-05-20,1-URGENT
10281,2046,F,544.69,2025-01-22,4-LOW
10282,2047,F,3447.26,2025-06-08,1-URGENT
10283,2047,O,6215.96,2025-02-04,2-HIGH
10284,2047,O,1427.39,2025-06-27,1-URGENT
10285,2047,F,2210.08,2025-02-04,2-HIGH
10286,2047,P,3476.1,2025-06-29,4-LOW
10287,2047,P,4685.94,2025-02-20,1-URGENT
10288,2047,O,4802.61,2025-06-29,4-LOW
10289,2048,F,4343.33,2025-04-23,4-LOW
10290,2048,F,574.75,2025-01-26,4-LOW
10291,2048,F,4507.8,2025-05-24,2-HIGH
10292,2048,F,598.07,2025-03-29,4-LOW
10293,2049,P,1810.37,2025-04-13,2-HIGH
10294,2049,P,2995.67,2025-02-22,3-MEDIUM
10295,2049,O,977.93,2025-03-11,1-URGENT
10296,2049,O,3154.14,2025-01-01,3-MEDIUM
10297,2049,F,1417.96,2025-06-02,2-HIGH
10298,2049,O,533.01,2025-01-22,3-MEDIUM
10299,2050,P,5339.69,2025-04-12,2-HIGH
10300,2050,F,1540.17,2025-06-17,4-LOW
10301,2050,F,2970.55,2025-02-12,1-URGENT
10302,2050,O,478.32,2025-06-16,1-URGENT
10303,2050,P,4601.86,2025-01-30,3-MEDIUM
10304,2050,P,2909.67,2025-03-29,1-URGENT
10305,2051,P,2517.14,2025-06-06,1-URGENT
10306,2051,O,3419.63,2025-02-12,1-URGENT
10307,2051,O,7325.44,2025-06-07,3-MEDIUM
10308,2051,F,6535.8,2025-02-19,2-HIGH
10309,2052,F,2792.91,2025-05-31,3-MEDIUM
10310,2052,O,4954.02,2025-03-06,2-HIGH
10311,2052,P,617.41,2025-05-19,3-MEDIUM
10312,2052,F,460.96,2025-02-05,1-URGENT
10313,2052,P,2351.34,2025-06-30,1-URGENT
10314,2052,F,3798.36,2025-06-07,1-URGENT
10315,2053,F,2631.76,2025-06-14,1-URGENT
10316,2053,P,4911.84,2025-01-16,3-MEDIUM
10317,2053,P,4618.51,2025-05-22,3-MEDIUM
10318,2053,P,3071.0,2025-02-27,3-MEDIUM
10319,2053,F,1138.69,2025-06-07,4-LOW
10320,2053,P,3525.6,2025-03-10,3-MEDIUM
10321,2053,P,1500.79,2025-04-22,1-URGENT
10322,2053,O,7867.11,2025-02-20,3-MEDIUM
10323,2054,O,4686.8,2025-05-18,3-MEDIUM
10324,2054,F,2728.77,2025-06-09,1-URGENT
10325,2054,P,5702.84,2025-05-08,3-MEDIUM
10326,2054,P,6086.25,2025-01-02,2-HIGH
10327,2054,P,5532.41,2025-04-29,2-HIGH
10328,2055,F,3357.86,2025-04-17,2-HIGH
10329,2055,O,4157.08,2025-05-09,1-URGENT
10330,2055,F,6208.06,2025-01-13,4-LOW
10331,2056,F,2589.72,2025-01-08,2-HIGH
10332,2056,O,4713.24,2025-01-10,3-MEDIUM
10333,2056,O,4705.67,2025-03-12,4-LOW
10334,2056,P,3367.93,2025-01-11,1-URGENT
10335,2056,F,1881.93,2025-03-23,1-URGENT
10336,2056,P,846.23,2025-06-04,1-URGENT
10337,2056,O,3623.78,2025-06-07,3-MEDIUM
10338,2057,P,2325.37,2025-02-16,1-URGENT
10339,2057,P,6951.61,2025-06-10,1-URGENT
10340,2057,O,861.5,2025-06-19,4-LOW
10341,2057,F,4031.75,2025-04-28,2-HIGH
10342,2057,O,1071.88,2025-05-10,2-HIGH
10343,2057,O,1172.51,2025-04-25,1-URGENT
10344,2057,P,780.18,2025-01-25,2-HIGH
10345,2057,P,3442.7,2025-04-06,2-HIGH
10346,2058,O,2706.94,2025-04-02,4-LOW
10347,2058,F,905.76,2025-04-25,4-LOW
10348,2058,O,920.18,2025-03-20,1-URGENT
10349,2059,O,1731.72,2025-06-07,2-HIGH
10350,2060,P,115.59,2025-06-11,4-LOW
10351,2060,F,3274.25,2025-06-12,4-LOW
10352,2060,O,3245.15,2025-02-02,1-URGENT
10353,2061,P,1525.07,2025-04-05,2-HIGH
10354,2061,F,821.23,2025-03-16,1-URGENT
10355,2061,F,1068.03,2025-01-03,4-LOW
10356,2061,P,3684.67,2025-05-22,4-LOW
10357,2062,O,3711.58,2025-01-08,4-LOW
10358,2062,P,5930.1,2025-05-10,3-MEDIUM
10359,2062,O,7864.18,2025-06-12,2-HIGH
10360,2063,O,3361.86,2025-05-24,1-URGENT
10361,2064,P,5201.59,2025-04-18,1-URGENT
10362,2064,O,1113.91,2025-06-25,3-MEDIUM
10363,2064,P,2796.61,2025-02-06,2-HIGH
10364,2064,O,3947.27,2025-01-14,4-LOW
10365,2064,P,360.01,2025-04-30,2-HIGH
10366,2064,P,4073.66,2025-03-04,1-URGENT
10367,2064,P,1108.72,2025-04-07,1-URGENT
10368,2064,P,2093.08,2025-05-10,4-LOW
10369,2065,F,2137.46,2025-06-10,2-HIGH
10370,2065,P,4241.2,2025-01-18,2-HIGH
10371,2066,P,3935.62,2025-03-28,2-HIGH
10372,2066,F,1000.23,2025-05-16,4-LOW
10373,2066,P,8207.89,2025-03-26,3-MEDIUM
10374,2066,F,2839.6,2025-03-21,1-URGENT
10375,2066,P,7730.27,2025-04-12,4-LOW
10376,2067,F,1130.6,2025-06-02,3-MEDIUM
10377,2067,O,125.88,2025-04-08,4-LOW
10378,2067,O,1725.77,2025-04-21,1-URGENT
10379,2068,O,5883.96,2025-03-07,1-URGENT
10380,2068,P,2766.75,2025-02-25,2-HIGH
10381,2068,O,1343.2,2025-06-23,4-LOW
10382,2069,F,384.46,2025-05-23,1-URGENT
10383,2069,F,9133.35,2025-04-09,2-HIGH
10384,2069,P,8695.99,2025-03-16,2-HIGH
10385,2069,P,3028.15,2025-04-23,4-LOW
10386,2069,O,4189.61,2025-02-11,3-MEDIUM
10387,2069,F,1414.76,2025-01-18,3-MEDIUM
10388,2069,P,2791.21,2025-04-18,2-HIGH
10389,2070,F,3314.96,2025-01-01,4-LOW
10390,2071,P,4081.38,2025-01-05,4-LOW
10391,2071,P,743.67,2025-01-25,2-HIGH
10392,2072,F,1989.04,2025-06-06,3-MEDIUM
10393,2072,F,67.17,2025-02-24,4-LOW
10394,2072,F,1618.74,2025-04-09,1-URGENT
10395,2072,F,420.49,2025-02-28,2-HIGH
10396,2073,F,5515.55,2025-03-13,2-HIGH
10397,2074,P,9844.24,2025-02-28,3-MEDIUM
10398,2074,O,2218.68,2025-01-04,1-URGENT
10399,2074,F,4004.46,2025-01-05,4-LOW
10400,2075,P,3075.49,2025-04-13,3-MEDIUM
10401,2075,O,162.59,2025-05-18,4-LOW
10402,2075,F,2576.32,2025-01-06,3-MEDIUM
10403,2075,O,3280.13,2025-03-20,3-MEDIUM
10404,2075,O,6756.44,2025-02-13,3-MEDIUM
10405,2075,P,2954.63,2025-05-15,2-HIGH
10406,2076,O,1915.52,2025-02-26,2-HIGH
10407,2077,F,4884.26,2025-06-09,1-URGENT
10408,2077,O,2997.76,2025-05-30,2-HIGH
10409,2077,F,3293.68,2025-01-28,4-LOW
10410,2077,O,2948.92,2025-04-15,3-MEDIUM
10411,2078,O,2035.22,2025-03-17,2-HIGH
10412,2078,P,3478.77,2025-05-09,2-HIGH
10413,2079,F,3121.08,2025-01-24,2-HIGH
10414,2079,O,592.16,2025-03-14,2-HIGH
10415,2079,O,3066.44,2025-02-27,4-LOW
10416,2079,P,206.99,2025-04-11,2-HIGH
10417,2079,O,2187.99,2025-04-04,3-MEDIUM
10418,2079,P,10120.96,2025-02-25,3-MEDIUM
10419,2079,O,3329.63,2025-03-07,1-URGENT
10420,2080,O,5236.05,2025-02-23,4-LOW
10421,2080,O,1227.43,2025-06-23,2-HIGH
10422,2080,O,4552.29,2025-03-21,3-MEDIUM
10423,2080,O,1683.25,2025-01-21,3-MEDIUM
10424,2080,P,4165.48,2025-02-21,4-LOW
10425,2081,P,1220.18,2025-01-08,2-HIGH
10426,2081,P,4581.95,2025-04-27,3-MEDIUM
10427,2081,F,4809.29,2025-03-01,3-MEDIUM
10428,2081,F,1992.73,2025-06-08,4-LOW
10429,2081,O,3674.04,2025-04-04,1-URGENT
10430,2082,F,3670.27,2025-04-19,3-MEDIUM
10431,2082,O,2651.69,2025-02-19,1-URGENT
10432,2083,F,3367.94,2025-04-05,3-MEDIUM
10433,2084,O,4277.0,2025-06-17,1-URGENT
10434,2084,P,1406.0,2025-01-26,3-MEDIUM
10435,2084,F,4928.89,2025-06-21,3-MEDIUM
10436,2084,O,5408.19,2025-01-15,4-LOW
10437,2084,O,28.98,2025-03-22,2-HIGH
10438,2084,P,6103.37,2025-02-10,3-MEDIUM
10439,2085,F,1371.17,2025-04-17,4-LOW
10440,2085,O,2226.67,2025-06-05,3-MEDIUM
10441,2085,O,1630.42,2025-06-13,2-HIGH
10442,2085,F,332.94,2025-06-12,2-HIGH
10443,2085,P,2249.77,2025-04-18,2-HIGH
10444,2086,F,4910.43,2025-05-07,3-MEDIUM
10445,2086,O,3531.18,2025-05-30,1-URGENT
10446,2086,F,3588.24,2025-06-23,4-LOW
10447,2086,F,1327.59,2025-05-26,3-MEDIUM
10448,2087,P,1078.68,2025-06-21,1-URGENT
10449,2087,O,2842.67,2025-02-01,1-URGENT
10450,2087,O,5851.82,2025-06-06,3-MEDIUM
10451,2087,P,4693.52,2025-04-19,4-LOW
10452,2088,P,5265.19,2025-03-05,3-MEDIUM
10453,2088,F,1603.91,2025-04-08,4-LOW
10454,2088,P,4065.93,2025-06-15,2-HIGH
10455,2088,O,4674.07,2025-01-26,1-URGENT
10456,2088,F,2339.66,2025-01-25,2-HIGH
10457,2088,P,3807.21,2025-04-22,3-MEDIUM
10458,2089,P,6491.15,2025-02-10,4-LOW
10459,2089,F,1060.14,2025-04-01,2-HIGH
10460,2089,O,5414.19,2025-05-05,2-HIGH
10461,2090,F,3049.26,2025-04-22,3-MEDIUM
10462,2090,F,3645.43,2025-05-28,1-URGENT
10463,2091,P,5682.22,2025-01-23,2-HIGH
10464,2091,F,2365.86,2025-03-25,1-URGENT
10465,2091,F,1115.85,2025-04-19,2-HIGH
10466,2091,O,5172.22,2025-03-03,1-URGENT
10467,2092,O,4198.14,2025-06-04,3-MEDIUM
10468,2092,P,3730.29,2025-04-25,3-MEDIUM
10469,2092,P,648.84,2025-04-16,3-MEDIUM
10470,2092,O,717.68,2025-06-09,2-HIGH
10471,2092,F,2478.54,2025-01-20,2-HIGH
10472,2093,O,4302.3,2025-06-04,3-MEDIUM
10473,2094,P,500.09,2025-05-24,2-HIGH
10474,2094,P,189.81,2025-01-05,4-LOW
10475,2094,P,2835.69,2025-05-08,4-LOW
10476,2094,P,4856.71,2025-04-10,2-HIGH
10477,2094,F,3858.05,2025-06-01,1-URGENT
10478,2094,P,5071.35,2025-01-12,3-MEDIUM
10479,2094,F,128.49,2025-02-18,3-MEDIUM
10480,2095,F,626.0,2025-03-23,2-HIGH
10481,2095,F,3803.96,2025-01-08,3-MEDIUM
10482,2095,P,4530.2,2025-01-25,1-URGENT
10483,2095,P,4164.81,2025-06-17,4-LOW
10484,2095,P,4874.72,2025-02-22,3-MEDIUM
10485,2095,P,3457.05,2025-03-20,3-MEDIUM
10486,2096,O,529.59,2025-02-07,2-HIGH
10487,2096,O,8996.19,2025-01-13,2-HIGH
10488,2096,O,2210.43,2025-04-25,2-HIGH
10489,2097,O,2302.32,2025-06-17,4-LOW
10490,2097,F,2867.84,2025-01-13,2-HIGH
10491,2097,O,2070.26,2025-02-15,1-URGENT
10492,2097,P,1110.88,2025-02-14,1-URGENT
10493,2097,F,2423.88,2025-03-25,4-LOW
10494,2097,F,2679.24,2025-06-16,4-LOW
10495,2097,F,388.65,2025-06-23,3-MEDIUM
10496,2098,P,1738.09,2025-01-10,4-LOW
10497,2099,F,3295.44,2025-02-26,1-URGENT
10498,2099,O,3458.75,2025-01-23,4-LOW
10499,2100,P,4887.19,2025-05-19,4-LOW
10500,2100,F,1121.34,2025-03-14,1-URGENT
10501,2100,O,715.27,2025-02-09,2-HIGH
10502,2100,O,3201.65,2025-03-02,1-URGENT
10503,2100,O,1133.83,2025-05-16,1-URGENT
10504,2101,O,2412.13,2025-03-07,3-MEDIUM
10505,2101,F,1062.72,2025-05-20,4-LOW
10506,2101,P,5945.83,2025-03-15,1-URGENT
10507,2102,O,1194.51,2025-01-09,4-LOW
10508,2102,O,3582.15,2025-01-05,4-LOW
10509,2102,P,6993.43,2025-01-19,2-HIGH
10510,2103,O,9632.62,2025-06-15,3-MEDIUM
10511,2103,O,2235.44,2025-03-19,3-MEDIUM
10512,2103,O,5812.64,2025-06-12,4-LOW
10513,2103,P,464.08,2025-04-28,4-LOW
10514,2104,P,3086.52,2025-02-19,2-HIGH
10515,2105,O,3314.53,2025-06-13,4-LOW
10516,2105,F,1242.51,2025-04-04,3-MEDIUM
10517,2105,P,37.04,2025-06-24,3-MEDIUM
10518,2106,O,291.62,2025-05-27,2-HIGH
10519,2106,P,10347.05,2025-05-25,1-URGENT
10520,2107,F,6044.64,2025-02-20,2-HIGH
10521,2107,P,662.76,2025-06-01,1-URGENT
10522,2107,O,2987.99,2025-04-13,2-HIGH
10523,2107,O,3970.2,2025-04-19,2-HIGH
10524,2107,F,1355.71,2025-02-17,3-MEDIUM
10525,2107,P,6378.73,2025-03-14,1-URGENT
10526,2107,F,1741.64,2025-03-07,1-URGENT
10527,2107,P,2850.16,2025-05-18,3-MEDIUM
10528,2108,P,4469.76,2025-06-15,2-HIGH
10529,2108,F,3014.34,2025-05-04,4-LOW
10530,2108,O,6601.49,2025-04-07,4-LOW
10531,2108,F,1509.17,2025-01-27,1-URGENT
10532,2108,P,1903.28,2025-02-03,2-HIGH
10533,2108,F,2454.33,2025-06-29,3-MEDIUM
10534,2108,P,2548.59,2025-04-21,4-LOW
10535,2108,F,556.74,2025-01-09,2-HIGH
10536,2109,P,6979.01,2025-01-16,4-LOW
10537,2109,F,4443.34,2025-03-23,1-URGENT
10538,2110,O,2657.75,2025-04-25,1-URGENT
10539,2110,P,3262.05,2025-06-26,3-MEDIUM
10540,2110,F,5562.95,2025-06-30,3-MEDIUM
10541,2111,F,4239.64,2025-04-05,2-HIGH
10542,2111,F,2506.0,2025-03-17,1-URGENT
10543,2111,F,991.19,2025-03-31,4-LOW
10544,2111,P,4217.63,2025-02-05,1-URGENT
10545,2111,O,291.84,2025-01-08,1-URGENT
10546,2111,O,622.22,2025-05-03,1-URGENT
10547,2111,O,4261.49,2025-02-20,3-MEDIUM
10548,2111,P,5289.14,2025-01-29,1-URGENT
10549,2112,P,1667.34,2025-02-06,1-URGENT
10550,2112,P,2071.83,2025-06-26,1-URGENT
10551,2112,O,5301.53,2025-04-04,1-URGENT
10552,2112,F,7984.87,2025-01-08,1-URGENT
10553,2112,F,1358.77,2025-05-15,3-MEDIUM
10554,2113,O,1837.1,2025-05-15,2-HIGH
10555,2114,P,2626.12,2025-06-08,3-MEDIUM
10556,2114,F,961.3,2025-03-01,3-MEDIUM
10557,2114,O,7562.65,2025-04-20,1-URGENT
10558,2114,P,1163.66,2025-02-13,3-MEDIUM
10559,2115,P,6167.55,2025-05-22,2-HIGH
10560,2115,F,4186.48,2025-01-15,3-MEDIUM
10561,2115,F,3211.63,2025-03-05,2-HIGH
10562,2115,P,2807.93,2025-04-29,3-MEDIUM
10563,2115,P,1122.02,2025-04-24,1-URGENT
10564,2115,P,3849.96,2025-03-28,1-URGENT
10565,2115,O,1476.83,2025-06-29,2-HIGH
10566,2116,F,5960.78,2025-04-26,3-MEDIUM
10567,2116,P,2385.02,2025-01-02,2-HIGH
10568,2116,P,4314.29,2025-06-28,1-URGENT
10569,2116,P,1596.92,2025-02-12,1-URGENT
10570,2116,O,1845.4,2025-01-05,3-MEDIUM
10571,2116,P,6151.66,2025-05-27,1-URGENT
10572,2116,O,4772.11,2025-01-17,4-LOW
10573,2116,O,2448.87,2025-01-20,4-LOW
10574,2117,O,5146.11,2025-01-07,3-MEDIUM
10575,2117,P,35.39,2025-02-18,2-HIGH
10576,2118,F,3629.57,2025-06-11,4-LOW
10577,2118,O,3795.94,2025-05-17,3-MEDIUM
10578,2118,O,5436.96,2025-03-25,4-LOW
10579,2118,P,7763.7,2025-04-15,1-URGENT
10580,2118,P,437.15,2025-04-24,2-HIGH
10581,2118,O,1039.37,2025-03-16,3-MEDIUM
10582,2119,F,856.0,2025-06-18,4-LOW
10583,2119,O,4192.59,2025-02-05,2-HIGH
10584,2119,O,8111.38,2025-06-03,1-URGENT
10585,2119,P,598.22,2025-06-09,4-LOW
10586,2119,F,880.73,2025-01-25,3-MEDIUM
10587,2119,O,3092.92,2025-02-25,3-MEDIUM
10588,2120,O,2189.19,2025-01-12,3-MEDIUM
10589,2120,F,1695.79,2025-03-01,4-LOW
10590,2120,O,3311.76,2025-02-04,1-URGENT
10591,2120,O,2105.7,2025-03-20,1-URGENT
10592,2121,O,3014.65,2025-05-04,2-HIGH
10593,2121,F,2449.76,2025-05-04,3-MEDIUM
10594,2121,O,1514.01,2025-04-12,4-LOW
10595,2121,O,518.03,2025-03-24,2-HIGH
10596,2121,P,6728.66,2025-05-10,3-MEDIUM
10597,2121,O,7776.06,2025-02-03,3-MEDIUM
10598,2121,O,2886.22,2025-01-09,1-URGENT
10599,2121,O,5324.9,2025-04-01,2-HIGH
10600,2122,P,134.38,2025-03-02,2-HIGH
10601,2122,F,1351.5,2025-03-22,1-URGENT
10602,2122,F,1348.69,2025-03-06,3-MEDIUM
10603,2122,O,720.37,2025-03-15,4-LOW
10604,2123,P,4945.35,2025-02-11,3-MEDIUM
10605,2123,O,605.46,2025-06-25,1-URGENT
10606,2123,O,2343.11,2025-06-15,2-HIGH
10607,2123,O,311.67,2025-03-01,2-HIGH
10608,2123,O,4276.24,2025-02-18,1-URGENT
10609,2124,P,3593.22,2025-02-20,3-MEDIUM
10610,2124,F,2253.01,2025-02-21,2-HIGH
10611,2124,P,911.92,2025-04-06,2-HIGH
10612,2124,F,3682.65,2025-06-20,1-URGENT
10613,2124,F,2476.01,2025-02-18,4-LOW
10614,2124,F,5764.81,2025-04-12,3-MEDIUM
10615,2124,P,5269.84,2025-05-10,3-MEDIUM
10616,2124,O,3593.43,2025-06-03,1-URGENT
10617,2125,O,5608.94,2025-05-13,1-URGENT
10618,2125,O,6082.68,2025-03-09,4-LOW
10619,2125,O,2864.08,2025-01-24,4-LOW
10620,2126,O,271.86,2025-04-26,2-HIGH
10621,2127,O,2936.44,2025-03-16,3-MEDIUM
10622,2127,O,899.53,2025-06-14,3-MEDIUM
10623,2127,P,3826.09,2025-01-04,4-LOW
10624,2127,O,5108.34,2025-02-23,3-MEDIUM
10625,2127,O,2677.27,2025-06-20,4-LOW
10626,2127,P,2028.0,2025-02-12,4-LOW
10627,2127,F,1970.6,2025-05-31,2-HIGH
10628,2127,F,4025.78,2025-04-15,4-LOW
10629,2128,O,4762.85,2025-06-30,1-URGENT
10630,2128,F,4198.01,2025-02-02,3-MEDIUM
10631,2128,O,3585.73,2025-05-18,1-URGENT
10632,2128,P,6591.83,2025-04-14,1-URGENT
10633,2128,F,3616.48,2025-02-06,2-HIGH
10634,2128,P,1903.25,2025-05-29,1-URGENT
10635,2128,P,6047.65,2025-04-15,3-MEDIUM
10636,2128,P,5569.4,2025-02-26,1-URGENT
10637,2129,F,1667.64,2025-01-18,4-LOW
10638,2129,F,2803.17,2025-01-17,1-URGENT
10639,2129,O,3059.2,2025-03-17,3-MEDIUM
10640,2129,F,2565.61,2025-05-11,2-HIGH
10641,2129,F,2312.83,2025-02-03,2-HIGH
10642,2129,O,3180.09,2025-01-26,2-HIGH
10643,2130,O,2152.51,2025-01-03,1-URGENT
10644,2130,O,1028.38,2025-02-13,4-LOW
10645,2130,O,6140.95,2025-05-21,2-HIGH
10646,2130,P,645.05,2025-02-23,2-HIGH
10647,2130,P,6372.52,2025-04-08,3-MEDIUM
10648,2130,P,2502.02,2025-03-20,1-URGENT
10649,2130,F,1972.87,2025-06-04,4-LOW
10650,2130,F,736.0,2025-05-08,4-LOW
10651,2131,O,1123.74,2025-02-11,2-HIGH
10652,2131,O,10945.54,2025-06-21,2-HIGH
10653,2131,F,1392.03,2025-06-10,2-HIGH
10654,2132,P,6308.29,2025-06-01,1-URGENT
10655,2132,F,6740.28,2025-06-07,1-URGENT
10656,2133,F,2769.39,2025-04-16,3-MEDIUM
10657,2134,O,5127.66,2025-02-10,2-HIGH
10658,2134,P,3983.65,2025-04-23,3-MEDIUM
10659,2134,F,1216.16,2025-03-10,4-LOW
10660,2134,F,5049.0,2025-05-14,1-URGENT
10661,2134,O,1674.16,2025-02-24,4-LOW
10662,2135,P,1988.03,2025-02-15,4-LOW
10663,2135,O,8458.09,2025-06-24,4-LOW
10664,2135,O,2872.62,2025-06-25,3-MEDIUM
10665,2135,F,3209.56,2025-06-01,3-MEDIUM
10666,2136,O,1528.63,2025-03-03,4-LOW
10667,2136,O,2252.98,2025-03-05,4-LOW
10668,2136,P,3610.54,2025-03-25,4-LOW
10669,2136,F,3033.47,2025-01-07,1-URGENT
10670,2136,F,2721.38,2025-03-19,4-LOW
10671,2136,F,1438.4,2025-02-22,1-URGENT
10672,2137,O,1297.6,2025-06-03,1-URGENT
10673,2137,F,2978.6,2025-06-26,1-URGENT
10674,2137,O,834.69,2025-01-11,1-URGENT
10675,2137,F,9996.02,2025-04-02,2-HIGH
10676,2137,F,352.94,2025-02-24,1-URGENT
10677,2138,O,10072.03,2025-03-06,3-MEDIUM
10678,2138,P,961.05,2025-05-23,1-URGENT
10679,2138,F,2216.03,2025-03-22,4-LOW
10680,2138,P,8546.99,2025-05-30,4-LOW
10681,2138,F,1977.11,2025-04-30,4-LOW
10682,2138,P,3603.98,2025-01-08,3-MEDIUM
10683,2138,O,3506.61,2025-06-30,1-URGENT
10684,2138,F,2367.62,2025-02-28,3-MEDIUM
10685,2139,O,2595.97,2025-06-25,2-HIGH
10686,2139,O,6334.29,2025-06-02,3-MEDIUM
10687,2139,O,6589.79,2025-04-01,1-URGENT
10688,2139,P,1455.3,2025-02-13,4-LOW
10689,2139,O,4527.2,2025-02-12,4-LOW
10690,2139,F,2590.67,2025-01-15,2-HIGH
10691,2140,O,2153.15,2025-06-26,4-LOW
10692,2140,P,2311.37,2025-03-14,4-LOW
10693,2141,F,5937.11,2025-01-10,3-MEDIUM
10694,2141,P,2692.53,2025-04-29,2-HIGH
10695,2141,P,805.0,2025-02-02,2-HIGH
10696,2141,P,5076.21,2025-01-12,2-HIGH
10697,2141,O,5681.35,2025-03-20,3-MEDIUM
10698,2142,P,3752.45,2025-06-25,4-LOW
10699,2142,O,5565.52,2025-06-01,4-LOW
10700,2142,O,5414.68,2025-05-07,3-MEDIUM
10701,2142,O,3452.44,2025-05-31,2-HIGH
10702,2142,O,7116.87,2025-05-15,2-HIGH
10703,2142,O,308.38,2025-01-14,4-LOW
10704,2143,P,4541.32,2025-05-12,4-LOW
10705,2143,O,3185.76,2025-06-26,4-LOW
10706,2143,P,6345.67,2025-06-17,1-URGENT
10707,2143,P,2718.88,2025-06-25,2-HIGH
10708,2143,O,953.4,2025-05-02,2-HIGH
10709,2143,F,2870.66,2025-02-25,3-MEDIUM
10710,2144,O,4533.73,2025-04-15,3-MEDIUM
10711,2144,O,2049.67,2025-05-21,3-MEDIUM
10712,2144,O,1133.48,2025-06-27,1-URGENT
10713,2144,P,4925.49,2025-06-20,3-MEDIUM
10714,2144,P,3619.02,2025-05-12,3-MEDIUM
10715,2145,O,1515.28,2025-02-12,3-MEDIUM
10716,2145,F,5303.07,2025-04-08,2-HIGH
10717,2145,F,4056.02,2025-06-24,2-HIGH
10718,2145,O,4576.45,2025-01-04,4-LOW
10719,2145,P,2619.57,2025-05-31,2-HIGH
10720,2145,P,4331.65,2025-06-07,1-URGENT
10721,2146,O,3111.79,2025-02-24,2-HIGH
10722,2146,P,462.15,2025-01-04,1-URGENT
10723,2146,O,5742.91,2025-03-18,3-MEDIUM
10724,2146,P,358.86,2025-06-13,2-HIGH
10725,2147,F,5196.78,2025-06-29,3-MEDIUM
10726,2147,F,2779.3,2025-03-07,3-MEDIUM
10727,2147,P,3804.91,2025-01-30,2-HIGH
10728,2147,P,601.82,2025-02-10,1-URGENT
10729,2147,P,6555.05,2025-05-23,1-URGENT
10730,2147,F,3010.57,2025-06-30,2-HIGH
10731,2147,F,3123.3,2025-04-19,2-HIGH
10732,2148,O,5102.53,2025-06-26,3-MEDIUM
10733,2148,F,3362.71,2025-06-10,2-HIGH
10734,2148,P,2787.13,2025-03-25,4-LOW
10735,2148,P,2922.53,2025-06-07,2-HIGH
10736,2148,O,5630.26,2025-03-30,2-HIGH
10737,2148,F,7435.49,2025-03-05,2-HIGH
10738,2148,O,2623.56,2025-02-05,4-LOW
10739,2148,P,2424.44,2025-01-07,1-URGENT
10740,2149,F,4335.67,2025-03-14,3-MEDIUM
10741,2149,F,3825.23,2025-03-24,3-MEDIUM
10742,2149,F,4431.32,2025-01-01,3-MEDIUM
10743,2150,O,5056.02,2025-03-28,1-URGENT
10744,2150,F,4924.39,2025-01-03,4-LOW
10745,2150,F,144.64,2025-02-28,3-MEDIUM
10746,2151,P,5474.67,2025-04-02,1-URGENT
10747,2151,P,3726.24,2025-02-21,3-MEDIUM
10748,2151,O,3630.21,2025-06-21,3-MEDIUM
10749,2151,O,7209.97,2025-05-28,1-URGENT
10750,2152,P,3157.04,2025-01-24,3-MEDIUM
10751,2152,O,1805.73,2025-04-23,3-MEDIUM
10752,2153,F,1613.33,2025-06-14,2-HIGH
10753,2153,O,1746.97,2025-02-23,3-MEDIUM
10754,2153,F,2148.71,2025-01-08,2-HIGH
10755,2153,O,3345.39,2025-01-06,1-URGENT
10756,2153,F,1922.55,2025-03-09,4-LOW
10757,2153,F,2469.52,2025-06-07,3-MEDIUM
10758,2153,O,3325.93,2025-06-12,1-URGENT
10759,2153,F,3246.46,2025-02-12,1-URGENT
10760,2154,O,3389.13,2025-02-05,1-URGENT
10761,2154,O,133.17,2025-04-06,2-HIGH
10762,2155,F,1710.63,2025-05-25,1-URGENT
10763,2155,O,2733.13,2025-02-11,4-LOW
10764,2155,O,5387.99,2025-06-10,2-HIGH
10765,2155,P,4731.68,2025-01-18,3-MEDIUM
10766,2155,P,2707.15,2025-04-30,1-URGENT
10767,2155,F,2219.47,2025-05-04,2-HIGH
10768,2156,O,3788.01,2025-05-29,4-LOW
10769,2157,F,3216.05,2025-05-04,4-LOW
10770,2157,O,1548.65,2025-01-21,1-URGENT
10771,2157,P,3906.46,2025-06-21,3-MEDIUM
10772,2157,O,3280.05,2025-01-01,4-LOW
10773,2157,O,4638.29,2025-04-30,3-MEDIUM
10774,2158,F,1991.12,2025-06-20,3-MEDIUM
10775,2158,P,2686.84,2025-04-29,4-LOW
10776,2158,F,2553.94,2025-02-08,4-LOW
10777,2158,P,2454.7,2025-05-06,3-MEDIUM
10778,2159,F,2589.17,2025-06-06,1-URGENT
10779,2159,P,1215.31,2025-06-14,4-LOW
10780,2159,P,1687.74,2025-01-04,4-LOW
10781,2159,F,3620.09,2025-02-25,3-MEDIUM
10782,2159,F,5083.54,2025-03-29,3-MEDIUM
10783,2160,P,4515.55,2025-04-07,2-HIGH
10784,2160,F,5982.49,2025-05-31,1-URGENT
10785,2160,O,2651.22,2025-06-15,3-MEDIUM
10786,2161,P,3246.16,2025-04-01,1-URGENT
10787,2161,F,3781.06,2025-04-06,4-LOW
10788,2161,F,3700.28,2025-02-26,4-LOW
10789,2161,P,7514.07,2025-05-29,1-URGENT
10790,2161,F,6127.15,2025-02-15,2-HIGH
10791,2161,P,1697.84,2025-05-06,2-HIGH
10792,2162,F,2587.04,2025-06-11,3-MEDIUM
10793,2163,O,2105.24,2025-03-13,2-HIGH
10794,2163,O,2923.2,2025-03-27,3-MEDIUM
10795,2164,P,884.9,2025-06-08,4-LOW
10796,2164,P,1047.2,2025-03-13,2-HIGH
10797,2164,P,4329.04,2025-01-17,4-LOW
10798,2164,O,2813.89,2025-03-21,4-LOW
10799,2164,P,1156.28,2025-06-16,2-HIGH
10800,2164,P,2265.92,2025-05-01,1-URGENT
10801,2165,P,1587.69,2025-05-22,4-LOW
10802,2165,O,732.46,2025-03-13,2-HIGH
10803,2165,F,3227.24,2025-02-22,3-MEDIUM
10804,2165,O,4889.9,2025-04-20,2-HIGH
10805,2166,P,3479.42,2025-06-01,4-LOW
10806,2166,P,6777.27,2025-05-26,4-LOW
10807,2166,O,7245.77,2025-02-19,3-MEDIUM
10808,2166,P,170.05,2025-04-23,2-HIGH
10809,2166,P,2156.22,2025-03-19,2-HIGH
10810,2166,P,2224.03,2025-05-02,1-URGENT
10811,2167,P,4369.66,2025-04-21,4-LOW
10812,2167,P,2321.34,2025-04-15,1-URGENT
10813,2167,P,8177.78,2025-04-07,2-HIGH
10814,2167,O,2364.79,2025-01-08,3-MEDIUM
10815,2167,O,1557.4,2025-01-26,2-HIGH
10816,2167,O,4891.21,2025-03-28,4-LOW
10817,2168,O,2319.7,2025-03-11,2-HIGH
10818,2168,O,935.02,2025-05-06,3-MEDIUM
10819,2169,F,3403.54,2025-02-24,4-LOW
10820,2169,O,3313.79,2025-06-03,1-URGENT
10821,2169,F,7759.69,2025-03-08,4-LOW
10822,2170,F,156.67,2025-04-29,1-URGENT
10823,2170,O,949.75,2025-06-26,3-MEDIUM
10824,2170,F,34.22,2025-01-29,1-URGENT
10825,2170,F,800.53,2025-02-05,4-LOW
10826,2170,F,6169.24,2025-02-04,1-URGENT
10827,2170,F,1513.75,2025-06-11,2-HIGH
10828,2170,P,6277.19,2025-04-25,1-URGENT
10829,2170,F,4491.11,2025-01-09,2-HIGH
10830,2171,F,3675.71,2025-05-06,1-URGENT
10831,2171,F,1327.88,2025-06-10,4-LOW
10832,2171,O,5839.69,2025-03-21,4-LOW
10833,2171,P,174.6,2025-04-27,2-HIGH
10834,2171,P,7144.35,2025-05-19,3-MEDIUM
10835,2171,P,2043.73,2025-05-16,1-URGENT
10836,2171,P,3064.25,2025-02-27,4-LOW
10837,2172,O,3829.99,2025-05-23,2-HIGH
10838,2172,O,3864.01,2025-01-15,2-HIGH
10839,2172,O,4766.77,2025-04-12,3-MEDIUM
10840,2172,P,6295.67,2025-02-18,2-HIGH
10841,2172,F,6927.0,2025-04-01,1-URGENT
10842,2172,F,5306.35,2025-03-18,4-LOW
10843,2172,O,441.55,2025-04-18,2-HIGH
10844,2173,P,3216.03,2025-04-23,3-MEDIUM
10845,2173,O,1759.45,2025-01-28,2-HIGH
10846,2174,F,1834.55,2025-06-13,4-LOW
10847,2174,P,3358.79,2025-06-17,1-URGENT
10848,2174,O,896.14,2025-06-13,3-MEDIUM
10849,2174,F,534.38,2025-01-14,1-URGENT
10850,2174,O,6050.21,2025-06-13,3-MEDIUM
10851,2174,P,2411.97,2025-01-01,1-URGENT
10852,2175,P,2968.82,2025-02-28,4-LOW
10853,2175,O,1202.11,2025-04-16,2-HIGH
10854,2176,F,2960.66,2025-02-24,3-MEDIUM
10855,2176,F,3249.83,2025-06-05,2-HIGH
10856,2176,P,1978.52,2025-03-03,2-HIGH
10857,2176,P,2849.82,2025-06-29,3-MEDIUM
10858,2176,P,258.91,2025-06-17,2-HIGH
10859,2177,F,2587.64,2025-03-07,1-URGENT
10860,2177,P,3261.62,2025-03-06,4-LOW
10861,2177,P,3468.01,2025-05-07,4-LOW
10862,2177,P,4852.49,2025-01-25,1-URGENT
10863,2177,P,4887.94,2025-03-29,3-MEDIUM
10864,2177,P,3371.6,2025-03-13,4-LOW
10865,2177,P,3202.87,2025-02-25,1-URGENT
10866,2178,O,2984.46,2025-03-15,3-MEDIUM
10867,2178,F,630.1,2025-06-27,1-URGENT
10868,2178,F,1968.29,2025-06-23,3-MEDIUM
10869,2178,P,3999.7,2025-06-09,2-HIGH
10870,2178,F,1681.21,2025-02-21,4-LOW
10871,2178,O,3922.97,2025-05-21,3-MEDIUM
10872,2179,P,6078.97,2025-03-09,4-LOW
10873,2179,O,6769.5,2025-06-10,3-MEDIUM
10874,2180,F,432.76,2025-01-29,1-URGENT
10875,2181,O,4491.21,2025-03-24,1-URGENT
10876,2181,P,4232.39,2025-01-25,2-HIGH
10877,2181,O,4143.05,2025-03-17,1-URGENT
10878,2181,P,1909.26,2025-01-07,4-LOW
10879,2181,O,1979.82,2025-06-01,2-HIGH
10880,2181,O,5815.75,2025-03-04,1-URGENT
10881,2181,O,749.94,2025-01-05,2-HIGH
10882,2181,F,6455.35,2025-06-22,1-URGENT
10883,2182,O,6569.1,2025-01-07,1-URGENT
10884,2182,O,6287.89,2025-02-17,2-HIGH
10885,2182,F,6429.23,2025-02-22,4-LOW
10886,2182,O,1075.54,2025-05-01,1-URGENT
10887,2182,P,2508.75,2025-01-18,2-HIGH
10888,2182,O,3189.86,2025-05-15,1-URGENT
10889,2182,O,1797.22,2025-04-03,3-MEDIUM
10890,2183,F,5911.78,2025-06-11,3-MEDIUM
10891,2183,O,7602.03,2025-03-28,2-HIGH
10892,2184,O,4368.9,2025-05-31,2-HIGH
10893,2184,P,146.88,2025-02-10,4-LOW
10894,2185,F,2354.78,2025-01-22,4-LOW
10895,2185,F,922.15,2025-06-08,3-MEDIUM
10896,2185,P,713.88,2025-01-22,2-HIGH
10897,2186,F,4772.84,2025-01-01,1-URGENT
10898,2186,O,9072.71,2025-03-07,4-LOW
10899,2186,F,1668.59,2025-01-23,2-HIGH
10900,2186,P,4047.96,2025-06-23,1-URGENT
10901,2186,P,1746.76,2025-06-14,4-LOW
10902,2187,O,666.78,2025-01-20,2-HIGH
10903,2187,F,4223.34,2025-02-27,4-LOW
10904,2187,O,1508.22,2025-05-06,1-URGENT
10905,2187,O,643.15,2025-02-02,3-MEDIUM
10906,2187,F,5929.13,2025-03-30,4-LOW
10907,2187,P,8616.74,2025-06-07,1-URGENT
10908,2188,F,2792.66,2025-04-11,2-HIGH
10909,2188,P,155.98,2025-05-27,2-HIGH
10910,2188,P,3905.26,2025-02-25,4-LOW
10911,2188,O,5012.23,2025-03-31,2-HIGH
10912,2189,F,6878.83,2025-01-09,2-HIGH
10913,2189,O,3063.91,2025-01-04,1-URGENT
10914,2189,F,2291.28,2025-04-04,2-HIGH
10915,2189,O,4719.96,2025-01-19,2-HIGH
10916,2189,O,6122.71,2025-06-08,2-HIGH
10917,2190,F,4267.29,2025-02-13,3-MEDIUM
10918,2190,F,5268.19,2025-01-14,1-URGENT
10919,2190,F,5967.62,2025-01-05,2-HIGH
10920,2190,F,2017.51,2025-02-07,3-MEDIUM
10921,2190,O,195.5,2025-05-23,4-LOW
10922,2191,P,4571.49,2025-03-26,4-LOW
10923,2191,F,4587.27,2025-04-21,2-HIGH
10924,2191,F,2005.2,2025-02-07,3-MEDIUM
10925,2192,F,1849.88,2025-05-22,3-MEDIUM
10926,2192,O,4026.91,2025-03-12,1-URGENT
10927,2193,F,2058.06,2025-02-16,1-URGENT
10928,2193,O,4862.41,2025-03-28,3-MEDIUM
10929,2193,F,91.23,2025-05-14,4-LOW
10930,2194,P,2326.91,2025-06-09,4-LOW
10931,2194,F,152.15,2025-05-15,3-MEDIUM
10932,2194,P,4310.69,2025-03-19,2-HIGH
10933,2195,F,886.01,2025-04-07,2-HIGH
10934,2195,F,4231.11,2025-03-26,2-HIGH
10935,2196,P,4646.08,2025-04-11,2-HIGH
10936,2196,O,2527.06,2025-06-18,4-LOW
10937,2196,O,1636.61,2025-01-20,4-LOW
10938,2196,F,175.58,2025-06-26,3-MEDIUM
10939,2196,O,1152.66,2025-04-13,1-URGENT
10940,2197,O,3354.46,2025-06-10,2-HIGH
10941,2197,F,4917.82,2025-06-15,2-HIGH
10942,2197,F,4211.24,2025-03-13,4-LOW
10943,2197,O,2152.29,2025-01-20,3-MEDIUM
10944,2197,F,1337.63,2025-03-28,4-LOW
10945,2197,P,1156.98,2025-06-21,4-LOW
10946,2197,P,1543.74,2025-06-09,1-URGENT
10947,2197,P,846.79,2025-01-31,1-URGENT
10948,2198,P,1951.43,2025-03-23,2-HIGH
10949,2198,O,2665.35,2025-05-20,1-URGENT
10950,2199,O,6104.59,2025-06-18,1-URGENT
10951,2199,P,4414.37,2025-01-07,2-HIGH
10952,2199,O,4751.31,2025-05-11,2-HIGH
10953,2199,P,1812.54,2025-03-02,1-URGENT
10954,2199,O,712.48,2025-01-03,3-MEDIUM
10955,2200,P,6251.37,2025-02-22,3-MEDIUM
10956,2200,P,3332.2,2025-02-23,2-HIGH
10957,2200,P,6080.35,2025-05-28,2-HIGH
10958,2200,P,6214.1,2025-03-05,3-MEDIUM
10959,2200,F,4805.58,2025-03-25,3-MEDIUM
10960,2200,F,66.14,2025-01-09,2-HIGH
10961,2200,F,892.36,2025-04-12,4-LOW
10962,2200,P,3384.14,2025-01-31,3-MEDIUM
10963,2201,F,3242.05,2025-02-20,3-MEDIUM
10964,2202,P,2271.88,2025-04-29,4-LOW
10965,2202,P,1198.9,2025-01-23,2-HIGH
10966,2202,O,4029.08,2025-01-12,3-MEDIUM
10967,2202,O,337.04,2025-05-11,1-URGENT
10968,2202,O,8291.91,2025-01-11,2-HIGH
10969,2202,F,10951.98,2025-04-01,4-LOW
10970,2203,F,4840.36,2025-06-30,4-LOW
10971,2203,P,1049.17,2025-06-29,4-LOW
10972,2203,F,7899.03,2025-06-09,2-HIGH
10973,2203,O,3388.31,2025-03-10,1-URGENT
10974,2203,O,61.41,2025-02-24,4-LOW
10975,2203,F,5051.65,2025-03-03,2-HIGH
10976,2203,P,2925.51,2025-02-18,4-LOW
10977,2203,F,3196.09,2025-05-30,4-LOW
10978,2204,O,3425.16,2025-04-03,2-HIGH
10979,2204,O,3010.17,2025-01-12,2-HIGH
10980,2204,F,2610.86,2025-05-01,3-MEDIUM
10981,2205,F,2937.39,2025-04-10,2-HIGH
10982,2205,O,5968.99,2025-03-16,3-MEDIUM
10983,2205,O,1941.14,2025-06-13,3-MEDIUM
10984,2205,P,5265.24,2025-06-01,2-HIGH
10985,2205,P,895.24,2025-03-29,3-MEDIUM
10986,2205,P,1141.81,2025-01-09,3-MEDIUM
10987,2206,O,2740.72,2025-01-09,2-HIGH
10988,2207,O,1195.36,2025-02-02,4-LOW
10989,2207,F,4767.29,2025-05-07,3-MEDIUM
10990,2207,F,6886.56,2025-06-22,1-URGENT
10991,2207,O,6042.31,2025-05-06,2-HIGH
10992,2207,O,6478.96,2025-06-26,3-MEDIUM
10993,2207,F,4078.71,2025-04-01,1-URGENT
10994,2207,F,5681.71,2025-01-11,2-HIGH
10995,2207,P,495.2,2025-06-26,1-URGENT
10996,2208,P,1423.03,2025-03-28,3-MEDIUM
10997,2209,P,1323.74,2025-05-04,1-URGENT
10998,2209,P,6652.33,2025-03-04,1-URGENT
10999,2209,P,2058.25,2025-01-11,1-URGENT
11000,2209,P,86.02,2025-04-27,1-URGENT
11001,2209,O,4763.73,2025-01-04,1-URGENT
11002,2210,F,6708.13,2025-02-23,3-MEDIUM
11003,2210,F,2591.34,2025-04-09,4-LOW
11004,2211,O,1218.49,2025-02-15,4-LOW
11005,2211,P,6093.45,2025-06-08,3-MEDIUM
11006,2211,O,1661.97,2025-04-28,2-HIGH
11007,2211,F,3605.63,2025-01-07,4-LOW
11008,2211,F,5189.7,2025-01-30,3-MEDIUM
11009,2211,F,7171.28,2025-01-23,2-HIGH
11010,2211,O,3463.99,2025-04-11,3-MEDIUM
11011,2212,F,658.28,2025-01-23,4-LOW
11012,2212,O,803.89,2025-04-03,1-URGENT
11013,2212,O,2922.91,2025-02-25,1-URGENT
11014,2212,O,3392.76,2025-06-24,4-LOW
11015,2213,P,2155.1,2025-04-17,3-MEDIUM
11016,2213,F,8990.54,2025-04-04,2-HIGH
11017,2213,O,40.43,2025-01-19,2-HIGH
11018,2213,F,3894.97,2025-04-04,4-LOW
11019,2213,P,389.84,2025-02-28,3-MEDIUM
11020,2213,P,6552.24,2025-02-15,4-LOW
11021,2214,F,1479.8,2025-05-22,4-LOW
11022,2214,F,6108.51,2025-03-21,4-LOW
11023,2214,O,235.64,2025-01-07,2-HIGH
11024,2214,O,2619.97,2025-03-11,4-LOW
11025,2214,P,204.98,2025-01-08,2-HIGH
11026,2215,O,515.32,2025-06-09,1-URGENT
11027,2215,F,5028.31,2025-03-03,3-MEDIUM
11028,2215,P,5704.07,2025-05-27,2-HIGH
11029,2215,F,870.67,2025-04-02,1-URGENT
11030,2215,P,1356.4,2025-04-23,3-MEDIUM
11031,2215,F,3298.79,2025-02-24,4-LOW
11032,2216,P,3273.31,2025-01-19,4-LOW
11033,2216,O,3529.14,2025-02-21,3-MEDIUM
11034,2217,O,6909.49,2025-03-20,1-URGENT
11035,2217,O,3397.6,2025-02-11,3-MEDIUM
11036,2217,P,859.75,2025-06-09,1-URGENT
11037,2217,O,547.02,2025-01-23,4-LOW
11038,2217,O,5185.95,2025-05-02,4-LOW
11039,2217,O,3976.17,2025-03-18,4-LOW
11040,2218,P,261.52,2025-03-18,1-URGENT
11041,2218,P,503.69,2025-01-09,4-LOW
11042,2218,O,1628.88,2025-01-10,4-LOW
11043,2218,O,5934.7,2025-05-29,3-MEDIUM
11044,2218,F,6074.44,2025-04-22,3-MEDIUM
11045,2219,P,2590.68,2025-03-16,3-MEDIUM
11046,2219,F,2185.44,2025-06-07,1-URGENT
11047,2219,O,2019.56,2025-05-31,1-URGENT
11048,2220,O,3828.01,2025-02-26,2-HIGH
11049,2220,O,5178.4,2025-05-04,1-URGENT
11050,2220,F,4412.29,2025-04-03,1-URGENT
11051,2221,P,5393.97,2025-05-07,4-LOW
11052,2221,P,3732.72,2025-05-19,1-URGENT
11053,2221,P,1838.31,2025-01-13,3-MEDIUM
11054,2222,F,6448.75,2025-05-01,2-HIGH
11055,2223,F,1521.12,2025-05-29,2-HIGH
11056,2223,O,5834.33,2025-02-24,1-URGENT
11057,2223,F,1809.46,2025-02-09,4-LOW
11058,2223,P,3639.13,2025-01-12,1-URGENT
11059,2223,O,499.41,2025-01-04,2-HIGH
11060,2223,O,6396.19,2025-05-14,1-URGENT
11061,2223,F,1421.3,2025-03-08,2-HIGH
11062,2224,P,888.55,2025-04-26,1-URGENT
11063,2224,F,759.54,2025-02-15,3-MEDIUM
11064,2224,F,4392.01,2025-04-19,2-HIGH
11065,2224,F,3126.16,2025-04-22,4-LOW
11066,2224,P,2659.83,2025-01-25,4-LOW
11067,2224,F,3272.07,2025-01-18,1-URGENT
11068,2224,O,2086.67,2025-02-15,4-LOW
11069,2225,P,2928.2,2025-04-25,2-HIGH
11070,2226,F,1364.97,2025-05-01,1-URGENT
11071,2226,P,3646.02,2025-03-22,1-URGENT
11072,2226,F,3457.05,2025-06-01,1-URGENT
11073,2226,F,253.63,2025-05-25,2-HIGH
11074,2226,F,565.37,2025-03-23,4-LOW
11075,2226,P,5997.45,2025-06-10,2-HIGH
11076,2227,F,507.26,2025-06-11,2-HIGH
11077,2227,F,3056.25,2025-06-15,3-MEDIUM
11078,2227,P,1354.06,2025-06-10,1-URGENT
11079,2227,F,416.28,2025-01-22,3-MEDIUM
11080,2227,P,870.59,2025-03-09,1-URGENT
11081,2228,O,1819.35,2025-06-09,3-MEDIUM
11082,2228,O,3038.89,2025-06-11,2-HIGH
11083,2228,P,831.77,2025-05-21,1-URGENT
11084,2228,F,1401.9,2025-05-08,4-LOW
11085,2228,F,2708.17,2025-02-10,2-HIGH
11086,2229,F,3727.71,2025-06-16,1-URGENT
11087,2229,F,4387.45,2025-01-26,4-LOW
11088,2229,P,510.55,2025-04-02,1-URGENT
11089,2229,O,3478.4,2025-03-03,3-MEDIUM
11090,2230,F,4651.58,2025-02-03,3-MEDIUM
11091,2230,P,3359.04,2025-04-23,1-URGENT
11092,2231,P,4062.23,2025-04-14,3-MEDIUM
11093,2231,F,5356.24,2025-05-03,2-HIGH
11094,2231,O,596.68,2025-01-24,3-MEDIUM
11095,2232,P,5399.53,2025-05-27,2-HIGH
11096,2233,O,3713.57,2025-05-05,3-MEDIUM
11097,2233,O,1209.81,2025-02-14,2-HIGH
11098,2233,O,376.73,2025-03-30,4-LOW
11099,2233,F,5499.21,2025-02-24,2-HIGH
11100,2233,F,5699.78,2025-01-04,1-URGENT
11101,2233,F,4331.22,2025-03-13,4-LOW
11102,2233,F,2212.74,2025-06-04,2-HIGH
11103,2233,O,2182.3,2025-02-10,2-HIGH
11104,2234,P,7663.48,2025-02-08,2-HIGH
11105,2235,P,2219.1,2025-04-28,1-URGENT
11106,2235,F,8180.17,2025-03-04,2-HIGH
11107,2235,O,2468.16,2025-02-05,1-URGENT
11108,2235,F,1772.93,2025-01-09,2-HIGH
11109,2235,O,1887.39,2025-06-23,2-HIGH
11110,2235,P,727.16,2025-02-19,2-HIGH
11111,2235,O,5277.33,2025-01-15,3-MEDIUM
11112,2235,P,3658.64,2025-05-05,1-URGENT
11113,2236,F,3897.95,2025-05-20,1-URGENT
11114,2236,O,1900.91,2025-03-22,3-MEDIUM
11115,2236,F,1490.6,2025-05-13,4-LOW
11116,2236,F,3751.91,2025-04-24,3-MEDIUM
11117,2236,O,3780.97,2025-03-12,1-URGENT
11118,2237,P,2458.62,2025-01-01,3-MEDIUM
11119,2237,O,1993.18,2025-03-29,3-MEDIUM
11120,2237,O,4374.82,2025-03-26,3-MEDIUM
11121,2237,F,4257.87,2025-01-30,1-URGENT
11122,2237,P,3610.05,2025-04-01,2-HIGH
11123,2237,O,3505.2,2025-03-18,1-URGENT
11124,2237,F,4833.83,2025-06-01,1-URGENT
11125,2238,F,2860.48,2025-05-30,4-LOW
11126,2238,O,4705.51,2025-01-17,2-HIGH
11127,2238,P,114.7,2025-05-14,3-MEDIUM
11128,2239,P,4651.4,2025-04-03,3-MEDIUM
11129,2239,F,1552.66,2025-02-20,2-HIGH
11130,2239,F,4570.37,2025-05-03,2-HIGH
11131,2239,F,536.31,2025-01-04,3-MEDIUM
11132,2239,F,4439.58,2025-06-30,2-HIGH
11133,2239,P,2085.94,2025-01-07,3-MEDIUM
11134,2239,P,2355.07,2025-04-12,2-HIGH
11135,2239,O,3031.07,2025-02-25,3-MEDIUM
11136,2240,P,8437.68,2025-03-23,3-MEDIUM
11137,2241,O,5558.2,2025-05-25,3-MEDIUM
11138,2241,F,6364.77,2025-04-07,1-URGENT
11139,2241,P,2437.11,2025-04-04,2-HIGH
11140,2241,P,2963.64,2025-05-08,3-MEDIUM
11141,2241,F,2738.74,2025-01-18,4-LOW
11142,2242,O,2434.18,2025-03-27,2-HIGH
11143,2242,P,570.84,2025-05-25,3-MEDIUM
11144,2242,O,1447.56,2025-04-23,4-LOW
11145,2242,F,6468.19,2025-02-01,4-LOW
11146,2243,P,5816.97,2025-03-02,2-HIGH
11147,2243,P,3275.15,2025-01-19,1-URGENT
11148,2243,P,1446.86,2025-04-01,2-HIGH
11149,2243,P,2407.17,2025-05-25,3-MEDIUM
11150,2244,F,4623.24,2025-06-17,3-MEDIUM
11151,2244,F,6220.93,2025-05-25,2-HIGH
11152,2244,P,1178.1,2025-06-17,3-MEDIUM
11153,2244,P,1162.3,2025-05-02,2-HIGH
11154,2244,O,3159.24,2025-02-11,4-LOW
11155,2244,O,5379.55,2025-04-29,3-MEDIUM
11156,2244,O,3687.9,2025-03-16,2-HIGH
11157,2244,O,1572.47,2025-06-06,1-URGENT
11158,2245,P,9725.98,2025-04-16,4-LOW
11159,2245,F,3119.66,2025-04-20,4-LOW
11160,2245,F,1011.59,2025-06-10,1-URGENT
11161,2245,F,3931.04,2025-04-08,1-URGENT
11162,2245,O,4236.99,2025-05-05,1-URGENT
11163,2246,P,2723.4,2025-01-27,3-MEDIUM
11164,2246,P,2669.88,2025-03-01,4-LOW
11165,2246,O,722.8,2025-05-29,2-HIGH
11166,2247,P,1106.6,2025-02-04,4-LOW
11167,2247,O,1046.99,2025-05-03,3-MEDIUM
11168,2247,F,729.65,2025-03-08,3-MEDIUM
11169,2248,P,2230.9,2025-05-23,3-MEDIUM
11170,2248,P,6944.3,2025-02-19,1-URGENT
11171,2248,F,4683.65,2025-01-11,2-HIGH
11172,2248,O,4730.8,2025-05-06,2-HIGH
11173,2248,O,651.03,2025-01-02,1-URGENT
11174,2248,P,2400.6,2025-05-08,4-LOW
11175,2249,F,2433.22,2025-04-27,4-LOW
11176,2249,O,4922.19,2025-05-16,2-HIGH
11177,2249,F,5267.2,2025-05-06,3-MEDIUM
11178,2250,O,1550.73,2025-05-24,3-MEDIUM
11179,2250,O,3216.98,2025-01-02,4-LOW
11180,2251,O,778.98,2025-06-10,1-URGENT
11181,2251,P,4439.86,2025-04-23,4-LOW
11182,2251,F,1181.88,2025-02-02,3-MEDIUM
11183,2252,O,252.96,2025-01-26,2-HIGH
11184,2252,P,4097.93,2025-05-25,1-URGENT
11185,2253,P,2735.31,2025-02-22,4-LOW
11186,2253,P,4337.52,2025-02-22,1-URGENT
11187,2253,P,3577.18,2025-06-28,1-URGENT
11188,2254,O,3511.15,2025-02-07,3-MEDIUM
11189,2254,F,1186.76,2025-06-07,4-LOW
11190,2254,F,644.61,2025-04-29,2-HIGH
11191,2254,P,9752.42,2025-04-03,1-URGENT
11192,2254,F,3350.88,2025-06-17,2-HIGH
11193,2254,P,4681.95,2025-04-23,3-MEDIUM
11194,2255,F,2838.53,2025-02-01,3-MEDIUM
11195,2256,F,1537.22,2025-05-02,1-URGENT
11196,2256,O,5052.41,2025-03-02,4-LOW
11197,2256,F,4507.63,2025-02-28,4-LOW
11198,2256,F,4391.87,2025-04-24,2-HIGH
11199,2256,P,3012.14,2025-06-25,1-URGENT
11200,2257,P,211.65,2025-02-27,4-LOW
11201,2257,F,2256.72,2025-03-14,4-LOW
11202,2257,P,6199.61,2025-03-09,1-URGENT
11203,2258,P,3827.83,2025-04-11,4-LOW
11204,2258,F,2747.13,2025-01-25,1-URGENT
11205,2258,O,260.8,2025-03-29,2-HIGH
11206,2258,P,4867.69,2025-01-26,1-URGENT
11207,2258,P,2595.11,2025-06-23,4-LOW
11208,2258,P,1046.93,2025-03-20,4-LOW
11209,2259,P,1542.32,2025-04-08,4-LOW
11210,2259,O,1964.87,2025-03-05,4-LOW
11211,2259,P,415.1,2025-01-14,2-HIGH
11212,2260,F,881.23,2025-06-06,4-LOW
11213,2260,O,4251.53,2025-01-10,1-URGENT
11214,2260,O,69.14,2025-03-20,1-URGENT
11215,2260,O,6387.96,2025-02-25,4-LOW
11216,2260,P,749.16,2025-01-21,2-HIGH
11217,2261,P,2367.67,2025-03-18,1-URGENT
11218,2261,P,146.84,2025-01-06,3-MEDIUM
11219,2262,P,7771.85,2025-04-04,2-HIGH
11220,2262,P,5477.87,2025-05-31,2-HIGH
11221,2262,F,1853.59,2025-05-15,1-URGENT
11222,2263,O,1999.4,2025-01-22,2-HIGH
11223,2263,F,3945.15,2025-03-28,3-MEDIUM
11224,2263,F,1626.42,2025-02-21,4-LOW
11225,2264,F,1032.5,2025-04-12,1-URGENT
11226,2264,O,3383.8,2025-04-24,4-LOW
11227,2264,O,1923.06,2025-05-17,2-HIGH
11228,2264,F,1224.36,2025-05-10,1-URGENT
11229,2264,F,1476.48,2025-03-02,1-URGENT
11230,2264,F,6503.03,2025-06-18,3-MEDIUM
11231,2265,F,3206.4,2025-04-07,1-URGENT
11232,2265,F,4767.24,2025-04-19,3-MEDIUM
11233,2265,F,8592.25,2025-03-16,2-HIGH
11234,2265,P,5591.37,2025-02-06,4-LOW
11235,2265,F,1514.13,2025-04-26,1-URGENT
11236,2265,F,4442.31,2025-03-27,2-HIGH
11237,2266,F,3523.76,2025-06-13,2-HIGH
11238,2266,F,3535.56,2025-05-29,4-LOW
11239,2266,O,3440.82,2025-04-01,2-HIGH
11240,2266,O,591.7,2025-03-01,3-MEDIUM
11241,2267,O,2222.19,2025-04-14,1-URGENT
11242,2267,F,1567.69,2025-05-07,3-MEDIUM
11243,2267,P,770.76,2025-02-04,3-MEDIUM
11244,2267,P,1327.59,2025-01-05,3-MEDIUM
11245,2267,F,3465.27,2025-05-10,3-MEDIUM
11246,2268,F,4528.2,2025-03-14,2-HIGH
11247,2268,F,1065.51,2025-01-26,1-URGENT
11248,2268,F,3265.38,2025-01-01,1-URGENT
11249,2268,O,2569.79,2025-04-09,2-HIGH
11250,2268,O,7550.88,2025-04-13,3-MEDIUM
11251,2268,O,2826.25,2025-03-23,1-URGENT
11252,2268,O,529.1,2025-01-08,1-URGENT
11253,2268,F,5245.68,2025-02-17,3-MEDIUM
11254,2269,O,3680.54,2025-06-28,2-HIGH
11255,2269,O,4707.42,2025-03-04,3-MEDIUM
11256,2269,P,1446.97,2025-04-15,2-HIGH
11257,2269,O,4089.06,2025-02-02,2-HIGH
11258,2269,O,6360.42,2025-06-07,4-LOW
11259,2269,O,1214.9,2025-02-12,2-HIGH
11260,2269,O,860.85,2025-03-26,3-MEDIUM
11261,2270,O,1120.49,2025-05-08,1-URGENT
11262,2270,F,6455.05,2025-03-21,4-LOW
11263,2270,F,232.35,2025-06-11,3-MEDIUM
11264,2270,P,434.48,2025-03-01,1-URGENT
11265,2270,F,34.32,2025-03-09,3-MEDIUM
11266,2271,F,2295.93,2025-05-02,3-MEDIUM
11267,2271,F,1281.8,2025-02-27,1-URGENT
11268,2272,O,7041.2,2025-05-31,4-LOW
11269,2273,F,3712.48,2025-06-08,4-LOW
11270,2274,O,2842.4,2025-01-27,1-URGENT
11271,2274,O,2390.74,2025-02-04,1-URGENT
11272,2274,F,566.88,2025-04-06,4-LOW
11273,2274,P,4377.71,2025-05-10,4-LOW
11274,2274,F,1313.13,2025-02-04,1-URGENT
11275,2274,P,2539.47,2025-02-12,1-URGENT
11276,2274,F,8960.13,2025-03-28,4-LOW
11277,2274,F,2546.39,2025-03-13,2-HIGH
11278,2275,F,3310.2,2025-05-26,3-MEDIUM
11279,2275,O,2402.11,2025-04-16,4-LOW
11280,2275,P,4138.95,2025-01-26,2-HIGH
11281,2276,F,166.58,2025-03-29,1-URGENT
11282,2276,O,651.21,2025-06-09,4-LOW
11283,2276,P,2229.51,2025-01-17,2-HIGH
11284,2276,O,1035.75,2025-06-12,1-URGENT
11285,2276,F,2442.01,2025-03-13,1-URGENT
11286,2276,F,3897.43,2025-06-29,4-LOW
11287,2276,O,2582.64,2025-04-20,4-LOW
11288,2276,F,4714.5,2025-03-28,1-URGENT
11289,2277,F,2897.53,2025-04-29,2-HIGH
11290,2277,F,5003.49,2025-06-16,1-URGENT
11291,2278,O,6330.26,2025-03-14,2-HIGH
11292,2278,O,1381.12,2025-05-16,3-MEDIUM
11293,2278,P,1196.09,2025-04-10,4-LOW
11294,2278,O,3969.24,2025-06-06,3-MEDIUM
11295,2278,O,4187.62,2025-05-29,2-HIGH
11296,2278,P,3190.3,2025-06-03,1-URGENT
11297,2279,P,2199.96,2025-05-04,4-LOW
11298,2279,F,397.61,2025-06-07,4-LOW
11299,2279,O,7211.48,2025-04-21,3-MEDIUM
11300,2279,F,4386.64,2025-01-01,2-HIGH
11301,2279,P,5285.0,2025-04-28,4-LOW
11302,2279,O,8826.83,2025-04-03,3-MEDIUM
11303,2279,P,82.48,2025-03-24,3-MEDIUM
11304,2279,P,2060.55,2025-03-10,3-MEDIUM
11305,2280,P,6814.82,2025-04-05,1-URGENT
11306,2280,F,128.82,2025-02-26,1-URGENT
11307,2281,F,4089.1,2025-05-26,3-MEDIUM
11308,2281,F,5828.78,2025-04-05,3-MEDIUM
11309,2282,F,7149.27,2025-02-16,1-URGENT
11310,2282,P,836.01,2025-04-18,4-LOW
11311,2283,F,610.61,2025-05-21,2-HIGH
11312,2283,F,3089.6,2025-02-12,3-MEDIUM
11313,2284,F,5110.85,2025-05-24,4-LOW
11314,2284,P,3571.45,2025-05-17,2-HIGH
11315,2284,F,1694.49,2025-01-21,2-HIGH
11316,2284,O,2289.45,2025-05-10,3-MEDIUM
11317,2284,O,2662.38,2025-04-24,4-LOW
11318,2284,F,6865.86,2025-02-25,2-HIGH
11319,2284,P,4342.1,2025-01-11,3-MEDIUM
11320,2284,O,2021.78,2025-05-27,3-MEDIUM
11321,2285,P,3491.4,2025-06-21,1-URGENT
11322,2285,O,2559.17,2025-01-30,1-URGENT
11323,2285,F,3937.38,2025-06-18,1-URGENT
11324,2285,P,5412.23,2025-06-17,4-LOW
11325,2285,F,2594.26,2025-05-19,2-HIGH
11326,2286,O,2572.57,2025-02-22,4-LOW
11327,2287,P,1000.63,2025-04-22,1-URGENT
11328,2287,O,3212.71,2025-04-08,3-MEDIUM
11329,2287,P,2917.27,2025-03-16,1-URGENT
11330,2287,P,1254.62,2025-02-15,3-MEDIUM
11331,2287,P,1423.51,2025-04-29,2-HIGH
11332,2287,O,6130.22,2025-05-15,2-HIGH
11333,2287,O,3894.67,2025-06-06,4-LOW
11334,2288,P,2681.03,2025-05-24,4-LOW
11335,2288,F,1015.07,2025-02-22,1-URGENT
11336,2288,P,5089.88,2025-03-13,1-URGENT
11337,2288,O,6150.42,2025-06-08,1-URGENT
11338,2288,P,5023.88,2025-01-23,1-URGENT
11339,2288,P,3623.01,2025-05-07,2-HIGH
11340,2289,O,5443.68,2025-01-24,1-URGENT
11341,2289,F,3649.91,2025-05-24,4-LOW
11342,2289,P,6721.58,2025-01-25,3-MEDIUM
11343,2289,P,600.92,2025-04-09,3-MEDIUM
11344,2289,F,1655.38,2025-05-21,1-URGENT
11345,2289,F,5759.36,2025-04-04,1-URGENT
11346,2290,F,3163.62,2025-03-18,1-URGENT
11347,2290,P,1128.74,2025-01-17,2-HIGH
11348,2290,P,6192.51,2025-06-19,3-MEDIUM
11349,2290,P,5031.59,2025-06-29,1-URGENT
11350,2290,F,2845.62,2025-04-26,3-MEDIUM
11351,2290,P,4805.95,2025-05-02,4-LOW
11352,2291,O,3068.48,2025-04-14,1-URGENT
11353,2291,F,2104.16,2025-06-03,2-HIGH
11354,2291,F,1358.1,2025-04-24,4-LOW
11355,2292,O,5704.54,2025-01-30,4-LOW
11356,2292,P,7950.34,2025-01-13,3-MEDIUM
11357,2292,F,4179.47,2025-03-14,2-HIGH
11358,2292,O,2716.46,2025-03-14,1-URGENT
11359,2292,F,6092.01,2025-03-18,3-MEDIUM
11360,2292,O,1537.95,2025-04-30,4-LOW
11361,2292,O,2697.37,2025-05-04,2-HIGH
11362,2293,P,3655.94,2025-03-28,2-HIGH
11363,2293,P,4843.87,2025-03-21,4-LOW
11364,2293,O,6919.12,2025-06-27,3-MEDIUM
11365,2293,P,6855.23,2025-03-11,3-MEDIUM
11366,2293,F,1514.04,2025-04-04,2-HIGH
11367,2293,P,5512.26,2025-03-25,2-HIGH
11368,2293,F,157.57,2025-06-09,2-HIGH
11369,2293,F,2373.99,2025-04-13,1-URGENT
11370,2294,P,3564.02,2025-03-26,2-HIGH
11371,2294,O,387.52,2025-02-05,2-HIGH
11372,2294,O,5911.48,2025-01-13,4-LOW
11373,2294,P,5686.8,2025-06-24,4-LOW
11374,2295,F,5736.99,2025-03-02,3-MEDIUM
11375,2295,F,1456.7,2025-05-11,4-LOW
11376,2295,P,407.13,2025-06-10,2-HIGH
11377,2295,F,2788.05,2025-01-25,4-LOW
11378,2295,F,2442.55,2025-02-20,3-MEDIUM
11379,2296,P,1686.76,2025-06-07,4-LOW
11380,2296,O,3715.98,2025-05-17,2-HIGH
11381,2296,P,1491.8,2025-05-01,3-MEDIUM
11382,2297,P,3442.05,2025-06-21,3-MEDIUM
11383,2297,P,1074.48,2025-02-09,4-LOW
11384,2297,P,3335.16,2025-01-20,1-URGENT
11385,2298,O,3770.05,2025-04-24,1-URGENT
11386,2299,P,2642.73,2025-05-11,1-URGENT
11387,2299,O,1689.45,2025-03-17,2-HIGH
11388,2299,O,5695.54,2025-02-14,2-HIGH
11389,2299,P,3936.66,2025-04-22,3-MEDIUM
11390,2300,P,3181.09,2025-04-27,2-HIGH
11391,2301,P,3557.66,2025-06-11,3-MEDIUM
11392,2301,P,2877.62,2025-03-11,4-LOW
11393,2301,F,1315.36,2025-06-12,4-LOW
11394,2302,P,6747.37,2025-04-04,3-MEDIUM
11395,2302,P,4096.21,2025-06-29,2-HIGH
11396,2302,P,3153.4,2025-02-03,3-MEDIUM
11397,2302,O,1064.05,2025-04-16,4-LOW
11398,2302,P,1559.87,2025-01-24,3-MEDIUM
11399,2302,P,5212.11,2025-03-17,3-MEDIUM
11400,2302,F,2364.91,2025-06-09,4-LOW
11401,2302,F,3224.08,2025-05-04,4-LOW
11402,2303,P,4350.65,2025-06-27,2-HIGH
11403,2303,P,2255.36,2025-06-16,2-HIGH
11404,2303,O,4345.3,2025-02-13,3-MEDIUM
11405,2303,P,1797.25,2025-06-18,4-LOW
11406,2303,P,1921.63,2025-04-07,4-LOW
11407,2303,P,3445.19,2025-03-01,1-URGENT
11408,2303,F,3310.48,2025-05-19,1-URGENT
11409,2303,F,2928.19,2025-02-02,2-HIGH
11410,2304,O,2012.53,2025-04-14,2-HIGH
11411,2305,F,9460.03,2025-03-17,1-URGENT
11412,2305,O,1513.35,2025-02-27,1-URGENT
11413,2305,F,2284.19,2025-03-11,1-URGENT
11414,2305,F,4153.22,2025-06-28,2-HIGH
11415,2305,P,2091.21,2025-04-02,4-LOW
11416,2305,F,596.2,2025-06-07,1-URGENT
11417,2305,P,3098.46,2025-01-06,2-HIGH
11418,2305,O,1969.03,2025-05-24,3-MEDIUM
11419,2306,P,324.28,2025-01-29,1-URGENT
11420,2306,F,3283.22,2025-02-11,1-URGENT
11421,2306,P,5198.57,2025-02-27,4-LOW
11422,2306,F,3594.08,2025-06-12,4-LOW
11423,2306,F,3275.82,2025-02-15,2-HIGH
11424,2306,O,813.95,2025-01-14,2-HIGH
11425,2307,F,522.83,2025-05-03,2-HIGH
11426,2307,P,2682.13,2025-04-17,4-LOW
11427,2307,O,5878.48,2025-06-19,3-MEDIUM
11428,2307,O,3070.5,2025-03-06,4-LOW
11429,2307,O,2415.96,2025-03-24,1-URGENT
11430,2307,P,4447.46,2025-04-30,1-URGENT
11431,2307,P,5023.44,2025-01-13,1-URGENT
11432,2308,O,223.43,2025-02-18,4-LOW
11433,2308,F,1519.09,2025-04-08,1-URGENT
11434,2308,F,3352.15,2025-06-20,4-LOW
11435,2308,O,2863.56,2025-05-06,3-MEDIUM
11436,2308,F,4479.5,2025-01-25,3-MEDIUM
11437,2308,O,4296.06,2025-02-13,1-URGENT
11438,2309,P,2537.15,2025-01-25,1-URGENT
11439,2309,O,4061.39,2025-05-19,1-URGENT
11440,2309,F,3667.75,2025-05-03,2-HIGH
11441,2309,F,1464.52,2025-04-12,4-LOW
11442,2309,O,5083.27,2025-02-06,1-URGENT
11443,2310,O,5253.5,2025-06-15,1-URGENT
11444,2310,F,884.7,2025-02-05,4-LOW
11445,2310,P,4074.44,2025-03-19,2-HIGH
11446,2310,P,1999.2,2025-05-30,3-MEDIUM
11447,2311,F,3845.9,2025-04-06,3-MEDIUM
11448,2311,O,2999.69,2025-03-30,1-URGENT
11449,2312,F,1013.15,2025-03-06,3-MEDIUM
11450,2312,P,2332.16,2025-03-07,4-LOW
11451,2313,F,4758.58,2025-02-27,2-HIGH
11452,2313,O,4502.58,2025-04-09,3-MEDIUM
11453,2313,F,1116.86,2025-06-26,1-URGENT
11454,2314,P,2854.77,2025-04-14,1-URGENT
11455,2314,P,5582.04,2025-04-27,1-URGENT
11456,2314,P,5904.57,2025-03-13,1-URGENT
11457,2314,F,7500.2,2025-02-03,4-LOW
11458,2314,P,4785.43,2025-01-18,3-MEDIUM
11459,2314,O,2873.67,2025-03-29,2-HIGH
11460,2314,F,7299.77,2025-04-29,4-LOW
11461,2315,F,5777.87,2025-03-21,2-HIGH
11462,2315,P,235.94,2025-03-31,1-URGENT
11463,2316,P,5910.7,2025-04-06,3-MEDIUM
11464,2316,O,855.89,2025-05-27,2-HIGH
11465,2316,O,2931.4,2025-02-19,1-URGENT
11466,2316,P,3783.27,2025-06-24,3-MEDIUM
11467,2316,P,540.71,2025-03-15,4-LOW
11468,2316,O,1765.58,2025-05-02,4-LOW
11469,2317,P,2240.49,2025-06-29,3-MEDIUM
11470,2317,F,3634.8,2025-02-07,1-URGENT
11471,2317,O,392.02,2025-05-10,3-MEDIUM
11472,2317,O,5588.2,2025-03-11,4-LOW
11473,2317,P,4815.88,2025-01-06,4-LOW
11474,2317,F,500.92,2025-04-07,2-HIGH
11475,2317,F,817.95,2025-05-08,1-URGENT
11476,2318,O,2775.89,2025-06-09,2-HIGH
11477,2318,F,3231.02,2025-05-02,1-URGENT
11478,2318,P,1319.5,2025-01-31,1-URGENT
11479,2318,F,162.74,2025-06-26,4-LOW
11480,2318,F,5245.0,2025-01-08,3-MEDIUM
11481,2319,P,3413.42,2025-05-07,4-LOW
11482,2320,O,366.89,2025-02-27,3-MEDIUM
11483,2320,O,5075.26,2025-01-12,3-MEDIUM
11484,2320,P,1197.0,2025-05-31,2-HIGH
11485,2320,P,6885.62,2025-03-08,2-HIGH
11486,2320,F,1491.03,2025-04-11,4-LOW
11487,2320,P,4801.89,2025-01-12,4-LOW
11488,2320,O,968.51,2025-03-04,2-HIGH
11489,2320,O,3212.11,2025-05-29,1-URGENT
11490,2321,F,3418.78,2025-02-15,3-MEDIUM
11491,2321,O,1645.6,2025-06-24,1-URGENT
11492,2321,F,4014.26,2025-03-26,4-LOW
11493,2321,O,2400.67,2025-05-27,2-HIGH
11494,2321,O,3357.51,2025-03-01,2-HIGH
11495,2321,P,6949.34,2025-01-07,2-HIGH
11496,2321,O,4667.11,2025-03-08,2-HIGH
11497,2322,F,936.36,2025-02-04,4-LOW
11498,2322,P,3972.34,2025-03-01,4-LOW
11499,2323,F,2285.0,2025-03-03,2-HIGH
11500,2323,O,3508.17,2025-02-19,2-HIGH
11501,2323,P,726.3,2025-03-13,1-URGENT
11502,2323,O,3597.13,2025-04-06,4-LOW
11503,2324,P,638.86,2025-06-12,2-HIGH
11504,2324,O,3701.02,2025-04-27,3-MEDIUM
11505,2324,O,3946.74,2025-04-14,2-HIGH
11506,2324,F,2153.74,2025-01-14,4-LOW
11507,2324,F,2479.52,2025-06-16,2-HIGH
11508,2325,P,3347.12,2025-02-03,3-MEDIUM
11509,2325,P,3729.83,2025-01-10,4-LOW
11510,2325,P,5454.94,2025-01-23,2-HIGH
11511,2325,P,750.56,2025-03-19,3-MEDIUM
11512,2325,F,3251.05,2025-03-08,4-LOW
11513,2326,O,3368.88,2025-01-27,4-LOW
11514,2326,F,2005.95,2025-04-05,2-HIGH
11515,2327,P,4526.42,2025-06-23,4-LOW
11516,2327,O,3522.73,2025-04-04,4-LOW
11517,2327,O,5385.83,2025-05-30,1-URGENT
11518,2327,F,306.36,2025-03-16,1-URGENT
11519,2327,P,5400.78,2025-04-15,3-MEDIUM
11520,2327,F,1483.02,2025-05-18,4-LOW
11521,2327,F,2151.82,2025-03-27,1-URGENT
11522,2327,P,4521.77,2025-01-13,3-MEDIUM
11523,2328,P,4842.14,2025-04-15,2-HIGH
11524,2328,P,651.31,2025-01-28,4-LOW
11525,2328,O,6400.95,2025-02-21,1-URGENT
11526,2328,O,2159.02,2025-02-23,2-HIGH
11527,2328,P,4425.91,2025-05-09,2-HIGH
11528,2329,P,2602.68,2025-06-02,1-URGENT
11529,2329,O,5019.8,2025-01-03,3-MEDIUM
11530,2329,F,2210.57,2025-06-05,3-MEDIUM
11531,2329,P,416.08,2025-05-07,4-LOW
11532,2329,O,5001.26,2025-02-08,2-HIGH
11533,2329,P,3153.79,2025-02-18,4-LOW
11534,2329,O,1585.37,2025-05-15,3-MEDIUM
11535,2329,P,2327.41,2025-06-29,1-URGENT
11536,2330,F,3536.83,2025-01-28,3-MEDIUM
11537,2330,F,3436.39,2025-02-06,2-HIGH
11538,2330,P,2974.14,2025-04-22,1-URGENT
11539,2331,P,5419.32,2025-04-06,4-LOW
11540,2331,O,697.39,2025-01-31,1-URGENT
11541,2331,O,1675.66,2025-03-10,4-LOW
11542,2331,O,4089.07,2025-02-17,2-HIGH
11543,2331,O,6193.22,2025-01-16,3-MEDIUM
11544,2331,O,2643.19,2025-02-18,3-MEDIUM
11545,2332,F,1626.49,2025-03-09,3-MEDIUM
11546,2332,P,3027.88,2025-06-21,1-URGENT
11547,2332,P,2387.17,2025-05-23,1-URGENT
11548,2332,O,2232.2,2025-01-10,3-MEDIUM
11549,2332,F,3146.82,2025-02-10,3-MEDIUM
11550,2332,P,2011.72,2025-02-21,2-HIGH
11551,2333,O,6545.75,2025-06-07,3-MEDIUM
11552,2333,P,6659.87,2025-01-09,3-MEDIUM
11553,2333,F,8106.52,2025-04-05,4-LOW
11554,2333,P,129.16,2025-01-03,1-URGENT
11555,2333,P,5979.23,2025-02-16,3-MEDIUM
11556,2333,F,7843.13,2025-06-28,4-LOW
11557,2333,F,671.4,2025-03-22,4-LOW
11558,2334,P,7005.57,2025-01-25,4-LOW
11559,2334,P,4501.19,2025-02-28,3-MEDIUM
11560,2335,F,3880.16,2025-01-17,1-URGENT
11561,2336,F,4326.2,2025-02-11,1-URGENT
11562,2336,F,1794.58,2025-06-14,3-MEDIUM
11563,2336,F,3328.61,2025-01-14,2-HIGH
11564,2336,F,2732.18,2025-05-21,1-URGENT
11565,2337,O,4589.3,2025-06-20,4-LOW
11566,2337,P,1062.62,2025-06-28,4-LOW
11567,2337,P,967.81,2025-01-06,1-URGENT
11568,2338,F,4261.28,2025-05-13,4-LOW
11569,2338,O,2047.74,2025-01-16,2-HIGH
11570,2338,P,1238.18,2025-01-11,2-HIGH
11571,2338,F,373.69,2025-03-17,1-URGENT
11572,2339,P,6969.88,2025-03-29,3-MEDIUM
11573,2339,O,1330.0,2025-03-03,1-URGENT
11574,2339,F,10319.58,2025-03-27,3-MEDIUM
11575,2340,O,6412.82,2025-05-11,3-MEDIUM
11576,2340,P,5339.05,2025-06-27,3-MEDIUM
11577,2340,F,2678.68,2025-05-05,1-URGENT
11578,2340,P,2524.46,2025-06-15,1-URGENT
11579,2341,F,2492.79,2025-04-04,2-HIGH
11580,2341,F,3938.54,2025-05-28,1-URGENT
11581,2341,P,161.73,2025-05-02,2-HIGH
11582,2341,F,2773.73,2025-03-11,2-HIGH
11583,2341,P,3699.26,2025-05-14,1-URGENT
11584,2341,O,4425.58,2025-01-24,4-LOW
11585,2341,P,3465.29,2025-04-27,4-LOW
11586,2342,O,173.81,2025-04-29,3-MEDIUM
11587,2342,F,4127.53,2025-03-07,2-HIGH
11588,2342,O,1846.06,2025-06-03,1-URGENT
11589,2342,P,1458.48,2025-02-18,3-MEDIUM
11590,2342,F,2656.32,2025-02-06,1-URGENT
11591,2342,F,5120.88,2025-05-07,2-HIGH
11592,2342,O,6308.55,2025-04-15,2-HIGH
11593,2342,F,6308.6,2025-01-02,3-MEDIUM
11594,2343,F,3136.63,2025-05-29,2-HIGH
11595,2343,P,3035.42,2025-04-14,1-URGENT
11596,2343,O,396.8,2025-02-02,3-MEDIUM
11597,2343,P,5144.88,2025-01-15,2-HIGH
11598,2343,O,847.31,2025-05-26,1-URGENT
11599,2343,F,863.33,2025-03-12,3-MEDIUM
11600,2343,P,3314.31,2025-01-09,2-HIGH
11601,2343,F,3728.43,2025-04-17,3-MEDIUM
11602,2344,O,713.28,2025-03-04,2-HIGH
11603,2344,P,2213.67,2025-01-21,3-MEDIUM
11604,2344,O,3984.3,2025-05-02,3-MEDIUM
11605,2344,O,5492.99,2025-06-01,1-URGENT
11606,2344,F,346.35,2025-04-27,4-LOW
11607,2344,P,4670.64,2025-05-17,4-LOW
11608,2344,F,1777.52,2025-06-06,4-LOW
11609,2344,P,6406.01,2025-06-04,1-URGENT
11610,2345,P,4432.9,2025-05-14,2-HIGH
11611,2345,O,1803.89,2025-01-02,4-LOW
11612,2346,P,2609.6,2025-03-23,3-MEDIUM
11613,2346,F,2435.99,2025-05-22,4-LOW
11614,2346,O,3535.9,2025-01-03,1-URGENT
11615,2347,F,4219.64,2025-01-25,3-MEDIUM
11616,2347,P,2459.54,2025-01-19,3-MEDIUM
11617,2347,P,2679.02,2025-01-18,4-LOW
11618,2347,F,9980.37,2025-01-30,2-HIGH
11619,2347,F,4623.24,2025-05-14,1-URGENT
11620,2347,F,6354.81,2025-06-11,3-MEDIUM
11621,2348,P,2281.54,2025-02-18,2-HIGH
11622,2348,O,1242.1,2025-05-18,1-URGENT
11623,2349,F,2125.13,2025-05-16,3-MEDIUM
11624,2349,O,736.03,2025-03-07,2-HIGH
11625,2349,F,6299.64,2025-04-07,3-MEDIUM
11626,2349,F,1066.44,2025-04-06,4-LOW
11627,2349,O,1846.46,2025-02-14,3-MEDIUM
11628,2349,P,3869.61,2025-04-07,2-HIGH
11629,2349,P,4365.6,2025-03-26,4-LOW
11630,2350,P,5532.29,2025-03-25,1-URGENT
11631,2351,P,459.18,2025-01-26,2-HIGH
11632,2351,P,5112.27,2025-04-23,2-HIGH
11633,2351,O,215.26,2025-03-16,3-MEDIUM
11634,2352,O,602.34,2025-03-01,2-HIGH
11635,2352,F,5919.76,2025-01-03,1-URGENT
11636,2353,F,1608.08,2025-05-10,2-HIGH
11637,2353,F,4957.98,2025-06-06,4-LOW
11638,2353,O,3411.78,2025-06-09,2-HIGH
11639,2353,F,6417.16,2025-05-11,3-MEDIUM
11640,2354,F,6541.53,2025-05-19,2-HIGH
11641,2354,O,2427.7,2025-02-09,1-URGENT
11642,2354,O,2137.52,2025-04-20,2-HIGH
11643,2354,P,4305.98,2025-06-13,3-MEDIUM
11644,2354,F,1909.24,2025-04-21,1-URGENT
11645,2355,O,1908.21,2025-01-25,2-HIGH
11646,2355,O,2475.06,2025-05-01,4-LOW
11647,2355,P,1381.49,2025-04-21,4-LOW
11648,2355,P,1053.83,2025-02-23,2-HIGH
11649,2355,P,1322.85,2025-02-06,3-MEDIUM
11650,2355,O,157.22,2025-04-21,3-MEDIUM
11651,2356,F,1557.32,2025-04-01,2-HIGH
11652,2356,P,958.25,2025-04-08,4-LOW
11653,2356,P,2260.12,2025-01-24,3-MEDIUM
11654,2356,F,5104.0,2025-05-11,4-LOW
11655,2356,O,281.48,2025-05-07,3-MEDIUM
11656,2356,P,6605.8,2025-05-18,1-URGENT
11657,2356,O,4920.91,2025-03-25,3-MEDIUM
11658,2356,O,3845.0,2025-05-25,4-LOW
11659,2357,P,8166.3,2025-03-27,4-LOW
11660,2357,O,3140.68,2025-03-30,3-MEDIUM
11661,2357,O,6035.54,2025-03-12,3-MEDIUM
11662,2357,P,4583.99,2025-03-22,1-URGENT
11663,2358,P,1959.65,2025-04-05,3-MEDIUM
11664,2358,F,34.84,2025-05-07,3-MEDIUM
11665,2358,F,436.62,2025-01-28,3-MEDIUM
11666,2358,P,2897.18,2025-05-22,3-MEDIUM
11667,2358,F,2230.78,2025-01-08,3-MEDIUM
11668,2359,O,2621.85,2025-03-01,1-URGENT
11669,2359,O,2558.67,2025-05-12,3-MEDIUM
11670,2359,F,3432.37,2025-02-20,2-HIGH
11671,2359,P,231.26,2025-06-24,1-URGENT
11672,2359,F,2883.34,2025-05-16,4-LOW
11673,2359,P,1444.89,2025-02-11,3-MEDIUM
11674,2359,P,3680.08,2025-03-01,4-LOW
11675,2360,P,4907.15,2025-02-07,2-HIGH
11676,2361,P,2939.15,2025-05-30,2-HIGH
11677,2361,F,2554.88,2025-01-26,4-LOW
11678,2361,F,2859.81,2025-06-06,4-LOW
11679,2361,F,1140.7,2025-03-29,4-LOW
11680,2362,P,9574.25,2025-01-21,4-LOW
11681,2362,O,3842.99,2025-06-27,4-LOW
11682,2362,P,1588.18,2025-02-27,3-MEDIUM
11683,2362,P,4334.83,2025-03-29,2-HIGH
11684,2363,O,4829.49,2025-03-10,1-URGENT
11685,2363,P,113.08,2025-02-13,4-LOW
11686,2363,O,1711.57,2025-02-28,4-LOW
11687,2363,O,1928.58,2025-05-20,4-LOW
11688,2363,F,4913.03,2025-02-25,2-HIGH
11689,2363,P,2058.72,2025-01-11,3-MEDIUM
11690,2364,O,1758.22,2025-02-02,3-MEDIUM
11691,2365,P,493.86,2025-02-10,1-URGENT
11692,2365,P,2921.54,2025-06-25,4-LOW
11693,2365,P,3439.85,2025-01-09,4-LOW
11694,2365,P,2077.87,2025-06-06,1-URGENT
11695,2366,O,1364.55,2025-02-25,1-URGENT
11696,2366,O,2328.73,2025-06-29,1-URGENT
11697,2366,P,3280.03,2025-03-02,2-HIGH
11698,2366,P,3400.16,2025-03-14,4-LOW
11699,2366,F,3202.54,2025-03-15,2-HIGH
11700,2366,O,4265.89,2025-06-04,2-HIGH
11701,2367,O,3838.32,2025-01-08,4-LOW
11702,2367,O,5443.85,2025-01-05,3-MEDIUM
11703,2367,O,2393.04,2025-03-14,3-MEDIUM
11704,2367,F,2256.41,2025-04-07,1-URGENT
11705,2367,F,3426.1,2025-05-12,4-LOW
11706,2367,P,3945.04,2025-04-15,3-MEDIUM
11707,2367,F,549.15,2025-04-26,4-LOW
11708,2367,O,10124.9,2025-05-12,2-HIGH
11709,2368,F,3865.04,2025-03-26,2-HIGH
11710,2368,F,967.8,2025-05-12,2-HIGH
11711,2369,F,2382.73,2025-05-25,3-MEDIUM
11712,2369,O,3866.32,2025-02-25,1-URGENT
11713,2369,P,4592.76,2025-04-23,1-URGENT
11714,2369,O,561.96,2025-05-19,2-HIGH
11715,2369,P,886.24,2025-02-05,1-URGENT
11716,2369,O,1855.55,2025-05-19,4-LOW
11717,2369,O,437.83,2025-01-13,3-MEDIUM
11718,2369,O,4117.02,2025-04-09,4-LOW
11719,2370,P,2513.84,2025-03-16,4-LOW
11720,2370,O,4595.34,2025-06-19,1-URGENT
11721,2370,O,2176.39,2025-06-05,1-URGENT
11722,2370,P,1225.83,2025-03-26,3-MEDIUM
11723,2370,F,3093.33,2025-04-16,1-URGENT
11724,2371,O,1562.0,2025-05-13,2-HIGH
11725,2371,P,3178.16,2025-02-25,1-URGENT
11726,2371,F,1470.53,2025-05-08,4-LOW
11727,2372,P,3686.91,2025-06-18,1-URGENT
11728,2372,F,439.99,2025-06-02,1-URGENT
11729,2372,F,4544.52,2025-04-12,3-MEDIUM
11730,2372,P,3614.93,2025-04-29,1-URGENT
11731,2372,P,2782.96,2025-03-11,2-HIGH
11732,2372,F,2209.68,2025-01-06,4-LOW
11733,2373,O,4310.71,2025-04-29,3-MEDIUM
11734,2373,O,2430.89,2025-03-18,3-MEDIUM
11735,2373,O,66.29,2025-02-20,4-LOW
11736,2373,F,3809.67,2025-04-30,2-HIGH
11737,2373,P,1419.26,2025-01-16,3-MEDIUM
11738,2373,O,2460.2,2025-06-06,1-URGENT
11739,2373,F,4467.18,2025-02-18,2-HIGH
11740,2374,O,7289.72,2025-03-23,1-URGENT
11741,2374,F,724.14,2025-05-30,1-URGENT
11742,2374,O,3784.81,2025-04-07,2-HIGH
11743,2375,O,2025.42,2025-05-07,3-MEDIUM
11744,2375,P,3358.66,2025-03-07,4-LOW
11745,2375,F,4118.57,2025-04-21,1-URGENT
11746,2376,F,52.06,2025-01-21,3-MEDIUM
11747,2376,O,4746.13,2025-05-28,2-HIGH
11748,2376,P,6170.02,2025-03-26,1-URGENT
11749,2376,O,7372.79,2025-05-30,2-HIGH
11750,2376,F,2752.16,2025-05-23,3-MEDIUM
11751,2376,F,6647.41,2025-01-13,4-LOW
11752,2376,F,2886.87,2025-06-06,4-LOW
11753,2377,P,5454.88,2025-02-25,2-HIGH
11754,2377,F,235.41,2025-05-20,3-MEDIUM
11755,2378,O,1150.01,2025-05-16,3-MEDIUM
11756,2379,F,3290.64,2025-02-21,1-URGENT
11757,2379,P,2528.75,2025-03-28,2-HIGH
11758,2379,P,3458.95,2025-04-04,3-MEDIUM
11759,2379,P,2636.3,2025-05-03,4-LOW
11760,2380,O,7345.54,2025-01-29,4-LOW
11761,2381,F,3515.25,2025-02-12,2-HIGH
11762,2381,O,3827.99,2025-05-16,3-MEDIUM
11763,2381,O,303.53,2025-04-29,1-URGENT
11764,2381,O,5072.78,2025-01-20,4-LOW
11765,2381,F,6468.75,2025-02-07,1-URGENT
11766,2382,P,2180.29,2025-04-01,2-HIGH
11767,2382,P,4817.51,2025-05-19,4-LOW
11768,2382,F,3659.61,2025-06-28,1-URGENT
11769,2383,P,4319.16,2025-05-31,4-LOW
11770,2383,F,2242.35,2025-04-26,3-MEDIUM
11771,2383,P,761.9,2025-05-14,4-LOW
11772,2384,O,783.44,2025-01-05,3-MEDIUM
11773,2384,F,625.01,2025-05-30,3-MEDIUM
11774,2384,O,4648.6,2025-01-01,4-LOW
11775,2384,F,2546.54,2025-05-09,4-LOW
11776,2384,F,3177.32,2025-01-13,2-HIGH
11777,2385,P,3979.45,2025-01-05,4-LOW
11778,2385,P,1360.87,2025-02-23,3-MEDIUM
11779,2385,P,1378.49,2025-03-14,1-URGENT
11780,2385,F,1229.82,2025-04-19,1-URGENT
11781,2385,O,5617.49,2025-04-03,3-MEDIUM
11782,2386,O,1054.5,2025-06-03,4-LOW
11783,2387,P,8119.9,2025-03-25,4-LOW
11784,2387,O,3972.95,2025-04-02,2-HIGH
11785,2387,F,1429.65,2025-02-17,2-HIGH
11786,2387,F,1765.76,2025-02-24,3-MEDIUM
11787,2387,O,1273.78,2025-06-22,3-MEDIUM
11788,2387,O,4094.26,2025-05-15,2-HIGH
11789,2388,P,2251.8,2025-01-31,2-HIGH
11790,2388,O,1823.69,2025-06-04,1-URGENT
11791,2388,P,3162.93,2025-06-06,2-HIGH
11792,2388,O,5096.4,2025-02-03,1-URGENT
11793,2389,P,1653.06,2025-04-28,3-MEDIUM
11794,2390,O,434.41,2025-05-16,2-HIGH
11795,2390,P,1263.03,2025-03-22,3-MEDIUM
11796,2390,F,196.16,2025-01-21,4-LOW
11797,2390,F,3058.68,2025-01-29,4-LOW
11798,2390,O,2517.43,2025-01-07,3-MEDIUM
11799,2390,F,5196.37,2025-01-01,4-LOW
11800,2391,P,1603.12,2025-01-26,4-LOW
11801,2391,P,173.85,2025-05-23,2-HIGH
11802,2391,F,5014.39,2025-03-23,4-LOW
11803,2391,O,2070.68,2025-04-24,3-MEDIUM
11804,2391,F,1998.09,2025-05-10,2-HIGH
11805,2391,P,4355.29,2025-03-10,4-LOW
11806,2391,P,4464.7,2025-06-17,4-LOW
11807,2392,F,1217.88,2025-01-10,4-LOW
11808,2392,O,2431.03,2025-03-12,4-LOW
11809,2392,P,3470.93,2025-05-22,3-MEDIUM
11810,2392,P,1153.75,2025-01-19,2-HIGH
11811,2393,P,4996.33,2025-04-16,2-HIGH
11812,2393,O,4771.59,2025-05-30,1-URGENT
11813,2393,F,2604.09,2025-05-17,4-LOW
11814,2393,P,4334.49,2025-01-02,3-MEDIUM
11815,2393,O,2640.6,2025-01-19,4-LOW
11816,2393,F,5720.55,2025-05-29,1-URGENT
11817,2393,F,1959.1,2025-01-14,2-HIGH
11818,2394,P,5016.8,2025-05-12,1-URGENT
11819,2395,O,5644.22,2025-05-24,3-MEDIUM
11820,2395,P,3178.02,2025-04-06,1-URGENT
11821,2395,F,1467.12,2025-02-17,3-MEDIUM
11822,2395,F,2181.14,2025-01-24,3-MEDIUM
11823,2395,P,1476.43,2025-03-08,4-LOW
11824,2395,O,1035.79,2025-06-07,4-LOW
11825,2395,F,3186.88,2025-04-24,2-HIGH
11826,2395,P,4024.13,2025-03-29,4-LOW
11827,2396,F,2552.85,2025-02-28,1-URGENT
11828,2396,F,6483.67,2025-06-12,1-URGENT
11829,2396,O,3635.55,2025-03-13,2-HIGH
11830,2396,P,1653.56,2025-03-28,1-URGENT
11831,2396,P,201.15,2025-01-09,2-HIGH
11832,2397,O,3425.65,2025-02-09,3-MEDIUM
11833,2397,O,372.92,2025-03-18,4-LOW
11834,2397,P,5978.58,2025-01-30,2-HIGH
11835,2398,P,2851.74,2025-01-25,1-URGENT
11836,2398,O,1919.0,2025-06-01,3-MEDIUM
11837,2398,P,6199.62,2025-04-15,2-HIGH
11838,2399,O,3433.69,2025-05-14,2-HIGH
11839,2400,F,5727.46,2025-01-26,4-LOW
11840,2400,F,2249.65,2025-04-08,4-LOW
11841,2400,P,1135.8,2025-02-12,4-LOW
11842,2400,O,1689.92,2025-04-24,3-MEDIUM
11843,2400,P,1330.34,2025-06-21,2-HIGH
11844,2400,F,6123.75,2025-04-25,4-LOW
11845,2400,O,2092.62,2025-05-20,3-MEDIUM
11846,2401,F,3489.11,2025-04-29,1-URGENT
11847,2401,P,1382.07,2025-03-05,3-MEDIUM
11848,2401,O,3358.87,2025-03-14,4-LOW
11849,2401,O,153.41,2025-05-17,4-LOW
11850,2401,P,1825.66,2025-06-03,3-MEDIUM
11851,2401,F,1212.11,2025-05-11,1-URGENT
11852,2401,P,4702.27,2025-04-27,4-LOW
11853,2401,O,2182.79,2025-04-28,1-URGENT
11854,2402,P,7494.36,2025-03-15,3-MEDIUM
11855,2402,P,7454.72,2025-01-03,2-HIGH
11856,2402,P,1359.23,2025-02-11,2-HIGH
11857,2402,P,9194.89,2025-04-17,4-LOW
11858,2402,P,8697.2,2025-02-13,3-MEDIUM
11859,2402,F,6724.61,2025-06-01,2-HIGH
11860,2402,F,2335.14,2025-06-20,3-MEDIUM
11861,2402,O,2963.38,2025-02-26,1-URGENT
11862,2403,F,4050.53,2025-03-26,3-MEDIUM
11863,2403,O,3745.19,2025-01-15,2-HIGH
11864,2403,P,3283.14,2025-06-11,4-LOW
11865,2404,P,3227.97,2025-04-24,3-MEDIUM
11866,2404,P,2349.14,2025-01-16,3-MEDIUM
11867,2404,P,1150.2,2025-06-24,2-HIGH
11868,2404,O,3882.75,2025-05-28,4-LOW
11869,2404,F,3012.49,2025-05-14,2-HIGH
11870,2404,O,3738.2,2025-02-25,3-MEDIUM
11871,2404,O,1559.14,2025-02-22,2-HIGH
11872,2405,P,2343.6,2025-02-21,4-LOW
11873,2405,F,1076.77,2025-01-22,1-URGENT
11874,2406,P,3159.64,2025-05-07,1-URGENT
11875,2406,O,6394.3,2025-03-22,2-HIGH
11876,2406,P,4769.71,2025-02-24,1-URGENT
11877,2406,P,143.32,2025-03-04,2-HIGH
11878,2406,O,2032.42,2025-01-09,1-URGENT
11879,2406,P,5274.16,2025-03-16,3-MEDIUM
11880,2406,O,5598.83,2025-05-07,1-URGENT
11881,2406,F,5203.16,2025-06-11,3-MEDIUM
11882,2407,F,2073.33,2025-05-27,3-MEDIUM
11883,2407,F,390.54,2025-04-08,1-URGENT
11884,2407,F,2439.48,2025-04-28,2-HIGH
11885,2407,O,1642.61,2025-06-13,3-MEDIUM
11886,2407,P,1334.7,2025-03-28,2-HIGH
11887,2407,F,3774.92,2025-02-06,2-HIGH
11888,2408,F,4426.51,2025-06-12,2-HIGH
11889,2408,O,5670.67,2025-03-19,1-URGENT
11890,2408,O,1444.1,2025-03-14,4-LOW
11891,2408,O,3096.37,2025-05-24,3-MEDIUM
11892,2408,F,8030.73,2025-04-12,4-LOW
11893,2408,F,1300.37,2025-04-01,2-HIGH
11894,2409,O,5974.35,2025-03-18,1-URGENT
11895,2409,F,3902.98,2025-01-09,1-URGENT
11896,2409,F,2607.46,2025-01-13,1-URGENT
11897,2409,O,1270.3,2025-01-16,4-LOW
11898,2409,F,520.88,2025-06-07,3-MEDIUM
11899,2410,P,2672.92,2025-03-21,2-HIGH
11900,2410,F,2611.82,2025-04-07,1-URGENT
11901,2410,F,1456.38,2025-06-08,2-HIGH
11902,2410,F,5019.24,2025-05-03,2-HIGH
11903,2411,O,3820.21,2025-01-12,2-HIGH
11904,2411,O,475.7,2025-05-04,2-HIGH
11905,2411,O,2431.41,2025-04-04,3-MEDIUM
11906,2411,F,5160.62,2025-03-10,2-HIGH
11907,2411,F,2545.71,2025-02-09,3-MEDIUM
11908,2411,O,1297.01,2025-06-28,4-LOW
11909,2411,O,444.05,2025-06-23,3-MEDIUM
11910,2412,F,1497.9,2025-02-20,3-MEDIUM
11911,2412,P,8990.86,2025-02-20,2-HIGH
11912,2412,O,3813.92,2025-05-03,4-LOW
11913,2412,O,1914.73,2025-01-05,1-URGENT
11914,2412,O,2635.07,2025-03-02,2-HIGH
11915,2412,O,1153.86,2025-03-28,3-MEDIUM
11916,2412,P,4547.53,2025-02-25,1-URGENT
11917,2412,O,2425.08,2025-06-22,2-HIGH
11918,2413,O,1806.57,2025-03-28,3-MEDIUM
11919,2413,O,4191.66,2025-06-30,4-LOW
11920,2413,F,3940.12,2025-02-06,1-URGENT
11921,2414,O,585.06,2025-06-12,3-MEDIUM
11922,2414,F,3093.42,2025-05-19,3-MEDIUM
11923,2414,F,2131.3,2025-05-23,4-LOW
11924,2414,O,1754.12,2025-02-21,2-HIGH
11925,2414,F,1656.99,2025-03-23,4-LOW
11926,2415,P,1854.76,2025-06-03,4-LOW
11927,2415,F,2175.84,2025-03-23,1-URGENT
11928,2415,F,310.28,2025-05-24,1-URGENT
11929,2415,P,4292.05,2025-04-02,1-URGENT
11930,2415,O,426.46,2025-01-24,4-LOW
11931,2415,F,1935.39,2025-02-10,1-URGENT
11932,2415,O,7013.12,2025-03-27,4-LOW
11933,2416,O,1747.98,2025-05-09,2-HIGH
11934,2416,F,959.26,2025-06-13,1-URGENT
11935,2416,F,812.82,2025-01-21,4-LOW
11936,2416,F,7260.06,2025-06-14,2-HIGH
11937,2417,P,1205.22,2025-05-19,1-URGENT
11938,2417,P,1647.93,2025-04-27,3-MEDIUM
11939,2417,O,1287.6,2025-03-10,1-URGENT
11940,2417,P,1183.82,2025-02-22,1-URGENT
11941,2417,F,6541.91,2025-06-16,4-LOW
11942,2417,O,3289.89,2025-05-05,3-MEDIUM
11943,2417,P,4177.9,2025-06-01,1-URGENT
11944,2418,O,5278.78,2025-02-01,3-MEDIUM
11945,2418,F,1918.69,2025-05-01,2-HIGH
11946,2418,P,776.69,2025-01-26,2-HIGH
11947,2419,P,863.93,2025-04-21,2-HIGH
11948,2420,F,2261.07,2025-06-22,3-MEDIUM
11949,2420,P,3332.04,2025-06-24,1-URGENT
11950,2420,O,3348.83,2025-06-07,3-MEDIUM
11951,2420,O,3367.83,2025-02-07,1-URGENT
11952,2420,O,129.63,2025-05-21,2-HIGH
11953,2420,O,5042.46,2025-04-20,2-HIGH
11954,2421,O,4727.1,2025-02-06,2-HIGH
11955,2421,O,6276.75,2025-02-21,4-LOW
11956,2421,P,6938.25,2025-05-07,4-LOW
11957,2421,F,3373.62,2025-02-04,3-MEDIUM
11958,2421,F,3844.68,2025-03-30,3-MEDIUM
11959,2421,F,1941.91,2025-05-11,2-HIGH
11960,2421,O,3760.12,2025-05-14,1-URGENT
11961,2421,O,6260.91,2025-03-01,4-LOW
11962,2422,O,1753.26,2025-06-14,1-URGENT
11963,2422,O,1189.12,2025-05-07,1-URGENT
11964,2423,O,3652.12,2025-02-14,2-HIGH
11965,2423,P,3036.66,2025-01-28,2-HIGH
11966,2423,O,49.86,2025-04-19,3-MEDIUM
11967,2423,P,4164.42,2025-03-11,4-LOW
11968,2424,O,3065.26,2025-04-24,2-HIGH
11969,2424,P,4443.26,2025-03-15,3-MEDIUM
11970,2424,F,4726.46,2025-04-14,4-LOW
11971,2424,O,2277.36,2025-06-29,1-URGENT
11972,2424,F,2736.65,2025-06-17,2-HIGH
11973,2424,P,1707.6,2025-03-15,1-URGENT
11974,2424,O,6196.75,2025-01-24,3-MEDIUM
11975,2425,P,6032.31,2025-01-31,4-LOW
11976,2426,F,4043.78,2025-06-14,2-HIGH
11977,2426,P,1410.9,2025-02-12,3-MEDIUM
11978,2426,O,2395.5,2025-05-21,1-URGENT
11979,2427,P,7027.9,2025-01-24,2-HIGH
11980,2427,P,4717.37,2025-02-22,3-MEDIUM
11981,2427,P,2904.22,2025-03-16,2-HIGH
11982,2427,P,2713.93,2025-03-08,4-LOW
11983,2427,P,2076.55,2025-04-11,2-HIGH
11984,2427,O,5516.41,2025-05-12,4-LOW
11985,2427,F,2508.51,2025-02-08,3-MEDIUM
11986,2428,P,4373.82,2025-03-03,3-MEDIUM
11987,2428,P,1083.78,2025-02-27,3-MEDIUM
11988,2428,P,186.76,2025-06-08,1-URGENT
11989,2428,F,8019.53,2025-03-21,3-MEDIUM
11990,2428,F,1822.54,2025-05-22,3-MEDIUM
11991,2428,F,2119.84,2025-03-11,3-MEDIUM
11992,2428,F,2494.74,2025-03-10,3-MEDIUM
11993,2428,O,2477.08,2025-03-27,4-LOW
11994,2429,P,3758.43,2025-03-02,1-URGENT
11995,2429,P,2303.41,2025-06-10,3-MEDIUM
11996,2429,O,4394.55,2025-03-28,1-URGENT
11997,2430,O,1550.37,2025-03-31,4-LOW
11998,2431,F,6019.96,2025-05-26,1-URGENT
11999,2431,P,626.52,2025-03-19,1-URGENT
12000,2432,F,3325.13,2025-03-16,2-HIGH
12001,2433,F,9236.92,2025-01-06,2-HIGH
12002,2433,P,1403.59,2025-04-13,1-URGENT
12003,2433,O,3465.46,2025-02-15,2-HIGH
12004,2433,F,752.16,2025-05-18,2-HIGH
12005,2433,F,1886.76,2025-03-17,4-LOW
12006,2433,F,5039.59,2025-06-07,3-MEDIUM
12007,2433,O,3723.21,2025-04-05,2-HIGH
12008,2433,P,10197.01,2025-05-10,1-URGENT
12009,2434,F,5370.92,2025-04-05,1-URGENT
12010,2434,F,6666.96,2025-02-18,2-HIGH
12011,2434,F,554.18,2025-04-05,4-LOW
12012,2434,O,3481.8,2025-01-31,1-URGENT
12013,2434,O,5640.43,2025-02-01,1-URGENT
12014,2435,P,2027.9,2025-06-28,2-HIGH
12015,2435,P,4563.84,2025-03-24,2-HIGH
12016,2435,F,3812.57,2025-04-20,3-MEDIUM
12017,2435,P,4750.7,2025-01-20,4-LOW
12018,2435,F,5242.41,2025-05-26,1-URGENT
12019,2435,O,4437.36,2025-01-01,2-HIGH
12020,2435,P,249.95,2025-02-26,4-LOW
12021,2436,F,2271.98,2025-05-21,3-MEDIUM
12022,2436,O,77.75,2025-03-12,1-URGENT
12023,2436,F,7107.54,2025-01-29,3-MEDIUM
12024,2436,P,3285.42,2025-06-01,4-LOW
12025,2437,F,4312.15,2025-05-05,4-LOW
12026,2437,O,9007.0,2025-04-21,1-URGENT
12027,2437,O,9797.16,2025-02-14,4-LOW
12028,2437,P,515.86,2025-04-09,3-MEDIUM
12029,2437,F,2877.13,2025-03-26,4-LOW
12030,2437,F,1724.31,2025-06-04,3-MEDIUM
12031,2438,O,2996.06,2025-06-22,2-HIGH
12032,2438,F,1241.38,2025-02-11,3-MEDIUM
12033,2438,P,8618.44,2025-03-01,1-URGENT
12034,2438,P,1863.36,2025-01-02,1-URGENT
12035,2438,O,2674.36,2025-02-01,1-URGENT
12036,2439,F,2710.43,2025-02-25,2-HIGH
12037,2439,P,8394.42,2025-06-25,2-HIGH
12038,2439,O,638.74,2025-04-14,4-LOW
12039,2439,P,283.42,2025-02-23,3-MEDIUM
12040,2439,P,2657.99,2025-03-06,1-URGENT
12041,2440,P,9438.92,2025-02-15,2-HIGH
12042,2440,F,66.12,2025-06-01,3-MEDIUM
12043,2441,F,593.83,2025-05-05,2-HIGH
12044,2441,P,3256.04,2025-03-17,3-MEDIUM
12045,2442,P,1484.71,2025-05-13,3-MEDIUM
12046,2443,F,286.04,2025-01-18,4-LOW
12047,2443,F,161.51,2025-01-30,2-HIGH
12048,2443,P,2670.92,2025-02-02,3-MEDIUM
12049,2443,O,3833.18,2025-04-01,4-LOW
12050,2443,O,5697.77,2025-03-05,2-HIGH
12051,2443,F,1796.74,2025-05-13,3-MEDIUM
12052,2443,P,6000.8,2025-04-13,2-HIGH
12053,2444,P,247.94,2025-05-26,3-MEDIUM
12054,2445,F,365.74,2025-01-30,3-MEDIUM
12055,2445,P,6673.67,2025-04-06,3-MEDIUM
12056,2445,P,280.81,2025-05-21,1-URGENT
12057,2445,O,2251.19,2025-04-09,4-LOW
12058,2446,F,6421.75,2025-04-27,4-LOW
12059,2446,O,2615.27,2025-04-03,2-HIGH
12060,2446,P,1121.43,2025-02-08,1-URGENT
12061,2446,F,1456.58,2025-03-09,4-LOW
12062,2446,O,4049.55,2025-04-16,3-MEDIUM
12063,2446,O,6358.04,2025-01-23,1-URGENT
12064,2446,O,2434.2,2025-01-10,3-MEDIUM
12065,2447,O,6264.59,2025-03-16,2-HIGH
12066,2447,O,799.18,2025-02-10,2-HIGH
12067,2447,O,2928.13,2025-03-21,3-MEDIUM
12068,2447,F,2900.67,2025-05-13,3-MEDIUM
12069,2447,P,801.27,2025-04-20,1-URGENT
12070,2447,P,3406.32,2025-06-21,2-HIGH
12071,2448,O,3387.71,2025-06-13,3-MEDIUM
12072,2448,F,2483.35,2025-04-20,1-URGENT
12073,2448,P,3439.52,2025-02-18,2-HIGH
12074,2448,O,2454.01,2025-04-04,1-URGENT
12075,2448,O,205.56,2025-01-07,4-LOW
12076,2448,P,2067.27,2025-01-25,1-URGENT
12077,2448,F,923.16,2025-06-21,2-HIGH
12078,2448,O,1390.34,2025-04-03,4-LOW
12079,2449,P,3471.57,2025-03-28,4-LOW
12080,2449,O,4642.35,2025-04-10,2-HIGH
12081,2449,O,1602.02,2025-06-27,1-URGENT
12082,2449,P,1648.98,2025-04-15,3-MEDIUM
12083,2449,P,6208.2,2025-02-04,3-MEDIUM
12084,2449,P,2777.84,2025-05-05,4-LOW
12085,2449,O,1268.75,2025-05-26,1-URGENT
12086,2449,P,4115.97,2025-05-23,3-MEDIUM
12087,2450,P,4590.61,2025-02-08,3-MEDIUM
12088,2450,F,6494.81,2025-05-04,4-LOW
12089,2450,P,1482.78,2025-05-25,3-MEDIUM
12090,2450,P,471.5,2025-02-02,3-MEDIUM
12091,2450,F,5681.92,2025-04-23,3-MEDIUM
12092,2450,P,2962.14,2025-03-24,2-HIGH
12093,2451,F,2194.56,2025-05-23,2-HIGH
12094,2451,F,3019.31,2025-03-18,2-HIGH
12095,2451,F,4145.52,2025-06-22,3-MEDIUM
12096,2451,P,1751.99,2025-02-11,1-URGENT
12097,2451,F,2840.21,2025-03-01,2-HIGH
12098,2451,P,2990.1,2025-01-06,2-HIGH
12099,2452,O,2923.71,2025-06-19,1-URGENT
12100,2452,O,4008.75,2025-04-02,3-MEDIUM
12101,2452,F,901.96,2025-05-25,3-MEDIUM
12102,2452,O,5893.41,2025-05-12,4-LOW
12103,2453,O,5815.54,2025-06-19,1-URGENT
12104,2453,F,2328.89,2025-04-29,4-LOW
12105,2453,O,5272.8,2025-04-02,3-MEDIUM
12106,2453,P,3634.9,2025-06-29,1-URGENT
12107,2453,P,5845.58,2025-03-08,1-URGENT
12108,2453,F,3084.97,2025-04-27,3-MEDIUM
12109,2453,O,1405.25,2025-06-02,1-URGENT
12110,2454,O,1732.77,2025-03-11,4-LOW
12111,2454,O,4067.84,2025-03-17,3-MEDIUM
12112,2454,P,3774.13,2025-05-17,3-MEDIUM
12113,2454,F,1672.84,2025-06-29,4-LOW
12114,2454,P,161.23,2025-06-06,4-LOW
12115,2455,P,4136.98,2025-02-28,1-URGENT
12116,2455,F,3478.92,2025-04-06,4-LOW
12117,2456,O,7355.31,2025-06-11,1-URGENT
12118,2456,O,1538.8,2025-01-18,3-MEDIUM
12119,2456,F,9991.87,2025-06-11,3-MEDIUM
12120,2456,P,3727.94,2025-05-03,3-MEDIUM
12121,2456,F,7855.98,2025-06-14,4-LOW
12122,2456,O,3856.03,2025-05-11,3-MEDIUM
12123,2457,F,3485.23,2025-01-27,1-URGENT
12124,2457,F,572.5,2025-03-11,3-MEDIUM
12125,2457,F,5073.52,2025-02-24,2-HIGH
12126,2457,F,2364.94,2025-03-07,4-LOW
12127,2458,P,3347.81,2025-03-25,2-HIGH
12128,2458,O,4130.06,2025-05-21,1-URGENT
12129,2458,P,4620.33,2025-06-15,2-HIGH
12130,2458,O,4411.0,2025-04-15,2-HIGH
12131,2458,O,3328.61,2025-01-28,2-HIGH
12132,2458,F,4108.17,2025-02-02,1-URGENT
12133,2458,P,4555.96,2025-05-15,4-LOW
12134,2459,P,3294.9,2025-02-09,3-MEDIUM
12135,2459,O,1321.41,2025-06-15,3-MEDIUM
12136,2459,P,3712.85,2025-02-03,3-MEDIUM
12137,2459,F,2627.86,2025-06-04,2-HIGH
12138,2459,P,4762.99,2025-01-17,2-HIGH
12139,2459,F,5548.41,2025-03-20,3-MEDIUM
12140,2459,O,8290.64,2025-05-26,4-LOW
12141,2460,F,611.87,2025-05-01,1-URGENT
12142,2460,O,889.48,2025-01-09,3-MEDIUM
12143,2460,P,4599.71,2025-01-20,1-URGENT
12144,2461,F,4613.2,2025-01-13,1-URGENT
12145,2461,F,2285.93,2025-06-20,4-LOW
12146,2461,P,1895.82,2025-04-01,3-MEDIUM
12147,2461,O,2415.09,2025-05-20,4-LOW
12148,2461,F,3016.9,2025-05-29,1-URGENT
12149,2461,F,4993.73,2025-02-02,3-MEDIUM
12150,2461,P,3443.66,2025-01-04,3-MEDIUM
12151,2461,F,2453.03,2025-01-08,4-LOW
12152,2462,O,2972.78,2025-05-08,2-HIGH
12153,2462,P,532.72,2025-06-24,2-HIGH
12154,2462,O,4061.7,2025-06-30,4-LOW
12155,2463,F,5366.48,2025-02-27,1-URGENT
12156,2463,P,1638.61,2025-05-20,2-HIGH
12157,2464,O,2779.25,2025-01-30,1-URGENT
12158,2464,P,3066.82,2025-03-27,2-HIGH
12159,2464,O,1847.36,2025-02-18,3-MEDIUM
12160,2464,F,2578.0,2025-03-03,3-MEDIUM
12161,2464,F,1452.73,2025-04-22,1-URGENT
12162,2464,O,3741.11,2025-01-28,2-HIGH
12163,2465,P,2306.46,2025-06-28,3-MEDIUM
12164,2465,O,6951.25,2025-06-20,4-LOW
12165,2465,O,3360.79,2025-05-31,4-LOW
12166,2465,O,2466.86,2025-06-22,4-LOW
12167,2465,F,5410.49,2025-03-03,1-URGENT
12168,2465,P,163.2,2025-02-14,4-LOW
12169,2465,P,4113.04,2025-05-29,1-URGENT
12170,2466,F,8189.0,2025-01-25,2-HIGH
12171,2466,O,1363.22,2025-02-12,2-HIGH
12172,2467,O,5988.0,2025-04-25,2-HIGH
12173,2467,O,2444.94,2025-05-05,1-URGENT
12174,2467,F,2238.2,2025-01-20,4-LOW
12175,2467,O,1666.94,2025-01-30,1-URGENT
12176,2467,P,1083.43,2025-03-12,1-URGENT
12177,2468,O,1914.75,2025-04-26,3-MEDIUM
12178,2468,O,2969.93,2025-01-28,1-URGENT
12179,2468,P,3509.23,2025-03-25,1-URGENT
12180,2469,O,3845.72,2025-02-04,1-URGENT
12181,2470,F,1155.78,2025-03-04,2-HIGH
12182,2470,P,7471.69,2025-01-24,1-URGENT
12183,2470,F,1873.27,2025-02-25,4-LOW
12184,2470,O,1210.58,2025-03-20,2-HIGH
12185,2471,O,1931.67,2025-02-03,2-HIGH
12186,2471,P,4027.92,2025-06-24,2-HIGH
12187,2471,P,2200.23,2025-05-14,2-HIGH
12188,2471,F,3144.55,2025-02-15,2-HIGH
12189,2471,F,2388.85,2025-03-28,3-MEDIUM
12190,2471,O,4054.75,2025-02-12,3-MEDIUM
12191,2472,F,3089.64,2025-04-18,1-URGENT
12192,2473,P,3978.54,2025-05-26,4-LOW
12193,2473,F,2487.2,2025-02-21,3-MEDIUM
12194,2473,O,724.38,2025-06-29,4-LOW
12195,2473,F,3106.61,2025-05-08,1-URGENT
12196,2473,O,2390.64,2025-03-19,2-HIGH
12197,2473,F,1050.94,2025-05-02,3-MEDIUM
12198,2473,P,5809.21,2025-06-02,2-HIGH
12199,2474,O,2348.94,2025-04-08,1-URGENT
12200,2474,P,3824.83,2025-02-11,3-MEDIUM
12201,2474,O,6262.69,2025-03-15,3-MEDIUM
12202,2475,O,4862.04,2025-02-19,1-URGENT
12203,2475,F,1921.65,2025-06-11,3-MEDIUM
12204,2475,O,1442.96,2025-03-05,1-URGENT
12205,2475,F,3775.55,2025-06-29,2-HIGH
12206,2475,O,2584.56,2025-03-10,1-URGENT
12207,2475,O,6713.03,2025-01-25,1-URGENT
12208,2475,P,2462.38,2025-01-10,4-LOW
12209,2476,F,1005.31,2025-06-20,3-MEDIUM
12210,2476,P,1349.82,2025-04-27,3-MEDIUM
12211,2476,P,4829.94,2025-01-27,2-HIGH
12212,2476,O,1776.62,2025-06-28,2-HIGH
12213,2476,F,5190.92,2025-02-24,4-LOW
12214,2476,O,3430.39,2025-06-19,3-MEDIUM
12215,2477,F,349.14,2025-01-08,1-URGENT
12216,2477,O,4743.21,2025-03-02,1-URGENT
12217,2477,P,893.9,2025-06-24,4-LOW
12218,2477,F,1425.64,2025-05-21,4-LOW
12219,2477,P,3944.52,2025-05-12,2-HIGH
12220,2477,P,5532.26,2025-03-15,2-HIGH
12221,2477,P,2398.72,2025-01-28,2-HIGH
12222,2478,F,2384.73,2025-06-25,3-MEDIUM
12223,2479,P,2426.55,2025-03-13,2-HIGH
12224,2479,P,576.38,2025-03-21,1-URGENT
12225,2479,F,1346.64,2025-04-18,2-HIGH
12226,2479,P,575.24,2025-02-12,4-LOW
12227,2479,P,6065.26,2025-01-08,3-MEDIUM
12228,2479,P,1088.12,2025-05-03,4-LOW
12229,2479,O,1064.98,2025-05-27,1-URGENT
12230,2480,P,3082.96,2025-04-03,3-MEDIUM
12231,2481,P,3537.87,2025-01-17,4-LOW
12232,2481,P,3551.29,2025-05-06,4-LOW
12233,2481,O,5996.19,2025-06-12,4-LOW
12234,2481,F,1933.34,2025-06-29,1-URGENT
12235,2482,F,2057.29,2025-01-26,3-MEDIUM
12236,2483,P,2345.99,2025-02-04,4-LOW
12237,2483,O,416.3,2025-02-11,3-MEDIUM
12238,2483,O,3290.8,2025-05-21,3-MEDIUM
12239,2484,O,522.04,2025-06-17,1-URGENT
12240,2485,F,2248.92,2025-06-01,2-HIGH
12241,2485,O,354.3,2025-04-08,3-MEDIUM
12242,2485,O,2399.75,2025-06-01,3-MEDIUM
12243,2485,F,2883.48,2025-04-09,2-HIGH
12244,2485,P,2832.93,2025-02-13,2-HIGH
12245,2486,O,1847.76,2025-05-02,3-MEDIUM
12246,2486,P,3485.06,2025-03-17,3-MEDIUM
12247,2486,P,904.48,2025-03-01,2-HIGH
12248,2486,P,800.22,2025-03-13,3-MEDIUM
12249,2486,P,1465.36,2025-03-29,1-URGENT
12250,2486,P,2875.36,2025-01-30,3-MEDIUM
12251,2486,O,2025.94,2025-04-27,1-URGENT
12252,2486,O,2281.32,2025-03-18,4-LOW
12253,2487,F,760.7,2025-06-20,4-LOW
12254,2488,O,1896.47,2025-04-20,2-HIGH
12255,2488,O,4468.98,2025-06-06,4-LOW
12256,2488,P,3045.26,2025-05-26,1-URGENT
12257,2488,O,8332.76,2025-04-14,3-MEDIUM
12258,2488,P,1804.37,2025-05-13,4-LOW
12259,2488,O,508.46,2025-02-07,1-URGENT
12260,2489,O,3472.68,2025-04-07,3-MEDIUM
12261,2490,P,4584.95,2025-01-09,1-URGENT
12262,2490,O,1171.97,2025-02-19,4-LOW
12263,2490,O,1455.2,2025-04-11,2-HIGH
12264,2490,P,3796.01,2025-04-03,1-URGENT
12265,2491,F,2368.47,2025-01-08,1-URGENT
12266,2491,F,4354.05,2025-06-26,1-URGENT
12267,2492,P,5352.87,2025-01-07,3-MEDIUM
12268,2492,F,4817.5,2025-05-21,2-HIGH
12269,2492,P,3624.1,2025-06-13,1-URGENT
12270,2492,O,2059.23,2025-03-29,4-LOW
12271,2493,O,1563.26,2025-06-07,3-MEDIUM
12272,2493,O,2623.6,2025-04-20,1-URGENT
12273,2493,P,814.8,2025-01-20,3-MEDIUM
12274,2494,O,2772.15,2025-04-19,3-MEDIUM
12275,2494,F,1148.66,2025-03-16,2-HIGH
12276,2494,F,5331.95,2025-02-20,3-MEDIUM
12277,2494,F,1311.13,2025-06-24,1-URGENT
12278,2494,F,5084.0,2025-05-01,3-MEDIUM
12279,2495,F,528.39,2025-02-25,3-MEDIUM
12280,2495,O,2356.83,2025-06-19,3-MEDIUM
12281,2495,F,646.0,2025-06-29,3-MEDIUM
12282,2495,P,692.01,2025-05-19,4-LOW
12283,2495,O,58.66,2025-03-18,1-URGENT
12284,2495,O,3350.98,2025-06-01,3-MEDIUM
12285,2495,F,2667.66,2025-05-12,4-LOW
12286,2496,P,970.0,2025-01-20,2-HIGH
12287,2496,O,6677.88,2025-04-25,3-MEDIUM
12288,2496,O,4684.93,2025-04-26,4-LOW
12289,2496,P,2887.71,2025-03-11,2-HIGH
12290,2496,O,3492.49,2025-01-25,2-HIGH
12291,2496,P,2463.44,2025-02-18,2-HIGH
12292,2497,P,4197.72,2025-05-31,3-MEDIUM
12293,2497,O,1469.54,2025-05-07,1-URGENT
12294,2497,F,4815.66,2025-02-12,2-HIGH
12295,2497,F,5248.49,2025-05-20,1-URGENT
12296,2497,P,4417.51,2025-05-30,1-URGENT
12297,2497,F,4321.05,2025-02-22,3-MEDIUM
12298,2497,F,6190.39,2025-01-24,1-URGENT
12299,2498,O,2969.47,2025-03-22,1-URGENT
12300,2498,F,576.17,2025-03-29,1-URGENT
12301,2498,F,307.64,2025-04-19,3-MEDIUM
12302,2498,O,3363.88,2025-01-20,4-LOW
12303,2498,F,3694.69,2025-04-03,4-LOW
12304,2498,O,1856.38,2025-01-20,1-URGENT
12305,2498,P,2510.98,2025-02-20,1-URGENT
12306,2498,F,7450.56,2025-05-06,1-URGENT
12307,2499,O,535.72,2025-06-14,4-LOW
12308,2499,O,6306.36,2025-06-29,3-MEDIUM
12309,2499,F,2053.55,2025-04-08,2-HIGH
12310,2499,O,2540.63,2025-06-18,3-MEDIUM
12311,2499,P,2646.22,2025-05-05,2-HIGH
12312,2499,P,2538.64,2025-05-22,1-URGENT
12313,2499,F,6362.18,2025-04-30,3-MEDIUM
12314,2500,O,2001.46,2025-04-08,4-LOW
12315,2501,F,255.19,2025-04-29,2-HIGH
12316,2501,P,1311.55,2025-04-09,1-URGENT
12317,2501,O,3742.05,2025-01-25,4-LOW
12318,2501,O,3281.15,2025-01-09,3-MEDIUM
12319,2501,O,5727.48,2025-05-29,2-HIGH
12320,2501,P,4254.9,2025-04-14,1-URGENT
12321,2501,O,5522.65,2025-04-03,2-HIGH
12322,2502,P,5119.59,2025-01-31,4-LOW
12323,2502,P,4078.77,2025-01-05,1-URGENT
12324,2502,P,4035.0,2025-04-12,4-LOW
12325,2503,F,1978.11,2025-05-23,4-LOW
12326,2504,F,3458.34,2025-04-20,3-MEDIUM
12327,2504,F,7654.43,2025-06-06,4-LOW
12328,2505,P,3528.31,2025-01-10,4-LOW
12329,2505,O,3798.04,2025-01-17,2-HIGH
12330,2505,O,4854.08,2025-06-08,3-MEDIUM
12331,2505,O,1297.27,2025-05-09,3-MEDIUM
12332,2505,P,4147.96,2025-03-08,4-LOW
12333,2505,O,3239.83,2025-04-14,1-URGENT
12334,2506,F,2265.13,2025-02-08,1-URGENT
12335,2506,O,6939.08,2025-02-21,1-URGENT
12336,2506,F,446.65,2025-01-20,3-MEDIUM
12337,2506,F,3675.7,2025-04-02,4-LOW
12338,2506,F,2529.8,2025-05-19,2-HIGH
12339,2506,F,3648.05,2025-06-12,2-HIGH
12340,2507,O,1768.98,2025-01-20,3-MEDIUM
12341,2507,O,863.14,2025-03-29,2-HIGH
12342,2507,F,794.77,2025-04-30,2-HIGH
12343,2507,F,279.9,2025-06-19,3-MEDIUM
12344,2507,O,5050.16,2025-02-22,2-HIGH
12345,2507,F,3105.15,2025-03-24,2-HIGH
12346,2507,F,7869.67,2025-04-02,3-MEDIUM
12347,2507,F,3339.33,2025-05-14,4-LOW
12348,2508,O,7501.78,2025-01-01,4-LOW
12349,2508,P,725.1,2025-01-04,3-MEDIUM
12350,2508,O,1848.89,2025-06-30,3-MEDIUM
12351,2508,F,2823.35,2025-04-13,2-HIGH
12352,2509,F,1056.1,2025-01-07,3-MEDIUM
12353,2509,O,476.04,2025-05-22,2-HIGH
12354,2509,P,3139.94,2025-02-28,1-URGENT
12355,2509,O,2515.54,2025-06-18,4-LOW
12356,2509,P,5006.98,2025-06-17,3-MEDIUM
12357,2509,P,1860.62,2025-01-03,4-LOW
12358,2510,P,1708.84,2025-06-11,1-URGENT
12359,2510,O,1295.83,2025-06-20,2-HIGH
12360,2510,F,1853.1,2025-01-02,1-URGENT
12361,2510,P,5433.42,2025-04-04,4-LOW
12362,2510,F,2573.42,2025-05-31,4-LOW
12363,2510,F,2814.84,2025-01-04,2-HIGH
12364,2511,O,3490.17,2025-06-04,1-URGENT
12365,2511,P,3442.26,2025-02-23,1-URGENT
12366,2511,O,7142.36,2025-01-29,4-LOW
12367,2512,F,4330.21,2025-06-23,2-HIGH
12368,2512,F,3296.77,2025-01-30,4-LOW
12369,2512,P,1998.92,2025-01-07,1-URGENT
12370,2512,O,884.02,2025-03-05,4-LOW
12371,2513,F,694.64,2025-01-05,3-MEDIUM
12372,2513,P,202.92,2025-06-27,4-LOW
12373,2513,F,2526.47,2025-04-26,3-MEDIUM
12374,2513,O,3077.6,2025-05-16,3-MEDIUM
12375,2513,O,6375.84,2025-06-08,2-HIGH
12376,2514,P,7431.53,2025-05-12,1-URGENT
12377,2514,F,5087.47,2025-04-23,4-LOW
12378,2514,P,2772.12,2025-01-20,4-LOW
12379,2514,O,4626.67,2025-03-02,3-MEDIUM
12380,2514,O,7016.18,2025-03-10,3-MEDIUM
12381,2514,O,2740.8,2025-04-22,3-MEDIUM
12382,2514,F,5660.06,2025-03-22,3-MEDIUM
12383,2514,P,5909.56,2025-04-29,2-HIGH
12384,2515,O,4435.72,2025-03-11,1-URGENT
12385,2515,O,807.08,2025-05-18,3-MEDIUM
12386,2515,F,4835.28,2025-02-10,4-LOW
12387,2516,F,3468.2,2025-04-03,3-MEDIUM
12388,2516,O,5609.83,2025-01-11,4-LOW
12389,2516,F,4240.16,2025-01-13,4-LOW
12390,2516,P,4982.59,2025-01-09,1-URGENT
12391,2516,P,5113.36,2025-06-03,3-MEDIUM
12392,2516,P,4810.02,2025-02-10,1-URGENT
12393,2516,F,3151.78,2025-02-08,1-URGENT
12394,2517,O,2989.51,2025-02-24,1-URGENT
12395,2517,P,6891.57,2025-01-18,2-HIGH
12396,2518,F,313.17,2025-04-01,1-URGENT
12397,2519,F,1009.06,2025-05-16,2-HIGH
12398,2519,P,2572.35,2025-01-15,2-HIGH
12399,2519,O,2789.64,2025-01-24,4-LOW
12400,2519,F,4919.72,2025-04-19,4-LOW
12401,2520,O,1381.28,2025-06-26,2-HIGH
12402,2520,F,763.29,2025-03-15,2-HIGH
12403,2520,P,8397.6,2025-05-29,3-MEDIUM
12404,2520,F,1962.97,2025-01-18,3-MEDIUM
12405,2520,F,3247.11,2025-02-19,3-MEDIUM
12406,2520,F,435.7,2025-02-27,4-LOW
12407,2521,P,1196.46,2025-04-19,3-MEDIUM
12408,2521,O,2448.44,2025-04-22,4-LOW
12409,2521,F,1492.31,2025-05-24,2-HIGH
12410,2521,F,1325.43,2025-01-18,4-LOW
12411,2521,P,6365.32,2025-06-27,2-HIGH
12412,2521,F,4410.45,2025-05-04,3-MEDIUM
12413,2522,O,2126.93,2025-01-29,2-HIGH
12414,2522,O,4030.95,2025-06-04,2-HIGH
12415,2522,O,458.69,2025-05-29,3-MEDIUM
12416,2522,O,5686.04,2025-05-10,4-LOW
12417,2522,P,1880.27,2025-05-20,2-HIGH
12418,2522,P,867.27,2025-03-16,2-HIGH
12419,2522,F,1923.6,2025-03-20,4-LOW
12420,2522,F,983.22,2025-06-23,4-LOW
12421,2523,P,5420.6,2025-03-12,1-URGENT
12422,2523,P,8890.4,2025-01-01,4-LOW
12423,2523,F,3881.05,2025-01-25,3-MEDIUM
12424,2523,P,154.83,2025-03-03,1-URGENT
12425,2524,P,296.68,2025-06-06,4-LOW
12426,2524,F,1929.0,2025-05-11,1-URGENT
12427,2524,F,2097.94,2025-06-09,2-HIGH
12428,2524,F,2216.73,2025-05-05,1-URGENT
12429,2525,O,2341.63,2025-04-09,4-LOW
12430,2525,P,1252.21,2025-06-27,4-LOW
12431,2525,P,962.63,2025-05-18,4-LOW
12432,2525,F,7470.61,2025-05-23,2-HIGH
12433,2526,O,5644.72,2025-03-06,3-MEDIUM
12434,2526,P,1968.43,2025-05-09,3-MEDIUM
12435,2527,O,2974.18,2025-05-23,2-HIGH
12436,2527,F,5864.55,2025-04-22,3-MEDIUM
12437,2527,P,3774.07,2025-02-08,1-URGENT
12438,2528,P,1488.71,2025-02-15,2-HIGH
12439,2528,O,2897.22,2025-02-15,4-LOW
12440,2528,F,2158.72,2025-03-09,2-HIGH
12441,2528,O,5151.12,2025-02-28,1-URGENT
12442,2528,P,2590.26,2025-03-29,2-HIGH
12443,2528,P,6532.13,2025-01-27,2-HIGH
12444,2529,F,4648.85,2025-05-25,4-LOW
12445,2529,P,1675.89,2025-04-22,3-MEDIUM
12446,2529,P,2845.02,2025-04-14,4-LOW
12447,2530,O,6970.6,2025-03-05,2-HIGH
12448,2530,P,4086.74,2025-04-27,2-HIGH
12449,2530,F,1623.86,2025-01-10,2-HIGH
12450,2530,F,4007.95,2025-04-27,2-HIGH
12451,2530,P,2597.76,2025-02-17,1-URGENT
12452,2530,F,1534.1,2025-04-25,2-HIGH
12453,2530,O,2178.41,2025-06-23,4-LOW
12454,2531,P,495.63,2025-04-14,1-URGENT
12455,2531,O,3280.59,2025-03-31,4-LOW
12456,2531,P,5227.66,2025-02-16,4-LOW
12457,2531,F,1680.74,2025-01-30,2-HIGH
12458,2531,P,3890.09,2025-05-06,1-URGENT
12459,2531,F,5292.29,2025-06-18,1-URGENT
12460,2531,O,1075.97,2025-05-10,1-URGENT
12461,2532,P,44.91,2025-06-12,2-HIGH
12462,2532,F,819.08,2025-06-11,4-LOW
12463,2532,F,4960.82,2025-02-06,3-MEDIUM
12464,2532,F,4783.03,2025-01-16,1-URGENT
12465,2532,P,7103.32,2025-06-27,4-LOW
12466,2532,O,4794.14,2025-04-27,2-HIGH
12467,2532,P,7797.12,2025-03-14,4-LOW
12468,2533,P,729.15,2025-01-06,4-LOW
12469,2533,P,2852.13,2025-02-17,2-HIGH
12470,2533,O,1440.17,2025-02-07,4-LOW
12471,2533,F,1790.06,2025-06-06,3-MEDIUM
12472,2533,F,1203.17,2025-06-06,2-HIGH
12473,2533,P,1108.41,2025-05-11,2-HIGH
12474,2533,O,5053.34,2025-05-27,2-HIGH
12475,2534,P,589.52,2025-05-01,4-LOW
12476,2534,P,3502.72,2025-06-27,2-HIGH
12477,2534,O,194.08,2025-03-01,3-MEDIUM
12478,2534,P,1670.32,2025-03-07,4-LOW
12479,2534,P,5841.0,2025-06-17,3-MEDIUM
12480,2534,F,8443.58,2025-03-15,1-URGENT
12481,2534,F,3405.59,2025-04-02,3-MEDIUM
12482,2535,O,344.32,2025-02-05,1-URGENT
12483,2536,O,3298.18,2025-02-21,4-LOW
12484,2536,O,1237.07,2025-05-10,3-MEDIUM
12485,2536,P,5422.73,2025-05-05,3-MEDIUM
12486,2536,P,2501.55,2025-01-09,2-HIGH
12487,2536,O,2055.12,2025-04-02,1-URGENT
12488,2536,O,1910.18,2025-02-07,4-LOW
12489,2536,F,2726.45,2025-01-17,4-LOW
12490,2537,P,1385.76,2025-02-27,1-URGENT
12491,2537,O,2993.02,2025-02-15,2-HIGH
12492,2538,F,3062.12,2025-04-20,2-HIGH
12493,2538,P,3271.59,2025-05-21,2-HIGH
12494,2538,F,859.01,2025-01-01,3-MEDIUM
12495,2539,O,1230.75,2025-03-07,1-URGENT
12496,2539,F,2778.27,2025-04-17,3-MEDIUM
12497,2540,O,2309.91,2025-02-16,4-LOW
12498,2540,P,1232.48,2025-01-26,1-URGENT
12499,2541,P,4262.76,2025-02-13,3-MEDIUM
12500,2542,F,1577.09,2025-02-01,3-MEDIUM
12501,2542,P,647.75,2025-03-25,3-MEDIUM
12502,2542,O,552.5,2025-01-15,3-MEDIUM
12503,2542,F,108.6,2025-03-17,4-LOW
12504,2542,P,2937.27,2025-02-25,2-HIGH
12505,2542,F,1584.89,2025-01-06,2-HIGH
12506,2542,P,91.6,2025-03-06,4-LOW
12507,2542,P,2921.66,2025-02-25,4-LOW
12508,2543,P,547.74,2025-04-24,3-MEDIUM
12509,2543,F,1505.16,2025-06-16,2-HIGH
12510,2543,F,2202.72,2025-05-26,2-HIGH
12511,2543,F,3265.86,2025-03-16,2-HIGH
12512,2543,P,1559.45,2025-01-27,3-MEDIUM
12513,2543,F,457.63,2025-02-15,1-URGENT
12514,2543,F,3924.63,2025-06-03,1-URGENT
12515,2543,O,3601.87,2025-05-16,4-LOW
12516,2544,P,3166.25,2025-03-29,4-LOW
12517,2544,P,6124.19,2025-03-21,3-MEDIUM
12518,2544,F,6142.94,2025-03-01,4-LOW
12519,2544,O,5714.95,2025-06-15,3-MEDIUM
12520,2544,P,6228.05,2025-03-31,2-HIGH
12521,2544,F,2438.35,2025-04-20,2-HIGH
12522,2544,P,3212.33,2025-05-06,1-URGENT
12523,2544,F,2657.38,2025-03-09,1-URGENT
12524,2545,O,3249.59,2025-03-14,2-HIGH
12525,2545,O,4047.48,2025-01-28,4-LOW
12526,2545,F,4404.93,2025-02-05,3-MEDIUM
12527,2545,F,2897.31,2025-02-14,4-LOW
12528,2545,P,1430.08,2025-04-20,1-URGENT
12529,2546,F,2145.98,2025-05-07,2-HIGH
12530,2546,O,613.83,2025-05-27,2-HIGH
12531,2546,F,3569.15,2025-04-02,4-LOW
12532,2546,O,3605.63,2025-02-25,1-URGENT
12533,2546,F,6084.22,2025-01-14,3-MEDIUM
12534,2546,O,4753.84,2025-06-02,2-HIGH
12535,2547,O,3409.08,2025-06-19,2-HIGH
12536,2547,F,5082.9,2025-04-23,4-LOW
12537,2547,O,4690.77,2025-04-11,1-URGENT
12538,2547,O,3623.46,2025-03-27,1-URGENT
12539,2547,F,6992.25,2025-06-17,4-LOW
12540,2547,F,4532.85,2025-03-11,2-HIGH
12541,2547,P,5712.5,2025-03-23,2-HIGH
12542,2548,F,459.94,2025-03-02,2-HIGH
12543,2548,F,3621.89,2025-06-13,1-URGENT
12544,2548,P,1682.85,2025-06-23,1-URGENT
12545,2549,F,2053.24,2025-03-20,1-URGENT
12546,2549,O,5436.21,2025-01-30,3-MEDIUM
12547,2549,O,4512.64,2025-02-18,2-HIGH
12548,2549,P,474.84,2025-04-05,4-LOW
12549,2549,F,2736.81,2025-04-20,2-HIGH
12550,2550,O,1821.6,2025-06-19,3-MEDIUM
12551,2550,F,2528.26,2025-04-24,4-LOW
12552,2550,O,2787.73,2025-02-26,1-URGENT
12553,2550,O,380.42,2025-02-09,4-LOW
12554,2550,O,876.9,2025-02-12,1-URGENT
12555,2551,F,72.45,2025-02-19,1-URGENT
12556,2552,O,1907.28,2025-03-16,4-LOW
12557,2552,P,428.96,2025-04-27,1-URGENT
12558,2552,P,3045.7,2025-02-17,2-HIGH
12559,2552,P,2807.75,2025-06-24,3-MEDIUM
12560,2552,F,1022.66,2025-03-05,4-LOW
12561,2552,P,2455.26,2025-04-30,2-HIGH
12562,2553,P,1034.06,2025-04-07,2-HIGH
12563,2553,P,4351.65,2025-04-09,3-MEDIUM
12564,2553,F,1090.37,2025-01-31,4-LOW
12565,2553,P,603.29,2025-01-01,2-HIGH
12566,2553,O,3612.71,2025-04-28,4-LOW
12567,2553,O,2443.32,2025-04-29,1-URGENT
12568,2553,O,764.61,2025-01-08,2-HIGH
12569,2553,P,2310.88,2025-06-11,1-URGENT
12570,2554,F,2805.57,2025-05-29,2-HIGH
12571,2554,P,4639.3,2025-03-22,3-MEDIUM
12572,2554,O,5282.81,2025-01-26,3-MEDIUM
12573,2554,F,1717.12,2025-04-14,2-HIGH
12574,2554,O,730.27,2025-06-30,3-MEDIUM
12575,2554,F,2404.26,2025-03-22,3-MEDIUM
12576,2554,F,5013.88,2025-02-03,2-HIGH
12577,2554,P,4360.64,2025-04-28,2-HIGH
12578,2555,F,4036.65,2025-04-04,2-HIGH
12579,2555,F,1767.45,2025-04-28,1-URGENT
12580,2555,O,2264.12,2025-06-21,2-HIGH
12581,2555,P,3150.28,2025-06-04,4-LOW
12582,2556,P,7075.99,2025-01-10,1-URGENT
12583,2556,P,3220.6,2025-06-23,4-LOW
12584,2556,O,716.63,2025-03-23,2-HIGH
12585,2556,P,3818.1,2025-04-26,3-MEDIUM
12586,2556,P,6385.34,2025-03-17,1-URGENT
12587,2556,O,3605.38,2025-06-04,3-MEDIUM
12588,2556,O,3441.55,2025-03-24,4-LOW
12589,2557,F,6501.59,2025-01-31,3-MEDIUM
12590,2558,F,3730.15,2025-02-19,4-LOW
12591,2558,O,4552.59,2025-02-11,1-URGENT
12592,2558,F,7598.7,2025-05-31,4-LOW
12593,2558,P,8155.94,2025-02-14,4-LOW
12594,2559,P,5614.28,2025-05-23,2-HIGH
12595,2559,O,10334.28,2025-05-21,2-HIGH
12596,2559,P,4314.87,2025-01-31,3-MEDIUM
12597,2559,P,4387.17,2025-06-27,2-HIGH
12598,2559,P,2559.87,2025-03-26,2-HIGH
12599,2559,F,3880.52,2025-01-02,4-LOW
12600,2559,P,1542.31,2025-01-18,4-LOW
12601,2560,O,3687.79,2025-06-12,4-LOW
12602,2560,O,5315.5,2025-03-05,3-MEDIUM
12603,2560,O,1467.72,2025-03-02,2-HIGH
12604,2560,P,1397.74,2025-05-08,1-URGENT
12605,2560,O,2419.68,2025-01-21,3-MEDIUM
12606,2561,P,2895.43,2025-03-10,3-MEDIUM
12607,2561,P,883.26,2025-01-09,4-LOW
12608,2561,P,6572.6,2025-02-25,2-HIGH
12609,2561,F,846.72,2025-04-27,1-URGENT
12610,2562,P,4560.49,2025-04-28,1-URGENT
12611,2562,F,750.38,2025-03-26,1-URGENT
12612,2562,P,2488.25,2025-01-16,3-MEDIUM
12613,2562,F,2526.56,2025-05-12,1-URGENT
12614,2563,O,3434.08,2025-02-11,1-URGENT
12615,2563,F,3503.38,2025-01-11,3-MEDIUM
12616,2563,O,103.65,2025-05-10,2-HIGH
12617,2563,F,1313.7,2025-02-11,4-LOW
12618,2563,F,4667.28,2025-04-11,1-URGENT
12619,2564,O,5177.44,2025-02-24,4-LOW
12620,2565,F,2673.98,2025-05-05,3-MEDIUM
12621,2566,P,2431.8,2025-04-05,3-MEDIUM
12622,2567,P,1357.57,2025-06-17,2-HIGH
12623,2567,O,4545.75,2025-01-13,2-HIGH
12624,2568,O,4037.75,2025-01-20,4-LOW
12625,2568,F,180.46,2025-05-17,3-MEDIUM
12626,2569,F,5764.32,2025-05-04,3-MEDIUM
12627,2569,F,4720.84,2025-04-22,2-HIGH
12628,2569,P,1829.42,2025-03-15,4-LOW
12629,2569,F,6511.64,2025-03-30,4-LOW
12630,2570,P,526.24,2025-01-06,1-URGENT
12631,2570,O,4027.11,2025-03-04,4-LOW
12632,2570,F,2741.35,2025-05-25,3-MEDIUM
12633,2570,P,7711.37,2025-04-10,3-MEDIUM
12634,2570,P,6318.48,2025-06-06,4-LOW
12635,2570,P,4789.64,2025-01-20,2-HIGH
12636,2570,O,8681.34,2025-04-18,3-MEDIUM
12637,2570,F,4603.67,2025-06-07,4-LOW
12638,2571,O,3877.52,2025-02-07,4-LOW
12639,2571,O,5563.37,2025-05-09,2-HIGH
12640,2571,P,1610.82,2025-03-04,4-LOW
12641,2571,F,821.2,2025-02-04,1-URGENT
12642,2571,O,4084.1,2025-03-26,3-MEDIUM
12643,2571,O,1640.94,2025-01-07,4-LOW
12644,2572,P,540.2,2025-05-25,1-URGENT
12645,2572,F,3920.74,2025-03-25,1-URGENT
12646,2572,P,1358.08,2025-03-27,4-LOW
12647,2573,F,859.96,2025-01-14,2-HIGH
12648,2573,O,939.39,2025-02-02,3-MEDIUM
12649,2573,P,5688.07,2025-03-15,2-HIGH
12650,2573,O,1709.71,2025-03-18,1-URGENT
12651,2573,P,1022.79,2025-06-12,2-HIGH
12652,2573,O,2890.25,2025-03-01,2-HIGH
12653,2573,O,6355.43,2025-06-08,3-MEDIUM
12654,2574,O,543.29,2025-06-26,2-HIGH
12655,2574,F,1895.24,2025-05-20,1-URGENT
12656,2574,P,5364.83,2025-01-31,4-LOW
12657,2575,O,4878.07,2025-05-22,2-HIGH
12658,2575,O,4637.92,2025-01-08,2-HIGH
12659,2575,P,1221.84,2025-06-08,2-HIGH
12660,2575,F,4841.32,2025-04-13,3-MEDIUM
12661,2575,P,4191.11,2025-03-14,1-URGENT
12662,2575,O,1442.04,2025-05-17,4-LOW
12663,2576,P,10587.89,2025-02-20,1-URGENT
12664,2576,O,6771.11,2025-01-31,1-URGENT
12665,2576,P,1496.25,2025-06-06,1-URGENT
12666,2576,P,3838.61,2025-02-24,2-HIGH
12667,2577,O,5851.34,2025-02-17,3-MEDIUM
12668,2577,O,4817.02,2025-04-24,2-HIGH
12669,2577,O,2748.94,2025-03-22,4-LOW
12670,2577,F,6622.83,2025-03-11,1-URGENT
12671,2577,P,2995.82,2025-06-18,3-MEDIUM
12672,2577,O,4440.92,2025-05-08,3-MEDIUM
12673,2578,P,3968.67,2025-01-03,1-URGENT
12674,2578,F,5091.82,2025-03-06,1-URGENT
12675,2578,F,1756.04,2025-03-26,2-HIGH
12676,2578,O,2660.07,2025-03-14,3-MEDIUM
12677,2578,O,4876.6,2025-03-16,4-LOW
12678,2579,F,1636.83,2025-05-05,3-MEDIUM
12679,2579,F,123.1,2025-01-09,3-MEDIUM
12680,2579,O,3469.78,2025-04-02,2-HIGH
12681,2579,F,3042.41,2025-02-25,2-HIGH
12682,2579,O,4085.5,2025-02-03,1-URGENT
12683,2579,P,2616.57,2025-05-06,3-MEDIUM
12684,2579,O,1388.66,2025-01-11,1-URGENT
12685,2579,O,4308.24,2025-05-21,2-HIGH
12686,2580,F,1499.79,2025-06-06,1-URGENT
12687,2580,F,2157.25,2025-02-18,3-MEDIUM
12688,2581,F,3931.05,2025-06-05,1-URGENT
12689,2581,P,3444.42,2025-03-19,3-MEDIUM
12690,2581,P,3130.68,2025-04-30,2-HIGH
12691,2581,F,2552.01,2025-01-12,1-URGENT
12692,2582,O,4004.13,2025-02-18,1-URGENT
12693,2582,F,4594.77,2025-05-27,1-URGENT
12694,2582,P,9307.66,2025-06-05,2-HIGH
12695,2582,O,4710.88,2025-01-31,4-LOW
12696,2582,F,2825.31,2025-03-13,4-LOW
12697,2583,O,3978.28,2025-06-09,4-LOW
12698,2583,P,2012.12,2025-06-12,3-MEDIUM
12699,2583,P,478.91,2025-01-17,3-MEDIUM
12700,2583,F,7074.2,2025-03-14,3-MEDIUM
12701,2583,P,1724.74,2025-01-31,3-MEDIUM
12702,2583,F,1108.08,2025-03-18,2-HIGH
12703,2583,F,2243.87,2025-03-19,4-LOW
12704,2583,F,731.64,2025-02-25,4-LOW
12705,2584,P,370.5,2025-04-27,1-URGENT
12706,2584,P,2362.65,2025-03-08,3-MEDIUM
12707,2585,F,1081.81,2025-01-12,2-HIGH
12708,2585,O,2174.81,2025-04-07,3-MEDIUM
12709,2585,F,6640.48,2025-01-06,1-URGENT
12710,2585,O,3223.12,2025-02-05,4-LOW
12711,2585,O,3593.81,2025-04-23,4-LOW
12712,2586,O,712.34,2025-05-14,1-URGENT
12713,2586,F,2475.34,2025-05-29,4-LOW
12714,2587,P,2708.17,2025-02-14,2-HIGH
12715,2587,P,5345.65,2025-02-12,1-URGENT
12716,2587,O,7007.33,2025-02-21,4-LOW
12717,2587,P,4173.62,2025-01-09,3-MEDIUM
12718,2587,P,127.85,2025-03-19,1-URGENT
12719,2587,P,1731.21,2025-03-29,2-HIGH
12720,2587,P,1100.17,2025-06-03,4-LOW
12721,2588,O,10102.98,2025-05-13,1-URGENT
12722,2588,P,2299.83,2025-02-06,3-MEDIUM
12723,2589,P,3849.01,2025-06-27,2-HIGH
12724,2589,F,1556.29,2025-06-11,2-HIGH
12725,2589,F,3977.79,2025-04-13,2-HIGH
12726,2589,F,3911.56,2025-04-30,3-MEDIUM
12727,2589,O,2580.42,2025-04-13,4-LOW
12728,2590,O,2539.79,2025-06-04,4-LOW
12729,2590,F,342.94,2025-04-29,4-LOW
12730,2590,F,3617.82,2025-02-23,1-URGENT
12731,2590,O,5868.57,2025-06-06,2-HIGH
12732,2590,P,3513.14,2025-03-07,3-MEDIUM
12733,2591,P,3404.57,2025-02-25,3-MEDIUM
12734,2591,F,1777.53,2025-01-23,2-HIGH
12735,2591,P,1361.79,2025-06-02,2-HIGH
12736,2592,O,5118.53,2025-01-14,3-MEDIUM
12737,2592,P,4863.05,2025-02-14,2-HIGH
12738,2592,P,524.41,2025-04-28,2-HIGH
12739,2592,P,1275.69,2025-02-18,4-LOW
12740,2593,P,3634.78,2025-01-06,1-URGENT
12741,2593,P,8516.85,2025-04-29,1-URGENT
12742,2593,F,1288.37,2025-01-30,3-MEDIUM
12743,2593,F,2243.34,2025-02-15,2-HIGH
12744,2594,O,6209.87,2025-03-14,4-LOW
12745,2594,F,4053.83,2025-01-18,3-MEDIUM
12746,2594,P,336.25,2025-02-27,1-URGENT
12747,2594,P,2616.96,2025-06-07,3-MEDIUM
12748,2594,F,2810.13,2025-05-28,3-MEDIUM
12749,2594,O,1391.3,2025-05-14,3-MEDIUM
12750,2594,P,926.14,2025-03-02,2-HIGH
12751,2594,O,319.67,2025-06-02,4-LOW
12752,2595,F,4415.31,2025-04-30,1-URGENT
12753,2595,F,905.54,2025-06-15,4-LOW
12754,2595,O,3606.31,2025-06-29,3-MEDIUM
12755,2595,F,2434.74,2025-02-08,2-HIGH
12756,2595,P,1197.68,2025-06-27,1-URGENT
12757,2595,O,164.12,2025-01-05,2-HIGH
12758,2595,P,4856.02,2025-06-07,1-URGENT
12759,2596,O,1572.34,2025-06-06,3-MEDIUM
12760,2596,F,4794.68,2025-03-02,3-MEDIUM
12761,2596,F,7738.22,2025-02-02,2-HIGH
12762,2596,P,202.16,2025-05-20,4-LOW
12763,2597,F,2376.85,2025-01-27,1-URGENT
12764,2597,P,3816.84,2025-02-13,3-MEDIUM
12765,2597,P,3622.6,2025-06-05,4-LOW
12766,2597,P,1544.14,2025-04-22,1-URGENT
12767,2597,O,4225.98,2025-03-21,3-MEDIUM
12768,2597,F,383.47,2025-06-06,3-MEDIUM
12769,2597,P,66.33,2025-04-24,2-HIGH
12770,2597,F,871.5,2025-05-04,2-HIGH
12771,2598,F,5261.73,2025-05-31,3-MEDIUM
12772,2599,F,1450.7,2025-05-24,1-URGENT
12773,2599,O,2705.8,2025-02-18,3-MEDIUM
12774,2599,O,3646.78,2025-01-25,3-MEDIUM
12775,2599,P,932.86,2025-06-03,2-HIGH
12776,2599,O,2982.18,2025-05-29,1-URGENT
12777,2599,P,8670.38,2025-03-01,2-HIGH
12778,2600,P,4704.65,2025-06-13,3-MEDIUM
12779,2600,O,5399.01,2025-03-22,2-HIGH
12780,2601,O,3248.82,2025-01-14,1-URGENT
12781,2601,O,6799.22,2025-05-23,3-MEDIUM
12782,2601,F,8075.54,2025-03-24,4-LOW
12783,2601,O,4747.85,2025-01-20,4-LOW
12784,2601,P,4305.59,2025-05-29,1-URGENT
12785,2601,O,572.83,2025-06-10,4-LOW
12786,2601,P,3776.12,2025-01-23,2-HIGH
12787,2601,F,1310.39,2025-05-21,1-URGENT
12788,2602,F,1393.72,2025-03-26,2-HIGH
12789,2602,F,3824.32,2025-04-01,3-MEDIUM
12790,2603,O,5595.54,2025-06-07,2-HIGH
12791,2603,P,2202.63,2025-06-14,3-MEDIUM
12792,2603,P,3210.49,2025-01-09,3-MEDIUM
12793,2604,F,9517.78,2025-02-10,3-MEDIUM
12794,2604,P,3075.13,2025-05-30,2-HIGH
12795,2604,O,2470.4,2025-03-07,1-URGENT
12796,2604,O,628.88,2025-04-14,1-URGENT
12797,2604,P,1330.87,2025-02-16,2-HIGH
12798,2604,F,2130.61,2025-01-15,1-URGENT
12799,2605,O,5873.4,2025-01-03,2-HIGH
12800,2605,P,6300.41,2025-04-21,1-URGENT
12801,2605,O,2305.57,2025-03-21,2-HIGH
12802,2606,O,4682.56,2025-05-26,4-LOW
12803,2606,O,4266.57,2025-01-06,3-MEDIUM
12804,2606,F,1518.35,2025-05-18,4-LOW
12805,2606,O,5550.05,2025-04-22,3-MEDIUM
12806,2607,F,1173.82,2025-05-15,2-HIGH
12807,2607,F,1062.51,2025-01-19,1-URGENT
12808,2607,F,216.32,2025-06-15,3-MEDIUM
12809,2607,P,5004.01,2025-02-01,4-LOW
12810,2607,P,7003.76,2025-05-19,3-MEDIUM
12811,2607,F,5796.06,2025-02-01,3-MEDIUM
12812,2607,F,3420.06,2025-01-07,2-HIGH
12813,2607,O,2166.84,2025-02-22,2-HIGH
12814,2608,O,1606.55,2025-01-29,3-MEDIUM
12815,2608,F,1352.34,2025-01-22,1-URGENT
12816,2608,F,6651.13,2025-01-06,4-LOW
12817,2608,O,1893.49,2025-06-02,4-LOW
12818,2608,O,3468.2,2025-05-13,2-HIGH
12819,2608,O,2349.79,2025-01-30,4-LOW
12820,2608,F,1736.05,2025-04-18,4-LOW
12821,2609,P,2731.05,2025-02-09,1-URGENT
12822,2609,F,3486.68,2025-06-03,4-LOW
12823,2609,O,5877.17,2025-03-19,1-URGENT
12824,2609,O,1815.61,2025-01-12,2-HIGH
12825,2609,O,2505.49,2025-01-21,1-URGENT
12826,2610,F,5901.15,2025-01-27,2-HIGH
12827,2610,P,277.65,2025-06-03,2-HIGH
12828,2610,O,3945.32,2025-01-28,1-URGENT
12829,2610,F,98.73,2025-06-02,2-HIGH
12830,2610,P,2259.32,2025-03-15,3-MEDIUM
12831,2610,O,6006.39,2025-01-18,1-URGENT
12832,2610,P,1424.5,2025-06-04,2-HIGH
12833,2611,P,1454.85,2025-05-02,3-MEDIUM
12834,2611,F,2186.75,2025-06-04,1-URGENT
12835,2611,F,378.36,2025-03-27,3-MEDIUM
12836,2611,P,3909.83,2025-05-26,3-MEDIUM
12837,2611,P,792.03,2025-01-20,2-HIGH
12838,2611,F,1201.48,2025-06-28,1-URGENT
12839,2611,P,1757.04,2025-05-20,2-HIGH
12840,2612,O,4376.96,2025-03-11,1-URGENT
12841,2612,O,675.8,2025-04-22,1-URGENT
12842,2612,P,5132.98,2025-04-29,3-MEDIUM
12843,2612,F,5567.68,2025-02-24,3-MEDIUM
12844,2612,F,2170.33,2025-05-09,4-LOW
12845,2612,F,2143.89,2025-04-06,4-LOW
12846,2613,P,1939.75,2025-01-30,3-MEDIUM
12847,2613,P,7583.82,2025-02-17,1-URGENT
12848,2613,F,4982.24,2025-02-15,1-URGENT
12849,2613,F,556.79,2025-06-06,3-MEDIUM
12850,2613,F,6162.04,2025-03-24,1-URGENT
12851,2614,P,3097.53,2025-04-30,2-HIGH
12852,2614,P,681.2,2025-03-12,1-URGENT
12853,2614,P,3120.02,2025-06-15,3-MEDIUM
12854,2614,F,2029.98,2025-02-06,1-URGENT
12855,2615,P,909.12,2025-03-04,2-HIGH
12856,2615,F,2924.5,2025-02-23,3-MEDIUM
12857,2615,O,4209.13,2025-05-19,2-HIGH
12858,2615,P,809.13,2025-05-25,3-MEDIUM
12859,2615,O,4569.83,2025-04-06,1-URGENT
12860,2615,O,6123.22,2025-01-10,2-HIGH
12861,2616,O,3103.52,2025-03-23,2-HIGH
12862,2616,O,6302.38,2025-05-23,3-MEDIUM
12863,2616,P,995.2,2025-02-08,2-HIGH
12864,2616,F,3726.76,2025-03-13,1-URGENT
12865,2616,P,6194.6,2025-06-13,4-LOW
12866,2616,O,4847.83,2025-05-20,1-URGENT
12867,2616,P,4926.94,2025-04-18,4-LOW
12868,2616,O,2229.63,2025-04-03,3-MEDIUM
12869,2617,F,1257.75,2025-02-05,2-HIGH
12870,2617,F,5517.88,2025-06-27,1-URGENT
12871,2617,P,4575.06,2025-03-30,1-URGENT
12872,2617,F,524.3,2025-05-16,4-LOW
12873,2617,F,9333.21,2025-06-15,3-MEDIUM
12874,2617,F,299.9,2025-01-19,1-URGENT
12875,2618,P,2360.87,2025-05-21,2-HIGH
12876,2618,P,1361.54,2025-03-10,3-MEDIUM
12877,2618,P,2505.35,2025-04-04,3-MEDIUM
12878,2618,F,1812.78,2025-04-04,4-LOW
12879,2618,O,966.21,2025-04-03,3-MEDIUM
12880,2618,P,2266.97,2025-06-18,4-LOW
12881,2619,F,2696.95,2025-03-09,2-HIGH
12882,2620,P,4495.48,2025-01-15,1-URGENT
12883,2620,P,492.8,2025-05-12,1-URGENT
12884,2620,P,4932.96,2025-05-15,4-LOW
12885,2621,O,7124.21,2025-04-14,2-HIGH
12886,2622,O,1283.07,2025-05-25,1-URGENT
12887,2622,F,2879.94,2025-05-02,2-HIGH
12888,2623,F,937.93,2025-03-08,2-HIGH
12889,2623,O,3172.04,2025-03-13,1-URGENT
12890,2623,O,3399.19,2025-05-14,1-URGENT
12891,2623,F,858.66,2025-04-28,2-HIGH
12892,2623,P,3514.56,2025-02-13,2-HIGH
12893,2623,F,3619.6,2025-05-28,2-HIGH
12894,2623,F,439.62,2025-05-29,3-MEDIUM
12895,2624,P,5867.14,2025-06-08,4-LOW
12896,2624,F,2052.25,2025-05-27,3-MEDIUM
12897,2624,P,2615.34,2025-05-17,2-HIGH
12898,2624,F,2522.96,2025-06-15,4-LOW
12899,2624,P,3027.01,2025-06-22,3-MEDIUM
12900,2624,F,361.96,2025-02-08,3-MEDIUM
12901,2625,P,2883.25,2025-02-08,2-HIGH
12902,2625,O,1444.46,2025-06-07,4-LOW
12903,2625,P,256.36,2025-04-25,4-LOW
12904,2625,P,2400.65,2025-04-28,3-MEDIUM
12905,2625,P,4591.19,2025-06-19,3-MEDIUM
12906,2626,F,622.39,2025-05-07,1-URGENT
12907,2626,O,3003.81,2025-06-06,4-LOW
12908,2626,O,3408.44,2025-04-12,1-URGENT
12909,2626,F,847.91,2025-04-19,2-HIGH
12910,2627,P,2722.52,2025-05-03,4-LOW
12911,2627,F,3970.83,2025-02-19,1-URGENT
12912,2627,F,7830.75,2025-06-12,1-URGENT
12913,2627,P,2925.62,2025-06-29,4-LOW
12914,2628,F,36.83,2025-03-21,4-LOW
12915,2628,P,3505.05,2025-03-16,4-LOW
12916,2628,P,2973.41,2025-06-25,3-MEDIUM
12917,2628,P,4063.53,2025-05-17,4-LOW
12918,2628,F,3594.5,2025-03-28,3-MEDIUM
12919,2628,F,2716.4,2025-01-03,2-HIGH
12920,2629,F,400.96,2025-05-01,3-MEDIUM
12921,2630,O,286.42,2025-04-06,3-MEDIUM
12922,2630,F,5283.88,2025-04-27,3-MEDIUM
12923,2631,F,6137.89,2025-04-09,3-MEDIUM
12924,2631,P,2881.04,2025-06-15,4-LOW
12925,2631,F,2037.89,2025-04-29,3-MEDIUM
12926,2631,P,1135.03,2025-01-12,3-MEDIUM
12927,2631,F,570.35,2025-06-27,2-HIGH
12928,2631,P,7084.56,2025-02-08,2-HIGH
12929,2631,F,1223.22,2025-05-29,2-HIGH
12930,2631,P,1346.4,2025-01-30,1-URGENT
12931,2632,O,8206.58,2025-02-19,1-URGENT
12932,2632,P,5625.72,2025-01-20,4-LOW
12933,2632,F,3520.71,2025-05-01,3-MEDIUM
12934,2632,P,5361.76,2025-04-22,3-MEDIUM
12935,2632,P,4618.74,2025-04-18,3-MEDIUM
12936,2632,O,7095.26,2025-03-08,1-URGENT
12937,2632,P,2266.11,2025-06-22,4-LOW
12938,2633,F,4669.51,2025-03-22,2-HIGH
12939,2633,F,4619.07,2025-01-29,2-HIGH
12940,2633,F,3641.29,2025-03-06,4-LOW
12941,2633,P,3631.19,2025-01-01,4-LOW
12942,2634,O,5262.88,2025-05-22,4-LOW
12943,2634,P,975.78,2025-03-01,1-URGENT
12944,2634,P,3539.22,2025-05-06,2-HIGH
12945,2634,P,780.02,2025-05-21,3-MEDIUM
12946,2634,P,2050.16,2025-04-16,3-MEDIUM
12947,2634,O,3056.55,2025-05-04,2-HIGH
12948,2634,P,2156.38,2025-02-09,2-HIGH
12949,2635,O,830.73,2025-03-01,3-MEDIUM
12950,2635,P,272.34,2025-02-06,4-LOW
12951,2635,O,5215.9,2025-05-11,4-LOW
12952,2635,P,2728.0,2025-06-29,4-LOW
12953,2635,O,191.41,2025-03-18,3-MEDIUM
12954,2635,F,1021.21,2025-04-08,3-MEDIUM
12955,2636,F,3806.69,2025-06-11,4-LOW
12956,2636,F,1211.45,2025-05-07,4-LOW
12957,2636,O,7427.29,2025-06-23,1-URGENT
12958,2636,O,4041.52,2025-02-13,2-HIGH
12959,2636,P,1067.82,2025-05-09,2-HIGH
12960,2636,O,670.26,2025-03-26,2-HIGH
12961,2636,F,4897.48,2025-04-22,2-HIGH
12962,2636,F,3524.93,2025-06-28,1-URGENT
12963,2637,O,5623.49,2025-05-13,4-LOW
12964,2637,P,5526.13,2025-01-31,3-MEDIUM
12965,2637,P,659.45,2025-03-17,3-MEDIUM
12966,2637,P,4319.21,2025-04-01,1-URGENT
12967,2637,O,1778.68,2025-01-02,2-HIGH
12968,2638,O,6157.43,2025-04-07,3-MEDIUM
12969,2638,O,1626.53,2025-06-28,1-URGENT
12970,2638,O,675.36,2025-06-07,3-MEDIUM
12971,2638,F,4661.54,2025-05-06,1-URGENT
12972,2638,O,7616.01,2025-06-04,1-URGENT
12973,2639,O,3836.71,2025-01-30,3-MEDIUM
12974,2639,F,3697.7,2025-04-10,2-HIGH
12975,2639,O,811.24,2025-01-14,2-HIGH
12976,2639,O,2196.77,2025-02-02,3-MEDIUM
12977,2639,O,4492.75,2025-03-08,4-LOW
12978,2639,F,3931.77,2025-04-10,3-MEDIUM
12979,2639,O,8562.46,2025-05-22,2-HIGH
12980,2639,P,2989.21,2025-05-18,2-HIGH
12981,2640,P,3465.66,2025-01-03,3-MEDIUM
12982,2640,O,4219.43,2025-06-09,2-HIGH
12983,2640,F,5301.56,2025-04-12,3-MEDIUM
12984,2641,O,5445.05,2025-01-27,1-URGENT
12985,2641,O,5022.41,2025-02-12,2-HIGH
12986,2641,P,3569.17,2025-01-07,4-LOW
12987,2641,P,3057.33,2025-03-15,4-LOW
12988,2641,F,5209.92,2025-05-02,2-HIGH
12989,2641,O,4393.39,2025-05-01,4-LOW
12990,2641,F,1036.44,2025-01-17,4-LOW
12991,2642,F,660.74,2025-05-11,4-LOW
12992,2642,P,830.52,2025-03-09,4-LOW
12993,2642,P,4098.18,2025-06-05,4-LOW
12994,2642,F,3728.96,2025-06-12,4-LOW
12995,2642,P,2075.19,2025-05-06,2-HIGH
12996,2642,O,2737.28,2025-03-08,3-MEDIUM
12997,2642,O,4796.24,2025-05-04,3-MEDIUM
12998,2642,O,5170.61,2025-03-04,1-URGENT
12999,2643,O,2792.55,2025-02-06,4-LOW
13000,2643,F,5994.28,2025-05-27,3-MEDIUM
13001,2643,P,4054.9,2025-06-25,2-HIGH
13002,2643,P,5872.45,2025-03-06,3-MEDIUM
13003,2643,P,1755.77,2025-05-31,1-URGENT
13004,2644,P,6628.54,2025-06-03,4-LOW
13005,2644,F,7497.27,2025-06-24,4-LOW
13006,2645,F,1421.87,2025-05-02,1-URGENT
13007,2645,P,8227.83,2025-01-12,2-HIGH
13008,2646,O,3377.62,2025-06-24,3-MEDIUM
13009,2646,O,1985.75,2025-05-10,1-URGENT
13010,2646,O,3237.91,2025-06-19,4-LOW
13011,2646,O,2072.8,2025-04-10,1-URGENT
13012,2646,P,3195.44,2025-02-23,4-LOW
13013,2647,F,7778.18,2025-01-13,1-URGENT
13014,2647,O,2608.63,2025-06-25,4-LOW
13015,2647,P,2183.23,2025-04-29,1-URGENT
13016,2647,F,4338.56,2025-03-17,4-LOW
13017,2647,O,6488.44,2025-04-29,3-MEDIUM
13018,2648,F,4468.56,2025-01-21,2-HIGH
13019,2648,O,2147.74,2025-06-11,2-HIGH
13020,2648,P,6630.56,2025-02-22,3-MEDIUM
13021,2649,O,3774.38,2025-05-05,4-LOW
13022,2649,F,4109.04,2025-04-03,1-URGENT
13023,2649,O,760.11,2025-03-10,3-MEDIUM
13024,2650,O,1153.3,2025-06-26,4-LOW
13025,2650,O,2102.14,2025-06-28,4-LOW
13026,2650,F,3362.72,2025-03-10,4-LOW
13027,2650,O,760.51,2025-05-28,4-LOW
13028,2650,P,2569.53,2025-06-13,3-MEDIUM
13029,2650,P,7003.46,2025-06-20,4-LOW
13030,2650,O,4064.37,2025-03-20,4-LOW
13031,2650,F,5886.95,2025-02-22,2-HIGH
13032,2651,F,5703.71,2025-01-19,4-LOW
13033,2651,O,2172.44,2025-03-30,1-URGENT
13034,2651,F,5997.38,2025-01-17,2-HIGH
13035,2651,F,318.6,2025-06-06,4-LOW
13036,2651,O,4241.1,2025-01-20,2-HIGH
13037,2651,O,6637.88,2025-01-20,2-HIGH
13038,2651,O,4021.67,2025-04-17,2-HIGH
13039,2651,F,2978.46,2025-03-09,2-HIGH
13040,2652,P,6369.51,2025-02-15,4-LOW
13041,2652,F,770.19,2025-01-08,4-LOW
13042,2652,P,2580.63,2025-06-03,1-URGENT
13043,2652,O,6147.95,2025-04-17,2-HIGH
13044,2652,P,3058.04,2025-06-14,1-URGENT
13045,2652,O,1669.14,2025-02-26,3-MEDIUM
13046,2652,F,4235.8,2025-05-03,1-URGENT
13047,2652,P,6907.78,2025-06-16,3-MEDIUM
13048,2653,P,4276.05,2025-05-08,3-MEDIUM
13049,2653,O,10205.02,2025-04-07,1-URGENT
13050,2653,P,882.07,2025-01-18,2-HIGH
13051,2654,O,5009.07,2025-06-04,3-MEDIUM
13052,2654,O,4414.75,2025-04-25,1-URGENT
13053,2654,O,5654.47,2025-05-15,1-URGENT
13054,2654,O,4365.87,2025-06-13,4-LOW
13055,2654,P,6201.71,2025-04-24,4-LOW
13056,2654,O,4382.0,2025-04-05,4-LOW
13057,2654,F,3525.84,2025-05-10,1-URGENT
13058,2655,O,2466.75,2025-02-04,2-HIGH
13059,2655,F,1138.18,2025-05-06,2-HIGH
13060,2655,O,3314.37,2025-01-08,4-LOW
13061,2655,P,7786.83,2025-03-20,4-LOW
13062,2655,O,5390.37,2025-04-24,2-HIGH
13063,2655,F,5026.16,2025-06-03,1-URGENT
13064,2656,F,2751.89,2025-06-29,1-URGENT
13065,2657,O,5911.82,2025-05-27,4-LOW
13066,2657,P,1455.67,2025-03-03,1-URGENT
13067,2657,O,9690.89,2025-06-12,2-HIGH
13068,2657,P,4239.25,2025-02-18,4-LOW
13069,2658,O,5613.91,2025-01-02,2-HIGH
13070,2658,P,329.27,2025-02-06,1-URGENT
13071,2658,P,3998.61,2025-04-26,2-HIGH
13072,2659,O,4440.75,2025-05-17,2-HIGH
13073,2659,P,2809.77,2025-06-08,2-HIGH
13074,2660,F,2385.99,2025-04-15,1-URGENT
13075,2660,F,1658.94,2025-01-28,3-MEDIUM
13076,2661,O,4536.47,2025-01-30,2-HIGH
13077,2661,O,1244.56,2025-05-05,1-URGENT
13078,2661,F,7771.98,2025-05-05,3-MEDIUM
13079,2661,F,972.52,2025-05-13,3-MEDIUM
13080,2661,O,2831.46,2025-03-01,2-HIGH
13081,2661,O,4499.87,2025-03-07,4-LOW
13082,2661,F,188.75,2025-01-19,3-MEDIUM
13083,2662,F,354.62,2025-01-23,2-HIGH
13084,2662,F,322.33,2025-06-05,3-MEDIUM
13085,2662,O,3626.16,2025-05-16,3-MEDIUM
13086,2662,P,787.64,2025-03-08,3-MEDIUM
13087,2663,F,1968.08,2025-02-16,1-URGENT
13088,2663,P,5495.24,2025-06-17,3-MEDIUM
13089,2663,O,603.19,2025-06-23,1-URGENT
13090,2663,O,1357.53,2025-01-17,1-URGENT
13091,2663,P,3741.22,2025-03-23,3-MEDIUM
13092,2663,F,3194.74,2025-06-22,2-HIGH
13093,2663,P,1072.36,2025-02-03,3-MEDIUM
13094,2664,F,5344.45,2025-06-21,3-MEDIUM
13095,2665,O,5319.04,2025-03-22,3-MEDIUM
13096,2665,P,2286.15,2025-03-03,4-LOW
13097,2665,P,88.48,2025-05-21,1-URGENT
13098,2665,O,3967.73,2025-01-24,2-HIGH
13099,2665,P,3047.15,2025-02-26,4-LOW
13100,2665,P,638.4,2025-04-03,3-MEDIUM
13101,2666,P,4328.38,2025-05-08,3-MEDIUM
13102,2666,O,1806.95,2025-03-19,1-URGENT
13103,2666,F,1641.29,2025-03-19,4-LOW
13104,2666,F,4438.36,2025-05-02,4-LOW
13105,2666,O,801.31,2025-05-31,4-LOW
13106,2667,P,8196.59,2025-04-18,3-MEDIUM
13107,2667,F,4327.83,2025-02-01,1-URGENT
13108,2667,O,7214.22,2025-06-09,2-HIGH
13109,2667,F,810.03,2025-03-18,1-URGENT
13110,2667,O,4678.44,2025-03-28,1-URGENT
13111,2667,O,1577.11,2025-03-30,4-LOW
13112,2668,P,4949.52,2025-05-16,3-MEDIUM
13113,2668,P,6277.85,2025-02-27,1-URGENT
13114,2669,F,4639.0,2025-05-14,4-LOW
13115,2669,P,4048.56,2025-03-15,1-URGENT
13116,2669,P,1148.18,2025-04-28,3-MEDIUM
13117,2669,P,501.98,2025-05-05,3-MEDIUM
13118,2669,O,2254.28,2025-03-22,1-URGENT
13119,2669,O,4020.81,2025-05-24,2-HIGH
13120,2670,O,1469.36,2025-01-20,2-HIGH
13121,2670,F,2328.31,2025-05-18,3-MEDIUM
13122,2670,F,4848.12,2025-04-28,1-URGENT
13123,2671,O,390.92,2025-05-15,4-LOW
13124,2671,O,3423.86,2025-06-27,4-LOW
13125,2671,P,2524.01,2025-05-10,4-LOW
13126,2671,P,5475.4,2025-01-16,2-HIGH
13127,2672,P,4854.45,2025-05-28,1-URGENT
13128,2672,P,727.2,2025-03-08,1-URGENT
13129,2673,P,2256.78,2025-01-14,3-MEDIUM
13130,2674,O,1923.29,2025-04-08,2-HIGH
13131,2674,O,4671.59,2025-02-14,2-HIGH
13132,2674,P,3025.56,2025-03-27,4-LOW
13133,2674,F,858.0,2025-06-04,4-LOW
13134,2674,P,5051.83,2025-03-19,1-URGENT
13135,2675,O,3553.79,2025-06-25,2-HIGH
13136,2675,O,1213.98,2025-06-23,4-LOW
13137,2675,F,905.1,2025-05-12,1-URGENT
13138,2675,F,246.51,2025-06-08,2-HIGH
13139,2676,P,231.08,2025-03-03,3-MEDIUM
13140,2676,O,3263.58,2025-03-23,1-URGENT
13141,2676,O,5990.72,2025-02-07,1-URGENT
13142,2676,F,6239.51,2025-03-23,2-HIGH
13143,2676,O,3233.87,2025-01-01,1-URGENT
13144,2676,O,4132.26,2025-01-30,1-URGENT
13145,2676,P,3995.92,2025-01-24,4-LOW
13146,2676,O,398.41,2025-03-04,3-MEDIUM
13147,2677,F,1516.2,2025-03-08,1-URGENT
13148,2677,O,1645.69,2025-03-11,2-HIGH
13149,2678,P,2975.11,2025-01-07,3-MEDIUM
13150,2678,F,6106.21,2025-04-15,4-LOW
13151,2678,O,6801.13,2025-05-16,4-LOW
13152,2678,F,3311.57,2025-03-29,2-HIGH
13153,2678,O,1742.05,2025-03-30,4-LOW
13154,2679,P,4177.75,2025-03-08,4-LOW
13155,2679,F,6966.24,2025-05-22,3-MEDIUM
13156,2679,P,3151.07,2025-06-30,3-MEDIUM
13157,2679,F,1354.03,2025-05-03,4-LOW
13158,2679,P,864.15,2025-05-01,2-HIGH
13159,2680,O,3914.64,2025-01-31,3-MEDIUM
13160,2680,O,2079.2,2025-05-08,4-LOW
13161,2681,F,3104.47,2025-01-13,2-HIGH
13162,2681,O,2767.36,2025-06-19,4-LOW
13163,2681,O,3214.34,2025-05-17,3-MEDIUM
13164,2681,P,1364.31,2025-06-02,1-URGENT
13165,2681,P,4854.43,2025-02-21,2-HIGH
13166,2681,F,2519.92,2025-03-03,3-MEDIUM
13167,2681,F,3696.63,2025-02-21,3-MEDIUM
13168,2681,P,2712.65,2025-06-20,4-LOW
13169,2682,O,2776.9,2025-04-08,3-MEDIUM
13170,2682,O,5836.27,2025-06-22,4-LOW
13171,2682,P,3974.75,2025-03-24,3-MEDIUM
13172,2682,F,5687.2,2025-03-02,2-HIGH
13173,2682,O,4754.23,2025-03-16,2-HIGH
13174,2682,O,5207.33,2025-04-25,3-MEDIUM
13175,2682,O,2397.57,2025-05-15,1-URGENT
13176,2682,F,4604.06,2025-04-30,2-HIGH
13177,2683,O,1822.71,2025-03-22,4-LOW
13178,2683,F,1952.24,2025-04-24,1-URGENT
13179,2684,F,820.23,2025-04-14,1-URGENT
13180,2684,P,3198.04,2025-04-15,3-MEDIUM
13181,2684,F,2615.29,2025-03-07,3-MEDIUM
13182,2684,F,3678.22,2025-05-05,1-URGENT
13183,2685,O,3225.65,2025-01-24,3-MEDIUM
13184,2685,P,913.79,2025-06-13,3-MEDIUM
13185,2685,F,574.33,2025-02-13,1-URGENT
13186,2685,O,3060.36,2025-01-24,4-LOW
13187,2685,F,4561.75,2025-04-02,1-URGENT
13188,2685,F,626.78,2025-05-03,4-LOW
13189,2685,O,4679.07,2025-03-18,2-HIGH
13190,2685,P,744.4,2025-03-17,2-HIGH
13191,2686,F,2831.11,2025-01-24,2-HIGH
13192,2687,O,1165.52,2025-02-05,2-HIGH
13193,2687,O,4444.89,2025-04-24,4-LOW
13194,2688,O,443.27,2025-05-12,2-HIGH
13195,2688,O,1178.38,2025-04-27,1-URGENT
13196,2689,O,710.13,2025-03-22,4-LOW
13197,2689,P,296.27,2025-05-22,3-MEDIUM
13198,2689,P,2755.22,2025-02-18,1-URGENT
13199,2689,F,529.82,2025-02-03,2-HIGH
13200,2689,P,5068.75,2025-03-24,1-URGENT
13201,2689,F,127.79,2025-05-22,3-MEDIUM
13202,2689,P,2183.25,2025-03-16,2-HIGH
13203,2689,O,810.56,2025-03-06,4-LOW
13204,2690,O,2222.58,2025-01-27,4-LOW
13205,2690,O,3708.05,2025-05-25,4-LOW
13206,2691,F,4530.14,2025-04-27,4-LOW
13207,2691,O,3435.01,2025-02-01,4-LOW
13208,2691,P,2838.28,2025-05-19,4-LOW
13209,2691,O,819.29,2025-01-09,3-MEDIUM
13210,2691,F,5767.59,2025-01-13,2-HIGH
13211,2691,F,2859.92,2025-04-17,1-URGENT
13212,2691,P,1908.48,2025-02-06,2-HIGH
13213,2691,P,1991.72,2025-04-15,2-HIGH
13214,2692,P,1283.4,2025-04-03,1-URGENT
13215,2692,O,1514.62,2025-03-30,3-MEDIUM
13216,2692,P,5526.19,2025-03-18,1-URGENT
13217,2693,O,3048.28,2025-06-17,2-HIGH
13218,2693,F,3397.68,2025-06-25,3-MEDIUM
13219,2693,F,8232.32,2025-04-19,4-LOW
13220,2693,F,2199.62,2025-06-02,3-MEDIUM
13221,2693,P,1760.48,2025-03-30,1-URGENT
13222,2693,O,6197.32,2025-03-25,3-MEDIUM
13223,2693,O,11100.14,2025-03-07,1-URGENT
13224,2693,P,4358.61,2025-05-03,4-LOW
13225,2694,O,1729.43,2025-01-20,1-URGENT
13226,2695,P,4731.43,2025-05-06,4-LOW
13227,2695,P,4798.44,2025-02-26,1-URGENT
13228,2695,P,1811.68,2025-02-22,2-HIGH
13229,2695,P,6980.52,2025-04-26,4-LOW
13230,2695,F,451.08,2025-04-08,3-MEDIUM
13231,2695,P,5107.26,2025-04-05,3-MEDIUM
13232,2695,P,558.5,2025-02-12,3-MEDIUM
13233,2696,F,31.21,2025-05-07,2-HIGH
13234,2696,O,273.03,2025-01-20,3-MEDIUM
13235,2696,F,2882.85,2025-02-28,4-LOW
13236,2696,P,4322.59,2025-04-21,4-LOW
13237,2697,O,2768.91,2025-05-03,4-LOW
13238,2697,P,5708.75,2025-02-15,2-HIGH
13239,2697,O,1834.98,2025-01-13,3-MEDIUM
13240,2697,O,350.49,2025-04-21,3-MEDIUM
13241,2697,O,6658.02,2025-01-08,3-MEDIUM
13242,2697,O,5079.95,2025-04-22,3-MEDIUM
13243,2697,P,4660.91,2025-02-28,4-LOW
13244,2698,F,2321.32,2025-04-30,4-LOW
13245,2699,O,964.52,2025-04-16,2-HIGH
13246,2699,P,5760.72,2025-06-04,4-LOW
13247,2699,P,8053.0,2025-03-05,4-LOW
13248,2699,P,3384.28,2025-04-18,1-URGENT
13249,2699,O,1396.5,2025-04-19,4-LOW
13250,2699,O,1837.79,2025-06-30,4-LOW
13251,2700,P,3885.0,2025-04-25,2-HIGH
13252,2700,O,6569.27,2025-05-09,4-LOW
13253,2700,P,5777.47,2025-04-07,1-URGENT
13254,2700,F,3222.39,2025-06-04,3-MEDIUM
13255,2701,O,3143.91,2025-05-26,4-LOW
13256,2702,O,1796.0,2025-01-19,3-MEDIUM
13257,2702,P,2687.81,2025-02-24,4-LOW
13258,2702,O,2913.4,2025-06-16,1-URGENT
13259,2702,F,6687.48,2025-05-26,4-LOW
13260,2702,P,9348.12,2025-02-21,2-HIGH
13261,2703,O,5036.85,2025-03-15,3-MEDIUM
13262,2703,F,1275.0,2025-06-05,4-LOW
13263,2703,O,1873.37,2025-04-10,3-MEDIUM
13264,2703,O,1568.81,2025-01-13,2-HIGH
13265,2704,P,2935.35,2025-06-17,4-LOW
13266,2705,P,1215.81,2025-05-09,3-MEDIUM
13267,2705,F,5669.61,2025-01-03,2-HIGH
13268,2705,P,2891.33,2025-05-05,2-HIGH
13269,2705,O,3991.25,2025-02-21,2-HIGH
13270,2705,P,1490.87,2025-06-04,4-LOW
13271,2705,F,6209.94,2025-03-13,3-MEDIUM
13272,2706,P,1342.31,2025-03-24,1-URGENT
13273,2706,F,6598.29,2025-03-22,1-URGENT
13274,2706,P,1976.44,2025-01-09,3-MEDIUM
13275,2706,F,4831.08,2025-05-05,1-URGENT
13276,2706,F,3807.47,2025-03-30,3-MEDIUM
13277,2707,O,2784.77,2025-04-05,4-LOW
13278,2707,F,500.58,2025-03-26,3-MEDIUM
13279,2707,P,5280.5,2025-05-21,1-URGENT
13280,2707,P,2534.98,2025-03-29,3-MEDIUM
13281,2708,F,5314.61,2025-05-13,4-LOW
13282,2708,O,828.25,2025-03-29,4-LOW
13283,2708,O,3237.02,2025-04-09,2-HIGH
13284,2709,P,2457.04,2025-06-01,3-MEDIUM
13285,2709,O,1717.6,2025-01-08,2-HIGH
13286,2709,O,4099.77,2025-01-27,1-URGENT
13287,2709,O,3895.17,2025-05-04,2-HIGH
13288,2710,P,723.18,2025-06-12,2-HIGH
13289,2710,O,4863.31,2025-05-17,3-MEDIUM
13290,2710,P,3185.81,2025-04-16,4-LOW
13291,2710,O,2088.58,2025-03-24,3-MEDIUM
13292,2711,F,7042.54,2025-04-26,3-MEDIUM
13293,2711,P,3473.09,2025-01-22,2-HIGH
13294,2711,P,367.25,2025-03-31,1-URGENT
13295,2711,P,1321.24,2025-06-23,2-HIGH
13296,2712,O,3287.57,2025-05-31,1-URGENT
13297,2712,O,2217.04,2025-02-13,3-MEDIUM
13298,2712,P,6486.54,2025-01-19,4-LOW
13299,2712,F,512.14,2025-02-26,1-URGENT
13300,2712,P,4686.83,2025-01-03,4-LOW
13301,2713,F,4812.22,2025-06-11,3-MEDIUM
13302,2713,O,3374.68,2025-05-11,4-LOW
13303,2714,O,5674.47,2025-05-03,3-MEDIUM
13304,2714,P,2982.11,2025-02-14,1-URGENT
13305,2714,O,3251.65,2025-01-29,2-HIGH
13306,2714,F,2076.65,2025-04-28,3-MEDIUM
13307,2714,F,697.99,2025-02-27,3-MEDIUM
13308,2714,F,4242.0,2025-01-09,1-URGENT
13309,2714,F,910.02,2025-04-10,1-URGENT
13310,2714,P,3727.28,2025-01-25,1-URGENT
13311,2715,P,441.5,2025-01-26,1-URGENT
13312,2715,O,2014.67,2025-06-24,1-URGENT
13313,2715,F,3516.84,2025-01-27,3-MEDIUM
13314,2715,F,944.88,2025-04-03,1-URGENT
13315,2715,P,639.74,2025-06-04,2-HIGH
13316,2715,F,3672.1,2025-03-06,1-URGENT
13317,2715,O,3699.04,2025-05-22,2-HIGH
13318,2715,O,3409.44,2025-01-04,3-MEDIUM
13319,2716,F,890.75,2025-06-30,2-HIGH
13320,2717,P,1492.38,2025-04-29,4-LOW
13321,2717,P,4204.69,2025-06-22,3-MEDIUM
13322,2717,O,4186.22,2025-05-13,4-LOW
13323,2718,F,2943.85,2025-01-22,4-LOW
13324,2719,F,2842.19,2025-03-16,1-URGENT
13325,2719,O,5562.77,2025-06-29,2-HIGH
13326,2719,F,1527.88,2025-05-31,3-MEDIUM
13327,2719,O,6452.64,2025-05-03,4-LOW
13328,2720,O,6615.99,2025-03-09,4-LOW
13329,2720,P,3580.66,2025-02-19,4-LOW
13330,2720,O,367.03,2025-02-25,1-URGENT
13331,2720,O,5804.7,2025-05-02,4-LOW
13332,2720,P,2722.75,2025-04-06,2-HIGH
13333,2720,F,2332.56,2025-04-29,3-MEDIUM
13334,2720,P,98.78,2025-03-29,4-LOW
13335,2721,P,3802.55,2025-05-17,3-MEDIUM
13336,2721,F,2006.86,2025-02-16,1-URGENT
13337,2721,F,1441.5,2025-06-02,3-MEDIUM
13338,2722,F,2509.48,2025-01-30,2-HIGH
13339,2723,F,2439.68,2025-02-14,2-HIGH
13340,2723,P,6320.81,2025-06-19,1-URGENT
13341,2723,F,2569.24,2025-02-03,2-HIGH
13342,2723,P,635.04,2025-04-15,4-LOW
13343,2724,F,6169.23,2025-01-15,2-HIGH
13344,2724,F,1679.6,2025-05-24,2-HIGH
13345,2724,P,7473.1,2025-02-02,2-HIGH
13346,2724,O,3454.36,2025-01-08,1-URGENT
13347,2725,P,3650.27,2025-01-01,1-URGENT
13348,2725,O,2965.26,2025-06-24,2-HIGH
13349,2725,F,4204.41,2025-04-22,1-URGENT
13350,2726,P,487.94,2025-04-29,1-URGENT
13351,2726,P,1919.79,2025-01-15,1-URGENT
13352,2726,F,1215.4,2025-05-13,2-HIGH
13353,2726,P,6619.89,2025-02-07,2-HIGH
13354,2727,F,4271.91,2025-02-14,2-HIGH
13355,2727,P,5187.16,2025-05-14,4-LOW
13356,2727,P,4892.88,2025-03-21,2-HIGH
13357,2727,P,3953.06,2025-06-19,4-LOW
13358,2728,P,4592.41,2025-02-03,2-HIGH
13359,2728,F,3782.57,2025-04-29,1-URGENT
13360,2728,O,310.63,2025-04-23,3-MEDIUM
13361,2728,O,4255.87,2025-06-06,4-LOW
13362,2729,F,2127.53,2025-05-22,1-URGENT
13363,2729,P,5404.14,2025-03-22,2-HIGH
13364,2730,P,1344.48,2025-03-20,2-HIGH
13365,2730,P,1125.56,2025-04-11,4-LOW
13366,2730,O,5177.75,2025-06-17,2-HIGH
13367,2730,F,5848.28,2025-01-20,1-URGENT
13368,2731,O,5570.67,2025-04-18,2-HIGH
13369,2731,F,2323.79,2025-04-22,1-URGENT
13370,2731,O,2918.55,2025-05-09,1-URGENT
13371,2731,O,1340.76,2025-02-28,1-URGENT
13372,2731,F,4925.02,2025-04-24,3-MEDIUM
13373,2732,O,3647.4,2025-06-02,2-HIGH
13374,2732,F,2121.04,2025-04-25,2-HIGH
13375,2732,P,5006.45,2025-05-03,1-URGENT
13376,2732,P,864.93,2025-04-02,4-LOW
13377,2733,O,953.88,2025-03-07,1-URGENT
13378,2733,O,2759.99,2025-02-07,1-URGENT
13379,2734,O,2058.27,2025-06-16,1-URGENT
13380,2734,O,5196.35,2025-04-24,3-MEDIUM
13381,2734,F,4313.99,2025-03-10,3-MEDIUM
13382,2734,O,514.58,2025-04-08,1-URGENT
13383,2735,F,4549.6,2025-04-08,1-URGENT
13384,2735,F,2762.83,2025-03-06,3-MEDIUM
13385,2735,F,3811.88,2025-03-04,3-MEDIUM
13386,2735,O,5344.32,2025-06-20,3-MEDIUM
13387,2735,O,4557.92,2025-06-25,1-URGENT
13388,2735,O,1209.88,2025-04-14,3-MEDIUM
13389,2736,O,5086.66,2025-03-01,4-LOW
13390,2736,O,5545.95,2025-02-06,2-HIGH
13391,2736,O,2274.57,2025-06-13,3-MEDIUM
13392,2736,P,5579.92,2025-02-16,2-HIGH
13393,2737,F,6935.75,2025-01-29,1-URGENT
13394,2738,F,2222.29,2025-04-24,4-LOW
13395,2738,O,3743.56,2025-06-02,2-HIGH
13396,2739,O,1367.61,2025-04-29,4-LOW
13397,2740,P,1550.82,2025-06-16,1-URGENT
13398,2740,P,380.34,2025-05-03,4-LOW
13399,2740,O,4735.61,2025-03-19,3-MEDIUM
13400,2740,F,2328.11,2025-01-14,4-LOW
13401,2740,F,783.08,2025-01-15,1-URGENT
13402,2740,O,5280.32,2025-03-23,1-URGENT
13403,2741,P,4480.97,2025-05-23,3-MEDIUM
13404,2741,P,1035.07,2025-04-03,1-URGENT
13405,2741,F,2831.34,2025-04-21,4-LOW
13406,2741,P,3478.4,2025-04-20,4-LOW
13407,2741,F,1078.39,2025-02-22,4-LOW
13408,2742,F,1657.92,2025-05-28,4-LOW
13409,2742,P,5851.12,2025-01-23,2-HIGH
13410,2742,P,3152.52,2025-06-15,3-MEDIUM
13411,2742,P,5799.65,2025-03-27,4-LOW
13412,2742,P,2239.81,2025-01-06,2-HIGH
13413,2742,F,6582.81,2025-05-22,3-MEDIUM
13414,2742,F,5403.59,2025-05-21,3-MEDIUM
13415,2743,O,3853.45,2025-03-03,1-URGENT
13416,2743,O,4067.37,2025-01-05,4-LOW
13417,2743,F,5170.15,2025-02-06,2-HIGH
13418,2743,F,5896.35,2025-05-04,2-HIGH
13419,2743,F,3345.83,2025-03-14,1-URGENT
13420,2743,F,5153.38,2025-03-19,2-HIGH
13421,2743,P,6075.89,2025-05-26,2-HIGH
13422,2744,P,4494.69,2025-01-14,2-HIGH
13423,2744,O,6146.91,2025-04-29,3-MEDIUM
13424,2744,F,1012.23,2025-02-04,2-HIGH
13425,2744,P,3255.14,2025-05-25,2-HIGH
13426,2744,F,636.23,2025-04-07,3-MEDIUM
13427,2744,F,4863.32,2025-01-27,4-LOW
13428,2744,O,1061.64,2025-02-13,4-LOW
13429,2745,O,2128.32,2025-01-10,4-LOW
13430,2745,P,3064.93,2025-06-04,1-URGENT
13431,2746,P,1788.45,2025-05-10,4-LOW
13432,2747,F,2097.49,2025-06-28,2-HIGH
13433,2747,P,1284.01,2025-03-04,3-MEDIUM
13434,2747,P,5888.42,2025-02-23,3-MEDIUM
13435,2747,F,4231.16,2025-01-01,2-HIGH
13436,2747,P,4542.21,2025-04-07,2-HIGH
13437,2747,P,3700.11,2025-04-12,4-LOW
13438,2747,O,2408.73,2025-04-18,3-MEDIUM
13439,2748,O,1283.44,2025-06-23,1-URGENT
13440,2748,F,7191.26,2025-03-18,3-MEDIUM
13441,2748,P,3960.76,2025-03-04,3-MEDIUM
13442,2748,F,1861.12,2025-02-03,2-HIGH
13443,2749,P,309.15,2025-02-28,4-LOW
13444,2749,F,2019.99,2025-03-08,3-MEDIUM
13445,2750,F,699.1,2025-03-15,4-LOW
13446,2750,O,542.3,2025-03-31,1-URGENT
13447,2750,O,1772.32,2025-06-13,3-MEDIUM
13448,2750,O,1521.72,2025-05-24,3-MEDIUM
13449,2750,P,304.58,2025-04-16,1-URGENT
13450,2750,P,2209.61,2025-04-28,1-URGENT
13451,2751,P,7423.04,2025-01-21,2-HIGH
13452,2751,F,1965.48,2025-05-21,2-HIGH
13453,2752,F,4135.84,2025-06-08,2-HIGH
13454,2752,P,3288.26,2025-02-19,4-LOW
13455,2752,O,4582.01,2025-04-24,3-MEDIUM
13456,2752,O,2863.89,2025-02-13,1-URGENT
13457,2752,P,2935.76,2025-05-22,2-HIGH
13458,2752,P,5780.68,2025-06-03,3-MEDIUM
13459,2752,F,5160.8,2025-01-26,4-LOW
13460,2753,O,445.07,2025-06-18,1-URGENT
13461,2753,O,1801.36,2025-01-28,2-HIGH
13462,2753,P,4355.4,2025-01-04,4-LOW
13463,2753,F,5996.65,2025-04-29,2-HIGH
13464,2753,P,1444.07,2025-03-14,1-URGENT
13465,2753,P,3970.29,2025-04-05,4-LOW
13466,2753,P,2488.68,2025-03-17,3-MEDIUM
13467,2754,F,1327.55,2025-01-19,1-URGENT
13468,2754,O,4065.64,2025-02-04,2-HIGH
13469,2754,P,6973.59,2025-04-12,3-MEDIUM
13470,2754,O,1700.59,2025-02-01,1-URGENT
13471,2754,O,7666.6,2025-05-09,4-LOW
13472,2754,P,6401.42,2025-02-10,1-URGENT
13473,2754,F,3615.87,2025-04-20,1-URGENT
13474,2754,O,5798.46,2025-03-16,4-LOW
13475,2755,O,2348.13,2025-01-14,4-LOW
13476,2755,P,2746.61,2025-01-04,4-LOW
13477,2755,O,3532.01,2025-03-06,4-LOW
13478,2755,F,4549.56,2025-01-22,4-LOW
13479,2756,O,3933.03,2025-04-26,3-MEDIUM
13480,2756,P,3695.85,2025-02-18,4-LOW
13481,2756,P,1305.04,2025-02-15,1-URGENT
13482,2756,F,3155.02,2025-04-26,3-MEDIUM
13483,2756,F,12741.56,2025-05-14,2-HIGH
13484,2756,O,4061.21,2025-04-22,2-HIGH
13485,2756,P,4202.56,2025-02-10,1-URGENT
13486,2756,P,472.73,2025-02-18,1-URGENT
13487,2757,O,756.03,2025-04-01,3-MEDIUM
13488,2757,P,902.56,2025-05-28,3-MEDIUM
13489,2757,O,2565.39,2025-06-27,4-LOW
13490,2757,F,4514.91,2025-06-03,1-URGENT
13491,2757,F,8018.16,2025-06-30,2-HIGH
13492,2757,F,4164.29,2025-04-18,2-HIGH
13493,2757,O,3300.11,2025-03-21,3-MEDIUM
13494,2758,P,805.6,2025-02-21,3-MEDIUM
13495,2758,P,4241.29,2025-04-21,3-MEDIUM
13496,2758,P,1131.66,2025-06-23,3-MEDIUM
13497,2758,F,2303.2,2025-01-15,3-MEDIUM
13498,2758,F,3308.89,2025-02-20,4-LOW
13499,2758,O,4797.79,2025-03-25,1-URGENT
13500,2759,O,4927.31,2025-02-15,4-LOW
13501,2759,O,3112.69,2025-05-09,4-LOW
13502,2759,O,2490.82,2025-06-25,4-LOW
13503,2759,O,2195.07,2025-06-11,3-MEDIUM
13504,2759,P,1596.98,2025-03-07,2-HIGH
13505,2759,O,1001.38,2025-04-29,4-LOW
13506,2760,P,3528.28,2025-03-05,3-MEDIUM
13507,2760,F,6466.95,2025-06-23,4-LOW
13508,2760,F,4578.33,2025-03-26,3-MEDIUM
13509,2760,O,56.0,2025-02-04,4-LOW
13510,2760,O,6169.7,2025-06-15,1-URGENT
13511,2760,O,6096.45,2025-01-06,2-HIGH
13512,2761,P,5288.38,2025-06-27,1-URGENT
13513,2761,F,1905.89,2025-05-04,4-LOW
13514,2761,P,2165.27,2025-01-19,2-HIGH
13515,2761,F,5471.65,2025-03-07,2-HIGH
13516,2761,P,1121.15,2025-04-11,3-MEDIUM
13517,2762,O,4561.96,2025-01-27,1-URGENT
13518,2762,F,4662.44,2025-02-19,4-LOW
13519,2762,O,695.72,2025-02-12,4-LOW
13520,2762,P,3552.1,2025-02-20,4-LOW
13521,2762,P,6722.06,2025-02-04,1-URGENT
13522,2762,O,2235.32,2025-05-22,4-LOW
13523,2763,P,3418.71,2025-06-29,4-LOW
13524,2763,F,7246.41,2025-04-20,4-LOW
13525,2763,P,1899.4,2025-03-26,3-MEDIUM
13526,2763,F,6985.11,2025-03-29,3-MEDIUM
13527,2763,F,819.73,2025-06-26,3-MEDIUM
13528,2763,P,6087.65,2025-03-19,3-MEDIUM
13529,2763,P,3625.12,2025-02-10,2-HIGH
13530,2764,P,605.0,2025-05-20,4-LOW
13531,2764,F,2206.71,2025-01-03,2-HIGH
13532,2765,O,232.79,2025-04-11,3-MEDIUM
13533,2766,F,4750.14,2025-01-22,4-LOW
13534,2766,F,4853.51,2025-01-27,3-MEDIUM
13535,2766,F,2896.56,2025-04-22,3-MEDIUM
13536,2766,O,674.66,2025-01-29,4-LOW
13537,2766,F,2141.59,2025-03-08,2-HIGH
13538,2766,O,5794.69,2025-06-17,2-HIGH
13539,2766,P,5572.52,2025-06-23,1-URGENT
13540,2767,P,4224.04,2025-02-17,2-HIGH
13541,2767,O,1742.43,2025-01-25,3-MEDIUM
13542,2767,O,1125.68,2025-01-03,2-HIGH
13543,2767,P,6797.04,2025-05-29,1-URGENT
13544,2767,P,4485.85,2025-04-24,2-HIGH
13545,2767,F,4544.51,2025-03-22,3-MEDIUM
13546,2767,F,1107.79,2025-05-05,2-HIGH
13547,2767,F,1894.85,2025-04-15,1-URGENT
13548,2768,F,397.38,2025-01-29,1-URGENT
13549,2768,F,3709.27,2025-05-21,1-URGENT
13550,2768,O,952.02,2025-02-20,3-MEDIUM
13551,2769,P,4046.13,2025-01-02,1-URGENT
13552,2769,O,2976.44,2025-05-21,3-MEDIUM
13553,2769,F,3837.32,2025-05-24,4-LOW
13554,2769,P,5583.41,2025-06-03,2-HIGH
13555,2769,P,5678.86,2025-02-21,4-LOW
13556,2769,F,693.22,2025-06-08,2-HIGH
13557,2770,O,2521.3,2025-05-25,2-HIGH
13558,2770,F,2805.97,2025-04-26,3-MEDIUM
13559,2770,O,3972.22,2025-01-04,1-URGENT
13560,2770,F,1188.26,2025-04-20,1-URGENT
13561,2770,O,4007.15,2025-04-25,4-LOW
13562,2770,O,2073.43,2025-03-13,2-HIGH
13563,2770,O,2137.88,2025-06-17,2-HIGH
13564,2770,F,1583.38,2025-03-31,3-MEDIUM
13565,2771,F,4079.02,2025-01-16,2-HIGH
13566,2771,P,5068.0,2025-04-19,2-HIGH
13567,2771,O,852.89,2025-04-03,3-MEDIUM
13568,2771,F,2165.72,2025-05-14,4-LOW
13569,2771,P,1346.22,2025-06-20,2-HIGH
13570,2772,O,3436.75,2025-01-29,3-MEDIUM
13571,2772,F,3118.09,2025-06-24,1-URGENT
13572,2772,F,3221.05,2025-06-12,2-HIGH
13573,2772,F,2143.25,2025-01-23,2-HIGH
13574,2772,F,4124.71,2025-03-17,2-HIGH
13575,2772,F,3502.4,2025-05-21,2-HIGH
13576,2772,O,4792.63,2025-01-28,1-URGENT
13577,2773,P,3124.2,2025-02-28,2-HIGH
13578,2773,O,5364.03,2025-04-10,2-HIGH
13579,2774,P,2070.57,2025-05-30,1-URGENT
13580,2774,O,643.3,2025-06-03,1-URGENT
13581,2774,P,6628.28,2025-03-23,4-LOW
13582,2774,O,1908.27,2025-01-24,4-LOW
13583,2774,P,1713.96,2025-03-09,4-LOW
13584,2774,P,3368.34,2025-04-04,1-URGENT
13585,2774,P,902.18,2025-04-13,3-MEDIUM
13586,2774,O,832.32,2025-04-13,3-MEDIUM
13587,2775,P,4355.21,2025-03-08,1-URGENT
13588,2776,F,3409.4,2025-05-05,2-HIGH
13589,2776,P,1875.37,2025-04-23,4-LOW
13590,2776,O,6065.47,2025-06-14,4-LOW
13591,2776,O,4584.25,2025-04-13,1-URGENT
13592,2776,O,2277.01,2025-04-12,1-URGENT
13593,2776,O,3834.99,2025-01-26,1-URGENT
13594,2776,F,499.73,2025-06-08,4-LOW
13595,2777,P,2389.76,2025-06-28,2-HIGH
13596,2777,F,3353.54,2025-02-08,3-MEDIUM
13597,2777,F,6266.73,2025-01-20,4-LOW
13598,2777,F,5141.9,2025-04-17,4-LOW
13599,2777,F,4288.73,2025-03-31,3-MEDIUM
13600,2777,P,2046.0,2025-06-30,2-HIGH
13601,2777,O,491.88,2025-02-04,3-MEDIUM
13602,2778,P,358.53,2025-05-23,4-LOW
13603,2778,P,289.45,2025-05-17,2-HIGH
13604,2778,O,2502.62,2025-04-09,1-URGENT
13605,2778,P,1378.09,2025-03-24,1-URGENT
13606,2778,P,566.29,2025-01-14,1-URGENT
13607,2778,O,5091.48,2025-05-06,4-LOW
13608,2779,F,3554.56,2025-04-25,1-URGENT
13609,2779,P,3594.1,2025-04-09,1-URGENT
13610,2779,F,1798.41,2025-02-10,4-LOW
13611,2779,F,3995.1,2025-01-11,3-MEDIUM
13612,2779,O,618.68,2025-06-09,3-MEDIUM
13613,2779,O,8165.31,2025-05-10,3-MEDIUM
13614,2779,F,1008.03,2025-03-05,2-HIGH
13615,2780,P,5539.09,2025-06-17,1-URGENT
13616,2780,F,233.47,2025-05-31,4-LOW
13617,2780,P,2194.17,2025-04-15,2-HIGH
13618,2781,F,494.34,2025-01-11,3-MEDIUM
13619,2781,P,737.7,2025-01-30,1-URGENT
13620,2781,F,152.02,2025-02-22,1-URGENT
13621,2781,O,5244.09,2025-06-14,3-MEDIUM
13622,2781,P,5727.35,2025-05-25,4-LOW
13623,2781,O,368.59,2025-05-31,4-LOW
13624,2781,O,2412.89,2025-04-10,2-HIGH
13625,2782,F,1766.65,2025-04-13,1-URGENT
13626,2783,O,2812.78,2025-03-24,4-LOW
13627,2783,O,6326.54,2025-04-25,4-LOW
13628,2784,P,4731.83,2025-06-21,4-LOW
13629,2784,P,281.93,2025-01-29,2-HIGH
13630,2784,F,1467.9,2025-03-25,4-LOW
13631,2784,P,5532.32,2025-05-26,4-LOW
13632,2784,P,3570.42,2025-01-06,2-HIGH
13633,2784,F,81.49,2025-05-06,3-MEDIUM
13634,2784,P,173.52,2025-01-16,4-LOW
13635,2784,F,3048.75,2025-05-24,4-LOW
13636,2785,O,3823.47,2025-02-16,2-HIGH
13637,2785,O,3437.1,2025-01-31,3-MEDIUM
13638,2785,O,1433.41,2025-01-02,2-HIGH
13639,2785,O,3934.21,2025-04-07,4-LOW
13640,2785,O,5291.17,2025-04-16,4-LOW
13641,2785,F,6476.69,2025-04-23,4-LOW
13642,2785,P,6345.58,2025-03-18,3-MEDIUM
13643,2786,F,4364.25,2025-04-16,1-URGENT
13644,2786,O,6244.36,2025-01-25,2-HIGH
13645,2787,F,4288.63,2025-02-17,4-LOW
13646,2787,F,6485.71,2025-01-18,3-MEDIUM
13647,2787,P,5382.1,2025-01-16,3-MEDIUM
13648,2787,P,264.3,2025-06-04,3-MEDIUM
13649,2788,F,3748.5,2025-02-06,4-LOW
13650,2788,F,1205.78,2025-02-10,3-MEDIUM
13651,2788,P,547.29,2025-02-12,3-MEDIUM
13652,2788,F,2696.66,2025-06-06,4-LOW
13653,2788,F,6491.86,2025-06-25,1-URGENT
13654,2789,F,7178.62,2025-05-22,2-HIGH
13655,2789,F,1027.42,2025-02-27,4-LOW
13656,2789,P,3957.74,2025-06-27,3-MEDIUM
13657,2789,P,430.08,2025-02-03,4-LOW
13658,2789,O,4723.24,2025-03-01,3-MEDIUM
13659,2789,O,2077.31,2025-02-23,4-LOW
13660,2789,F,2278.56,2025-05-10,2-HIGH
13661,2789,F,2002.43,2025-03-25,1-URGENT
13662,2790,P,5270.88,2025-06-16,3-MEDIUM
13663,2790,P,6283.03,2025-06-14,1-URGENT
13664,2790,P,3035.02,2025-05-16,1-URGENT
13665,2790,F,4219.14,2025-03-13,4-LOW
13666,2790,F,1549.42,2025-03-18,1-URGENT
13667,2790,F,6565.08,2025-01-17,4-LOW
13668,2790,P,67.23,2025-01-21,4-LOW
13669,2790,F,308.27,2025-03-15,3-MEDIUM
13670,2791,O,3478.77,2025-01-29,1-URGENT
13671,2791,F,6611.29,2025-04-10,2-HIGH
13672,2791,O,1387.92,2025-05-17,3-MEDIUM
13673,2791,F,6227.91,2025-02-11,3-MEDIUM
13674,2792,P,3569.68,2025-06-01,2-HIGH
13675,2792,F,5055.67,2025-02-05,3-MEDIUM
13676,2792,F,5817.68,2025-04-28,4-LOW
13677,2792,P,2772.1,2025-02-16,2-HIGH
13678,2793,O,3770.84,2025-03-19,2-HIGH
13679,2793,O,895.76,2025-02-04,2-HIGH
13680,2794,O,3591.89,2025-06-20,2-HIGH
13681,2794,P,1173.25,2025-06-27,3-MEDIUM
13682,2794,P,4426.52,2025-05-28,4-LOW
13683,2794,O,5571.66,2025-01-29,1-URGENT
13684,2795,O,1580.93,2025-05-04,1-URGENT
13685,2795,P,3077.03,2025-04-15,3-MEDIUM
13686,2795,P,5603.83,2025-02-13,4-LOW
13687,2795,F,7385.69,2025-02-04,4-LOW
13688,2795,O,4405.41,2025-02-25,3-MEDIUM
13689,2795,O,4371.29,2025-02-25,4-LOW
13690,2795,O,3576.17,2025-01-15,1-URGENT
13691,2795,O,3040.78,2025-06-21,2-HIGH
13692,2796,F,2972.17,2025-04-16,4-LOW
13693,2796,F,2316.0,2025-05-11,3-MEDIUM
13694,2796,P,4207.07,2025-03-02,3-MEDIUM
13695,2796,O,1228.75,2025-04-07,3-MEDIUM
13696,2796,P,6579.78,2025-02-08,1-URGENT
13697,2796,O,4289.19,2025-02-13,4-LOW
13698,2796,F,4586.17,2025-03-01,2-HIGH
13699,2796,F,5781.06,2025-01-18,1-URGENT
13700,2797,F,4091.78,2025-03-09,3-MEDIUM
13701,2797,F,8385.12,2025-06-04,4-LOW
13702,2797,F,1471.5,2025-01-06,2-HIGH
13703,2798,F,3393.25,2025-04-04,4-LOW
13704,2798,O,1389.81,2025-01-18,3-MEDIUM
13705,2798,F,6265.86,2025-05-01,1-URGENT
13706,2798,F,744.43,2025-02-25,2-HIGH
13707,2798,O,3232.67,2025-02-08,2-HIGH
13708,2798,O,1768.71,2025-01-04,1-URGENT
13709,2799,O,674.98,2025-05-30,4-LOW
13710,2799,P,3918.43,2025-01-27,2-HIGH
13711,2799,P,33.59,2025-06-04,1-URGENT
13712,2799,P,3585.98,2025-02-15,2-HIGH
13713,2800,P,1315.71,2025-04-01,3-MEDIUM
13714,2800,P,1670.96,2025-01-24,4-LOW
13715,2800,F,320.8,2025-03-28,1-URGENT
13716,2800,P,972.48,2025-05-13,2-HIGH
13717,2800,O,3367.13,2025-01-31,2-HIGH
13718,2801,P,5920.93,2025-02-06,1-URGENT
13719,2801,P,4048.08,2025-04-16,2-HIGH
13720,2801,F,767.82,2025-03-20,3-MEDIUM
13721,2802,P,2689.89,2025-03-04,4-LOW
13722,2802,O,2153.06,2025-05-01,2-HIGH
13723,2802,O,3774.56,2025-05-20,4-LOW
13724,2802,P,1316.38,2025-05-27,2-HIGH
13725,2802,F,3613.08,2025-04-08,1-URGENT
13726,2803,O,5177.84,2025-02-27,2-HIGH
13727,2803,F,2605.68,2025-05-17,4-LOW
13728,2803,O,571.23,2025-02-09,3-MEDIUM
13729,2803,P,109.64,2025-03-09,3-MEDIUM
13730,2803,O,1466.1,2025-05-29,4-LOW
13731,2803,F,4038.35,2025-03-13,3-MEDIUM
13732,2803,F,3138.52,2025-05-26,3-MEDIUM
13733,2804,P,3185.64,2025-04-18,1-URGENT
13734,2804,O,4105.63,2025-03-16,1-URGENT
13735,2804,F,2890.28,2025-04-12,4-LOW
13736,2805,P,531.26,2025-04-28,3-MEDIUM
13737,2805,O,4199.23,2025-03-15,3-MEDIUM
13738,2805,O,5115.67,2025-01-19,4-LOW
13739,2805,F,594.48,2025-05-07,1-URGENT
13740,2805,O,1425.06,2025-06-13,3-MEDIUM
13741,2805,P,3178.69,2025-01-11,1-URGENT
13742,2805,P,6268.05,2025-03-01,3-MEDIUM
13743,2806,P,1508.92,2025-04-17,4-LOW
13744,2807,F,3099.55,2025-06-05,1-URGENT
13745,2807,O,202.83,2025-06-04,1-URGENT
13746,2807,F,1037.59,2025-04-30,2-HIGH
13747,2807,F,959.12,2025-05-29,2-HIGH
13748,2807,F,4985.86,2025-02-26,1-URGENT
13749,2807,P,6577.73,2025-06-04,2-HIGH
13750,2808,O,3636.72,2025-01-29,4-LOW
13751,2808,P,3058.93,2025-04-12,4-LOW
13752,2808,P,1665.27,2025-05-18,1-URGENT
13753,2808,F,1545.76,2025-03-13,3-MEDIUM
13754,2808,P,3677.52,2025-04-14,1-URGENT
13755,2808,O,687.58,2025-05-26,3-MEDIUM
13756,2809,O,1245.03,2025-05-13,4-LOW
13757,2809,P,910.62,2025-05-17,3-MEDIUM
13758,2809,F,671.46,2025-04-01,1-URGENT
13759,2809,O,58.14,2025-02-18,2-HIGH
13760,2809,F,4607.77,2025-05-24,4-LOW
13761,2809,F,3857.08,2025-05-12,4-LOW
13762,2809,F,171.81,2025-04-09,2-HIGH
13763,2809,P,361.78,2025-02-10,3-MEDIUM
13764,2810,O,4050.45,2025-04-09,2-HIGH
13765,2811,O,6266.29,2025-02-11,4-LOW
13766,2811,O,2464.13,2025-01-30,1-URGENT
13767,2811,P,2102.08,2025-03-26,4-LOW
13768,2811,F,226.98,2025-06-12,4-LOW
13769,2811,O,6624.37,2025-04-13,4-LOW
13770,2811,O,30.91,2025-06-26,4-LOW
13771,2811,P,553.95,2025-06-01,4-LOW
13772,2812,F,1678.36,2025-06-15,1-URGENT
13773,2812,P,5865.85,2025-05-17,4-LOW
13774,2812,O,3124.32,2025-02-23,4-LOW
13775,2812,F,2152.96,2025-05-23,3-MEDIUM
13776,2812,O,2774.9,2025-05-29,3-MEDIUM
13777,2812,F,2777.27,2025-01-25,4-LOW
13778,2812,P,1013.08,2025-03-04,3-MEDIUM
13779,2813,F,2970.08,2025-01-30,2-HIGH
13780,2813,F,4821.05,2025-02-27,1-URGENT
13781,2813,O,2126.16,2025-06-14,1-URGENT
13782,2813,P,527.48,2025-06-26,3-MEDIUM
13783,2813,F,3392.59,2025-06-21,1-URGENT
13784,2813,F,2177.77,2025-01-25,2-HIGH
13785,2813,F,1411.48,2025-04-24,4-LOW
13786,2814,O,2833.97,2025-02-22,3-MEDIUM
13787,2814,F,5207.81,2025-06-28,4-LOW
13788,2814,P,649.51,2025-02-02,2-HIGH
13789,2814,P,2631.34,2025-06-29,2-HIGH
13790,2815,F,3227.5,2025-06-26,4-LOW
13791,2816,P,5942.53,2025-05-02,3-MEDIUM
13792,2816,F,7272.1,2025-02-08,3-MEDIUM
13793,2816,O,2156.97,2025-04-24,4-LOW
13794,2816,O,3903.22,2025-04-12,2-HIGH
13795,2817,O,5959.16,2025-03-06,1-URGENT
13796,2817,P,4226.27,2025-01-10,4-LOW
13797,2818,F,4396.76,2025-03-02,1-URGENT
13798,2818,O,2119.9,2025-06-19,3-MEDIUM
13799,2818,F,2880.27,2025-04-03,4-LOW
13800,2818,P,4223.33,2025-02-27,3-MEDIUM
13801,2818,P,5868.65,2025-05-13,4-LOW
13802,2818,O,52.33,2025-04-17,3-MEDIUM
13803,2818,F,1662.47,2025-01-27,3-MEDIUM
13804,2818,O,1645.91,2025-02-04,4-LOW
13805,2819,F,284.9,2025-01-14,1-URGENT
13806,2819,F,2134.24,2025-05-22,3-MEDIUM
13807,2819,F,1099.43,2025-03-30,4-LOW
13808,2820,F,5070.64,2025-02-03,3-MEDIUM
13809,2820,F,2048.1,2025-04-23,2-HIGH
13810,2820,O,1517.75,2025-06-02,4-LOW
13811,2820,F,5353.19,2025-01-08,2-HIGH
13812,2820,F,480.74,2025-05-07,2-HIGH
13813,2820,O,5025.8,2025-05-22,1-URGENT
13814,2821,P,5659.67,2025-04-14,1-URGENT
13815,2822,F,198.45,2025-06-05,4-LOW
13816,2823,P,4115.98,2025-02-06,4-LOW
13817,2823,F,4424.81,2025-03-16,2-HIGH
13818,2823,O,9440.93,2025-01-03,2-HIGH
13819,2823,O,4430.21,2025-03-19,3-MEDIUM
13820,2823,P,3584.77,2025-02-17,2-HIGH
13821,2823,F,4524.81,2025-02-05,1-URGENT
13822,2824,O,4525.34,2025-04-12,3-MEDIUM
13823,2824,F,3710.03,2025-02-18,1-URGENT
13824,2825,P,526.43,2025-01-02,3-MEDIUM
13825,2825,O,2327.83,2025-03-26,3-MEDIUM
13826,2825,O,5262.7,2025-05-20,1-URGENT
13827,2825,P,6672.4,2025-04-19,2-HIGH
13828,2825,F,5510.49,2025-06-06,4-LOW
13829,2825,P,4535.06,2025-03-13,1-URGENT
13830,2825,O,6805.04,2025-05-05,2-HIGH
13831,2825,O,5318.14,2025-02-18,4-LOW
13832,2826,P,3155.2,2025-06-24,4-LOW
13833,2826,F,1459.65,2025-05-10,2-HIGH
13834,2826,O,5539.99,2025-02-14,3-MEDIUM
13835,2826,O,4110.45,2025-05-16,2-HIGH
13836,2826,F,6598.3,2025-05-17,1-URGENT
13837,2826,P,4931.58,2025-06-02,3-MEDIUM
13838,2826,P,1479.66,2025-01-01,4-LOW
13839,2826,O,4488.15,2025-01-10,1-URGENT
13840,2827,F,5724.23,2025-01-20,2-HIGH
13841,2827,P,2520.07,2025-02-27,1-URGENT
13842,2827,F,2189.58,2025-05-28,3-MEDIUM
13843,2827,O,500.33,2025-03-09,4-LOW
13844,2828,P,2294.02,2025-01-04,3-MEDIUM
13845,2828,F,2681.84,2025-05-24,4-LOW
13846,2828,F,2744.48,2025-03-09,2-HIGH
13847,2829,F,1755.79,2025-05-10,4-LOW
13848,2829,O,961.31,2025-01-20,2-HIGH
13849,2829,O,4730.8,2025-05-04,3-MEDIUM
13850,2829,O,1359.99,2025-02-19,2-HIGH
13851,2829,P,3832.42,2025-05-06,3-MEDIUM
13852,2829,F,558.6,2025-02-17,3-MEDIUM
13853,2829,F,4995.76,2025-05-10,3-MEDIUM
13854,2830,P,4264.43,2025-04-12,3-MEDIUM
13855,2830,F,1490.23,2025-06-25,2-HIGH
13856,2830,O,2124.72,2025-01-31,3-MEDIUM
13857,2831,F,1522.69,2025-03-19,4-LOW
13858,2832,P,5600.57,2025-06-03,2-HIGH
13859,2832,P,4696.14,2025-04-19,2-HIGH
13860,2832,P,4557.81,2025-05-11,4-LOW
13861,2833,O,892.67,2025-05-20,1-URGENT
13862,2833,P,6118.4,2025-05-12,4-LOW
13863,2833,O,2302.54,2025-06-22,2-HIGH
13864,2834,O,4594.41,2025-01-21,2-HIGH
13865,2835,P,372.38,2025-03-30,3-MEDIUM
13866,2835,F,4100.72,2025-06-11,4-LOW
13867,2835,F,5637.27,2025-05-21,3-MEDIUM
13868,2835,P,1437.63,2025-03-26,1-URGENT
13869,2835,P,6864.33,2025-05-16,4-LOW
13870,2835,P,2126.08,2025-05-22,3-MEDIUM
13871,2835,F,124.13,2025-04-18,1-URGENT
13872,2835,P,501.07,2025-03-18,4-LOW
13873,2836,O,4005.68,2025-05-11,3-MEDIUM
13874,2836,P,2151.09,2025-04-05,2-HIGH
13875,2836,O,4624.32,2025-06-09,1-URGENT
13876,2836,F,2338.33,2025-02-11,3-MEDIUM
13877,2836,F,65.41,2025-01-07,4-LOW
13878,2836,O,4715.45,2025-06-30,3-MEDIUM
13879,2836,O,5360.07,2025-01-26,1-URGENT
13880,2837,O,5969.43,2025-06-26,3-MEDIUM
13881,2837,P,3852.31,2025-05-02,4-LOW
13882,2838,O,5363.61,2025-01-06,4-LOW
13883,2838,O,3495.22,2025-06-24,2-HIGH
13884,2838,F,2655.97,2025-03-05,2-HIGH
13885,2838,O,2847.74,2025-05-18,2-HIGH
13886,2838,O,2179.72,2025-05-10,2-HIGH
13887,2839,O,1512.21,2025-05-29,1-URGENT
13888,2840,P,6194.65,2025-03-19,1-URGENT
13889,2840,F,3435.01,2025-06-28,4-LOW
13890,2840,F,6067.32,2025-03-04,2-HIGH
13891,2840,P,9453.42,2025-03-01,2-HIGH
13892,2840,P,2030.23,2025-01-05,1-URGENT
13893,2841,F,1283.46,2025-05-16,1-URGENT
13894,2841,P,2373.3,2025-03-24,2-HIGH
13895,2841,F,1107.11,2025-03-08,2-HIGH
13896,2841,F,1479.12,2025-06-16,3-MEDIUM
13897,2841,F,4324.47,2025-04-29,1-URGENT
13898,2841,O,2210.48,2025-05-02,4-LOW
13899,2841,O,2970.05,2025-05-11,1-URGENT
13900,2841,O,2832.6,2025-03-16,2-HIGH
13901,2842,P,2405.38,2025-06-16,2-HIGH
13902,2842,F,2913.1,2025-02-05,2-HIGH
13903,2843,O,2129.5,2025-02-18,2-HIGH
13904,2843,F,2748.99,2025-02-20,3-MEDIUM
13905,2843,O,1329.66,2025-05-11,3-MEDIUM
13906,2843,O,4332.07,2025-05-28,2-HIGH
13907,2843,P,2215.18,2025-03-15,2-HIGH
13908,2844,F,3298.65,2025-06-14,2-HIGH
13909,2845,F,392.69,2025-01-24,3-MEDIUM
13910,2845,O,6308.49,2025-02-24,2-HIGH
13911,2845,F,3372.18,2025-04-30,4-LOW
13912,2845,O,3446.96,2025-05-25,2-HIGH
13913,2845,O,7472.15,2025-04-03,1-URGENT
13914,2845,F,1041.76,2025-05-02,4-LOW
13915,2845,P,1905.45,2025-05-12,1-URGENT
13916,2845,O,1916.18,2025-06-23,3-MEDIUM
13917,2846,O,781.75,2025-05-16,2-HIGH
13918,2846,O,4172.08,2025-02-02,2-HIGH
13919,2847,P,905.77,2025-03-03,3-MEDIUM
13920,2847,O,2334.7,2025-05-18,1-URGENT
13921,2847,O,3236.7,2025-06-10,3-MEDIUM
13922,2847,F,1788.5,2025-06-11,1-URGENT
13923,2848,O,3511.96,2025-06-17,2-HIGH
13924,2849,F,2859.64,2025-03-25,4-LOW
13925,2849,F,4417.09,2025-05-24,4-LOW
13926,2849,F,626.81,2025-06-08,3-MEDIUM
13927,2849,O,4664.72,2025-03-24,4-LOW
13928,2849,O,239.0,2025-06-15,3-MEDIUM
13929,2849,P,3311.91,2025-02-05,1-URGENT
13930,2849,F,1260.36,2025-04-04,3-MEDIUM
13931,2849,F,3668.07,2025-05-21,1-URGENT
13932,2850,O,3431.69,2025-05-18,3-MEDIUM
13933,2850,F,695.77,2025-01-30,2-HIGH
13934,2850,O,307.58,2025-01-15,3-MEDIUM
13935,2850,F,2709.29,2025-05-15,4-LOW
13936,2850,P,4265.14,2025-03-19,4-LOW
13937,2851,O,1772.87,2025-03-15,1-URGENT
13938,2851,P,5138.95,2025-02-04,4-LOW
13939,2851,F,2966.34,2025-06-14,3-MEDIUM
13940,2851,P,1374.57,2025-05-07,3-MEDIUM
13941,2851,F,3404.65,2025-03-28,3-MEDIUM
13942,2851,F,2818.3,2025-02-04,1-URGENT
13943,2851,P,6632.81,2025-01-14,1-URGENT
13944,2852,F,3025.11,2025-03-06,4-LOW
13945,2852,F,894.89,2025-02-03,1-URGENT
13946,2852,F,4863.39,2025-05-08,1-URGENT
13947,2852,O,3176.84,2025-03-27,4-LOW
13948,2852,P,5573.15,2025-06-30,2-HIGH
13949,2852,F,1580.52,2025-03-11,3-MEDIUM
13950,2852,P,2274.85,2025-03-15,3-MEDIUM
13951,2853,O,4916.45,2025-05-22,3-MEDIUM
13952,2854,P,3235.4,2025-04-30,2-HIGH
13953,2854,F,6040.39,2025-03-02,4-LOW
13954,2854,F,3265.98,2025-03-14,2-HIGH
13955,2854,P,6212.71,2025-04-25,1-URGENT
13956,2854,P,1943.58,2025-05-26,2-HIGH
13957,2854,P,1150.12,2025-03-05,4-LOW
13958,2854,F,128.95,2025-02-03,4-LOW
13959,2855,O,608.7,2025-01-08,2-HIGH
13960,2855,F,1072.26,2025-01-09,1-URGENT
13961,2855,O,2834.58,2025-03-12,2-HIGH
13962,2855,P,1068.66,2025-03-22,1-URGENT
13963,2855,P,1424.53,2025-02-04,1-URGENT
13964,2856,F,3971.81,2025-03-12,4-LOW
13965,2856,P,168.97,2025-04-08,1-URGENT
13966,2856,F,2641.9,2025-03-31,3-MEDIUM
13967,2856,P,4525.01,2025-06-28,4-LOW
13968,2856,F,199.37,2025-02-26,4-LOW
13969,2856,O,3631.72,2025-01-27,2-HIGH
13970,2856,F,3962.31,2025-04-24,1-URGENT
13971,2856,P,962.03,2025-02-05,2-HIGH
13972,2857,F,5383.57,2025-01-26,4-LOW
13973,2857,P,1871.41,2025-05-21,3-MEDIUM
13974,2857,O,390.75,2025-04-11,3-MEDIUM
13975,2857,F,197.62,2025-04-19,2-HIGH
13976,2857,O,8168.16,2025-05-09,3-MEDIUM
13977,2857,P,2308.8,2025-05-13,1-URGENT
13978,2857,F,8776.8,2025-01-20,4-LOW
13979,2858,F,5953.05,2025-03-01,4-LOW
13980,2858,P,869.78,2025-02-23,1-URGENT
13981,2858,P,4556.29,2025-05-29,2-HIGH
13982,2858,P,2415.74,2025-01-14,4-LOW
13983,2858,F,1286.5,2025-04-29,4-LOW
13984,2859,F,3633.41,2025-03-02,1-URGENT
13985,2859,P,2201.2,2025-01-29,2-HIGH
13986,2859,O,3543.14,2025-02-14,3-MEDIUM
13987,2859,F,7095.27,2025-06-07,4-LOW
13988,2859,F,2133.33,2025-04-06,4-LOW
13989,2860,O,5952.38,2025-05-12,1-URGENT
13990,2860,P,2892.2,2025-01-31,4-LOW
13991,2860,P,589.26,2025-02-26,2-HIGH
13992,2860,O,3616.87,2025-04-26,1-URGENT
13993,2861,P,2666.79,2025-01-02,3-MEDIUM
13994,2861,P,1541.63,2025-01-18,4-LOW
13995,2861,F,1498.89,2025-01-19,1-URGENT
13996,2862,P,4494.59,2025-01-29,1-URGENT
13997,2863,F,742.22,2025-03-19,1-URGENT
13998,2864,O,5316.64,2025-02-26,4-LOW
13999,2864,F,690.98,2025-02-18,1-URGENT
14000,2864,P,3733.7,2025-06-02,2-HIGH
14001,2864,O,3705.08,2025-01-17,3-MEDIUM
14002,2864,O,2515.41,2025-06-26,4-LOW
14003,2864,O,7908.28,2025-03-13,4-LOW
14004,2864,F,747.17,2025-03-04,3-MEDIUM
14005,2865,F,1242.32,2025-02-11,3-MEDIUM
14006,2865,P,452.7,2025-06-18,3-MEDIUM
14007,2865,P,5529.1,2025-02-05,2-HIGH
14008,2865,F,744.23,2025-03-08,4-LOW
14009,2865,O,1744.95,2025-06-09,2-HIGH
14010,2866,P,149.61,2025-03-21,4-LOW
14011,2866,O,4842.07,2025-06-14,3-MEDIUM
14012,2866,P,5167.75,2025-02-18,3-MEDIUM
14013,2866,P,806.17,2025-06-13,3-MEDIUM
14014,2866,P,6101.08,2025-05-18,4-LOW
14015,2866,F,4794.76,2025-05-15,3-MEDIUM
14016,2867,O,2075.35,2025-01-24,3-MEDIUM
14017,2867,O,2935.69,2025-01-15,2-HIGH
14018,2868,O,5419.79,2025-06-16,1-URGENT
14019,2868,F,6660.09,2025-03-02,4-LOW
14020,2869,F,1044.54,2025-04-21,1-URGENT
14021,2869,P,3665.61,2025-04-14,2-HIGH
14022,2869,F,7760.37,2025-02-08,1-URGENT
14023,2870,P,1592.39,2025-05-28,1-URGENT
14024,2870,O,1436.47,2025-05-07,3-MEDIUM
14025,2870,O,3678.89,2025-05-08,3-MEDIUM
14026,2870,P,6930.04,2025-05-10,4-LOW
14027,2870,P,2037.04,2025-05-27,3-MEDIUM
14028,2870,O,2756.69,2025-04-02,2-HIGH
14029,2871,P,3470.71,2025-03-16,1-URGENT
14030,2871,O,226.98,2025-06-09,2-HIGH
14031,2871,F,3665.3,2025-03-22,1-URGENT
14032,2871,F,1507.84,2025-04-21,3-MEDIUM
14033,2871,P,2550.05,2025-06-09,2-HIGH
14034,2871,O,352.8,2025-04-20,4-LOW
14035,2871,F,3946.25,2025-03-06,3-MEDIUM
14036,2872,F,4217.1,2025-02-02,4-LOW
14037,2872,F,1916.7,2025-02-28,2-HIGH
14038,2872,F,3752.73,2025-05-18,2-HIGH
14039,2872,P,5067.04,2025-04-08,2-HIGH
14040,2872,P,1149.32,2025-03-13,4-LOW
14041,2872,P,2739.63,2025-01-05,1-URGENT
14042,2872,F,1059.56,2025-03-02,4-LOW
14043,2872,O,4057.99,2025-02-16,3-MEDIUM
14044,2873,P,228.7,2025-02-07,1-URGENT
14045,2873,P,1848.04,2025-02-28,3-MEDIUM
14046,2873,P,1837.37,2025-02-23,4-LOW
14047,2873,F,275.52,2025-01-20,2-HIGH
14048,2873,P,1153.76,2025-02-23,1-URGENT
14049,2874,F,7058.34,2025-06-12,1-URGENT
14050,2875,F,1862.96,2025-04-02,3-MEDIUM
14051,2875,F,4641.54,2025-03-24,3-MEDIUM
14052,2875,O,3607.09,2025-06-30,2-HIGH
14053,2876,O,870.49,2025-01-30,1-URGENT
14054,2876,P,3133.24,2025-05-01,3-MEDIUM
14055,2876,F,1432.13,2025-03-13,1-URGENT
14056,2876,F,5287.92,2025-01-02,4-LOW
14057,2876,O,1625.82,2025-05-05,1-URGENT
14058,2876,F,4919.58,2025-04-06,1-URGENT
14059,2876,O,523.74,2025-01-31,3-MEDIUM
14060,2877,O,3375.84,2025-03-29,1-URGENT
14061,2877,F,5474.92,2025-01-13,2-HIGH
14062,2877,P,1915.05,2025-06-02,4-LOW
14063,2877,P,4317.54,2025-05-05,1-URGENT
14064,2877,O,1120.39,2025-03-16,1-URGENT
14065,2877,P,3869.06,2025-02-05,1-URGENT
14066,2877,P,248.76,2025-05-19,1-URGENT
14067,2877,O,5412.7,2025-05-08,4-LOW
14068,2878,F,6503.47,2025-03-22,3-MEDIUM
14069,2878,F,5128.82,2025-04-01,4-LOW
14070,2878,P,127.85,2025-05-23,3-MEDIUM
14071,2878,O,1307.36,2025-01-23,1-URGENT
14072,2879,F,4389.96,2025-01-03,1-URGENT
14073,2879,P,5000.02,2025-01-22,4-LOW
14074,2879,O,1284.48,2025-04-04,2-HIGH
14075,2879,F,3427.83,2025-05-31,2-HIGH
14076,2879,P,543.3,2025-02-08,3-MEDIUM
14077,2879,F,6206.8,2025-01-24,4-LOW
14078,2880,P,3036.53,2025-03-15,3-MEDIUM
14079,2880,O,4429.34,2025-03-22,3-MEDIUM
14080,2880,F,5715.94,2025-03-03,1-URGENT
14081,2880,F,5436.22,2025-01-29,1-URGENT
14082,2880,O,5736.46,2025-02-01,2-HIGH
14083,2880,P,1701.59,2025-01-13,4-LOW
14084,2880,F,1920.0,2025-04-05,2-HIGH
14085,2880,F,767.64,2025-03-21,1-URGENT
14086,2881,P,6218.74,2025-04-04,2-HIGH
14087,2881,O,463.03,2025-05-16,4-LOW
14088,2881,O,731.8,2025-02-03,4-LOW
14089,2881,F,1004.99,2025-06-06,1-URGENT
14090,2881,F,2465.04,2025-05-18,3-MEDIUM
14091,2881,F,595.2,2025-03-22,4-LOW
14092,2882,P,3802.7,2025-03-09,3-MEDIUM
14093,2882,P,983.93,2025-02-16,1-URGENT
14094,2882,O,1139.65,2025-04-11,1-URGENT
14095,2882,P,2759.86,2025-05-28,3-MEDIUM
14096,2883,F,1760.35,2025-06-25,3-MEDIUM
14097,2883,P,5646.86,2025-04-08,2-HIGH
14098,2883,P,3578.63,2025-03-10,1-URGENT
14099,2884,P,856.62,2025-01-11,3-MEDIUM
14100,2884,P,2735.86,2025-06-12,4-LOW
14101,2884,F,1638.17,2025-05-22,1-URGENT
14102,2884,F,1123.39,2025-01-23,2-HIGH
14103,2884,F,2543.81,2025-03-07,3-MEDIUM
14104,2884,F,1560.33,2025-05-20,4-LOW
14105,2884,O,2719.84,2025-02-22,4-LOW
14106,2884,P,243.48,2025-04-22,3-MEDIUM
14107,2885,P,1496.85,2025-01-30,3-MEDIUM
14108,2885,P,6172.51,2025-05-19,2-HIGH
14109,2885,O,2968.52,2025-04-17,2-HIGH
14110,2885,O,4824.62,2025-04-08,2-HIGH
14111,2885,O,3984.32,2025-01-10,1-URGENT
14112,2885,P,1866.94,2025-05-19,1-URGENT
14113,2885,P,529.74,2025-03-09,1-URGENT
14114,2886,P,8833.39,2025-04-12,1-URGENT
14115,2887,P,5861.26,2025-01-31,3-MEDIUM
14116,2887,O,1436.64,2025-05-14,1-URGENT
14117,2887,P,6031.43,2025-06-22,2-HIGH
14118,2887,P,3016.98,2025-01-01,1-URGENT
14119,2887,F,1020.63,2025-01-04,1-URGENT
14120,2887,P,2288.91,2025-01-26,1-URGENT
14121,2887,F,4364.54,2025-01-05,2-HIGH
14122,2887,F,6311.05,2025-05-07,3-MEDIUM
14123,2888,F,3843.24,2025-03-02,4-LOW
14124,2888,F,508.09,2025-04-25,3-MEDIUM
14125,2888,P,3293.06,2025-05-19,1-URGENT
14126,2889,O,5618.36,2025-06-10,1-URGENT
14127,2889,F,4827.47,2025-03-17,3-MEDIUM
14128,2889,O,1828.34,2025-01-22,3-MEDIUM
14129,2889,O,2098.24,2025-01-07,3-MEDIUM
14130,2889,O,1126.98,2025-04-16,1-URGENT
14131,2889,P,615.22,2025-03-18,3-MEDIUM
14132,2889,P,4979.83,2025-02-05,4-LOW
14133,2889,F,1159.83,2025-04-10,3-MEDIUM
14134,2890,O,1956.55,2025-04-09,3-MEDIUM
14135,2890,P,1199.9,2025-05-29,2-HIGH
14136,2890,P,1300.73,2025-01-10,3-MEDIUM
14137,2890,P,3828.66,2025-04-19,2-HIGH
14138,2890,F,9293.41,2025-01-31,3-MEDIUM
14139,2890,P,6679.59,2025-06-04,1-URGENT
14140,2890,F,154.15,2025-06-19,4-LOW
14141,2890,P,1896.66,2025-03-13,4-LOW
14142,2891,F,8611.8,2025-04-11,3-MEDIUM
14143,2891,O,2949.8,2025-03-08,2-HIGH
14144,2891,P,2997.05,2025-03-09,2-HIGH
14145,2891,F,1250.23,2025-04-15,4-LOW
14146,2891,P,6100.48,2025-04-13,4-LOW
14147,2891,P,828.4,2025-01-30,1-URGENT
14148,2891,F,2502.04,2025-02-10,1-URGENT
14149,2891,O,1324.33,2025-04-21,3-MEDIUM
14150,2892,O,2101.9,2025-02-13,1-URGENT
14151,2892,O,2996.24,2025-02-17,2-HIGH
14152,2892,F,1393.95,2025-03-18,4-LOW
14153,2892,F,1195.97,2025-03-18,2-HIGH
14154,2892,F,2515.48,2025-03-26,2-HIGH
14155,2892,O,1644.84,2025-04-17,3-MEDIUM
14156,2893,P,3172.99,2025-05-01,2-HIGH
14157,2893,O,5386.73,2025-03-15,4-LOW
14158,2893,F,1458.8,2025-03-26,2-HIGH
14159,2894,F,2645.26,2025-02-18,3-MEDIUM
14160,2894,O,6704.05,2025-06-12,4-LOW
14161,2894,P,1549.85,2025-04-02,3-MEDIUM
14162,2894,P,2669.67,2025-03-19,3-MEDIUM
14163,2894,F,5771.06,2025-03-16,4-LOW
14164,2894,F,2529.26,2025-03-30,3-MEDIUM
14165,2895,F,4002.68,2025-06-27,4-LOW
14166,2895,F,4607.51,2025-04-24,4-LOW
14167,2896,P,4721.73,2025-06-08,1-URGENT
14168,2897,O,454.43,2025-02-19,2-HIGH
14169,2897,P,3047.16,2025-02-11,4-LOW
14170,2897,P,3119.72,2025-03-27,3-MEDIUM
14171,2897,P,2900.01,2025-04-13,2-HIGH
14172,2897,O,256.75,2025-02-22,3-MEDIUM
14173,2897,F,784.31,2025-04-21,1-URGENT
14174,2898,F,4789.56,2025-03-09,4-LOW
14175,2898,O,4777.61,2025-06-07,3-MEDIUM
14176,2898,F,2105.92,2025-01-26,3-MEDIUM
14177,2898,O,2502.78,2025-04-22,1-URGENT
14178,2898,F,3356.47,2025-06-24,1-URGENT
14179,2899,P,928.7,2025-04-19,2-HIGH
14180,2900,O,3726.15,2025-04-22,2-HIGH
14181,2900,P,4285.22,2025-06-08,4-LOW
14182,2900,P,464.9,2025-01-23,1-URGENT
14183,2900,F,4012.25,2025-03-22,3-MEDIUM
14184,2900,F,4036.62,2025-02-14,4-LOW
14185,2900,O,2431.8,2025-03-02,3-MEDIUM
14186,2900,F,2941.74,2025-02-01,4-LOW
14187,2900,F,5152.66,2025-02-14,4-LOW
14188,2901,P,6588.94,2025-03-21,4-LOW
14189,2901,O,1226.95,2025-06-11,1-URGENT
14190,2901,F,1148.11,2025-03-15,1-URGENT
14191,2901,F,5193.07,2025-04-28,1-URGENT
14192,2902,O,4072.94,2025-03-29,1-URGENT
14193,2903,P,1403.88,2025-05-12,3-MEDIUM
14194,2903,F,520.36,2025-03-11,3-MEDIUM
14195,2903,F,5856.44,2025-04-25,3-MEDIUM
14196,2903,F,2443.11,2025-06-18,4-LOW
14197,2903,O,3030.84,2025-01-28,4-LOW
14198,2903,F,2116.57,2025-04-27,3-MEDIUM
14199,2904,F,4503.38,2025-04-15,2-HIGH
14200,2904,F,1809.08,2025-04-12,2-HIGH
14201,2904,O,1757.63,2025-05-06,4-LOW
14202,2904,F,5397.79,2025-02-03,1-URGENT
14203,2904,P,6121.04,2025-03-27,1-URGENT
14204,2904,P,6140.35,2025-02-11,4-LOW
14205,2905,F,4983.17,2025-06-28,2-HIGH
14206,2905,O,4410.76,2025-04-28,3-MEDIUM
14207,2905,O,4175.13,2025-04-12,1-URGENT
14208,2905,O,747.98,2025-05-19,4-LOW
14209,2906,F,534.04,2025-06-07,1-URGENT
14210,2906,O,4447.09,2025-04-26,1-URGENT
14211,2906,O,5241.29,2025-06-27,4-LOW
14212,2906,P,3552.19,2025-01-21,4-LOW
14213,2906,P,1677.17,2025-06-05,3-MEDIUM
14214,2907,P,1596.51,2025-01-14,3-MEDIUM
14215,2907,O,1841.41,2025-02-15,1-URGENT
14216,2907,P,492.21,2025-03-10,2-HIGH
14217,2907,P,5535.73,2025-06-15,1-URGENT
14218,2907,P,2734.28,2025-01-06,2-HIGH
14219,2907,F,3313.18,2025-02-25,1-URGENT
14220,2907,O,4489.54,2025-05-10,4-LOW
14221,2908,P,5243.52,2025-01-18,1-URGENT
14222,2908,P,5592.32,2025-03-26,4-LOW
14223,2908,F,1822.81,2025-02-02,2-HIGH
14224,2909,P,5220.25,2025-01-04,3-MEDIUM
14225,2909,O,2370.18,2025-02-01,4-LOW
14226,2909,F,6175.46,2025-04-30,2-HIGH
14227,2909,O,4429.15,2025-03-25,3-MEDIUM
14228,2909,F,3913.98,2025-01-28,1-URGENT
14229,2910,F,2806.06,2025-05-18,4-LOW
14230,2910,F,729.41,2025-02-20,4-LOW
14231,2910,O,3640.8,2025-03-26,3-MEDIUM
14232,2910,P,3046.08,2025-05-03,3-MEDIUM
14233,2910,O,3678.81,2025-06-01,2-HIGH
14234,2910,F,1952.13,2025-02-02,2-HIGH
14235,2911,O,5254.77,2025-02-08,2-HIGH
14236,2911,F,4790.39,2025-04-05,1-URGENT
14237,2911,P,4979.11,2025-01-07,4-LOW
14238,2912,O,4488.67,2025-03-01,1-URGENT
14239,2912,O,1109.96,2025-05-01,1-URGENT
14240,2912,O,4977.62,2025-04-13,3-MEDIUM
14241,2913,P,10727.34,2025-03-20,1-URGENT
14242,2913,O,2425.93,2025-01-03,2-HIGH
14243,2913,F,2096.72,2025-01-28,2-HIGH
14244,2913,P,2789.8,2025-01-21,2-HIGH
14245,2913,P,3414.53,2025-05-02,4-LOW
14246,2914,P,4294.2,2025-02-11,4-LOW
14247,2914,O,953.28,2025-06-29,4-LOW
14248,2914,P,5046.45,2025-04-09,1-URGENT
14249,2915,P,1622.3,2025-02-08,3-MEDIUM
14250,2915,O,5050.56,2025-01-03,3-MEDIUM
14251,2915,P,713.47,2025-02-17,2-HIGH
14252,2915,F,2141.57,2025-03-02,2-HIGH
14253,2915,O,3024.44,2025-02-28,3-MEDIUM
14254,2916,O,5265.19,2025-05-10,4-LOW
14255,2917,P,469.5,2025-01-23,4-LOW
14256,2917,P,7086.87,2025-04-30,4-LOW
14257,2917,F,1724.06,2025-01-16,4-LOW
14258,2917,O,1327.62,2025-02-07,1-URGENT
14259,2917,O,1043.73,2025-04-15,4-LOW
14260,2918,P,289.34,2025-04-03,2-HIGH
14261,2918,O,3117.23,2025-01-24,3-MEDIUM
14262,2918,O,2515.11,2025-01-16,2-HIGH
14263,2918,P,2189.2,2025-01-11,4-LOW
14264,2918,F,4282.61,2025-03-28,3-MEDIUM
14265,2918,F,3357.94,2025-05-02,1-URGENT
14266,2918,P,6192.91,2025-05-03,4-LOW
14267,2919,F,605.21,2025-02-25,2-HIGH
14268,2919,O,2375.67,2025-02-21,2-HIGH
14269,2919,F,6084.44,2025-01-21,2-HIGH
14270,2919,O,1781.05,2025-01-18,3-MEDIUM
14271,2919,F,777.45,2025-01-25,4-LOW
14272,2919,O,885.48,2025-05-05,1-URGENT
14273,2919,F,830.64,2025-05-31,2-HIGH
14274,2920,P,2599.91,2025-02-27,3-MEDIUM
14275,2920,F,4488.06,2025-04-03,4-LOW
14276,2920,F,4803.87,2025-01-15,2-HIGH
14277,2920,F,5175.66,2025-01-20,1-URGENT
14278,2920,O,7193.29,2025-06-23,1-URGENT
14279,2920,O,4707.05,2025-01-12,1-URGENT
14280,2920,P,1617.02,2025-04-12,3-MEDIUM
14281,2920,O,4430.61,2025-01-18,1-URGENT
14282,2921,F,1788.71,2025-05-09,3-MEDIUM
14283,2921,O,3051.84,2025-05-20,2-HIGH
14284,2921,F,787.07,2025-01-30,3-MEDIUM
14285,2921,O,3768.32,2025-02-06,4-LOW
14286,2921,P,5538.38,2025-06-26,2-HIGH
14287,2921,O,3203.48,2025-06-28,4-LOW
14288,2921,O,2684.62,2025-02-14,4-LOW
14289,2921,F,274.65,2025-05-15,2-HIGH
14290,2922,P,5786.3,2025-01-01,3-MEDIUM
14291,2922,O,5970.97,2025-04-18,4-LOW
14292,2923,P,1715.47,2025-03-18,2-HIGH
14293,2923,F,1117.81,2025-02-25,2-HIGH
14294,2923,O,337.14,2025-06-11,2-HIGH
14295,2923,F,6719.77,2025-01-15,2-HIGH
14296,2923,O,1873.98,2025-04-23,2-HIGH
14297,2923,O,548.2,2025-01-06,1-URGENT
14298,2924,O,4606.09,2025-05-02,1-URGENT
14299,2924,O,4272.23,2025-06-08,1-URGENT
14300,2924,F,3728.16,2025-03-25,1-URGENT
14301,2924,O,1372.0,2025-03-19,3-MEDIUM
14302,2924,O,1353.84,2025-06-07,4-LOW
14303,2925,P,2235.65,2025-03-02,2-HIGH
14304,2925,F,7234.75,2025-01-13,4-LOW
14305,2925,F,2226.3,2025-03-20,1-URGENT
14306,2925,P,4766.63,2025-05-03,2-HIGH
14307,2925,O,620.82,2025-05-21,1-URGENT
14308,2925,O,198.45,2025-06-26,4-LOW
14309,2925,P,4343.39,2025-03-13,4-LOW
14310,2925,F,2820.67,2025-03-25,3-MEDIUM
14311,2926,F,5111.41,2025-04-10,1-URGENT
14312,2926,O,3984.24,2025-06-19,1-URGENT
14313,2926,F,2122.21,2025-04-10,2-HIGH
14314,2926,F,432.51,2025-04-19,3-MEDIUM
14315,2926,P,5277.57,2025-02-27,2-HIGH
14316,2926,O,2393.62,2025-03-18,2-HIGH
14317,2926,F,4768.88,2025-01-31,3-MEDIUM
14318,2927,F,4774.18,2025-04-11,2-HIGH
14319,2927,P,2223.14,2025-03-22,1-URGENT
14320,2928,O,4336.33,2025-05-21,4-LOW
14321,2929,O,2840.74,2025-05-31,2-HIGH
14322,2929,P,4585.86,2025-05-07,3-MEDIUM
14323,2929,O,32.65,2025-06-02,1-URGENT
14324,2929,F,2839.42,2025-02-16,3-MEDIUM
14325,2929,O,588.24,2025-05-21,1-URGENT
14326,2929,O,10193.63,2025-01-24,1-URGENT
14327,2929,P,4729.62,2025-04-03,2-HIGH
14328,2930,P,1830.99,2025-06-10,2-HIGH
14329,2930,O,865.15,2025-05-21,4-LOW
14330,2930,F,3184.15,2025-04-26,1-URGENT
14331,2930,F,783.27,2025-04-04,1-URGENT
14332,2931,O,1407.63,2025-04-19,3-MEDIUM
14333,2931,P,6524.0,2025-03-25,1-URGENT
14334,2932,F,2582.84,2025-06-19,2-HIGH
14335,2932,P,10804.03,2025-03-07,2-HIGH
14336,2932,P,4947.45,2025-05-02,1-URGENT
14337,2932,F,5627.62,2025-02-17,4-LOW
14338,2932,O,4702.15,2025-04-08,2-HIGH
14339,2932,F,2933.48,2025-05-27,2-HIGH
14340,2932,F,5772.79,2025-02-13,4-LOW
14341,2932,O,2288.03,2025-05-16,4-LOW
14342,2933,O,3783.3,2025-03-23,4-LOW
14343,2933,O,1373.71,2025-03-26,2-HIGH
14344,2933,F,4319.45,2025-05-26,4-LOW
14345,2933,F,3912.17,2025-06-15,1-URGENT
14346,2933,O,6473.68,2025-03-27,3-MEDIUM
14347,2933,O,6421.81,2025-06-21,3-MEDIUM
14348,2933,P,7099.68,2025-02-27,3-MEDIUM
14349,2934,P,2430.77,2025-04-03,3-MEDIUM
14350,2934,P,3977.89,2025-01-12,2-HIGH
14351,2935,P,1057.65,2025-05-02,2-HIGH
14352,2935,O,4066.92,2025-04-18,2-HIGH
14353,2935,P,4073.8,2025-05-27,1-URGENT
14354,2935,F,5910.08,2025-04-27,1-URGENT
14355,2935,O,1722.82,2025-01-07,2-HIGH
14356,2935,O,1588.86,2025-05-17,3-MEDIUM
14357,2935,P,1835.53,2025-05-29,4-LOW
14358,2936,O,3221.15,2025-03-04,3-MEDIUM
14359,2936,P,557.92,2025-01-14,1-URGENT
14360,2937,F,2690.92,2025-04-13,1-URGENT
14361,2937,F,3380.24,2025-03-13,3-MEDIUM
14362,2937,F,1669.87,2025-04-09,1-URGENT
14363,2937,P,863.89,2025-03-31,2-HIGH
14364,2937,P,5555.62,2025-03-03,3-MEDIUM
14365,2938,O,3401.43,2025-02-23,1-URGENT
14366,2938,P,4347.43,2025-05-08,2-HIGH
14367,2939,F,8453.47,2025-01-12,1-URGENT
14368,2939,F,5520.46,2025-05-12,2-HIGH
14369,2940,O,1151.34,2025-02-18,2-HIGH
14370,2940,F,2817.58,2025-02-07,4-LOW
14371,2940,P,3683.97,2025-05-23,1-URGENT
14372,2941,F,140.65,2025-04-20,3-MEDIUM
14373,2941,F,361.8,2025-05-09,1-URGENT
14374,2941,F,3785.47,2025-06-13,4-LOW
14375,2941,F,4929.25,2025-06-30,4-LOW
14376,2942,P,5769.03,2025-06-16,4-LOW
14377,2942,O,3793.12,2025-01-24,4-LOW
14378,2942,P,3246.46,2025-06-15,1-URGENT
14379,2942,F,4939.49,2025-04-09,1-URGENT
14380,2942,P,7220.61,2025-04-17,1-URGENT
14381,2942,O,9977.37,2025-01-20,4-LOW
14382,2942,P,1876.44,2025-06-09,1-URGENT
14383,2943,F,8066.7,2025-05-06,4-LOW
14384,2943,P,8731.5,2025-03-20,1-URGENT
14385,2943,P,4603.19,2025-04-28,3-MEDIUM
14386,2943,F,3564.08,2025-03-31,1-URGENT
14387,2943,P,3543.05,2025-01-28,2-HIGH
14388,2943,P,565.66,2025-02-21,1-URGENT
14389,2944,P,3643.71,2025-01-15,3-MEDIUM
14390,2944,F,8100.84,2025-03-03,1-URGENT
14391,2944,P,1511.93,2025-04-25,4-LOW
14392,2944,P,4612.92,2025-06-01,1-URGENT
14393,2944,P,4725.34,2025-03-17,1-URGENT
14394,2944,O,6151.77,2025-01-14,3-MEDIUM
14395,2944,P,732.15,2025-04-16,2-HIGH
14396,2945,F,3331.76,2025-05-21,3-MEDIUM
14397,2945,F,2929.96,2025-05-03,2-HIGH
14398,2945,O,4537.78,2025-01-02,3-MEDIUM
14399,2945,F,155.9,2025-04-20,4-LOW
14400,2945,O,1771.98,2025-01-25,3-MEDIUM
14401,2945,F,928.89,2025-01-02,1-URGENT
14402,2945,O,249.71,2025-05-29,4-LOW
14403,2945,P,1420.41,2025-04-29,3-MEDIUM
14404,2946,F,1945.18,2025-01-27,1-URGENT
14405,2946,F,1202.86,2025-01-03,1-URGENT
14406,2946,P,3004.6,2025-03-05,2-HIGH
14407,2946,P,290.66,2025-05-06,4-LOW
14408,2946,O,9232.39,2025-05-09,3-MEDIUM
14409,2946,F,3696.42,2025-01-20,1-URGENT
14410,2946,O,1589.44,2025-05-29,2-HIGH
14411,2946,O,38.08,2025-02-13,2-HIGH
14412,2947,O,4740.01,2025-01-04,1-URGENT
14413,2947,F,3627.34,2025-04-29,4-LOW
14414,2947,F,3709.77,2025-06-23,2-HIGH
14415,2947,F,4610.84,2025-02-06,2-HIGH
14416,2948,P,2866.22,2025-06-06,3-MEDIUM
14417,2948,O,1106.25,2025-02-05,4-LOW
14418,2949,O,1408.88,2025-01-26,4-LOW
14419,2949,P,3803.64,2025-02-08,3-MEDIUM
14420,2949,F,3337.31,2025-05-22,3-MEDIUM
14421,2949,P,2144.61,2025-05-30,1-URGENT
14422,2949,F,2101.62,2025-06-18,1-URGENT
14423,2950,O,6473.94,2025-02-08,3-MEDIUM
14424,2950,F,646.27,2025-06-02,2-HIGH
14425,2950,P,2260.07,2025-05-19,3-MEDIUM
14426,2951,F,7036.01,2025-01-04,2-HIGH
14427,2951,F,2691.85,2025-05-24,4-LOW
14428,2951,O,1195.31,2025-03-10,2-HIGH
14429,2951,O,7250.02,2025-05-21,3-MEDIUM
14430,2951,P,6566.59,2025-04-04,3-MEDIUM
14431,2952,O,1049.91,2025-04-01,4-LOW
14432,2952,F,6627.35,2025-03-11,1-URGENT
14433,2952,P,5556.82,2025-04-29,2-HIGH
14434,2952,F,3855.49,2025-04-23,4-LOW
14435,2952,O,3078.19,2025-06-01,3-MEDIUM
14436,2952,P,3711.2,2025-05-06,4-LOW
14437,2952,F,1556.96,2025-04-04,1-URGENT
14438,2952,F,2532.15,2025-01-20,4-LOW
14439,2953,F,1899.78,2025-05-28,3-MEDIUM
14440,2953,O,2885.36,2025-03-25,1-URGENT
14441,2953,F,2110.65,2025-05-13,4-LOW
14442,2953,O,561.66,2025-02-22,4-LOW
14443,2953,O,627.47,2025-01-14,3-MEDIUM
14444,2953,P,7534.79,2025-02-24,2-HIGH
14445,2953,P,2190.02,2025-06-18,3-MEDIUM
14446,2954,P,2308.22,2025-06-19,2-HIGH
14447,2955,F,609.41,2025-05-01,3-MEDIUM
14448,2955,O,3639.24,2025-06-05,2-HIGH
14449,2955,P,327.38,2025-05-14,1-URGENT
14450,2955,O,3361.08,2025-05-05,2-HIGH
14451,2956,F,3276.85,2025-01-13,3-MEDIUM
14452,2956,O,3884.94,2025-04-04,2-HIGH
14453,2956,F,8065.63,2025-05-09,2-HIGH
14454,2956,P,3397.04,2025-06-14,3-MEDIUM
14455,2956,P,9018.54,2025-05-30,2-HIGH
14456,2956,P,3815.11,2025-03-27,4-LOW
14457,2956,P,2023.55,2025-01-11,2-HIGH
14458,2957,F,5444.46,2025-02-05,2-HIGH
14459,2957,O,3541.23,2025-05-03,3-MEDIUM
14460,2957,O,45.77,2025-01-07,1-URGENT
14461,2958,O,2904.71,2025-05-11,3-MEDIUM
14462,2958,O,6298.89,2025-05-28,1-URGENT
14463,2958,F,2763.77,2025-03-05,4-LOW
14464,2958,P,342.36,2025-02-08,4-LOW
14465,2958,P,3415.4,2025-05-19,4-LOW
14466,2958,P,4428.95,2025-02-12,4-LOW
14467,2958,F,7711.84,2025-04-07,2-HIGH
14468,2958,O,6496.27,2025-04-04,3-MEDIUM
14469,2959,O,3794.5,2025-05-10,4-LOW
14470,2960,F,487.49,2025-01-17,3-MEDIUM
14471,2960,F,2282.68,2025-02-21,2-HIGH
14472,2961,O,377.4,2025-03-27,3-MEDIUM
14473,2962,P,7761.96,2025-01-01,4-LOW
14474,2962,O,3672.29,2025-01-29,4-LOW
14475,2962,O,2944.76,2025-05-14,3-MEDIUM
14476,2962,F,5878.56,2025-06-16,1-URGENT
14477,2962,P,3461.85,2025-06-14,3-MEDIUM
14478,2962,P,3380.7,2025-04-20,4-LOW
14479,2963,F,3753.24,2025-01-17,2-HIGH
14480,2963,P,3813.86,2025-02-13,3-MEDIUM
14481,2963,F,1889.2,2025-04-17,3-MEDIUM
14482,2963,F,4945.34,2025-04-21,3-MEDIUM
14483,2964,F,4357.2,2025-01-19,2-HIGH
14484,2964,F,3286.03,2025-06-15,4-LOW
14485,2964,O,7540.26,2025-05-11,3-MEDIUM
14486,2964,P,1250.99,2025-03-13,3-MEDIUM
14487,2964,F,3668.8,2025-04-28,2-HIGH
14488,2964,P,3237.76,2025-06-20,2-HIGH
14489,2965,O,5084.41,2025-06-15,4-LOW
14490,2965,P,4022.19,2025-04-05,1-URGENT
14491,2965,F,5288.48,2025-06-03,4-LOW
14492,2965,O,3997.82,2025-01-18,4-LOW
14493,2965,O,4824.95,2025-01-17,2-HIGH
14494,2965,P,1875.49,2025-02-14,4-LOW
14495,2965,F,2356.16,2025-06-23,2-HIGH
14496,2965,P,2003.34,2025-05-02,2-HIGH
14497,2966,P,4171.44,2025-04-30,2-HIGH
14498,2966,F,4601.15,2025-04-10,3-MEDIUM
14499,2966,O,3036.82,2025-05-29,1-URGENT
14500,2966,O,4508.5,2025-03-29,3-MEDIUM
14501,2966,F,2313.21,2025-03-04,1-URGENT
14502,2966,O,75.47,2025-03-04,2-HIGH
14503,2967,P,3499.45,2025-01-09,4-LOW
14504,2967,O,5609.15,2025-04-13,1-URGENT
14505,2968,P,2496.63,2025-04-21,2-HIGH
14506,2969,F,4528.13,2025-03-05,1-URGENT
14507,2969,P,4796.57,2025-05-21,3-MEDIUM
14508,2969,O,2274.69,2025-05-27,3-MEDIUM
14509,2970,P,3346.37,2025-02-15,4-LOW
14510,2970,P,2847.65,2025-06-22,2-HIGH
14511,2970,F,1375.98,2025-06-07,2-HIGH
14512,2970,P,1089.4,2025-01-19,1-URGENT
14513,2970,O,4642.05,2025-04-28,4-LOW
14514,2970,F,5030.43,2025-05-31,4-LOW
14515,2970,P,1925.02,2025-05-14,2-HIGH
14516,2971,P,2741.52,2025-06-24,4-LOW
14517,2971,P,3263.34,2025-06-14,2-HIGH
14518,2971,F,2092.3,2025-06-29,2-HIGH
14519,2971,F,819.16,2025-04-18,4-LOW
14520,2971,O,1717.61,2025-04-06,1-URGENT
14521,2971,F,2885.32,2025-04-28,1-URGENT
14522,2972,F,5192.9,2025-05-30,3-MEDIUM
14523,2972,P,2721.48,2025-06-26,1-URGENT
14524,2972,O,3132.42,2025-03-13,2-HIGH
14525,2973,P,1760.93,2025-06-25,1-URGENT
14526,2973,O,1980.91,2025-06-21,2-HIGH
14527,2973,F,3464.81,2025-05-07,2-HIGH
14528,2973,F,5050.94,2025-02-04,4-LOW
14529,2973,O,619.38,2025-02-26,1-URGENT
14530,2974,P,941.6,2025-05-25,2-HIGH
14531,2975,P,4773.72,2025-02-27,3-MEDIUM
14532,2975,P,1384.76,2025-06-19,3-MEDIUM
14533,2975,P,4125.6,2025-05-22,1-URGENT
14534,2976,P,1512.6,2025-04-16,1-URGENT
14535,2976,O,3341.23,2025-06-08,3-MEDIUM
14536,2976,O,720.47,2025-02-12,2-HIGH
14537,2977,O,4027.45,2025-02-05,1-URGENT
14538,2977,P,5318.75,2025-02-15,3-MEDIUM
14539,2977,F,3140.44,2025-01-16,2-HIGH
14540,2977,P,8245.87,2025-02-27,4-LOW
14541,2977,F,2431.92,2025-06-11,3-MEDIUM
14542,2977,P,1743.9,2025-06-13,4-LOW
14543,2977,F,1727.08,2025-01-27,2-HIGH
14544,2978,P,468.45,2025-05-21,1-URGENT
14545,2979,F,2116.62,2025-04-11,3-MEDIUM
14546,2980,F,1104.01,2025-01-29,1-URGENT
14547,2980,P,3278.14,2025-04-17,4-LOW
14548,2980,P,554.64,2025-05-25,3-MEDIUM
14549,2980,O,6416.94,2025-04-23,2-HIGH
14550,2980,F,800.76,2025-02-20,4-LOW
14551,2981,O,2976.65,2025-04-22,1-URGENT
14552,2982,F,2161.58,2025-05-08,4-LOW
14553,2982,O,3528.01,2025-03-12,4-LOW
14554,2982,F,3516.47,2025-05-19,3-MEDIUM
14555,2982,O,3602.43,2025-06-24,2-HIGH
14556,2983,P,102.86,2025-05-07,1-URGENT
14557,2983,P,2546.82,2025-01-20,3-MEDIUM
14558,2983,P,4868.67,2025-04-10,3-MEDIUM
14559,2983,P,2206.0,2025-03-15,4-LOW
14560,2983,F,4384.89,2025-04-09,4-LOW
14561,2983,F,1440.9,2025-05-30,3-MEDIUM
14562,2983,P,2245.06,2025-02-06,2-HIGH
14563,2983,O,8028.65,2025-01-31,2-HIGH
14564,2984,O,2087.38,2025-02-15,3-MEDIUM
14565,2984,F,350.38,2025-01-09,1-URGENT
14566,2984,P,33.95,2025-02-13,1-URGENT
14567,2985,O,1292.79,2025-06-24,2-HIGH
14568,2985,O,435.3,2025-04-09,1-URGENT
14569,2985,O,6432.37,2025-06-17,3-MEDIUM
14570,2985,F,2094.42,2025-03-17,2-HIGH
14571,2985,O,221.87,2025-02-09,3-MEDIUM
14572,2985,P,5151.24,2025-03-09,3-MEDIUM
14573,2985,F,499.94,2025-06-08,1-URGENT
14574,2985,F,2099.32,2025-04-22,1-URGENT
14575,2986,O,3646.9,2025-03-01,2-HIGH
14576,2986,O,7006.86,2025-01-27,2-HIGH
14577,2986,O,6888.85,2025-06-14,3-MEDIUM
14578,2987,F,2501.24,2025-02-26,3-MEDIUM
14579,2987,F,8235.2,2025-06-26,3-MEDIUM
14580,2987,F,1355.46,2025-05-31,1-URGENT
14581,2988,P,433.51,2025-02-11,2-HIGH
14582,2988,F,191.34,2025-05-30,4-LOW
14583,2988,P,3900.35,2025-02-06,1-URGENT
14584,2988,P,5385.18,2025-05-09,3-MEDIUM
14585,2988,O,6386.09,2025-02-13,3-MEDIUM
14586,2988,F,1962.56,2025-03-16,3-MEDIUM
14587,2989,P,369.54,2025-04-29,3-MEDIUM
14588,2990,P,5493.53,2025-04-26,3-MEDIUM
14589,2990,O,3684.57,2025-04-10,4-LOW
14590,2990,P,2916.65,2025-04-16,2-HIGH
14591,2990,P,8560.85,2025-02-04,2-HIGH
14592,2990,O,2346.1,2025-04-12,4-LOW
14593,2990,O,5827.09,2025-02-15,4-LOW
14594,2991,P,409.44,2025-04-07,1-URGENT
14595,2991,P,360.17,2025-06-24,1-URGENT
14596,2991,P,1797.86,2025-03-19,2-HIGH
14597,2991,P,6969.58,2025-06-02,1-URGENT
14598,2991,O,8104.9,2025-06-22,4-LOW
14599,2991,O,1770.81,2025-06-12,1-URGENT
14600,2992,P,1073.07,2025-03-31,4-LOW
14601,2993,P,6261.82,2025-03-12,4-LOW
14602,2993,F,5776.07,2025-02-25,4-LOW
14603,2993,F,5751.1,2025-04-11,4-LOW
14604,2993,F,5130.6,2025-04-12,4-LOW
14605,2993,P,1826.07,2025-04-21,1-URGENT
14606,2993,O,1554.49,2025-05-30,1-URGENT
14607,2993,F,213.01,2025-01-20,2-HIGH
14608,2993,O,3259.9,2025-04-27,1-URGENT
14609,2994,P,1800.57,2025-06-20,3-MEDIUM
14610,2994,F,990.73,2025-02-11,2-HIGH
14611,2995,P,5082.41,2025-01-03,3-MEDIUM
14612,2995,F,4139.76,2025-02-01,2-HIGH
14613,2995,F,4381.46,2025-05-06,4-LOW
14614,2995,F,7125.43,2025-03-11,1-URGENT
14615,2995,F,3361.15,2025-01-04,4-LOW
14616,2995,O,1922.77,2025-06-05,1-URGENT
14617,2995,O,572.01,2025-06-09,2-HIGH
14618,2995,F,3741.57,2025-05-30,1-URGENT
14619,2996,P,8443.9,2025-03-23,3-MEDIUM
14620,2996,P,6210.0,2025-01-18,1-URGENT
14621,2996,F,3549.9,2025-03-11,1-URGENT
14622,2996,O,5146.57,2025-02-05,3-MEDIUM
14623,2996,O,3331.15,2025-06-11,3-MEDIUM
14624,2996,F,1163.72,2025-01-12,4-LOW
14625,2997,O,1444.9,2025-04-07,1-URGENT
14626,2997,O,8349.09,2025-04-16,2-HIGH
14627,2997,P,654.21,2025-03-11,2-HIGH
14628,2997,F,2254.54,2025-02-08,1-URGENT
14629,2997,F,2340.18,2025-01-25,2-HIGH
14630,2997,P,894.42,2025-04-14,4-LOW
14631,2997,F,5703.83,2025-03-17,2-HIGH
14632,2998,P,2013.88,2025-06-07,2-HIGH
14633,2998,F,1635.75,2025-01-06,3-MEDIUM
14634,2998,P,1280.75,2025-05-18,4-LOW
14635,2998,P,5393.22,2025-06-18,1-URGENT
14636,2999,O,2102.01,2025-05-19,2-HIGH
14637,2999,P,7253.73,2025-01-01,1-URGENT
14638,2999,P,983.56,2025-03-06,4-LOW
14639,2999,O,7801.16,2025-05-24,4-LOW
14640,2999,F,7869.24,2025-01-05,1-URGENT
14641,2999,F,527.28,2025-04-27,2-HIGH
14642,2999,F,4684.36,2025-06-28,4-LOW
14643,2999,P,5262.8,2025-01-08,4-LOW
14644,3000,P,4231.39,2025-06-24,3-MEDIUM
14645,3001,O,2210.4,2025-01-27,3-MEDIUM
14646,3001,P,1662.98,2025-02-06,2-HIGH
14647,3002,O,4546.6,2025-01-23,2-HIGH
14648,3002,O,330.71,2025-04-11,2-HIGH
14649,3002,O,6053.48,2025-02-08,3-MEDIUM
14650,3002,P,3787.1,2025-01-27,4-LOW
14651,3003,O,2079.49,2025-04-02,2-HIGH
14652,3003,P,1285.92,2025-06-20,2-HIGH
14653,3003,O,5995.73,2025-02-07,3-MEDIUM
14654,3003,P,3384.7,2025-03-13,3-MEDIUM
14655,3003,F,3942.19,2025-01-31,1-URGENT
14656,3003,P,1404.48,2025-03-20,2-HIGH
14657,3003,P,2049.18,2025-05-07,2-HIGH
14658,3004,O,2629.79,2025-02-10,2-HIGH
14659,3004,O,2758.76,2025-06-29,4-LOW
14660,3004,P,5451.99,2025-01-30,3-MEDIUM
14661,3004,O,348.32,2025-05-19,3-MEDIUM
14662,3005,P,7909.11,2025-04-03,1-URGENT
14663,3005,P,55.21,2025-03-26,1-URGENT
14664,3005,F,4785.22,2025-01-26,4-LOW
14665,3005,O,1696.11,2025-01-20,3-MEDIUM
14666,3005,F,1417.32,2025-04-02,1-URGENT
14667,3006,P,2964.72,2025-05-01,1-URGENT
14668,3006,F,1411.11,2025-02-15,2-HIGH
14669,3007,O,6870.91,2025-06-07,4-LOW
14670,3007,P,1809.97,2025-05-19,4-LOW
14671,3007,F,1868.12,2025-03-22,1-URGENT
14672,3007,F,799.82,2025-01-03,4-LOW
14673,3007,F,1977.2,2025-06-14,2-HIGH
14674,3007,F,1350.62,2025-03-04,2-HIGH
14675,3007,F,4617.85,2025-01-29,3-MEDIUM
14676,3008,F,22.62,2025-05-06,3-MEDIUM
14677,3008,O,2701.54,2025-03-17,1-URGENT
14678,3008,P,5655.05,2025-04-20,3-MEDIUM
14679,3008,O,6579.21,2025-04-02,3-MEDIUM
14680,3008,O,352.46,2025-01-19,4-LOW
14681,3008,P,4331.43,2025-04-11,2-HIGH
14682,3008,F,1571.44,2025-01-23,1-URGENT
14683,3008,F,6037.77,2025-02-07,1-URGENT
14684,3009,F,1638.29,2025-05-26,3-MEDIUM
14685,3009,P,1350.17,2025-03-15,2-HIGH
14686,3009,P,425.98,2025-06-19,4-LOW
14687,3009,P,5643.05,2025-04-10,1-URGENT
14688,3009,F,3638.61,2025-04-28,1-URGENT
14689,3009,O,158.23,2025-01-16,1-URGENT
14690,3010,P,3314.42,2025-06-02,2-HIGH
14691,3011,F,253.08,2025-02-28,4-LOW
14692,3011,O,7183.03,2025-06-03,3-MEDIUM
14693,3011,F,6853.43,2025-06-06,1-URGENT
14694,3011,O,578.17,2025-04-07,1-URGENT
14695,3011,O,3698.88,2025-02-12,4-LOW
14696,3012,P,1569.66,2025-06-04,4-LOW
14697,3012,O,4396.15,2025-05-27,1-URGENT
14698,3012,O,3074.91,2025-02-16,1-URGENT
14699,3012,O,5801.24,2025-06-10,4-LOW
14700,3012,P,2838.37,2025-06-17,4-LOW
14701,3013,O,2336.94,2025-03-11,3-MEDIUM
14702,3013,P,4578.79,2025-02-22,3-MEDIUM
14703,3013,P,2245.42,2025-05-31,4-LOW
14704,3013,P,2848.28,2025-03-12,1-URGENT
14705,3014,O,2204.28,2025-05-15,4-LOW
14706,3014,F,2113.9,2025-06-02,3-MEDIUM
14707,3014,F,2175.63,2025-01-27,3-MEDIUM
14708,3014,O,4860.39,2025-04-23,2-HIGH
14709,3015,P,9180.71,2025-05-02,4-LOW
14710,3016,F,1292.67,2025-03-06,1-URGENT
14711,3016,F,277.41,2025-04-29,3-MEDIUM
14712,3016,F,5576.95,2025-02-05,3-MEDIUM
14713,3016,F,2032.14,2025-03-29,4-LOW
14714,3016,P,3227.76,2025-04-08,2-HIGH
14715,3017,F,791.33,2025-05-04,3-MEDIUM
14716,3017,O,3897.32,2025-01-13,4-LOW
14717,3017,F,4492.85,2025-04-02,3-MEDIUM
14718,3018,F,1068.48,2025-05-13,2-HIGH
14719,3018,P,4867.37,2025-03-04,3-MEDIUM
14720,3018,O,2087.52,2025-06-08,2-HIGH
14721,3018,P,5026.87,2025-04-18,1-URGENT
14722,3018,F,5136.77,2025-02-15,4-LOW
14723,3018,O,2692.87,2025-06-01,1-URGENT
14724,3019,P,3872.05,2025-04-21,2-HIGH
14725,3020,F,1434.15,2025-05-01,1-URGENT
14726,3020,P,5140.13,2025-02-24,4-LOW
14727,3020,O,5578.63,2025-05-19,4-LOW
14728,3021,O,1788.42,2025-04-16,4-LOW
14729,3021,F,261.03,2025-01-18,3-MEDIUM
14730,3021,P,429.11,2025-02-16,1-URGENT
14731,3021,P,2314.83,2025-02-13,3-MEDIUM
14732,3021,F,7005.15,2025-04-09,2-HIGH
14733,3021,O,360.5,2025-01-24,2-HIGH
14734,3021,P,5032.81,2025-03-16,4-LOW
14735,3021,F,2702.7,2025-03-13,4-LOW
14736,3022,P,2981.61,2025-04-11,4-LOW
14737,3022,O,412.87,2025-06-06,3-MEDIUM
14738,3023,F,4076.26,2025-03-31,4-LOW
14739,3023,F,1084.54,2025-01-26,4-LOW
14740,3023,P,1166.31,2025-03-02,2-HIGH
14741,3023,O,1812.53,2025-03-03,1-URGENT
14742,3023,O,2506.86,2025-04-15,3-MEDIUM
14743,3023,P,3407.46,2025-05-30,4-LOW
14744,3024,F,3913.14,2025-03-27,4-LOW
14745,3024,P,803.16,2025-02-25,4-LOW
14746,3024,O,2664.04,2025-05-19,4-LOW
14747,3024,P,1313.73,2025-01-11,2-HIGH
14748,3025,F,4395.95,2025-02-27,2-HIGH
14749,3026,O,301.0,2025-06-29,2-HIGH
14750,3027,O,5801.01,2025-04-18,4-LOW
14751,3028,F,3027.03,2025-06-08,2-HIGH
14752,3028,P,1886.15,2025-04-13,4-LOW
14753,3028,O,2263.0,2025-05-10,1-URGENT
14754,3028,P,4973.43,2025-05-18,1-URGENT
14755,3028,P,2238.17,2025-05-16,4-LOW
14756,3029,F,5366.9,2025-06-04,3-MEDIUM
14757,3030,O,6355.23,2025-02-11,1-URGENT
14758,3031,O,3544.52,2025-03-06,3-MEDIUM
14759,3031,P,682.95,2025-01-08,3-MEDIUM
14760,3031,F,2704.72,2025-06-04,1-URGENT
14761,3031,O,2871.2,2025-02-04,4-LOW
14762,3031,F,5173.24,2025-04-06,3-MEDIUM
14763,3032,O,782.31,2025-01-05,2-HIGH
14764,3032,O,7206.2,2025-01-18,4-LOW
14765,3032,F,4401.9,2025-01-04,3-MEDIUM
14766,3032,O,2833.78,2025-06-10,2-HIGH
14767,3032,O,1168.41,2025-01-20,4-LOW
14768,3032,F,925.15,2025-05-17,2-HIGH
14769,3032,P,2450.76,2025-05-07,3-MEDIUM
14770,3032,O,2631.75,2025-03-17,4-LOW
14771,3033,P,1925.72,2025-04-11,3-MEDIUM
14772,3033,F,2697.9,2025-04-13,3-MEDIUM
14773,3033,F,6875.3,2025-01-15,1-URGENT
14774,3033,P,2645.4,2025-01-31,4-LOW
14775,3033,O,7289.5,2025-06-06,4-LOW
14776,3033,F,3406.79,2025-02-07,1-URGENT
14777,3033,P,2267.69,2025-01-27,1-URGENT
14778,3034,O,1977.85,2025-04-08,3-MEDIUM
14779,3034,F,2929.51,2025-03-01,3-MEDIUM
14780,3034,O,960.01,2025-01-02,3-MEDIUM
14781,3035,F,678.65,2025-03-24,3-MEDIUM
14782,3035,O,3761.7,2025-02-16,2-HIGH
14783,3035,F,1398.29,2025-05-21,4-LOW
14784,3035,P,725.67,2025-02-16,1-URGENT
14785,3035,O,7149.87,2025-04-02,1-URGENT
14786,3036,O,4894.74,2025-05-07,1-URGENT
14787,3036,P,3611.61,2025-04-21,2-HIGH
14788,3036,P,7842.73,2025-03-13,1-URGENT
14789,3036,F,3410.98,2025-04-29,1-URGENT
14790,3036,P,2401.65,2025-04-07,2-HIGH
14791,3036,F,7330.81,2025-05-12,1-URGENT
14792,3036,F,5252.67,2025-05-04,3-MEDIUM
14793,3037,P,7941.85,2025-04-23,1-URGENT
14794,3038,O,3024.47,2025-02-19,1-URGENT
14795,3038,O,981.29,2025-03-29,2-HIGH
14796,3038,F,1727.81,2025-02-16,4-LOW
14797,3038,F,4825.29,2025-06-29,3-MEDIUM
14798,3038,F,4300.44,2025-05-06,4-LOW
14799,3038,O,5803.57,2025-02-01,2-HIGH
14800,3038,O,2932.59,2025-03-26,2-HIGH
14801,3039,F,2789.68,2025-02-07,2-HIGH
14802,3039,O,1775.47,2025-04-20,2-HIGH
14803,3040,F,4410.32,2025-03-10,4-LOW
14804,3040,O,5482.85,2025-06-17,2-HIGH
14805,3040,F,4822.13,2025-02-22,3-MEDIUM
14806,3041,P,1629.63,2025-05-03,1-URGENT
14807,3041,F,2475.6,2025-05-26,3-MEDIUM
14808,3041,F,1981.73,2025-01-22,1-URGENT
14809,3041,P,3365.6,2025-06-17,1-URGENT
14810,3042,P,1796.0,2025-04-11,3-MEDIUM
14811,3042,O,353.85,2025-04-04,4-LOW
14812,3042,O,4899.65,2025-03-17,3-MEDIUM
14813,3042,P,3841.41,2025-06-12,1-URGENT
14814,3042,F,1448.69,2025-03-30,2-HIGH
14815,3043,F,148.18,2025-06-09,3-MEDIUM
14816,3044,O,4257.29,2025-06-09,3-MEDIUM
14817,3044,O,2810.96,2025-04-15,1-URGENT
14818,3044,O,4954.4,2025-04-09,3-MEDIUM
14819,3045,P,2778.12,2025-03-14,4-LOW
14820,3045,F,2215.85,2025-01-21,2-HIGH
14821,3045,F,2125.71,2025-03-26,1-URGENT
14822,3045,O,2597.12,2025-06-23,2-HIGH
14823,3045,P,1053.91,2025-04-07,2-HIGH
14824,3046,O,4374.06,2025-02-16,1-URGENT
14825,3046,O,1126.75,2025-04-28,1-URGENT
14826,3046,O,1412.8,2025-06-06,4-LOW
14827,3046,O,8476.88,2025-06-20,2-HIGH
14828,3046,P,2309.3,2025-06-16,4-LOW
14829,3046,P,3556.9,2025-06-26,4-LOW
14830,3046,O,5601.37,2025-06-13,2-HIGH
14831,3046,P,1054.72,2025-01-08,4-LOW
14832,3047,P,2444.32,2025-06-06,2-HIGH
14833,3047,F,2889.23,2025-03-27,2-HIGH
14834,3047,F,2239.02,2025-05-18,1-URGENT
14835,3047,O,364.65,2025-06-12,1-URGENT
14836,3047,P,6310.99,2025-01-08,1-URGENT
14837,3047,P,1086.99,2025-02-27,3-MEDIUM
14838,3048,O,3059.77,2025-02-04,2-HIGH
14839,3048,P,6697.83,2025-04-22,4-LOW
14840,3049,F,6401.61,2025-05-01,1-URGENT
14841,3049,O,1798.13,2025-02-20,2-HIGH
14842,3049,P,4608.4,2025-01-20,2-HIGH
14843,3049,F,2008.73,2025-04-02,4-LOW
14844,3049,O,4159.31,2025-03-15,1-URGENT
14845,3049,F,7610.11,2025-04-06,4-LOW
14846,3049,O,1125.26,2025-04-11,3-MEDIUM
14847,3050,P,2707.92,2025-06-15,1-URGENT
14848,3050,F,5920.41,2025-05-08,4-LOW
14849,3051,P,2942.78,2025-04-11,2-HIGH
14850,3051,F,205.21,2025-05-01,4-LOW
14851,3051,F,5407.75,2025-06-28,4-LOW
14852,3051,P,1508.58,2025-03-06,3-MEDIUM
14853,3051,F,4295.32,2025-04-24,3-MEDIUM
14854,3051,O,1978.17,2025-06-14,1-URGENT
14855,3051,P,5095.15,2025-04-01,2-HIGH
14856,3052,F,3113.46,2025-06-19,4-LOW
14857,3052,O,4156.94,2025-05-12,2-HIGH
14858,3052,F,2511.6,2025-03-05,4-LOW
14859,3052,O,1192.68,2025-03-02,3-MEDIUM
14860,3052,F,1626.59,2025-02-18,2-HIGH
14861,3052,F,5173.79,2025-05-14,4-LOW
14862,3052,F,3282.82,2025-02-27,3-MEDIUM
14863,3052,P,1714.82,2025-02-02,4-LOW
14864,3053,F,4735.69,2025-01-07,1-URGENT
14865,3053,O,7391.01,2025-02-21,3-MEDIUM
14866,3053,P,3163.31,2025-06-03,4-LOW
14867,3054,O,7199.82,2025-04-27,3-MEDIUM
14868,3054,P,1800.8,2025-01-06,1-URGENT
14869,3054,P,2209.13,2025-04-05,1-URGENT
14870,3055,P,2701.02,2025-06-28,4-LOW
14871,3055,P,2362.48,2025-03-04,1-URGENT
14872,3055,P,2392.88,2025-03-12,1-URGENT
14873,3055,O,2334.22,2025-05-13,4-LOW
14874,3055,P,5373.3,2025-02-03,4-LOW
14875,3056,F,4642.56,2025-03-12,3-MEDIUM
14876,3056,O,2896.0,2025-01-26,2-HIGH
14877,3056,F,2706.92,2025-03-04,3-MEDIUM
14878,3056,O,4634.95,2025-06-24,4-LOW
14879,3056,P,1385.63,2025-03-10,2-HIGH
14880,3057,F,2326.81,2025-06-14,2-HIGH
14881,3057,O,5242.66,2025-05-23,2-HIGH
14882,3057,F,1661.26,2025-05-17,2-HIGH
14883,3057,P,2694.47,2025-03-28,1-URGENT
14884,3057,F,691.13,2025-03-13,2-HIGH
14885,3057,F,1350.72,2025-04-30,3-MEDIUM
14886,3058,O,2502.53,2025-06-14,4-LOW
14887,3058,O,1130.8,2025-02-27,4-LOW
14888,3058,F,2545.42,2025-05-27,4-LOW
14889,3058,P,1655.08,2025-05-28,3-MEDIUM
14890,3058,P,995.26,2025-02-24,1-URGENT
14891,3058,P,3844.15,2025-06-23,1-URGENT
14892,3058,P,815.25,2025-05-16,4-LOW
14893,3059,O,4109.15,2025-01-07,2-HIGH
14894,3059,P,4392.16,2025-03-24,4-LOW
14895,3060,O,3785.42,2025-02-05,4-LOW
14896,3060,F,2700.25,2025-01-09,3-MEDIUM
14897,3060,O,6195.2,2025-01-15,1-URGENT
14898,3060,P,1173.35,2025-01-21,3-MEDIUM
14899,3060,O,565.97,2025-05-03,3-MEDIUM
14900,3060,O,6860.8,2025-02-20,3-MEDIUM
14901,3060,P,1810.42,2025-01-16,2-HIGH
14902,3060,P,3848.8,2025-01-06,4-LOW
14903,3061,P,5982.27,2025-05-31,4-LOW
14904,3061,P,734.29,2025-06-21,4-LOW
14905,3061,O,728.35,2025-01-12,3-MEDIUM
14906,3061,P,4097.67,2025-01-12,3-MEDIUM
14907,3062,P,504.3,2025-01-14,1-URGENT
14908,3062,F,4401.0,2025-02-21,4-LOW
14909,3062,P,3553.29,2025-02-23,2-HIGH
14910,3062,F,939.33,2025-03-24,4-LOW
14911,3063,F,2897.99,2025-01-29,2-HIGH
14912,3064,F,2041.33,2025-05-02,4-LOW
14913,3064,O,2276.41,2025-03-20,1-URGENT
14914,3064,F,2874.0,2025-05-28,4-LOW
14915,3064,P,1833.89,2025-03-27,4-LOW
14916,3065,O,6864.67,2025-04-24,2-HIGH
14917,3065,P,1967.07,2025-03-18,1-URGENT
14918,3065,O,5037.83,2025-05-10,4-LOW
14919,3066,O,3859.88,2025-05-29,1-URGENT
14920,3066,F,4135.4,2025-05-12,4-LOW
14921,3066,F,2218.55,2025-03-01,1-URGENT
14922,3066,O,4620.22,2025-06-05,2-HIGH
14923,3066,P,3978.29,2025-06-14,3-MEDIUM
14924,3066,O,5847.63,2025-05-24,2-HIGH
14925,3066,F,4237.5,2025-06-30,1-URGENT
14926,3066,F,5812.97,2025-06-23,2-HIGH
14927,3067,O,2223.85,2025-03-17,4-LOW
14928,3067,F,1376.89,2025-01-22,1-URGENT
14929,3067,F,540.4,2025-03-06,2-HIGH
14930,3067,P,4100.39,2025-04-03,3-MEDIUM
14931,3067,O,6013.92,2025-06-23,2-HIGH
14932,3067,O,2043.95,2025-03-16,2-HIGH
14933,3068,F,1525.77,2025-01-31,4-LOW
14934,3068,O,223.98,2025-01-06,3-MEDIUM
14935,3068,O,8375.78,2025-03-17,4-LOW
14936,3069,F,1411.16,2025-01-17,3-MEDIUM
14937,3069,F,2831.03,2025-01-21,2-HIGH
14938,3069,O,2515.83,2025-05-14,1-URGENT
14939,3069,P,1068.12,2025-02-02,1-URGENT
14940,3069,O,3964.66,2025-02-20,1-URGENT
14941,3069,P,4015.88,2025-06-26,2-HIGH
14942,3069,O,2001.98,2025-06-30,3-MEDIUM
14943,3070,P,4804.04,2025-05-24,3-MEDIUM
14944,3071,F,1497.78,2025-03-09,3-MEDIUM
14945,3071,P,1368.52,2025-01-29,2-HIGH
14946,3071,P,5944.23,2025-05-29,4-LOW
14947,3071,F,1783.16,2025-04-03,2-HIGH
14948,3071,O,2151.05,2025-03-19,1-URGENT
14949,3072,O,6460.57,2025-01-19,4-LOW
14950,3072,P,6476.44,2025-01-04,4-LOW
14951,3072,F,378.78,2025-04-05,2-HIGH
14952,3072,P,3827.19,2025-05-27,3-MEDIUM
14953,3072,O,3179.63,2025-01-18,2-HIGH
14954,3072,P,2343.2,2025-04-03,1-URGENT
14955,3072,O,7059.33,2025-06-25,1-URGENT
14956,3073,O,373.79,2025-01-29,1-URGENT
14957,3073,F,1362.98,2025-05-07,2-HIGH
14958,3074,O,1898.11,2025-06-23,3-MEDIUM
14959,3074,F,3764.53,2025-04-19,4-LOW
14960,3074,F,4448.03,2025-06-27,2-HIGH
14961,3074,O,1526.47,2025-03-21,3-MEDIUM
14962,3074,F,2369.75,2025-04-07,4-LOW
14963,3074,O,5471.82,2025-02-05,3-MEDIUM
14964,3075,P,3341.75,2025-01-06,4-LOW
14965,3075,O,3902.42,2025-02-15,4-LOW
14966,3075,F,1262.39,2025-06-18,3-MEDIUM
14967,3075,F,2282.46,2025-06-09,4-LOW
14968,3075,F,7272.58,2025-03-17,2-HIGH
14969,3075,O,4156.52,2025-06-14,3-MEDIUM
14970,3075,P,5277.96,2025-02-16,2-HIGH
14971,3076,P,1664.21,2025-01-08,4-LOW
14972,3076,P,2299.32,2025-04-13,3-MEDIUM
14973,3077,P,1527.16,2025-04-27,2-HIGH
14974,3077,F,3486.4,2025-06-05,1-URGENT
14975,3077,F,3561.08,2025-06-25,4-LOW
14976,3077,F,3534.48,2025-01-03,1-URGENT
14977,3077,F,3952.24,2025-05-05,2-HIGH
14978,3078,O,4250.3,2025-04-26,3-MEDIUM
14979,3078,O,2417.6,2025-02-19,2-HIGH
14980,3078,P,5089.21,2025-05-21,2-HIGH
14981,3079,F,5583.76,2025-02-08,1-URGENT
14982,3079,F,323.48,2025-05-27,4-LOW
14983,3079,P,4903.55,2025-06-26,2-HIGH
14984,3079,F,8900.62,2025-04-12,2-HIGH
14985,3079,P,2695.15,2025-01-27,3-MEDIUM
14986,3079,P,2244.85,2025-05-08,3-MEDIUM
14987,3079,O,2101.14,2025-06-30,4-LOW
14988,3079,O,1096.36,2025-02-06,3-MEDIUM
14989,3080,F,3248.12,2025-04-17,2-HIGH
14990,3080,O,5714.12,2025-01-08,1-URGENT
14991,3080,F,4771.24,2025-02-07,1-URGENT
14992,3080,P,5252.19,2025-01-14,2-HIGH
14993,3080,F,3873.92,2025-04-28,4-LOW
14994,3081,O,7452.33,2025-04-11,2-HIGH
14995,3081,P,835.9,2025-03-07,3-MEDIUM
14996,3081,O,3561.16,2025-05-15,3-MEDIUM
14997,3081,O,6595.94,2025-06-25,1-URGENT
14998,3081,O,3620.44,2025-02-28,3-MEDIUM
14999,3081,P,58.19,2025-03-26,1-URGENT
15000,3082,P,2572.24,2025-01-21,1-URGENT
15001,3082,O,7363.8,2025-05-01,1-URGENT
15002,3083,F,548.64,2025-03-03,1-URGENT
15003,3083,F,4506.55,2025-05-05,1-URGENT
15004,3083,P,5650.5,2025-04-07,4-LOW
15005,3083,F,3804.33,2025-04-09,1-URGENT
15006,3083,P,2190.4,2025-06-19,3-MEDIUM
15007,3084,P,820.56,2025-02-18,3-MEDIUM
15008,3084,P,1873.71,2025-05-02,3-MEDIUM
15009,3085,F,230.62,2025-04-20,3-MEDIUM
15010,3085,F,279.1,2025-04-25,1-URGENT
15011,3085,F,7055.88,2025-03-27,1-URGENT
15012,3085,F,2707.7,2025-01-05,4-LOW
15013,3085,F,3583.97,2025-06-28,2-HIGH
15014,3085,O,229.71,2025-03-20,2-HIGH
15015,3086,O,6472.71,2025-06-30,2-HIGH
15016,3087,O,706.42,2025-05-14,2-HIGH
15017,3087,O,1699.39,2025-04-07,4-LOW
15018,3087,P,1523.06,2025-02-03,2-HIGH
15019,3087,O,3987.71,2025-04-04,4-LOW
15020,3088,F,3421.29,2025-04-12,2-HIGH
15021,3088,O,1507.9,2025-02-04,4-LOW
15022,3088,O,905.98,2025-04-01,2-HIGH
15023,3089,O,622.93,2025-04-28,3-MEDIUM
15024,3089,O,1406.14,2025-06-30,4-LOW
15025,3089,O,6830.96,2025-01-18,1-URGENT
15026,3090,O,3491.17,2025-05-25,3-MEDIUM
15027,3090,O,7281.2,2025-02-25,4-LOW
15028,3090,O,5206.21,2025-06-10,2-HIGH
15029,3090,O,6982.42,2025-02-07,2-HIGH
15030,3090,F,5710.79,2025-02-08,3-MEDIUM
15031,3090,F,6174.44,2025-06-17,3-MEDIUM
15032,3091,P,5215.22,2025-04-06,1-URGENT
15033,3091,O,1595.55,2025-02-03,1-URGENT
15034,3091,F,6547.8,2025-04-28,3-MEDIUM
15035,3092,O,5063.23,2025-01-24,4-LOW
15036,3092,P,667.41,2025-02-05,3-MEDIUM
15037,3092,F,1244.33,2025-01-30,3-MEDIUM
15038,3092,O,5476.58,2025-02-06,4-LOW
15039,3092,P,4500.56,2025-06-03,3-MEDIUM
15040,3092,P,3852.62,2025-03-10,1-URGENT
15041,3092,P,4536.62,2025-04-18,3-MEDIUM
15042,3092,P,3457.46,2025-05-19,1-URGENT
15043,3093,P,4805.09,2025-04-26,1-URGENT
15044,3093,P,776.22,2025-03-30,1-URGENT
15045,3094,P,1793.39,2025-01-22,3-MEDIUM
15046,3094,F,656.47,2025-01-25,3-MEDIUM
15047,3094,P,3673.03,2025-06-16,1-URGENT
15048,3094,O,2013.22,2025-04-30,2-HIGH
15049,3094,F,1861.67,2025-05-01,3-MEDIUM
15050,3095,F,2599.96,2025-04-19,2-HIGH
15051,3095,P,5767.18,2025-05-30,3-MEDIUM
15052,3095,P,4582.95,2025-06-16,1-URGENT
15053,3095,O,4335.83,2025-01-25,1-URGENT
15054,3095,O,4237.57,2025-01-21,2-HIGH
15055,3095,P,236.96,2025-03-07,4-LOW
15056,3095,F,3351.26,2025-04-20,1-URGENT
15057,3096,O,1735.3,2025-03-04,3-MEDIUM
15058,3096,O,8430.07,2025-01-26,4-LOW
15059,3096,P,2204.2,2025-04-18,3-MEDIUM
15060,3096,F,4372.22,2025-01-24,3-MEDIUM
15061,3096,P,4152.86,2025-06-23,1-URGENT
15062,3097,F,1754.38,2025-02-07,4-LOW
15063,3097,F,1398.98,2025-01-01,1-URGENT
15064,3097,P,3104.74,2025-06-29,1-URGENT
15065,3097,P,1968.97,2025-05-12,1-URGENT
15066,3097,P,3890.8,2025-01-14,2-HIGH
15067,3097,P,3276.95,2025-04-27,1-URGENT
15068,3097,O,2800.63,2025-02-18,4-LOW
15069,3097,O,4271.77,2025-06-08,3-MEDIUM
15070,3098,O,4096.39,2025-03-01,4-LOW
15071,3098,F,2242.71,2025-02-08,4-LOW
15072,3098,F,1607.51,2025-02-09,4-LOW
15073,3098,P,3990.57,2025-01-04,4-LOW
15074,3098,F,2065.61,2025-04-24,1-URGENT
15075,3098,P,5024.94,2025-01-04,3-MEDIUM
15076,3099,F,105.45,2025-03-03,3-MEDIUM
15077,3100,P,4549.76,2025-03-17,4-LOW
15078,3100,P,2863.47,2025-03-21,2-HIGH
15079,3100,F,373.73,2025-05-12,1-URGENT
15080,3100,P,1975.26,2025-04-14,3-MEDIUM
15081,3100,O,1671.48,2025-02-15,1-URGENT
15082,3101,P,1204.01,2025-05-31,1-URGENT
15083,3101,O,1982.66,2025-02-26,2-HIGH
15084,3101,F,2634.72,2025-03-07,1-URGENT
15085,3101,P,420.48,2025-02-13,1-URGENT
15086,3101,O,4508.15,2025-01-29,1-URGENT
15087,3101,F,3770.99,2025-01-14,4-LOW
15088,3101,O,2872.36,2025-05-11,3-MEDIUM
15089,3102,P,2896.78,2025-01-01,1-URGENT
15090,3102,O,2538.5,2025-01-24,2-HIGH
15091,3102,P,869.66,2025-06-28,1-URGENT
15092,3102,F,2106.8,2025-05-12,1-URGENT
15093,3102,O,2935.96,2025-05-06,2-HIGH
15094,3103,O,5517.62,2025-03-05,1-URGENT
15095,3103,O,2233.08,2025-05-19,1-URGENT
15096,3103,P,3388.31,2025-05-21,2-HIGH
15097,3103,O,3164.0,2025-03-21,4-LOW
15098,3103,F,2007.22,2025-05-02,2-HIGH
15099,3103,O,393.05,2025-01-03,1-URGENT
15100,3103,F,5174.04,2025-04-18,4-LOW
15101,3104,P,4546.34,2025-02-21,3-MEDIUM
15102,3104,F,1401.69,2025-04-26,4-LOW
15103,3105,F,270.67,2025-05-22,4-LOW
15104,3106,O,5626.88,2025-02-01,3-MEDIUM
15105,3106,F,122.78,2025-01-24,4-LOW
15106,3106,F,1440.95,2025-02-17,1-URGENT
15107,3106,F,3837.79,2025-03-10,3-MEDIUM
15108,3106,P,5961.88,2025-03-23,4-LOW
15109,3107,P,2638.41,2025-05-17,1-URGENT
15110,3107,F,497.94,2025-03-03,4-LOW
15111,3108,P,7693.03,2025-06-28,3-MEDIUM
15112,3109,F,4781.86,2025-04-20,3-MEDIUM
15113,3109,O,1182.71,2025-05-30,1-URGENT
15114,3109,P,4569.46,2025-02-23,3-MEDIUM
15115,3109,O,2451.18,2025-05-03,4-LOW
15116,3110,O,414.22,2025-05-28,1-URGENT
15117,3110,O,1266.93,2025-05-31,2-HIGH
15118,3110,F,1204.23,2025-04-19,1-URGENT
15119,3110,P,3848.13,2025-01-12,1-URGENT
15120,3110,O,428.54,2025-02-03,4-LOW
15121,3110,F,4003.0,2025-02-05,1-URGENT
15122,3110,P,4064.15,2025-01-05,1-URGENT
15123,3110,P,2210.1,2025-05-13,4-LOW
15124,3111,F,5801.46,2025-03-02,3-MEDIUM
15125,3111,F,8203.73,2025-05-11,3-MEDIUM
15126,3111,P,2845.02,2025-05-17,1-URGENT
15127,3111,O,3045.46,2025-04-18,2-HIGH
15128,3111,F,3197.42,2025-06-12,3-MEDIUM
15129,3111,O,4615.76,2025-04-24,1-URGENT
15130,3111,O,9306.87,2025-06-19,3-MEDIUM
15131,3111,P,3156.15,2025-01-23,2-HIGH
15132,3112,O,1535.01,2025-04-21,3-MEDIUM
15133,3112,O,1431.29,2025-05-09,4-LOW
15134,3113,P,2770.99,2025-05-18,3-MEDIUM
15135,3114,F,5537.62,2025-03-26,4-LOW
15136,3114,P,3344.02,2025-06-24,3-MEDIUM
15137,3115,P,6089.15,2025-01-16,4-LOW
15138,3115,P,3928.72,2025-06-10,4-LOW
15139,3115,O,7277.65,2025-04-08,2-HIGH
15140,3116,O,3462.61,2025-05-24,4-LOW
15141,3117,F,1291.73,2025-01-20,1-URGENT
15142,3117,O,1084.62,2025-05-29,1-URGENT
15143,3117,P,5664.3,2025-06-08,3-MEDIUM
15144,3117,O,1572.12,2025-03-28,2-HIGH
15145,3118,O,1790.45,2025-05-03,2-HIGH
15146,3119,O,5131.46,2025-05-07,2-HIGH
15147,3119,F,2112.27,2025-03-09,4-LOW
15148,3119,P,3966.31,2025-04-11,2-HIGH
15149,3119,P,5020.78,2025-01-17,3-MEDIUM
15150,3119,F,1823.25,2025-02-16,3-MEDIUM
15151,3119,P,1893.33,2025-01-29,3-MEDIUM
15152,3119,F,4323.55,2025-03-07,4-LOW
15153,3120,P,1210.7,2025-04-07,4-LOW
15154,3120,F,304.38,2025-06-24,1-URGENT
15155,3120,O,1209.22,2025-03-13,1-URGENT
15156,3120,F,773.07,2025-05-20,4-LOW
15157,3120,O,1599.67,2025-03-21,2-HIGH
15158,3120,O,1647.08,2025-04-10,4-LOW
15159,3120,F,10849.87,2025-05-08,2-HIGH
15160,3120,F,3107.18,2025-04-03,1-URGENT
15161,3121,O,2866.56,2025-01-12,3-MEDIUM
15162,3121,P,9310.86,2025-06-13,1-URGENT
15163,3121,P,476.28,2025-01-29,2-HIGH
15164,3121,P,7827.49,2025-05-05,4-LOW
15165,3121,O,2057.91,2025-06-05,4-LOW
15166,3121,F,1266.16,2025-02-26,4-LOW
15167,3122,F,807.56,2025-05-20,4-LOW
15168,3122,F,4210.19,2025-02-16,1-URGENT
15169,3122,O,634.01,2025-05-24,1-URGENT
15170,3122,P,3392.07,2025-05-25,4-LOW
15171,3122,O,1386.71,2025-02-13,2-HIGH
15172,3123,F,141.72,2025-02-16,1-URGENT
15173,3123,O,2006.74,2025-01-24,4-LOW
15174,3123,P,1649.53,2025-04-29,2-HIGH
15175,3123,O,3009.01,2025-05-12,4-LOW
15176,3123,O,150.34,2025-01-13,2-HIGH
15177,3123,P,3375.38,2025-03-18,4-LOW
15178,3123,P,909.2,2025-06-21,4-LOW
15179,3123,O,585.9,2025-01-16,1-URGENT
15180,3124,P,5861.27,2025-04-14,2-HIGH
15181,3124,O,2243.24,2025-04-29,1-URGENT
15182,3124,F,587.1,2025-03-19,3-MEDIUM
15183,3124,P,210.66,2025-02-28,3-MEDIUM
15184,3124,O,4289.49,2025-01-17,3-MEDIUM
15185,3124,F,605.97,2025-03-23,4-LOW
15186,3125,F,6639.19,2025-02-26,3-MEDIUM
15187,3125,F,1648.16,2025-04-19,4-LOW
15188,3125,P,4709.3,2025-05-31,2-HIGH
15189,3126,P,5182.67,2025-03-18,4-LOW
15190,3126,O,3183.53,2025-04-25,1-URGENT
15191,3126,O,822.9,2025-03-18,4-LOW
15192,3126,F,2972.1,2025-06-13,2-HIGH
15193,3127,O,2327.12,2025-02-22,2-HIGH
15194,3127,P,2243.82,2025-05-16,4-LOW
15195,3127,P,4785.86,2025-02-14,1-URGENT
15196,3127,O,4010.15,2025-06-09,2-HIGH
15197,3127,P,8319.18,2025-06-23,1-URGENT
15198,3127,O,2202.49,2025-01-24,2-HIGH
15199,3127,P,1114.41,2025-02-11,3-MEDIUM
15200,3128,P,4357.78,2025-04-21,4-LOW
15201,3128,P,4012.86,2025-04-06,4-LOW
15202,3128,P,3360.85,2025-06-06,2-HIGH
15203,3129,P,3195.95,2025-04-15,2-HIGH
15204,3129,F,3782.35,2025-01-26,1-URGENT
15205,3129,F,530.5,2025-04-05,1-URGENT
15206,3129,O,545.76,2025-05-15,2-HIGH
15207,3129,O,3085.04,2025-03-30,4-LOW
15208,3129,O,6203.29,2025-06-02,1-URGENT
15209,3129,P,2106.18,2025-01-21,2-HIGH
15210,3130,P,3302.07,2025-03-25,4-LOW
15211,3131,P,1612.01,2025-02-07,3-MEDIUM
15212,3131,O,6093.97,2025-06-28,3-MEDIUM
15213,3131,O,980.54,2025-01-06,2-HIGH
15214,3132,F,2330.53,2025-05-09,3-MEDIUM
15215,3132,O,3369.65,2025-01-29,4-LOW
15216,3133,F,3119.25,2025-03-15,4-LOW
15217,3134,P,2616.44,2025-03-30,1-URGENT
15218,3134,F,1872.22,2025-03-23,1-URGENT
15219,3134,F,3157.12,2025-02-13,4-LOW
15220,3134,O,482.14,2025-03-17,1-URGENT
15221,3135,O,181.07,2025-04-08,1-URGENT
15222,3135,P,145.17,2025-04-07,4-LOW
15223,3135,F,1935.7,2025-02-25,4-LOW
15224,3135,P,827.58,2025-01-21,3-MEDIUM
15225,3135,F,2360.31,2025-02-12,3-MEDIUM
15226,3135,O,4275.95,2025-04-19,3-MEDIUM
15227,3136,O,1917.57,2025-02-22,4-LOW
15228,3136,P,113.96,2025-06-11,2-HIGH
15229,3136,F,689.41,2025-03-10,2-HIGH
15230,3136,F,512.19,2025-02-26,2-HIGH
15231,3136,O,4530.68,2025-05-21,2-HIGH
15232,3136,O,3884.87,2025-05-21,1-URGENT
15233,3136,F,656.65,2025-03-18,3-MEDIUM
15234,3137,F,1075.66,2025-06-13,1-URGENT
15235,3137,P,1427.73,2025-06-06,4-LOW
15236,3137,O,5853.7,2025-03-04,1-URGENT
15237,3137,O,3956.7,2025-04-27,4-LOW
15238,3138,F,1047.86,2025-06-27,1-URGENT
15239,3138,P,1260.66,2025-01-20,2-HIGH
15240,3138,F,4111.47,2025-04-01,3-MEDIUM
15241,3138,F,2208.83,2025-05-02,4-LOW
15242,3138,F,2622.79,2025-06-27,2-HIGH
15243,3139,O,4359.6,2025-03-08,4-LOW
15244,3139,O,652.2,2025-01-30,1-URGENT
15245,3140,P,3307.13,2025-04-17,4-LOW
15246,3140,P,9565.62,2025-01-27,4-LOW
15247,3140,F,3885.75,2025-04-09,1-URGENT
15248,3140,O,8864.65,2025-04-17,3-MEDIUM
15249,3140,F,2274.62,2025-03-27,3-MEDIUM
15250,3140,F,4260.71,2025-02-22,4-LOW
15251,3140,O,1639.78,2025-03-31,2-HIGH
15252,3140,F,3752.96,2025-04-09,1-URGENT
15253,3141,P,6625.4,2025-06-01,4-LOW
15254,3141,F,5587.86,2025-05-07,3-MEDIUM
15255,3141,F,2976.12,2025-02-03,3-MEDIUM
15256,3141,F,2372.88,2025-03-07,4-LOW
15257,3142,F,2706.53,2025-05-04,1-URGENT
15258,3143,O,1196.46,2025-01-17,2-HIGH
15259,3143,P,197.64,2025-02-11,2-HIGH
15260,3143,O,1354.13,2025-05-13,2-HIGH
15261,3143,F,1560.0,2025-01-19,3-MEDIUM
15262,3144,O,1836.8,2025-05-11,3-MEDIUM
15263,3144,F,2260.43,2025-03-08,4-LOW
15264,3145,O,1337.82,2025-06-02,2-HIGH
15265,3145,P,2990.17,2025-05-06,1-URGENT
15266,3145,O,2958.25,2025-06-11,3-MEDIUM
15267,3145,P,3030.66,2025-01-19,3-MEDIUM
15268,3145,O,1893.33,2025-05-06,4-LOW
15269,3145,O,2881.41,2025-06-18,1-URGENT
15270,3145,F,97.02,2025-06-09,4-LOW
15271,3146,F,616.26,2025-04-17,4-LOW
15272,3146,F,5522.13,2025-04-20,2-HIGH
15273,3146,F,2676.79,2025-04-29,3-MEDIUM
15274,3146,P,1820.7,2025-03-29,2-HIGH
15275,3147,P,1686.97,2025-01-20,1-URGENT
15276,3147,F,3114.62,2025-04-17,2-HIGH
15277,3147,O,2558.14,2025-02-02,1-URGENT
15278,3147,O,4537.54,2025-02-03,1-URGENT
15279,3147,O,2466.36,2025-03-19,4-LOW
15280,3147,O,966.76,2025-01-24,3-MEDIUM
15281,3147,P,554.35,2025-05-07,3-MEDIUM
15282,3148,F,2348.59,2025-05-11,3-MEDIUM
15283,3148,O,5244.69,2025-04-27,2-HIGH
15284,3149,O,1323.19,2025-01-15,4-LOW
15285,3150,P,5199.69,2025-04-15,4-LOW
15286,3150,P,3243.58,2025-05-18,4-LOW
15287,3150,P,2383.04,2025-05-31,3-MEDIUM
15288,3150,F,3475.37,2025-03-27,4-LOW
15289,3150,O,1691.94,2025-06-11,3-MEDIUM
15290,3150,F,6767.03,2025-01-05,3-MEDIUM
15291,3150,O,5359.8,2025-05-03,3-MEDIUM
15292,3150,P,6851.81,2025-01-12,2-HIGH
15293,3151,F,2878.14,2025-03-23,2-HIGH
15294,3151,P,9101.08,2025-02-08,4-LOW
15295,3151,O,3088.57,2025-04-19,4-LOW
15296,3151,P,5166.25,2025-05-17,4-LOW
15297,3151,F,4116.43,2025-01-17,4-LOW
15298,3151,P,3657.27,2025-01-23,1-URGENT
15299,3151,F,1583.21,2025-03-18,1-URGENT
15300,3151,O,317.49,2025-05-10,1-URGENT
15301,3152,O,2790.05,2025-02-27,1-URGENT
15302,3152,P,444.6,2025-06-07,2-HIGH
15303,3152,O,3212.8,2025-01-22,1-URGENT
15304,3152,P,1316.92,2025-03-15,1-URGENT
15305,3153,F,3446.08,2025-01-15,3-MEDIUM
15306,3153,O,1817.56,2025-05-20,2-HIGH
15307,3153,O,4617.19,2025-03-14,1-URGENT
15308,3153,F,2536.26,2025-02-09,4-LOW
15309,3154,F,3470.73,2025-05-21,1-URGENT
15310,3154,P,5449.96,2025-06-02,2-HIGH
15311,3154,P,964.01,2025-01-13,4-LOW
15312,3154,O,3139.9,2025-05-02,3-MEDIUM
15313,3154,P,2941.6,2025-04-20,4-LOW
15314,3154,O,2377.28,2025-03-16,2-HIGH
15315,3154,P,3119.19,2025-01-06,1-URGENT
15316,3154,P,1959.99,2025-05-16,4-LOW
15317,3155,P,5128.51,2025-03-18,1-URGENT
15318,3155,O,2807.19,2025-01-27,3-MEDIUM
15319,3155,P,1902.4,2025-05-11,2-HIGH
15320,3155,P,4035.06,2025-03-02,4-LOW
15321,3156,O,5091.73,2025-05-25,4-LOW
15322,3156,P,8958.64,2025-05-01,3-MEDIUM
15323,3156,P,2906.68,2025-04-22,1-URGENT
15324,3156,P,2379.99,2025-03-11,2-HIGH
15325,3156,F,2690.65,2025-03-17,3-MEDIUM
15326,3156,F,4778.51,2025-04-12,3-MEDIUM
15327,3157,F,6729.69,2025-03-26,4-LOW
15328,3157,O,1919.61,2025-03-31,3-MEDIUM
15329,3157,O,463.84,2025-06-29,2-HIGH
15330,3157,P,3466.3,2025-03-24,1-URGENT
15331,3157,P,1193.76,2025-02-16,3-MEDIUM
15332,3157,F,1234.99,2025-04-03,4-LOW
15333,3158,F,3762.87,2025-05-10,2-HIGH
15334,3158,O,1450.86,2025-03-06,4-LOW
15335,3158,P,193.12,2025-02-03,3-MEDIUM
15336,3158,P,1098.18,2025-01-12,4-LOW
15337,3158,F,2629.54,2025-05-12,2-HIGH
15338,3158,P,161.68,2025-03-31,1-URGENT
15339,3159,F,4151.13,2025-01-19,3-MEDIUM
15340,3159,O,3790.99,2025-03-09,2-HIGH
15341,3159,P,659.88,2025-01-04,2-HIGH
15342,3159,O,3586.8,2025-05-14,1-URGENT
15343,3159,O,5257.51,2025-06-14,1-URGENT
15344,3159,P,497.68,2025-04-27,4-LOW
15345,3159,F,2280.47,2025-02-24,4-LOW
15346,3160,F,3712.53,2025-02-08,3-MEDIUM
15347,3160,O,5230.07,2025-01-09,4-LOW
15348,3160,O,5175.64,2025-03-21,4-LOW
15349,3160,P,4435.34,2025-01-01,4-LOW
15350,3160,P,4503.29,2025-03-22,2-HIGH
15351,3160,O,1814.77,2025-06-07,3-MEDIUM
15352,3161,P,5466.98,2025-04-18,1-URGENT
15353,3161,F,3382.35,2025-06-27,2-HIGH
15354,3161,F,4170.42,2025-02-15,2-HIGH
15355,3161,P,3252.14,2025-03-22,4-LOW
15356,3161,F,2558.56,2025-01-15,3-MEDIUM
15357,3162,F,2602.65,2025-04-01,2-HIGH
15358,3162,P,5548.48,2025-06-01,2-HIGH
15359,3162,O,1711.4,2025-02-23,4-LOW
15360,3162,P,2780.9,2025-06-24,3-MEDIUM
15361,3162,P,3615.19,2025-02-22,2-HIGH
15362,3162,P,3939.16,2025-06-23,2-HIGH
15363,3162,O,1627.03,2025-03-21,4-LOW
15364,3163,F,7597.23,2025-03-28,2-HIGH
15365,3163,F,1756.93,2025-04-01,3-MEDIUM
15366,3163,F,3964.39,2025-05-27,2-HIGH
15367,3164,P,521.12,2025-02-25,2-HIGH
15368,3164,F,398.71,2025-04-09,1-URGENT
15369,3164,O,3961.07,2025-06-08,1-URGENT
15370,3165,F,2429.36,2025-04-01,2-HIGH
15371,3165,F,4690.94,2025-01-11,3-MEDIUM
15372,3165,F,733.2,2025-01-29,4-LOW
15373,3165,F,2951.06,2025-06-13,3-MEDIUM
15374,3166,O,2088.35,2025-01-09,4-LOW
15375,3166,O,4056.6,2025-02-26,3-MEDIUM
15376,3166,P,5713.25,2025-02-11,4-LOW
15377,3166,P,523.21,2025-06-24,3-MEDIUM
15378,3166,P,794.7,2025-02-03,4-LOW
15379,3166,O,4314.21,2025-01-25,1-URGENT
15380,3167,F,1298.07,2025-06-13,2-HIGH
15381,3167,F,1646.17,2025-02-15,1-URGENT
15382,3167,P,4726.58,2025-05-12,1-URGENT
15383,3167,O,6396.34,2025-04-01,1-URGENT
15384,3167,O,6529.6,2025-05-07,4-LOW
15385,3168,P,6369.6,2025-04-17,1-URGENT
15386,3168,O,1620.07,2025-06-02,1-URGENT
15387,3168,P,2471.03,2025-06-05,2-HIGH
15388,3169,P,1918.43,2025-06-27,1-URGENT
15389,3170,F,2794.37,2025-05-29,4-LOW
15390,3170,F,5122.44,2025-06-12,1-URGENT
15391,3170,O,3129.19,2025-04-11,4-LOW
15392,3170,P,2415.82,2025-01-03,4-LOW
15393,3170,F,863.68,2025-04-09,1-URGENT
15394,3170,O,2175.69,2025-03-18,3-MEDIUM
15395,3170,P,673.87,2025-01-06,1-URGENT
15396,3170,F,3801.46,2025-03-21,4-LOW
15397,3171,P,6034.59,2025-03-29,4-LOW
15398,3171,O,5825.21,2025-03-06,4-LOW
15399,3171,P,4778.62,2025-05-30,3-MEDIUM
15400,3171,F,2646.57,2025-05-25,1-URGENT
15401,3171,P,1509.44,2025-04-05,3-MEDIUM
15402,3171,F,3311.26,2025-05-24,2-HIGH
15403,3172,F,3438.5,2025-04-07,4-LOW
15404,3172,F,3654.18,2025-06-24,2-HIGH
15405,3172,O,3753.86,2025-02-16,1-URGENT
15406,3172,F,2510.62,2025-03-24,4-LOW
15407,3172,F,1910.53,2025-01-03,2-HIGH
15408,3172,P,4169.53,2025-02-03,4-LOW
15409,3172,P,465.94,2025-02-07,1-URGENT
15410,3172,O,3561.74,2025-05-26,4-LOW
15411,3173,F,4307.67,2025-01-15,2-HIGH
15412,3173,F,513.34,2025-01-08,2-HIGH
15413,3173,O,5968.78,2025-03-09,2-HIGH
15414,3173,F,6640.45,2025-06-11,2-HIGH
15415,3173,P,1234.75,2025-02-05,1-URGENT
15416,3173,P,6057.84,2025-02-15,2-HIGH
15417,3174,F,4050.16,2025-06-26,4-LOW
15418,3175,F,4529.63,2025-02-12,2-HIGH
15419,3175,P,57.83,2025-02-25,4-LOW
15420,3175,O,2233.52,2025-01-28,3-MEDIUM
15421,3175,P,5144.66,2025-03-30,2-HIGH
15422,3175,O,7623.5,2025-05-09,1-URGENT
15423,3176,O,3051.13,2025-02-21,2-HIGH
15424,3176,O,5910.27,2025-06-29,1-URGENT
15425,3176,P,3128.82,2025-06-02,4-LOW
15426,3176,O,5104.75,2025-02-03,3-MEDIUM
15427,3177,O,207.31,2025-01-11,4-LOW
15428,3177,O,4288.83,2025-05-27,3-MEDIUM
15429,3177,O,2493.81,2025-02-11,3-MEDIUM
15430,3177,O,619.08,2025-05-26,2-HIGH
15431,3177,P,3770.35,2025-04-05,1-URGENT
15432,3177,O,5167.88,2025-05-22,2-HIGH
15433,3178,O,2734.48,2025-06-21,3-MEDIUM
15434,3178,O,2683.81,2025-03-01,4-LOW
15435,3178,O,1173.07,2025-03-26,3-MEDIUM
15436,3178,P,2779.47,2025-05-02,2-HIGH
15437,3178,P,3355.5,2025-02-21,4-LOW
15438,3178,F,1646.04,2025-02-21,1-URGENT
15439,3178,P,2214.71,2025-02-21,2-HIGH
15440,3179,F,5304.75,2025-02-19,2-HIGH
15441,3179,F,189.35,2025-04-13,4-LOW
15442,3179,F,2823.5,2025-03-13,3-MEDIUM
15443,3179,O,5046.01,2025-03-26,2-HIGH
15444,3179,O,908.17,2025-04-04,3-MEDIUM
15445,3179,O,2861.56,2025-02-07,2-HIGH
15446,3179,P,915.31,2025-02-12,1-URGENT
15447,3179,F,6211.55,2025-04-12,4-LOW
15448,3180,F,4392.1,2025-03-16,4-LOW
15449,3180,P,2981.1,2025-03-29,2-HIGH
15450,3180,O,2983.36,2025-04-07,4-LOW
15451,3181,F,7650.32,2025-01-10,4-LOW
15452,3181,P,4635.8,2025-05-28,4-LOW
15453,3181,F,6876.17,2025-04-02,4-LOW
15454,3181,P,3197.49,2025-05-26,1-URGENT
15455,3182,O,1034.77,2025-05-12,3-MEDIUM
15456,3182,F,1671.91,2025-04-17,4-LOW
15457,3182,F,3497.24,2025-01-03,3-MEDIUM
15458,3183,F,876.77,2025-05-09,3-MEDIUM
15459,3184,O,2401.08,2025-03-21,2-HIGH
15460,3184,O,5419.84,2025-01-24,2-HIGH
15461,3184,O,835.55,2025-04-18,4-LOW
15462,3185,P,4224.38,2025-04-04,3-MEDIUM
15463,3185,P,4608.22,2025-02-22,3-MEDIUM
15464,3185,F,3380.45,2025-01-06,2-HIGH
15465,3185,P,180.12,2025-05-10,4-LOW
15466,3186,F,1258.44,2025-03-02,3-MEDIUM
15467,3186,P,4835.86,2025-03-16,3-MEDIUM
15468,3186,P,3893.26,2025-04-10,4-LOW
15469,3186,P,3576.68,2025-06-17,3-MEDIUM
15470,3187,P,399.67,2025-06-09,2-HIGH
15471,3187,P,7968.62,2025-05-07,2-HIGH
15472,3187,P,318.0,2025-01-26,2-HIGH
15473,3187,F,625.68,2025-03-29,2-HIGH
15474,3187,F,3528.8,2025-06-17,2-HIGH
15475,3187,P,3137.31,2025-01-07,3-MEDIUM
15476,3188,F,64.03,2025-01-06,1-URGENT
15477,3188,O,5281.16,2025-04-02,2-HIGH
15478,3188,O,1183.19,2025-02-06,3-MEDIUM
15479,3188,P,2319.96,2025-03-13,1-URGENT
15480,3188,O,4059.45,2025-01-28,1-URGENT
15481,3188,P,8853.19,2025-02-20,2-HIGH
15482,3188,P,4212.56,2025-04-19,3-MEDIUM
15483,3189,P,4651.13,2025-02-25,2-HIGH
15484,3189,P,360.08,2025-03-20,3-MEDIUM
15485,3189,F,5325.16,2025-03-14,4-LOW
15486,3189,P,8605.57,2025-03-03,3-MEDIUM
15487,3189,F,2823.69,2025-02-23,1-URGENT
15488,3189,P,8488.51,2025-04-12,1-URGENT
15489,3189,F,2776.52,2025-01-06,2-HIGH
15490,3190,P,2233.47,2025-02-11,4-LOW
15491,3190,F,5183.01,2025-02-08,3-MEDIUM
15492,3190,O,2791.78,2025-01-01,3-MEDIUM
15493,3190,P,6982.49,2025-06-24,3-MEDIUM
15494,3190,P,1039.55,2025-03-19,2-HIGH
15495,3190,O,5716.85,2025-05-17,4-LOW
15496,3190,P,4306.68,2025-03-05,4-LOW
15497,3191,P,6738.83,2025-05-22,3-MEDIUM
15498,3191,O,1209.54,2025-02-21,2-HIGH
15499,3191,F,896.35,2025-03-19,1-URGENT
15500,3191,F,3703.05,2025-01-28,1-URGENT
15501,3191,F,6044.88,2025-05-01,4-LOW
15502,3191,F,1273.37,2025-05-04,1-URGENT
15503,3191,O,667.1,2025-06-20,1-URGENT
15504,3192,O,6028.83,2025-01-19,2-HIGH
15505,3192,F,1856.92,2025-02-16,2-HIGH
15506,3192,O,4056.49,2025-06-06,1-URGENT
15507,3192,P,288.99,2025-01-15,4-LOW
15508,3192,O,3353.91,2025-05-13,1-URGENT
15509,3192,O,2760.14,2025-02-24,1-URGENT
15510,3193,F,3580.73,2025-05-13,2-HIGH
15511,3193,P,3274.67,2025-02-24,4-LOW
15512,3193,F,3325.95,2025-03-19,3-MEDIUM
15513,3193,F,4464.96,2025-02-19,4-LOW
15514,3193,F,4674.72,2025-01-22,3-MEDIUM
15515,3194,O,2276.57,2025-02-06,2-HIGH
15516,3194,F,2266.37,2025-06-06,1-URGENT
15517,3194,F,409.28,2025-05-01,3-MEDIUM
15518,3194,O,2777.33,2025-01-12,2-HIGH
15519,3194,P,6954.96,2025-05-07,3-MEDIUM
15520,3194,P,410.43,2025-06-18,2-HIGH
15521,3194,F,1916.03,2025-06-27,4-LOW
15522,3195,P,609.71,2025-02-03,2-HIGH
15523,3195,F,1566.4,2025-02-19,4-LOW
15524,3195,P,3194.51,2025-03-29,1-URGENT
15525,3195,F,4081.24,2025-06-04,1-URGENT
15526,3195,F,3078.47,2025-02-28,1-URGENT
15527,3196,O,6086.05,2025-05-19,3-MEDIUM
15528,3197,P,4128.74,2025-05-10,1-URGENT
15529,3197,F,3879.26,2025-06-01,2-HIGH
15530,3197,P,3739.44,2025-03-15,2-HIGH
15531,3197,P,1855.14,2025-02-15,1-URGENT
15532,3197,P,2607.59,2025-05-19,2-HIGH
15533,3197,F,8302.17,2025-06-04,1-URGENT
15534,3198,P,4902.31,2025-06-29,3-MEDIUM
15535,3198,F,5449.7,2025-05-28,3-MEDIUM
15536,3198,F,5835.01,2025-06-03,3-MEDIUM
15537,3198,O,4227.37,2025-02-10,4-LOW
15538,3198,O,5017.38,2025-06-13,4-LOW
15539,3198,P,1667.13,2025-05-06,1-URGENT
15540,3199,F,2108.52,2025-05-21,4-LOW
15541,3199,F,835.86,2025-01-02,4-LOW
15542,3199,P,3699.15,2025-05-09,4-LOW
15543,3200,P,860.57,2025-01-25,4-LOW
15544,3200,F,1594.1,2025-05-21,3-MEDIUM
15545,3200,P,3825.31,2025-04-17,4-LOW
15546,3200,F,1520.71,2025-04-16,2-HIGH
15547,3201,F,6097.18,2025-04-09,1-URGENT
15548,3201,F,703.95,2025-05-06,4-LOW
15549,3201,O,4390.05,2025-04-13,2-HIGH
15550,3202,F,6126.81,2025-06-11,4-LOW
15551,3202,P,3667.58,2025-01-16,4-LOW
15552,3202,F,4833.76,2025-06-01,1-URGENT
15553,3203,O,6699.49,2025-04-17,3-MEDIUM
15554,3203,O,271.3,2025-04-01,3-MEDIUM
15555,3203,O,2621.7,2025-02-21,4-LOW
15556,3203,P,1661.9,2025-04-28,4-LOW
15557,3203,P,282.59,2025-05-07,2-HIGH
15558,3203,P,2336.23,2025-03-04,1-URGENT
15559,3203,P,793.41,2025-05-22,2-HIGH
15560,3203,F,176.58,2025-02-24,2-HIGH
15561,3204,F,2711.43,2025-02-19,4-LOW
15562,3204,P,3457.11,2025-03-03,2-HIGH
15563,3204,O,3767.13,2025-01-30,3-MEDIUM
15564,3205,O,9340.54,2025-03-21,2-HIGH
15565,3205,O,5155.34,2025-02-16,1-URGENT
15566,3206,F,4295.64,2025-05-19,1-URGENT
15567,3206,P,2467.4,2025-04-05,2-HIGH
15568,3206,F,52.1,2025-03-25,3-MEDIUM
15569,3206,F,3754.96,2025-05-12,1-URGENT
15570,3206,F,9888.06,2025-06-21,1-URGENT
15571,3206,P,2414.93,2025-06-11,2-HIGH
15572,3206,O,152.96,2025-01-31,1-URGENT
15573,3207,O,1611.49,2025-04-07,2-HIGH
15574,3207,P,1412.78,2025-03-09,4-LOW
15575,3207,F,8867.65,2025-01-19,4-LOW
15576,3207,O,153.61,2025-05-03,4-LOW
15577,3207,O,4743.11,2025-03-05,2-HIGH
15578,3207,P,3756.55,2025-01-14,4-LOW
15579,3207,F,4061.84,2025-06-12,4-LOW
15580,3208,P,249.08,2025-02-22,3-MEDIUM
15581,3208,F,5327.04,2025-03-15,1-URGENT
15582,3208,F,775.61,2025-06-01,3-MEDIUM
15583,3209,F,1639.59,2025-03-03,4-LOW
15584,3209,O,412.06,2025-02-18,1-URGENT
15585,3209,P,2006.17,2025-01-09,2-HIGH
15586,3209,F,4520.74,2025-03-19,4-LOW
15587,3209,P,667.14,2025-06-04,4-LOW
15588,3209,P,3929.25,2025-03-15,2-HIGH
15589,3209,O,1683.49,2025-03-25,1-URGENT
15590,3210,O,1764.34,2025-04-16,4-LOW
15591,3210,O,4665.14,2025-01-24,3-MEDIUM
15592,3211,F,1995.75,2025-02-09,3-MEDIUM
15593,3212,P,2188.03,2025-04-28,4-LOW
15594,3212,F,3084.04,2025-05-21,2-HIGH
15595,3212,P,1799.62,2025-05-04,4-LOW
15596,3212,O,5051.84,2025-04-12,1-URGENT
15597,3212,O,1107.34,2025-04-30,4-LOW
15598,3212,O,2990.21,2025-01-06,3-MEDIUM
15599,3212,P,896.19,2025-05-28,3-MEDIUM
15600,3212,P,3245.9,2025-02-06,3-MEDIUM
15601,3213,P,5886.18,2025-06-15,3-MEDIUM
15602,3214,P,515.74,2025-06-29,2-HIGH
15603,3214,P,485.44,2025-04-19,1-URGENT
15604,3214,F,2729.42,2025-02-15,2-HIGH
15605,3214,F,5415.84,2025-04-14,1-URGENT
15606,3214,O,851.63,2025-04-02,1-URGENT
15607,3214,O,144.82,2025-01-23,1-URGENT
15608,3214,P,5899.25,2025-03-27,2-HIGH
15609,3215,O,804.9,2025-03-03,1-URGENT
15610,3215,P,2553.49,2025-05-10,3-MEDIUM
15611,3215,F,2218.45,2025-04-06,3-MEDIUM
15612,3215,O,2831.45,2025-05-24,3-MEDIUM
15613,3215,P,3451.24,2025-06-18,3-MEDIUM
15614,3215,P,5580.73,2025-03-16,3-MEDIUM
15615,3216,P,2108.85,2025-05-26,1-URGENT
15616,3216,F,4112.31,2025-06-12,2-HIGH
15617,3216,F,4910.83,2025-01-26,2-HIGH
15618,3216,F,3671.81,2025-04-11,3-MEDIUM
15619,3216,O,6701.19,2025-01-06,1-URGENT
15620,3217,F,3966.82,2025-01-29,4-LOW
15621,3217,F,1137.87,2025-05-15,4-LOW
15622,3217,F,5413.88,2025-06-24,3-MEDIUM
15623,3218,F,210.53,2025-06-24,4-LOW
15624,3218,O,6168.1,2025-06-28,4-LOW
15625,3218,F,1955.72,2025-03-13,3-MEDIUM
15626,3218,P,2584.99,2025-01-22,2-HIGH
15627,3219,P,1238.73,2025-05-14,2-HIGH
15628,3219,F,5161.31,2025-04-15,2-HIGH
15629,3219,P,624.01,2025-02-27,4-LOW
15630,3219,P,4325.05,2025-01-15,2-HIGH
15631,3219,F,6812.2,2025-01-16,1-URGENT
15632,3219,O,5412.0,2025-04-17,1-URGENT
15633,3220,O,3599.66,2025-05-10,4-LOW
15634,3220,P,11672.31,2025-05-14,2-HIGH
15635,3220,F,3499.06,2025-03-26,4-LOW
15636,3221,P,822.33,2025-06-06,2-HIGH
15637,3221,P,434.19,2025-03-12,4-LOW
15638,3221,F,2427.12,2025-06-07,1-URGENT
15639,3221,O,7434.93,2025-05-12,1-URGENT
15640,3221,O,3569.57,2025-05-18,2-HIGH
15641,3221,P,2493.02,2025-05-25,2-HIGH
15642,3222,F,1335.59,2025-06-26,1-URGENT
15643,3222,P,1516.8,2025-05-23,2-HIGH
15644,3222,F,6443.69,2025-04-08,2-HIGH
15645,3222,P,3564.68,2025-04-23,3-MEDIUM
15646,3222,F,5717.26,2025-03-30,4-LOW
15647,3223,P,8196.3,2025-06-24,4-LOW
15648,3223,P,130.33,2025-05-05,2-HIGH
15649,3223,O,235.4,2025-01-09,3-MEDIUM
15650,3223,F,6746.68,2025-06-09,2-HIGH
15651,3223,F,3245.56,2025-06-04,4-LOW
15652,3223,F,2104.27,2025-05-12,2-HIGH
15653,3223,F,7655.75,2025-06-16,1-URGENT
15654,3224,F,4073.31,2025-04-24,2-HIGH
15655,3224,O,1088.1,2025-02-24,2-HIGH
15656,3224,P,1016.79,2025-01-15,1-URGENT
15657,3224,O,5596.94,2025-01-28,3-MEDIUM
15658,3224,O,5454.09,2025-05-29,4-LOW
15659,3224,P,3179.93,2025-04-19,2-HIGH
15660,3224,P,4885.36,2025-02-15,1-URGENT
15661,3225,F,2144.67,2025-05-08,3-MEDIUM
15662,3225,O,2412.29,2025-01-27,4-LOW
15663,3225,O,9598.31,2025-01-09,2-HIGH
15664,3225,P,2340.36,2025-06-04,2-HIGH
15665,3225,F,4475.33,2025-06-24,2-HIGH
15666,3225,F,4485.7,2025-03-07,4-LOW
15667,3226,O,6156.05,2025-05-12,4-LOW
15668,3226,O,405.76,2025-01-08,3-MEDIUM
15669,3226,P,5458.22,2025-02-20,1-URGENT
15670,3226,F,6653.73,2025-06-21,1-URGENT
15671,3227,F,6123.27,2025-01-14,4-LOW
15672,3227,P,6485.06,2025-05-11,4-LOW
15673,3227,P,2834.94,2025-06-21,3-MEDIUM
15674,3227,O,1312.53,2025-06-09,4-LOW
15675,3227,P,3884.69,2025-06-03,1-URGENT
15676,3228,F,4963.86,2025-05-16,4-LOW
15677,3228,F,4690.46,2025-03-06,3-MEDIUM
15678,3228,F,1421.08,2025-05-05,4-LOW
15679,3228,O,729.03,2025-01-17,2-HIGH
15680,3228,P,1684.48,2025-02-07,3-MEDIUM
15681,3228,P,4589.8,2025-01-16,2-HIGH
15682,3228,F,2889.55,2025-05-30,2-HIGH
15683,3228,P,3822.64,2025-06-04,4-LOW
15684,3229,P,5501.25,2025-01-11,4-LOW
15685,3230,F,1305.75,2025-05-05,1-URGENT
15686,3230,O,2762.55,2025-05-11,2-HIGH
15687,3230,O,228.82,2025-03-11,4-LOW
15688,3230,O,3943.73,2025-06-28,2-HIGH
15689,3230,F,3178.5,2025-02-10,3-MEDIUM
15690,3230,F,4678.55,2025-03-03,2-HIGH
15691,3230,P,4168.96,2025-05-03,3-MEDIUM
15692,3230,F,2424.02,2025-02-17,1-URGENT
15693,3231,P,2587.39,2025-04-12,2-HIGH
15694,3231,P,6635.76,2025-06-03,1-URGENT
15695,3231,F,4726.42,2025-01-16,1-URGENT
15696,3231,F,881.47,2025-01-10,2-HIGH
15697,3231,O,3070.37,2025-03-14,3-MEDIUM
15698,3231,F,801.78,2025-01-07,3-MEDIUM
15699,3231,F,5135.91,2025-04-06,4-LOW
15700,3231,P,4126.11,2025-06-06,1-URGENT
15701,3232,P,3297.5,2025-05-22,2-HIGH
15702,3232,F,7486.56,2025-05-18,4-LOW
15703,3232,P,1954.55,2025-05-31,2-HIGH
15704,3232,F,6849.11,2025-05-10,1-URGENT
15705,3233,F,2661.13,2025-06-29,2-HIGH
15706,3233,F,3321.24,2025-03-07,1-URGENT
15707,3233,O,1746.69,2025-01-11,1-URGENT
15708,3233,P,4171.74,2025-06-02,2-HIGH
15709,3234,F,3993.99,2025-04-28,3-MEDIUM
15710,3235,F,6591.38,2025-04-09,1-URGENT
15711,3235,P,3967.96,2025-05-14,1-URGENT
15712,3235,P,7226.08,2025-01-28,2-HIGH
15713,3235,P,1304.52,2025-03-23,2-HIGH
15714,3235,F,2006.31,2025-06-20,1-URGENT
15715,3235,P,6599.04,2025-02-28,1-URGENT
15716,3235,P,906.7,2025-06-11,1-URGENT
15717,3235,P,1565.59,2025-04-23,2-HIGH
15718,3236,F,150.54,2025-01-09,4-LOW
15719,3236,O,3933.72,2025-05-09,4-LOW
15720,3236,O,1723.51,2025-01-15,4-LOW
15721,3236,F,1247.84,2025-03-10,1-URGENT
15722,3236,F,6555.65,2025-01-10,3-MEDIUM
15723,3237,F,4158.96,2025-02-01,3-MEDIUM
15724,3237,O,2306.11,2025-04-13,4-LOW
15725,3237,O,4424.12,2025-01-18,4-LOW
15726,3237,O,1695.47,2025-05-05,1-URGENT
15727,3237,P,1963.5,2025-02-16,2-HIGH
15728,3238,P,1657.46,2025-03-02,1-URGENT
15729,3238,O,839.09,2025-03-13,2-HIGH
15730,3239,F,4272.26,2025-04-07,2-HIGH
15731,3239,F,513.75,2025-06-06,4-LOW
15732,3239,O,6189.29,2025-06-12,2-HIGH
15733,3240,P,4247.19,2025-03-19,1-URGENT
15734,3240,P,2681.1,2025-02-13,1-URGENT
15735,3240,F,6736.25,2025-01-11,4-LOW
15736,3240,O,3470.03,2025-06-01,4-LOW
15737,3240,P,3542.8,2025-04-06,3-MEDIUM
15738,3241,F,933.8,2025-05-03,4-LOW
15739,3241,O,113.21,2025-01-25,3-MEDIUM
15740,3241,F,4048.32,2025-02-23,3-MEDIUM
15741,3241,P,5818.75,2025-04-26,3-MEDIUM
15742,3241,F,7621.16,2025-05-17,4-LOW
15743,3242,P,4887.02,2025-01-09,4-LOW
15744,3243,F,3462.26,2025-04-17,1-URGENT
15745,3243,P,4356.86,2025-01-28,3-MEDIUM
15746,3243,F,2812.76,2025-02-24,2-HIGH
15747,3243,P,4478.07,2025-02-06,3-MEDIUM
15748,3243,F,2580.98,2025-04-17,2-HIGH
15749,3243,O,3956.27,2025-01-21,3-MEDIUM
15750,3243,O,3127.99,2025-06-07,3-MEDIUM
15751,3244,P,2773.03,2025-05-07,2-HIGH
15752,3245,O,5992.31,2025-03-14,4-LOW
15753,3245,F,5469.89,2025-02-13,2-HIGH
15754,3245,F,4775.4,2025-02-22,4-LOW
15755,3245,F,2981.97,2025-06-11,3-MEDIUM
15756,3245,P,5988.59,2025-02-06,3-MEDIUM
15757,3245,O,3931.37,2025-06-01,4-LOW
15758,3245,O,4155.71,2025-04-21,4-LOW
15759,3245,P,278.84,2025-03-27,3-MEDIUM
15760,3246,O,6073.71,2025-06-07,4-LOW
15761,3246,P,6309.09,2025-04-26,2-HIGH
15762,3246,P,4956.51,2025-01-24,1-URGENT
15763,3246,O,1603.03,2025-06-03,4-LOW
15764,3247,P,1361.12,2025-05-09,1-URGENT
15765,3247,O,2043.4,2025-05-25,4-LOW
15766,3247,O,1304.05,2025-03-15,1-URGENT
15767,3247,P,2231.36,2025-05-07,4-LOW
15768,3247,F,5517.44,2025-01-01,4-LOW
15769,3247,O,6334.67,2025-04-04,1-URGENT
15770,3247,P,1447.97,2025-02-04,3-MEDIUM
15771,3248,P,3636.04,2025-01-26,4-LOW
15772,3248,O,5408.35,2025-03-26,2-HIGH
15773,3248,F,365.36,2025-05-25,1-URGENT
15774,3249,F,3629.9,2025-02-17,2-HIGH
15775,3249,O,2017.62,2025-05-19,1-URGENT
15776,3249,F,2771.07,2025-02-24,3-MEDIUM
15777,3249,O,2400.72,2025-04-27,3-MEDIUM
15778,3249,O,2102.57,2025-01-23,3-MEDIUM
15779,3249,P,2695.71,2025-05-21,4-LOW
15780,3250,P,3407.05,2025-06-20,4-LOW
15781,3250,P,1074.08,2025-06-16,3-MEDIUM
15782,3250,F,3743.07,2025-06-22,1-URGENT
15783,3250,F,4534.62,2025-04-21,2-HIGH
15784,3250,F,8555.86,2025-05-08,1-URGENT
15785,3251,O,3069.21,2025-03-20,1-URGENT
15786,3251,F,5740.78,2025-03-18,3-MEDIUM
15787,3251,F,2316.36,2025-03-13,3-MEDIUM
15788,3251,F,5519.19,2025-03-15,3-MEDIUM
15789,3251,P,7461.77,2025-04-17,2-HIGH
15790,3252,P,2918.64,2025-04-15,3-MEDIUM
15791,3252,F,2144.44,2025-01-01,3-MEDIUM
15792,3252,O,4159.68,2025-01-13,4-LOW
15793,3253,P,5682.71,2025-04-08,2-HIGH
15794,3254,F,1983.8,2025-06-03,4-LOW
15795,3254,P,3616.61,2025-06-29,4-LOW
15796,3255,O,405.16,2025-01-09,1-URGENT
15797,3255,F,1707.15,2025-04-20,4-LOW
15798,3255,P,5306.26,2025-01-19,4-LOW
15799,3255,F,5399.24,2025-03-06,1-URGENT
15800,3255,P,5438.82,2025-01-16,3-MEDIUM
15801,3255,P,1480.5,2025-06-05,1-URGENT
15802,3255,P,1124.34,2025-04-03,3-MEDIUM
15803,3255,P,57.45,2025-05-29,1-URGENT
15804,3256,F,2950.5,2025-01-08,3-MEDIUM
15805,3256,F,1517.35,2025-01-28,2-HIGH
15806,3256,P,1966.88,2025-05-16,2-HIGH
15807,3256,F,5925.95,2025-03-14,2-HIGH
15808,3256,O,918.76,2025-04-15,4-LOW
15809,3256,O,5866.84,2025-04-15,2-HIGH
15810,3256,F,5206.94,2025-05-08,2-HIGH
15811,3256,P,1165.69,2025-03-28,4-LOW
15812,3257,F,3092.95,2025-04-22,3-MEDIUM
15813,3257,F,7631.78,2025-03-05,3-MEDIUM
15814,3257,P,6843.23,2025-03-25,2-HIGH
15815,3257,P,1606.18,2025-02-18,1-URGENT
15816,3257,F,1173.65,2025-03-29,4-LOW
15817,3257,O,4597.9,2025-05-01,2-HIGH
15818,3257,P,1587.89,2025-06-23,3-MEDIUM
15819,3257,O,1942.44,2025-01-20,1-URGENT
15820,3258,O,9438.69,2025-06-04,2-HIGH
15821,3258,P,1660.3,2025-05-20,2-HIGH
15822,3258,P,1214.55,2025-04-23,1-URGENT
15823,3258,F,2197.31,2025-03-24,2-HIGH
15824,3258,F,428.76,2025-06-12,3-MEDIUM
15825,3259,F,3343.16,2025-06-21,1-URGENT
15826,3259,F,401.85,2025-01-08,1-URGENT
15827,3259,F,4076.71,2025-01-26,1-URGENT
15828,3259,O,2213.14,2025-06-21,2-HIGH
15829,3259,F,410.77,2025-02-03,3-MEDIUM
15830,3259,F,3038.53,2025-01-01,3-MEDIUM
15831,3259,O,4230.39,2025-04-01,2-HIGH
15832,3259,P,4562.49,2025-03-24,2-HIGH
15833,3260,O,4419.84,2025-03-06,1-URGENT
15834,3260,P,6627.79,2025-06-24,1-URGENT
15835,3260,F,1195.1,2025-05-24,1-URGENT
15836,3260,P,3786.47,2025-06-11,1-URGENT
15837,3260,F,330.91,2025-03-09,1-URGENT
15838,3260,P,4911.97,2025-03-31,3-MEDIUM
15839,3261,P,2039.45,2025-01-28,3-MEDIUM
15840,3261,O,950.38,2025-04-11,3-MEDIUM
15841,3261,F,6537.73,2025-02-26,4-LOW
15842,3261,O,7379.59,2025-06-16,3-MEDIUM
15843,3261,P,7185.14,2025-05-14,4-LOW
15844,3262,P,7303.76,2025-01-10,3-MEDIUM
15845,3262,O,1370.4,2025-05-01,1-URGENT
15846,3262,P,2889.26,2025-04-17,1-URGENT
15847,3263,O,5763.17,2025-03-05,3-MEDIUM
15848,3263,F,2814.06,2025-01-05,1-URGENT
15849,3264,F,5353.23,2025-03-26,2-HIGH
15850,3264,P,828.64,2025-03-07,4-LOW
15851,3264,F,5321.88,2025-06-29,2-HIGH
15852,3264,P,4246.54,2025-02-06,2-HIGH
15853,3265,P,2473.54,2025-06-13,3-MEDIUM
15854,3265,P,1008.66,2025-01-04,3-MEDIUM
15855,3265,P,1296.78,2025-06-29,4-LOW
15856,3265,O,4590.81,2025-04-13,2-HIGH
15857,3265,P,3016.57,2025-05-02,1-URGENT
15858,3266,P,4994.73,2025-05-07,1-URGENT
15859,3267,O,1044.73,2025-03-07,3-MEDIUM
15860,3267,P,4724.46,2025-01-05,4-LOW
15861,3267,F,5526.12,2025-06-21,3-MEDIUM
15862,3267,O,4650.05,2025-03-19,1-URGENT
15863,3268,F,2567.95,2025-01-10,3-MEDIUM
15864,3268,F,6728.69,2025-06-19,3-MEDIUM
15865,3268,O,4888.52,2025-06-22,3-MEDIUM
15866,3268,P,1490.26,2025-06-16,2-HIGH
15867,3268,P,2334.33,2025-04-05,1-URGENT
15868,3268,F,5970.59,2025-05-13,2-HIGH
15869,3268,O,1436.68,2025-05-05,3-MEDIUM
15870,3268,F,620.82,2025-03-05,4-LOW
15871,3269,P,367.65,2025-05-08,3-MEDIUM
15872,3269,O,5546.36,2025-02-04,2-HIGH
15873,3269,P,2417.47,2025-02-14,2-HIGH
15874,3269,F,974.72,2025-01-07,3-MEDIUM
15875,3270,P,8343.35,2025-03-20,4-LOW
15876,3270,F,4561.82,2025-04-06,3-MEDIUM
15877,3271,P,5022.79,2025-05-03,2-HIGH
15878,3271,O,213.86,2025-06-07,2-HIGH
15879,3272,F,2077.6,2025-06-28,1-URGENT
15880,3272,F,3064.35,2025-03-29,2-HIGH
15881,3272,O,5165.07,2025-04-21,1-URGENT
15882,3272,F,2094.75,2025-03-26,4-LOW
15883,3272,F,6059.6,2025-04-30,3-MEDIUM
15884,3273,O,5844.39,2025-01-27,1-URGENT
15885,3273,P,2202.44,2025-05-10,2-HIGH
15886,3273,F,4374.71,2025-01-05,4-LOW
15887,3273,P,10128.12,2025-01-10,1-URGENT
15888,3273,O,7232.33,2025-02-12,4-LOW
15889,3273,O,6101.82,2025-03-04,3-MEDIUM
15890,3273,F,3151.53,2025-04-09,1-URGENT
15891,3274,P,841.38,2025-02-14,4-LOW
15892,3274,F,4986.7,2025-02-08,3-MEDIUM
15893,3274,O,893.27,2025-06-21,4-LOW
15894,3274,P,2538.01,2025-05-07,3-MEDIUM
15895,3274,O,3513.66,2025-02-23,3-MEDIUM
15896,3274,F,1433.1,2025-01-22,1-URGENT
15897,3274,P,7912.85,2025-03-03,1-URGENT
15898,3275,P,555.0,2025-05-24,3-MEDIUM
15899,3275,O,4216.34,2025-06-15,1-URGENT
15900,3275,P,2284.65,2025-04-17,1-URGENT
15901,3275,P,1745.92,2025-04-26,1-URGENT
15902,3275,P,4032.55,2025-01-05,2-HIGH
15903,3275,P,2161.36,2025-05-07,3-MEDIUM
15904,3275,P,2297.82,2025-06-17,2-HIGH
15905,3276,P,3481.85,2025-02-04,2-HIGH
15906,3276,F,1261.31,2025-06-04,1-URGENT
15907,3276,O,4009.78,2025-03-21,3-MEDIUM
15908,3277,P,353.26,2025-01-24,3-MEDIUM
15909,3277,F,3349.41,2025-05-24,3-MEDIUM
15910,3277,F,6700.64,2025-03-13,4-LOW
15911,3277,F,1209.42,2025-06-12,4-LOW
15912,3277,F,1692.78,2025-02-22,2-HIGH
15913,3277,P,2334.05,2025-04-26,2-HIGH
15914,3277,O,3260.33,2025-06-08,2-HIGH
15915,3277,P,1127.22,2025-05-15,2-HIGH
15916,3278,O,4543.46,2025-03-14,4-LOW
15917,3278,F,5362.23,2025-05-05,4-LOW
15918,3278,F,5062.55,2025-02-27,4-LOW
15919,3278,P,999.43,2025-01-29,1-URGENT
15920,3279,F,2449.73,2025-02-01,2-HIGH
15921,3279,O,6299.44,2025-01-23,3-MEDIUM
15922,3279,F,1208.14,2025-02-25,1-URGENT
15923,3279,P,863.57,2025-03-02,4-LOW
15924,3279,F,345.0,2025-04-30,2-HIGH
15925,3280,O,5298.24,2025-06-08,1-URGENT
15926,3280,P,1462.05,2025-02-04,3-MEDIUM
15927,3280,O,6969.5,2025-02-17,3-MEDIUM
15928,3280,P,1964.9,2025-01-07,4-LOW
15929,3281,P,2401.41,2025-04-14,3-MEDIUM
15930,3281,P,1789.53,2025-05-23,4-LOW
15931,3281,F,4350.94,2025-06-15,3-MEDIUM
15932,3281,P,605.54,2025-04-23,3-MEDIUM
15933,3281,F,2817.94,2025-06-21,1-URGENT
15934,3281,F,2246.58,2025-01-16,1-URGENT
15935,3281,F,1890.47,2025-04-23,1-URGENT
15936,3282,F,6624.84,2025-06-21,1-URGENT
15937,3282,O,3425.74,2025-05-04,1-URGENT
15938,3282,P,3345.71,2025-03-09,1-URGENT
15939,3282,F,3150.47,2025-05-22,2-HIGH
15940,3282,O,6302.33,2025-06-16,2-HIGH
15941,3282,O,4580.09,2025-05-14,3-MEDIUM
15942,3283,O,5241.37,2025-01-24,4-LOW
15943,3283,P,3624.48,2025-04-21,4-LOW
15944,3283,O,2976.71,2025-04-28,1-URGENT
15945,3283,F,2446.53,2025-06-24,2-HIGH
15946,3283,F,2180.88,2025-01-16,2-HIGH
15947,3283,O,5240.17,2025-04-17,1-URGENT
15948,3284,P,1212.57,2025-05-23,1-URGENT
15949,3284,F,6722.58,2025-02-09,1-URGENT
15950,3284,O,7405.41,2025-06-03,2-HIGH
15951,3284,F,2166.09,2025-01-16,4-LOW
15952,3284,P,3124.36,2025-03-21,4-LOW
15953,3285,F,7191.1,2025-03-23,1-URGENT
15954,3285,P,2419.05,2025-02-04,4-LOW
15955,3285,O,6238.79,2025-02-02,3-MEDIUM
15956,3285,O,1626.78,2025-05-12,3-MEDIUM
15957,3285,F,6470.81,2025-03-13,1-URGENT
15958,3285,P,5808.14,2025-06-11,4-LOW
15959,3285,P,3214.5,2025-04-28,1-URGENT
15960,3285,O,5420.33,2025-03-18,3-MEDIUM
15961,3286,O,7491.89,2025-03-25,4-LOW
15962,3286,O,4286.77,2025-06-16,4-LOW
15963,3286,O,700.92,2025-04-07,2-HIGH
15964,3287,P,1092.79,2025-04-23,3-MEDIUM
15965,3288,O,989.28,2025-06-28,3-MEDIUM
15966,3288,P,4529.44,2025-04-19,1-URGENT
15967,3288,F,1969.64,2025-06-25,4-LOW
15968,3288,P,5218.53,2025-06-07,1-URGENT
15969,3288,O,4320.83,2025-05-30,1-URGENT
15970,3288,F,3678.26,2025-06-14,3-MEDIUM
15971,3288,P,6792.83,2025-01-27,4-LOW
15972,3288,O,2374.11,2025-06-08,2-HIGH
15973,3289,P,2118.97,2025-06-26,1-URGENT
15974,3289,O,1028.72,2025-01-01,1-URGENT
15975,3289,P,645.9,2025-01-19,1-URGENT
15976,3289,F,2690.76,2025-03-30,2-HIGH
15977,3289,F,3988.94,2025-01-09,2-HIGH
15978,3290,O,6804.83,2025-03-17,2-HIGH
15979,3290,F,3544.9,2025-05-01,1-URGENT
15980,3290,F,3675.39,2025-03-18,2-HIGH
15981,3290,P,1968.54,2025-05-19,3-MEDIUM
15982,3290,O,3864.94,2025-02-11,1-URGENT
15983,3291,O,5806.13,2025-02-05,2-HIGH
15984,3292,F,3626.21,2025-05-12,2-HIGH
15985,3292,P,1133.92,2025-04-17,1-URGENT
15986,3293,F,6101.97,2025-06-12,4-LOW
15987,3293,P,1761.48,2025-05-19,4-LOW
15988,3294,O,7080.16,2025-06-15,4-LOW
15989,3294,P,6281.41,2025-06-29,3-MEDIUM
15990,3294,O,285.83,2025-02-03,4-LOW
15991,3294,P,4601.85,2025-01-20,3-MEDIUM
15992,3294,O,4394.67,2025-01-11,3-MEDIUM
15993,3294,P,3592.24,2025-06-12,4-LOW
15994,3294,O,2740.74,2025-04-07,4-LOW
15995,3294,P,1549.97,2025-02-12,2-HIGH
15996,3295,F,2439.8,2025-04-27,2-HIGH
15997,3295,F,796.72,2025-03-23,2-HIGH
15998,3295,F,3572.82,2025-05-01,2-HIGH
15999,3295,O,271.8,2025-03-25,3-MEDIUM
16000,3295,O,494.21,2025-01-17,1-URGENT
16001,3295,O,3017.12,2025-02-06,1-URGENT
16002,3295,F,3067.95,2025-05-19,4-LOW
16003,3295,P,2176.13,2025-06-14,4-LOW
16004,3296,P,3730.68,2025-06-15,3-MEDIUM
16005,3296,O,58.48,2025-02-14,2-HIGH
16006,3296,F,474.34,2025-02-10,4-LOW
16007,3296,F,4512.64,2025-01-28,3-MEDIUM
16008,3296,O,1363.94,2025-01-19,4-LOW
16009,3297,P,6190.28,2025-05-17,4-LOW
16010,3297,O,546.99,2025-04-01,4-LOW
16011,3297,F,936.96,2025-04-16,1-URGENT
16012,3297,O,3710.96,2025-02-25,1-URGENT
16013,3297,F,2097.79,2025-04-04,3-MEDIUM
16014,3297,F,8559.64,2025-01-04,1-URGENT
16015,3298,P,4328.23,2025-04-20,4-LOW
16016,3299,P,1084.52,2025-04-11,4-LOW
16017,3299,O,4329.8,2025-06-25,4-LOW
16018,3299,P,3411.18,2025-03-10,1-URGENT
16019,3299,P,1203.75,2025-06-19,1-URGENT
16020,3299,O,3758.31,2025-04-09,2-HIGH
16021,3299,F,3991.54,2025-06-12,4-LOW
16022,3300,O,4951.32,2025-03-27,4-LOW
16023,3300,F,5653.84,2025-04-10,3-MEDIUM
16024,3300,O,1496.01,2025-03-25,4-LOW
16025,3300,O,113.47,2025-06-08,4-LOW
16026,3300,F,3642.5,2025-01-22,4-LOW
16027,3300,O,3025.07,2025-05-09,2-HIGH
16028,3300,P,4958.06,2025-03-14,1-URGENT
16029,3301,P,2170.31,2025-03-19,3-MEDIUM
16030,3301,O,5818.12,2025-04-12,2-HIGH
16031,3301,F,2952.55,2025-01-25,4-LOW
16032,3302,O,2087.49,2025-03-24,3-MEDIUM
16033,3302,O,4782.95,2025-05-03,3-MEDIUM
16034,3303,P,3489.9,2025-06-11,1-URGENT
16035,3303,F,4838.24,2025-05-05,4-LOW
16036,3303,F,1335.64,2025-01-14,1-URGENT
16037,3303,O,4730.3,2025-06-16,2-HIGH
16038,3303,F,118.3,2025-04-21,3-MEDIUM
16039,3303,F,3318.96,2025-02-27,4-LOW
16040,3303,P,1736.36,2025-03-19,2-HIGH
16041,3304,P,6787.12,2025-06-03,2-HIGH
16042,3304,P,5451.04,2025-06-15,3-MEDIUM
16043,3304,O,3086.24,2025-01-26,3-MEDIUM
16044,3305,O,4777.37,2025-04-16,2-HIGH
16045,3305,F,1592.08,2025-05-02,4-LOW
16046,3305,F,4025.24,2025-03-19,4-LOW
16047,3305,P,935.03,2025-03-30,3-MEDIUM
16048,3305,O,5448.84,2025-05-02,4-LOW
16049,3305,O,414.22,2025-03-01,4-LOW
16050,3306,O,2614.33,2025-06-22,3-MEDIUM
16051,3306,O,6970.36,2025-02-04,2-HIGH
16052,3307,P,3118.92,2025-02-27,1-URGENT
16053,3308,P,2693.36,2025-01-27,4-LOW
16054,3308,P,1139.22,2025-05-13,3-MEDIUM
16055,3308,F,609.8,2025-05-14,4-LOW
16056,3309,F,3598.97,2025-05-10,1-URGENT
16057,3309,F,4388.33,2025-06-27,4-LOW
16058,3309,F,3662.24,2025-06-11,2-HIGH
16059,3309,P,2286.44,2025-05-20,2-HIGH
16060,3310,O,5249.88,2025-06-23,1-URGENT
16061,3310,P,1959.67,2025-06-12,2-HIGH
16062,3310,P,1936.14,2025-05-06,1-URGENT
16063,3310,O,1278.6,2025-04-14,2-HIGH
16064,3310,P,2788.24,2025-02-11,3-MEDIUM
16065,3310,F,2155.0,2025-06-12,3-MEDIUM
16066,3311,F,1085.46,2025-05-17,1-URGENT
16067,3311,O,1262.27,2025-04-16,2-HIGH
16068,3311,P,5416.8,2025-04-03,1-URGENT
16069,3311,P,1822.01,2025-06-15,2-HIGH
16070,3311,O,75.79,2025-01-01,3-MEDIUM
16071,3311,O,482.08,2025-01-07,4-LOW
16072,3311,O,3618.38,2025-06-22,4-LOW
16073,3312,P,4650.59,2025-02-02,3-MEDIUM
16074,3312,F,2916.7,2025-06-12,3-MEDIUM
16075,3312,P,5538.82,2025-05-04,1-URGENT
16076,3313,F,2273.8,2025-06-04,4-LOW
16077,3313,F,8379.48,2025-02-27,1-URGENT
16078,3313,O,5480.87,2025-01-11,4-LOW
16079,3313,O,611.47,2025-03-31,4-LOW
16080,3313,P,527.12,2025-01-21,4-LOW
16081,3314,P,312.5,2025-03-28,1-URGENT
16082,3314,F,195.22,2025-05-15,1-URGENT
16083,3314,P,1898.21,2025-02-03,1-URGENT
16084,3314,O,3238.21,2025-05-23,1-URGENT
16085,3314,P,2300.76,2025-06-30,2-HIGH
16086,3314,F,3772.14,2025-06-12,2-HIGH
16087,3315,O,1675.29,2025-01-16,1-URGENT
16088,3315,O,4609.07,2025-04-26,4-LOW
16089,3315,F,2950.1,2025-06-15,2-HIGH
16090,3315,O,1632.21,2025-03-12,1-URGENT
16091,3315,F,272.05,2025-03-09,3-MEDIUM
16092,3316,P,5495.33,2025-01-08,3-MEDIUM
16093,3316,F,3993.57,2025-05-27,2-HIGH
16094,3316,O,1234.31,2025-02-02,4-LOW
16095,3316,O,2926.73,2025-06-11,2-HIGH
16096,3316,F,911.81,2025-01-24,3-MEDIUM
16097,3316,F,4096.05,2025-05-20,3-MEDIUM
16098,3316,F,2688.75,2025-03-27,3-MEDIUM
16099,3316,P,3603.22,2025-06-26,3-MEDIUM
16100,3317,O,5462.47,2025-01-21,1-URGENT
16101,3317,F,4683.27,2025-05-21,4-LOW
16102,3317,F,4517.06,2025-03-20,1-URGENT
16103,3317,P,2752.35,2025-05-08,1-URGENT
16104,3317,O,4961.49,2025-06-16,1-URGENT
16105,3317,F,6176.72,2025-02-01,2-HIGH
16106,3317,O,3467.43,2025-01-25,2-HIGH
16107,3317,P,2256.94,2025-04-10,3-MEDIUM
16108,3318,F,2383.84,2025-01-01,1-URGENT
16109,3318,F,3118.63,2025-01-07,2-HIGH
16110,3319,O,5208.44,2025-03-10,2-HIGH
16111,3319,F,2918.36,2025-06-09,2-HIGH
16112,3319,F,1330.19,2025-03-03,1-URGENT
16113,3319,P,1410.92,2025-02-25,2-HIGH
16114,3319,P,5073.38,2025-02-06,4-LOW
16115,3320,F,3794.6,2025-05-19,4-LOW
16116,3320,P,5453.4,2025-04-24,2-HIGH
16117,3320,F,434.95,2025-01-24,3-MEDIUM
16118,3320,P,6076.85,2025-04-30,4-LOW
16119,3320,P,2898.9,2025-03-16,2-HIGH
16120,3320,F,4425.23,2025-02-01,4-LOW
16121,3321,P,998.78,2025-01-30,2-HIGH
16122,3322,P,3450.49,2025-05-13,1-URGENT
16123,3322,P,5565.89,2025-03-11,2-HIGH
16124,3322,F,3087.16,2025-04-06,3-MEDIUM
16125,3323,F,663.79,2025-01-06,3-MEDIUM
16126,3323,O,1192.42,2025-05-31,1-URGENT
16127,3323,P,6047.58,2025-01-02,3-MEDIUM
16128,3323,F,4618.04,2025-06-18,1-URGENT
16129,3323,P,5059.68,2025-05-28,2-HIGH
16130,3324,O,4761.9,2025-03-26,3-MEDIUM
16131,3324,F,785.19,2025-05-18,4-LOW
16132,3324,F,6388.49,2025-05-05,1-URGENT
16133,3324,P,3439.48,2025-03-16,3-MEDIUM
16134,3324,F,2633.36,2025-05-11,3-MEDIUM
16135,3324,P,2324.4,2025-03-02,3-MEDIUM
16136,3324,O,1116.78,2025-05-13,2-HIGH
16137,3325,O,2206.27,2025-03-01,2-HIGH
16138,3325,O,1986.91,2025-01-15,4-LOW
16139,3325,P,2746.42,2025-05-06,2-HIGH
16140,3325,O,5408.41,2025-05-04,1-URGENT
16141,3325,F,2775.44,2025-05-04,2-HIGH
16142,3325,O,2440.51,2025-01-08,1-URGENT
16143,3325,P,4258.84,2025-05-18,1-URGENT
16144,3325,O,312.93,2025-06-21,4-LOW
16145,3326,P,2447.63,2025-04-03,4-LOW
16146,3326,F,4848.7,2025-06-22,2-HIGH
16147,3327,O,6913.11,2025-01-22,2-HIGH
16148,3327,F,3171.32,2025-06-28,3-MEDIUM
16149,3327,F,2377.32,2025-06-18,2-HIGH
16150,3327,O,2820.69,2025-01-15,3-MEDIUM
16151,3328,P,370.54,2025-05-31,4-LOW
16152,3328,O,4837.23,2025-04-14,3-MEDIUM
16153,3328,O,5666.75,2025-05-17,2-HIGH
16154,3328,O,443.65,2025-06-24,3-MEDIUM
16155,3328,F,2123.86,2025-04-14,3-MEDIUM
16156,3328,P,2351.75,2025-03-03,2-HIGH
16157,3328,O,2489.02,2025-02-07,1-URGENT
16158,3329,P,2282.63,2025-04-05,4-LOW
16159,3329,P,775.27,2025-04-10,4-LOW
16160,3329,F,7412.54,2025-02-21,3-MEDIUM
16161,3329,P,4612.0,2025-05-15,2-HIGH
16162,3329,O,2345.21,2025-05-02,2-HIGH
16163,3330,P,2711.62,2025-02-12,2-HIGH
16164,3330,P,236.82,2025-06-30,2-HIGH
16165,3330,O,3628.5,2025-01-09,4-LOW
16166,3330,P,3110.17,2025-04-09,1-URGENT
16167,3330,O,424.5,2025-05-10,2-HIGH
16168,3331,P,6939.64,2025-02-09,3-MEDIUM
16169,3331,P,2828.24,2025-06-20,1-URGENT
16170,3331,P,1421.81,2025-03-16,1-URGENT
16171,3332,F,5464.76,2025-06-26,2-HIGH
16172,3332,O,2015.69,2025-06-16,1-URGENT
16173,3333,P,1477.28,2025-05-02,3-MEDIUM
16174,3333,O,1958.33,2025-01-20,4-LOW
16175,3333,P,5567.9,2025-06-13,3-MEDIUM
16176,3333,O,5057.38,2025-04-22,3-MEDIUM
16177,3333,F,5205.88,2025-01-04,4-LOW
16178,3333,O,3887.84,2025-04-08,3-MEDIUM
16179,3334,F,224.62,2025-04-02,4-LOW
16180,3334,O,2383.46,2025-02-27,4-LOW
16181,3334,P,3348.96,2025-04-10,3-MEDIUM
16182,3334,O,1459.6,2025-03-09,4-LOW
16183,3334,P,1307.48,2025-02-01,3-MEDIUM
16184,3334,F,707.03,2025-05-09,2-HIGH
16185,3334,P,4580.91,2025-05-01,3-MEDIUM
16186,3334,O,217.91,2025-06-02,2-HIGH
16187,3335,F,3935.27,2025-04-08,3-MEDIUM
16188,3335,P,2064.5,2025-01-04,2-HIGH
16189,3335,P,2852.1,2025-03-26,1-URGENT
16190,3335,F,4620.71,2025-04-26,4-LOW
16191,3335,P,1413.64,2025-01-20,2-HIGH
16192,3335,F,3166.89,2025-02-15,4-LOW
16193,3335,O,3280.25,2025-04-19,3-MEDIUM
16194,3335,O,4322.84,2025-02-04,2-HIGH
16195,3336,O,3757.52,2025-06-23,1-URGENT
16196,3336,P,4181.13,2025-05-12,4-LOW
16197,3336,O,229.32,2025-02-13,2-HIGH
16198,3336,F,495.57,2025-02-17,4-LOW
16199,3336,F,1682.29,2025-06-27,2-HIGH
16200,3337,O,3525.23,2025-03-28,4-LOW
16201,3338,F,5659.37,2025-02-11,1-URGENT
16202,3338,O,9446.78,2025-03-04,2-HIGH
16203,3338,O,1765.94,2025-01-08,2-HIGH
16204,3338,F,7892.74,2025-01-19,4-LOW
16205,3338,P,2556.36,2025-04-25,3-MEDIUM
16206,3338,O,6715.29,2025-05-12,3-MEDIUM
16207,3339,P,7881.62,2025-05-07,2-HIGH
16208,3339,P,1063.96,2025-02-01,3-MEDIUM
16209,3340,O,4328.28,2025-03-23,3-MEDIUM
16210,3340,O,7735.57,2025-06-29,3-MEDIUM
16211,3340,F,960.41,2025-04-24,3-MEDIUM
16212,3340,F,3622.1,2025-04-29,4-LOW
16213,3340,P,3969.04,2025-05-31,1-URGENT
16214,3340,P,6999.64,2025-02-23,3-MEDIUM
16215,3340,P,5633.26,2025-04-10,3-MEDIUM
16216,3340,F,3258.15,2025-04-12,1-URGENT
16217,3341,O,5955.35,2025-06-27,4-LOW
16218,3341,O,3606.49,2025-01-10,1-URGENT
16219,3341,P,3307.15,2025-01-29,3-MEDIUM
16220,3341,O,6979.38,2025-04-17,3-MEDIUM
16221,3341,P,3171.66,2025-01-18,4-LOW
16222,3341,F,2077.46,2025-05-01,2-HIGH
16223,3342,P,1064.5,2025-04-10,4-LOW
16224,3342,F,1589.63,2025-06-09,3-MEDIUM
16225,3342,O,936.8,2025-01-19,4-LOW
16226,3342,P,1847.93,2025-06-14,1-URGENT
16227,3343,P,3248.01,2025-03-18,1-URGENT
16228,3343,P,385.52,2025-05-07,2-HIGH
16229,3343,O,4821.39,2025-04-09,1-URGENT
16230,3343,O,4653.78,2025-03-10,1-URGENT
16231,3344,P,5963.91,2025-04-22,2-HIGH
16232,3344,F,1619.03,2025-03-26,1-URGENT
16233,3344,P,1309.07,2025-03-02,3-MEDIUM
16234,3344,O,964.37,2025-03-09,2-HIGH
16235,3344,O,1109.66,2025-05-19,2-HIGH
16236,3344,P,5988.49,2025-06-29,1-URGENT
16237,3344,F,2199.36,2025-04-09,2-HIGH
16238,3345,F,1273.95,2025-03-09,2-HIGH
16239,3345,F,1276.85,2025-03-18,1-URGENT
16240,3345,F,458.55,2025-04-12,2-HIGH
16241,3346,F,1323.03,2025-02-21,1-URGENT
16242,3346,F,308.56,2025-06-13,3-MEDIUM
16243,3346,P,4077.64,2025-04-22,2-HIGH
16244,3346,O,6881.1,2025-01-17,1-URGENT
16245,3346,F,7295.77,2025-03-16,4-LOW
16246,3346,O,5344.87,2025-06-01,4-LOW
16247,3346,O,213.3,2025-03-29,4-LOW
16248,3347,F,3794.04,2025-02-21,4-LOW
16249,3347,F,3798.19,2025-01-06,1-URGENT
16250,3347,P,3016.06,2025-01-04,4-LOW
16251,3347,F,1332.86,2025-01-20,3-MEDIUM
16252,3347,F,1505.55,2025-02-16,1-URGENT
16253,3347,F,2958.28,2025-06-24,1-URGENT
16254,3348,P,2674.6,2025-06-03,4-LOW
16255,3348,P,563.92,2025-04-27,4-LOW
16256,3348,O,5414.59,2025-05-11,1-URGENT
16257,3348,P,1606.59,2025-03-28,1-URGENT
16258,3348,F,2490.93,2025-01-22,4-LOW
16259,3348,O,8217.87,2025-05-18,3-MEDIUM
16260,3348,F,4557.97,2025-05-06,2-HIGH
16261,3348,F,1418.61,2025-04-03,4-LOW
16262,3349,O,4142.25,2025-05-18,2-HIGH
16263,3349,F,2049.09,2025-01-06,1-URGENT
16264,3349,O,4589.23,2025-06-08,4-LOW
16265,3349,P,3653.03,2025-04-25,1-URGENT
16266,3350,P,3523.9,2025-02-05,2-HIGH
16267,3350,O,2149.83,2025-05-05,2-HIGH
16268,3350,P,5062.36,2025-01-25,2-HIGH
16269,3350,P,1719.51,2025-06-16,4-LOW
16270,3350,P,5360.91,2025-03-19,2-HIGH
16271,3350,P,2654.89,2025-04-07,1-URGENT
16272,3350,O,2754.97,2025-04-18,3-MEDIUM
16273,3351,O,1645.77,2025-02-03,4-LOW
16274,3352,P,1880.62,2025-04-06,2-HIGH
16275,3352,P,2339.71,2025-01-08,4-LOW
16276,3352,P,3177.8,2025-04-08,1-URGENT
16277,3352,P,511.92,2025-03-02,2-HIGH
16278,3352,P,1968.2,2025-05-13,4-LOW
16279,3352,P,2162.28,2025-03-02,2-HIGH
16280,3352,P,4533.86,2025-03-30,2-HIGH
16281,3353,O,3530.51,2025-03-03,2-HIGH
16282,3353,O,5379.75,2025-05-19,4-LOW
16283,3353,O,2686.69,2025-03-21,3-MEDIUM
16284,3354,F,6909.43,2025-05-06,1-URGENT
16285,3354,F,4420.2,2025-03-17,1-URGENT
16286,3354,F,4549.37,2025-03-24,1-URGENT
16287,3354,P,7196.61,2025-05-26,3-MEDIUM
16288,3354,P,7924.71,2025-02-11,3-MEDIUM
16289,3355,P,2431.36,2025-06-02,2-HIGH
16290,3355,O,181.2,2025-02-12,3-MEDIUM
16291,3356,F,619.05,2025-04-11,4-LOW
16292,3356,O,4594.14,2025-02-17,1-URGENT
16293,3356,O,729.04,2025-06-09,3-MEDIUM
16294,3357,P,3615.37,2025-02-09,1-URGENT
16295,3357,P,1920.25,2025-03-06,1-URGENT
16296,3357,F,4461.64,2025-03-26,3-MEDIUM
16297,3357,O,1537.33,2025-04-05,3-MEDIUM
16298,3357,F,3803.56,2025-05-28,2-HIGH
16299,3357,P,884.46,2025-05-04,3-MEDIUM
16300,3357,F,3285.67,2025-04-08,1-URGENT
16301,3358,F,2504.62,2025-04-15,4-LOW
16302,3358,F,2020.34,2025-03-30,1-URGENT
16303,3359,P,1710.22,2025-03-23,1-URGENT
16304,3360,F,2400.74,2025-04-10,1-URGENT
16305,3361,F,1600.15,2025-06-03,4-LOW
16306,3361,O,2883.03,2025-02-05,4-LOW
16307,3361,O,1583.91,2025-06-02,2-HIGH
16308,3361,P,3692.9,2025-02-18,1-URGENT
16309,3361,F,4076.3,2025-04-30,2-HIGH
16310,3362,O,2173.42,2025-01-17,4-LOW
16311,3362,P,2135.66,2025-02-21,1-URGENT
16312,3362,P,3363.01,2025-02-14,2-HIGH
16313,3362,O,7044.9,2025-02-06,4-LOW
16314,3362,F,5316.28,2025-06-17,2-HIGH
16315,3363,P,541.76,2025-03-26,2-HIGH
16316,3363,P,4398.24,2025-06-01,2-HIGH
16317,3363,P,2752.5,2025-06-01,2-HIGH
16318,3363,P,6497.25,2025-04-24,3-MEDIUM
16319,3363,F,5236.47,2025-06-01,2-HIGH
16320,3363,O,597.16,2025-01-22,1-URGENT
16321,3363,O,5647.41,2025-02-13,2-HIGH
16322,3364,O,420.07,2025-02-06,4-LOW
16323,3364,P,2065.45,2025-03-05,4-LOW
16324,3364,P,3926.12,2025-06-24,1-URGENT
16325,3365,O,1462.26,2025-03-23,2-HIGH
16326,3365,P,2940.22,2025-02-11,3-MEDIUM
16327,3365,F,5303.56,2025-04-17,1-URGENT
16328,3365,P,5180.81,2025-01-22,3-MEDIUM
16329,3365,P,6229.17,2025-04-05,4-LOW
16330,3365,P,8413.35,2025-06-06,1-URGENT
16331,3366,P,3986.0,2025-02-14,4-LOW
16332,3366,F,2195.05,2025-05-03,2-HIGH
16333,3366,O,826.11,2025-05-06,4-LOW
16334,3366,O,1993.55,2025-02-19,4-LOW
16335,3366,O,517.27,2025-06-24,2-HIGH
16336,3367,F,1812.73,2025-04-18,3-MEDIUM
16337,3367,P,5695.46,2025-06-01,2-HIGH
16338,3368,P,48.2,2025-01-14,1-URGENT
16339,3369,O,4647.26,2025-03-26,3-MEDIUM
16340,3369,P,3408.94,2025-01-08,4-LOW
16341,3369,F,548.72,2025-03-18,1-URGENT
16342,3369,O,208.55,2025-03-10,1-URGENT
16343,3369,P,1659.04,2025-03-12,3-MEDIUM
16344,3369,P,2556.45,2025-02-20,3-MEDIUM
16345,3369,F,1454.63,2025-02-22,1-URGENT
16346,3369,P,1418.11,2025-04-04,2-HIGH
16347,3370,O,6749.76,2025-06-27,2-HIGH
16348,3370,O,341.3,2025-04-03,2-HIGH
16349,3371,P,604.7,2025-04-27,4-LOW
16350,3371,O,2429.6,2025-04-24,1-URGENT
16351,3371,O,4655.01,2025-01-05,1-URGENT
16352,3371,O,2300.89,2025-05-28,3-MEDIUM
16353,3372,O,463.52,2025-03-28,1-URGENT
16354,3372,F,819.84,2025-06-28,1-URGENT
16355,3372,F,9657.69,2025-06-10,2-HIGH
16356,3373,F,6586.34,2025-06-24,3-MEDIUM
16357,3373,O,6980.56,2025-01-02,3-MEDIUM
16358,3373,P,128.01,2025-05-16,2-HIGH
16359,3373,F,4665.4,2025-02-14,3-MEDIUM
16360,3373,O,6833.47,2025-03-09,1-URGENT
16361,3373,P,2217.72,2025-01-19,1-URGENT
16362,3373,F,3080.09,2025-05-21,3-MEDIUM
16363,3373,P,1276.55,2025-05-03,4-LOW
16364,3374,P,2850.56,2025-01-26,1-URGENT
16365,3374,P,596.55,2025-02-22,3-MEDIUM
16366,3374,O,5521.35,2025-02-27,4-LOW
16367,3374,O,795.84,2025-01-14,2-HIGH
16368,3374,P,2172.87,2025-05-17,2-HIGH
16369,3374,P,2480.06,2025-06-30,3-MEDIUM
16370,3375,O,6204.85,2025-02-28,3-MEDIUM
16371,3375,F,2576.79,2025-06-09,2-HIGH
16372,3375,F,5705.03,2025-05-20,2-HIGH
16373,3375,P,6952.51,2025-02-23,4-LOW
16374,3375,P,2080.25,2025-05-24,2-HIGH
16375,3375,O,2812.34,2025-05-09,2-HIGH
16376,3376,F,4096.6,2025-02-21,2-HIGH
16377,3376,P,2035.74,2025-05-18,2-HIGH
16378,3376,P,524.61,2025-05-06,2-HIGH
16379,3376,P,4617.66,2025-06-20,3-MEDIUM
16380,3376,O,6349.73,2025-01-24,2-HIGH
16381,3376,P,5047.84,2025-03-08,1-URGENT
16382,3376,P,2941.36,2025-02-04,3-MEDIUM
16383,3377,F,5272.85,2025-01-02,4-LOW
16384,3377,F,4004.1,2025-02-18,3-MEDIUM
16385,3377,P,322.64,2025-06-11,3-MEDIUM
16386,3377,F,2826.41,2025-01-11,4-LOW
16387,3377,O,4972.37,2025-06-05,2-HIGH
16388,3377,O,829.9,2025-01-09,2-HIGH
16389,3377,F,4593.57,2025-01-14,4-LOW
16390,3378,P,4828.33,2025-02-07,1-URGENT
16391,3378,F,3775.39,2025-02-12,4-LOW
16392,3378,F,568.62,2025-03-26,4-LOW
16393,3378,O,4475.15,2025-03-01,4-LOW
16394,3379,O,4537.38,2025-03-29,1-URGENT
16395,3379,F,1723.2,2025-06-09,2-HIGH
16396,3379,P,3202.83,2025-03-22,4-LOW
16397,3379,F,1149.81,2025-03-15,2-HIGH
16398,3379,P,6887.54,2025-04-29,2-HIGH
16399,3379,P,2264.66,2025-03-26,4-LOW
16400,3380,F,3973.93,2025-02-09,1-URGENT
16401,3380,F,1258.7,2025-04-07,4-LOW
16402,3381,P,1366.32,2025-04-13,4-LOW
16403,3382,F,782.73,2025-01-08,1-URGENT
16404,3382,O,403.81,2025-02-13,1-URGENT
16405,3382,O,3226.79,2025-05-15,2-HIGH
16406,3382,F,4246.82,2025-01-23,4-LOW
16407,3382,O,3763.92,2025-04-26,1-URGENT
16408,3382,F,208.88,2025-06-10,4-LOW
16409,3383,O,1920.34,2025-02-02,2-HIGH
16410,3383,P,1525.1,2025-04-03,4-LOW
16411,3383,F,2740.8,2025-01-12,4-LOW
16412,3383,P,6053.42,2025-02-07,1-URGENT
16413,3383,P,5161.55,2025-02-16,1-URGENT
16414,3383,P,156.08,2025-06-24,3-MEDIUM
16415,3384,O,4809.12,2025-01-10,1-URGENT
16416,3384,O,2859.62,2025-03-07,3-MEDIUM
16417,3384,O,6370.49,2025-03-01,4-LOW
16418,3385,O,1209.37,2025-02-26,2-HIGH
16419,3386,F,4830.9,2025-04-05,2-HIGH
16420,3386,F,2405.56,2025-04-21,2-HIGH
16421,3387,O,6874.98,2025-02-23,4-LOW
16422,3387,O,4694.77,2025-05-15,4-LOW
16423,3387,P,4202.84,2025-06-22,4-LOW
16424,3387,F,1189.2,2025-02-05,3-MEDIUM
16425,3387,O,7089.72,2025-05-21,3-MEDIUM
16426,3387,F,2971.73,2025-04-23,1-URGENT
16427,3387,P,4070.76,2025-02-10,1-URGENT
16428,3388,O,2288.55,2025-05-22,2-HIGH
16429,3388,O,7831.68,2025-02-14,3-MEDIUM
16430,3388,O,4179.9,2025-06-05,1-URGENT
16431,3388,F,511.94,2025-05-02,3-MEDIUM
16432,3389,F,2772.58,2025-03-30,1-URGENT
16433,3390,O,1952.31,2025-01-31,3-MEDIUM
16434,3390,O,3939.14,2025-03-21,2-HIGH
16435,3390,P,2869.3,2025-05-30,1-URGENT
16436,3390,F,3061.3,2025-03-13,4-LOW
16437,3390,P,2058.21,2025-01-17,1-URGENT
16438,3390,F,3625.41,2025-01-11,3-MEDIUM
16439,3390,O,2465.68,2025-05-09,1-URGENT
16440,3390,F,4019.25,2025-02-05,2-HIGH
16441,3391,O,5688.9,2025-06-04,2-HIGH
16442,3391,O,2802.44,2025-05-25,3-MEDIUM
16443,3391,P,2066.2,2025-06-25,2-HIGH
16444,3392,O,6453.3,2025-04-14,3-MEDIUM
16445,3392,O,5545.48,2025-02-28,4-LOW
16446,3392,F,6944.94,2025-02-08,1-URGENT
16447,3392,O,1211.64,2025-06-14,1-URGENT
16448,3392,O,3966.28,2025-03-08,3-MEDIUM
16449,3392,F,1197.94,2025-06-30,3-MEDIUM
16450,3392,O,6194.35,2025-05-04,4-LOW
16451,3392,P,6780.57,2025-04-06,2-HIGH
16452,3393,F,3524.22,2025-04-30,3-MEDIUM
16453,3393,O,93.42,2025-05-25,4-LOW
16454,3393,P,234.78,2025-03-09,2-HIGH
16455,3393,F,1895.94,2025-01-27,3-MEDIUM
16456,3393,F,7490.17,2025-06-11,2-HIGH
16457,3393,F,1640.53,2025-04-15,4-LOW
16458,3393,O,7569.23,2025-06-19,1-URGENT
16459,3393,O,2255.89,2025-05-28,4-LOW
16460,3394,P,2970.78,2025-02-17,4-LOW
16461,3395,O,1925.36,2025-03-16,3-MEDIUM
16462,3395,O,6816.86,2025-01-05,1-URGENT
16463,3395,O,1658.22,2025-03-11,4-LOW
16464,3395,P,5266.97,2025-02-07,1-URGENT
16465,3395,F,2943.4,2025-01-25,1-URGENT
16466,3395,F,1739.92,2025-04-17,3-MEDIUM
16467,3395,O,1792.36,2025-01-02,3-MEDIUM
16468,3396,P,4404.37,2025-05-12,4-LOW
16469,3396,O,6819.44,2025-01-01,2-HIGH
16470,3396,O,4758.1,2025-02-06,3-MEDIUM
16471,3396,P,8694.39,2025-05-07,3-MEDIUM
16472,3397,P,3136.49,2025-01-02,3-MEDIUM
16473,3397,O,2955.62,2025-02-19,2-HIGH
16474,3397,P,382.9,2025-02-26,3-MEDIUM
16475,3398,F,5990.87,2025-02-18,3-MEDIUM
16476,3398,P,1938.82,2025-01-03,2-HIGH
16477,3398,O,6791.03,2025-02-08,1-URGENT
16478,3398,P,963.27,2025-02-24,3-MEDIUM
16479,3398,F,1152.12,2025-01-18,4-LOW
16480,3398,P,5020.26,2025-03-13,3-MEDIUM
16481,3398,F,3191.94,2025-05-06,4-LOW
16482,3398,P,3784.51,2025-03-10,3-MEDIUM
16483,3399,O,1357.14,2025-01-27,1-URGENT
16484,3399,O,2519.11,2025-05-14,1-URGENT
16485,3399,O,5183.16,2025-05-14,2-HIGH
16486,3399,O,5639.34,2025-06-22,4-LOW
16487,3399,F,1614.99,2025-02-21,2-HIGH
16488,3399,O,6267.81,2025-04-01,1-URGENT
16489,3400,P,2319.92,2025-06-09,4-LOW
16490,3400,F,7366.75,2025-04-05,2-HIGH
16491,3400,P,3823.23,2025-06-22,4-LOW
16492,3400,P,4290.91,2025-04-05,3-MEDIUM
16493,3400,P,6812.92,2025-04-25,2-HIGH
16494,3400,O,3367.08,2025-04-11,4-LOW
16495,3401,O,4389.4,2025-05-29,2-HIGH
16496,3401,O,1206.63,2025-05-29,2-HIGH
16497,3401,O,5174.68,2025-03-01,4-LOW
16498,3401,F,1452.19,2025-06-06,2-HIGH
16499,3402,F,289.5,2025-04-09,4-LOW
16500,3402,O,184.29,2025-01-15,2-HIGH
16501,3402,F,6456.24,2025-01-27,2-HIGH
16502,3402,F,1609.5,2025-06-27,2-HIGH
16503,3402,P,6844.63,2025-04-29,2-HIGH
16504,3402,O,5698.07,2025-03-12,2-HIGH
16505,3403,O,6707.03,2025-01-24,1-URGENT
16506,3403,O,3632.03,2025-06-12,4-LOW
16507,3403,O,850.99,2025-06-25,4-LOW
16508,3403,F,2604.83,2025-01-29,1-URGENT
16509,3403,F,5535.79,2025-02-20,1-URGENT
16510,3403,O,2675.57,2025-02-10,3-MEDIUM
16511,3404,O,7146.64,2025-06-28,4-LOW
16512,3404,P,1724.56,2025-01-24,3-MEDIUM
16513,3404,F,4303.15,2025-05-23,3-MEDIUM
16514,3404,P,2302.83,2025-04-25,1-URGENT
16515,3404,F,640.67,2025-02-11,1-URGENT
16516,3404,P,3925.09,2025-02-21,4-LOW
16517,3404,F,2698.0,2025-04-19,1-URGENT
16518,3405,O,2836.02,2025-01-17,1-URGENT
16519,3405,F,3431.98,2025-04-10,1-URGENT
16520,3405,P,3249.65,2025-04-18,2-HIGH
16521,3405,O,3984.36,2025-03-24,3-MEDIUM
16522,3405,F,1919.2,2025-04-10,4-LOW
16523,3405,F,2031.98,2025-06-07,1-URGENT
16524,3405,O,5208.36,2025-06-09,1-URGENT
16525,3405,F,7796.73,2025-06-19,4-LOW
16526,3406,F,440.25,2025-03-12,2-HIGH
16527,3406,O,3755.48,2025-01-19,4-LOW
16528,3406,F,212.87,2025-02-14,4-LOW
16529,3406,O,2790.21,2025-03-15,4-LOW
16530,3406,O,3975.81,2025-06-19,3-MEDIUM
16531,3407,F,3848.59,2025-06-27,4-LOW
16532,3407,O,2628.91,2025-06-22,3-MEDIUM
16533,3407,F,4753.42,2025-03-30,1-URGENT
16534,3407,O,5945.17,2025-04-22,2-HIGH
16535,3407,P,1982.38,2025-05-29,1-URGENT
16536,3407,P,2932.06,2025-05-25,4-LOW
16537,3407,P,3643.9,2025-02-28,1-URGENT
16538,3407,O,1452.21,2025-04-15,1-URGENT
16539,3408,F,7016.27,2025-01-29,4-LOW
16540,3408,P,1579.3,2025-01-14,3-MEDIUM
16541,3408,O,4495.27,2025-06-22,1-URGENT
16542,3408,O,2724.08,2025-02-21,1-URGENT
16543,3408,P,6785.85,2025-06-22,2-HIGH
16544,3408,F,6613.04,2025-02-14,2-HIGH
16545,3408,P,2417.13,2025-01-26,2-HIGH
16546,3409,F,2464.38,2025-06-09,2-HIGH
16547,3410,P,3351.19,2025-03-14,3-MEDIUM
16548,3411,P,3207.37,2025-02-10,2-HIGH
16549,3411,O,9440.14,2025-06-20,3-MEDIUM
16550,3411,P,1273.9,2025-02-21,4-LOW
16551,3411,O,4622.18,2025-03-20,2-HIGH
16552,3411,P,1903.43,2025-04-21,4-LOW
16553,3411,F,1299.87,2025-06-28,4-LOW
16554,3411,P,4337.85,2025-02-21,2-HIGH
16555,3412,O,2918.82,2025-03-20,2-HIGH
16556,3412,F,971.33,2025-01-07,2-HIGH
16557,3413,F,3770.62,2025-03-28,2-HIGH
16558,3413,P,3216.17,2025-04-14,1-URGENT
16559,3414,P,3985.14,2025-04-06,1-URGENT
16560,3414,O,2316.96,2025-05-16,4-LOW
16561,3414,P,1746.81,2025-04-19,3-MEDIUM
16562,3414,P,2821.09,2025-02-27,4-LOW
16563,3414,O,2547.86,2025-02-03,4-LOW
16564,3415,O,1552.79,2025-06-01,3-MEDIUM
16565,3415,O,2369.38,2025-02-06,4-LOW
16566,3415,O,3242.62,2025-06-18,2-HIGH
16567,3415,P,1829.64,2025-04-03,1-URGENT
16568,3415,F,2040.9,2025-06-24,1-URGENT
16569,3415,F,1338.79,2025-03-31,4-LOW
16570,3415,P,1560.23,2025-06-24,1-URGENT
16571,3416,F,5812.01,2025-05-24,3-MEDIUM
16572,3416,O,1589.96,2025-03-11,1-URGENT
16573,3416,O,1552.44,2025-04-15,4-LOW
16574,3416,F,1001.56,2025-03-25,1-URGENT
16575,3416,O,4813.79,2025-06-02,3-MEDIUM
16576,3416,F,2140.48,2025-05-03,4-LOW
16577,3416,F,966.0,2025-04-06,3-MEDIUM
16578,3417,O,218.54,2025-04-21,2-HIGH
16579,3417,O,3434.86,2025-05-18,3-MEDIUM
16580,3417,O,1719.18,2025-01-19,2-HIGH
16581,3417,O,160.01,2025-05-29,2-HIGH
16582,3417,F,4805.98,2025-03-29,2-HIGH
16583,3417,F,171.99,2025-02-03,4-LOW
16584,3417,O,6274.84,2025-02-14,2-HIGH
16585,3418,O,6840.28,2025-06-17,3-MEDIUM
16586,3419,F,4170.02,2025-01-08,2-HIGH
16587,3419,P,2427.21,2025-04-09,1-URGENT
16588,3419,O,3414.44,2025-06-18,2-HIGH
16589,3419,P,3922.21,2025-04-25,1-URGENT
16590,3419,P,2884.9,2025-01-07,3-MEDIUM
16591,3419,O,3114.67,2025-03-12,2-HIGH
16592,3419,P,5293.9,2025-03-22,3-MEDIUM
16593,3419,F,3313.38,2025-05-03,3-MEDIUM
16594,3420,O,3965.2,2025-05-10,1-URGENT
16595,3420,F,3492.55,2025-06-23,3-MEDIUM
16596,3420,F,2759.47,2025-01-30,2-HIGH
16597,3420,P,2553.79,2025-05-29,1-URGENT
16598,3420,O,4432.17,2025-04-12,3-MEDIUM
16599,3421,P,5773.53,2025-06-15,1-URGENT
16600,3421,F,1066.97,2025-02-21,1-URGENT
16601,3421,F,7847.69,2025-06-09,3-MEDIUM
16602,3421,P,1973.74,2025-03-19,3-MEDIUM
16603,3421,O,680.74,2025-05-25,2-HIGH
16604,3422,F,4048.16,2025-01-29,4-LOW
16605,3422,O,4705.61,2025-04-27,4-LOW
16606,3422,P,4754.53,2025-05-07,1-URGENT
16607,3422,P,3694.06,2025-06-04,3-MEDIUM
16608,3423,P,1855.51,2025-04-30,4-LOW
16609,3423,F,425.88,2025-02-04,2-HIGH
16610,3423,F,1242.56,2025-03-12,3-MEDIUM
16611,3424,O,5518.18,2025-06-18,3-MEDIUM
16612,3424,P,429.35,2025-03-16,4-LOW
16613,3425,O,2223.99,2025-01-25,1-URGENT
16614,3425,P,5113.88,2025-02-05,2-HIGH
16615,3425,O,573.37,2025-02-28,2-HIGH
16616,3425,F,6981.26,2025-04-04,2-HIGH
16617,3425,F,2120.11,2025-06-10,4-LOW
16618,3425,F,6212.98,2025-04-05,3-MEDIUM
16619,3425,O,3809.83,2025-05-06,1-URGENT
16620,3426,F,4991.69,2025-01-16,4-LOW
16621,3426,F,4754.83,2025-04-24,1-URGENT
16622,3426,P,5415.51,2025-05-31,4-LOW
16623,3426,P,1029.31,2025-05-14,4-LOW
16624,3426,F,5923.29,2025-06-28,1-URGENT
16625,3426,F,2593.4,2025-03-02,2-HIGH
16626,3427,F,2287.46,2025-05-03,4-LOW
16627,3427,F,4607.95,2025-02-07,3-MEDIUM
16628,3428,F,5232.55,2025-03-03,2-HIGH
16629,3428,P,4891.75,2025-02-16,2-HIGH
16630,3429,P,2277.85,2025-02-16,1-URGENT
16631,3429,F,4106.81,2025-02-03,1-URGENT
16632,3429,O,2144.86,2025-02-23,4-LOW
16633,3429,P,4949.18,2025-02-19,3-MEDIUM
16634,3429,F,825.4,2025-03-14,3-MEDIUM
16635,3429,F,2399.51,2025-02-21,3-MEDIUM
16636,3429,F,509.49,2025-06-23,4-LOW
16637,3429,P,6288.94,2025-02-11,2-HIGH
16638,3430,P,93.02,2025-04-05,4-LOW
16639,3430,O,2026.76,2025-03-24,2-HIGH
16640,3430,O,2019.58,2025-06-05,1-URGENT
16641,3430,O,1599.23,2025-02-28,3-MEDIUM
16642,3430,P,2400.39,2025-06-04,2-HIGH
16643,3431,O,4117.03,2025-06-05,4-LOW
16644,3432,F,6765.62,2025-05-24,2-HIGH
16645,3432,P,1754.24,2025-04-08,4-LOW
16646,3432,F,4654.98,2025-06-10,3-MEDIUM
16647,3432,O,2461.3,2025-01-31,3-MEDIUM
16648,3432,P,2665.15,2025-02-16,1-URGENT
16649,3432,O,2149.34,2025-06-22,4-LOW
16650,3432,F,2013.24,2025-03-25,2-HIGH
16651,3432,P,3094.74,2025-02-22,3-MEDIUM
16652,3433,O,5221.27,2025-06-16,4-LOW
16653,3433,P,2651.49,2025-06-27,1-URGENT
16654,3433,F,4767.79,2025-06-30,3-MEDIUM
16655,3433,O,3374.25,2025-03-30,4-LOW
16656,3433,F,1595.85,2025-03-22,2-HIGH
16657,3433,F,4148.49,2025-04-19,1-URGENT
16658,3434,F,3509.16,2025-06-21,2-HIGH
16659,3434,O,1677.06,2025-02-01,4-LOW
16660,3434,O,3834.92,2025-06-26,4-LOW
16661,3434,O,1546.87,2025-03-05,2-HIGH
16662,3434,F,809.76,2025-04-28,4-LOW
16663,3434,F,325.31,2025-03-02,4-LOW
16664,3434,O,3433.7,2025-01-17,4-LOW
16665,3435,O,667.51,2025-04-28,3-MEDIUM
16666,3435,O,7980.18,2025-01-28,1-URGENT
16667,3435,F,1117.06,2025-02-06,3-MEDIUM
16668,3435,F,4951.74,2025-04-06,3-MEDIUM
16669,3435,P,4922.32,2025-03-08,2-HIGH
16670,3435,P,275.48,2025-05-30,1-URGENT
16671,3435,P,4514.86,2025-04-18,2-HIGH
16672,3436,P,1141.31,2025-04-07,1-URGENT
16673,3437,O,3692.78,2025-03-15,1-URGENT
16674,3437,F,1848.99,2025-01-15,4-LOW
16675,3437,O,1466.55,2025-05-27,3-MEDIUM
16676,3438,P,656.54,2025-02-17,3-MEDIUM
16677,3438,O,1783.01,2025-05-31,1-URGENT
16678,3438,F,1625.64,2025-05-10,3-MEDIUM
16679,3438,P,6809.38,2025-04-06,4-LOW
16680,3438,O,6428.0,2025-05-14,4-LOW
16681,3438,O,6493.97,2025-04-28,1-URGENT
16682,3438,F,4985.18,2025-02-24,1-URGENT
16683,3438,F,839.29,2025-04-26,2-HIGH
16684,3439,O,238.03,2025-05-18,1-URGENT
16685,3439,F,1266.2,2025-04-21,4-LOW
16686,3439,F,1439.15,2025-06-15,2-HIGH
16687,3439,P,8803.37,2025-03-24,3-MEDIUM
16688,3439,P,5635.23,2025-01-27,1-URGENT
16689,3439,O,2394.64,2025-03-10,4-LOW
16690,3440,O,5775.02,2025-03-22,4-LOW
16691,3440,P,4606.03,2025-04-12,1-URGENT
16692,3441,O,2576.99,2025-03-24,1-URGENT
16693,3441,P,2202.84,2025-03-21,3-MEDIUM
16694,3441,F,4171.22,2025-02-26,4-LOW
16695,3441,F,279.3,2025-02-11,3-MEDIUM
16696,3441,F,2509.6,2025-01-01,3-MEDIUM
16697,3441,O,1138.23,2025-03-20,4-LOW
16698,3441,O,2863.86,2025-05-31,1-URGENT
16699,3441,P,332.95,2025-04-24,4-LOW
16700,3442,F,1091.19,2025-05-05,4-LOW
16701,3442,P,779.24,2025-03-07,4-LOW
16702,3443,O,517.69,2025-02-22,4-LOW
16703,3443,O,4436.64,2025-05-23,3-MEDIUM
16704,3443,F,1335.36,2025-04-20,3-MEDIUM
16705,3443,O,3430.41,2025-06-18,4-LOW
16706,3443,F,528.36,2025-05-28,4-LOW
16707,3443,F,3690.67,2025-04-15,1-URGENT
16708,3443,O,4881.07,2025-04-11,1-URGENT
16709,3443,P,2378.73,2025-03-14,3-MEDIUM
16710,3444,F,4255.0,2025-05-03,4-LOW
16711,3444,F,8314.46,2025-03-08,2-HIGH
16712,3444,F,4998.75,2025-03-16,1-URGENT
16713,3444,F,5313.11,2025-02-24,1-URGENT
16714,3444,P,409.68,2025-06-30,2-HIGH
16715,3444,F,5916.47,2025-01-01,1-URGENT
16716,3444,O,2912.08,2025-03-17,4-LOW
16717,3444,O,2697.51,2025-02-17,1-URGENT
16718,3445,P,8682.91,2025-06-22,2-HIGH
16719,3445,F,2960.78,2025-06-20,4-LOW
16720,3445,F,1695.41,2025-04-08,4-LOW
16721,3445,P,2516.79,2025-04-02,2-HIGH
16722,3445,F,4203.78,2025-04-01,1-URGENT
16723,3445,O,3284.84,2025-05-03,3-MEDIUM
16724,3446,O,45.17,2025-03-25,3-MEDIUM
16725,3446,F,5105.75,2025-04-01,1-URGENT
16726,3447,P,4623.98,2025-06-05,3-MEDIUM
16727,3447,O,3873.12,2025-06-25,1-URGENT
16728,3447,F,1777.69,2025-03-07,4-LOW
16729,3447,F,3950.29,2025-01-11,2-HIGH
16730,3447,F,3372.57,2025-01-10,2-HIGH
16731,3448,O,3244.81,2025-04-13,1-URGENT
16732,3448,P,1850.71,2025-01-17,1-URGENT
16733,3448,F,1744.13,2025-05-30,3-MEDIUM
16734,3449,F,2347.21,2025-05-19,3-MEDIUM
16735,3449,F,1380.82,2025-06-21,1-URGENT
16736,3450,O,4017.33,2025-02-02,4-LOW
16737,3450,O,4929.9,2025-02-27,1-URGENT
16738,3450,F,2818.88,2025-03-15,1-URGENT
16739,3450,O,4990.16,2025-03-17,1-URGENT
16740,3450,F,1316.48,2025-02-22,4-LOW
16741,3450,O,2964.47,2025-06-11,3-MEDIUM
16742,3450,O,4248.78,2025-06-26,2-HIGH
16743,3450,F,3736.08,2025-03-02,4-LOW
16744,3451,F,6092.38,2025-04-18,3-MEDIUM
16745,3451,P,6306.15,2025-04-13,2-HIGH
16746,3451,F,4595.68,2025-01-06,2-HIGH
16747,3451,O,4681.05,2025-06-07,3-MEDIUM
16748,3451,O,1813.32,2025-06-10,2-HIGH
16749,3451,P,2038.72,2025-02-10,3-MEDIUM
16750,3451,P,3794.95,2025-03-14,1-URGENT
16751,3451,F,7742.44,2025-03-02,2-HIGH
16752,3452,F,4014.86,2025-01-21,2-HIGH
16753,3452,F,3067.42,2025-05-29,1-URGENT
16754,3452,F,4311.7,2025-06-30,3-MEDIUM
16755,3452,F,1727.6,2025-03-04,1-URGENT
16756,3452,O,4097.89,2025-06-28,2-HIGH
16757,3452,P,3694.08,2025-06-18,1-URGENT
16758,3452,P,3829.13,2025-01-14,2-HIGH
16759,3452,P,415.33,2025-01-15,2-HIGH
16760,3453,O,3790.47,2025-01-25,2-HIGH
16761,3453,O,5348.05,2025-04-02,1-URGENT
16762,3453,P,574.5,2025-02-09,2-HIGH
16763,3453,O,1906.55,2025-03-21,3-MEDIUM
16764,3453,P,1514.78,2025-03-05,1-URGENT
16765,3453,O,2423.29,2025-06-28,4-LOW
16766,3453,P,4855.35,2025-01-12,1-URGENT
16767,3453,F,5452.2,2025-04-27,4-LOW
16768,3454,P,3889.26,2025-03-24,2-HIGH
16769,3454,P,481.89,2025-04-04,2-HIGH
16770,3454,F,1699.2,2025-05-01,1-URGENT
16771,3454,F,3383.9,2025-05-31,2-HIGH
16772,3455,F,850.94,2025-03-25,4-LOW
16773,3455,O,1908.5,2025-05-07,2-HIGH
16774,3455,F,4702.69,2025-05-26,4-LOW
16775,3455,P,742.17,2025-02-04,3-MEDIUM
16776,3455,F,3262.0,2025-06-23,4-LOW
16777,3456,F,1828.05,2025-01-22,3-MEDIUM
16778,3456,P,4727.39,2025-01-12,1-URGENT
16779,3456,F,3905.82,2025-05-25,3-MEDIUM
16780,3456,O,2492.95,2025-02-20,3-MEDIUM
16781,3457,F,3048.33,2025-04-23,3-MEDIUM
16782,3457,F,471.3,2025-04-10,4-LOW
16783,3457,P,732.12,2025-04-09,4-LOW
16784,3457,F,2802.25,2025-05-05,1-URGENT
16785,3457,P,877.25,2025-06-28,1-URGENT
16786,3457,F,4637.18,2025-05-08,2-HIGH
16787,3458,P,1411.9,2025-04-21,1-URGENT
16788,3458,F,718.15,2025-05-26,3-MEDIUM
16789,3459,P,9416.26,2025-03-04,2-HIGH
16790,3459,F,5302.96,2025-01-08,2-HIGH
16791,3459,F,3006.13,2025-05-08,3-MEDIUM
16792,3459,P,966.14,2025-02-24,1-URGENT
16793,3460,P,6338.13,2025-03-07,4-LOW
16794,3460,F,1933.6,2025-03-31,1-URGENT
16795,3460,F,3302.94,2025-01-06,2-HIGH
16796,3460,F,3339.05,2025-04-17,1-URGENT
16797,3460,O,2968.99,2025-06-18,4-LOW
16798,3460,P,5233.02,2025-06-02,1-URGENT
16799,3461,P,6499.02,2025-01-10,1-URGENT
16800,3461,O,1679.12,2025-04-22,1-URGENT
16801,3461,F,5448.07,2025-01-02,3-MEDIUM
16802,3461,F,2179.91,2025-03-12,2-HIGH
16803,3461,P,3286.56,2025-04-18,1-URGENT
16804,3461,P,5532.38,2025-04-24,2-HIGH
16805,3462,F,3948.72,2025-02-16,4-LOW
16806,3462,O,1589.48,2025-05-23,3-MEDIUM
16807,3462,O,286.74,2025-05-01,1-URGENT
16808,3463,P,4440.21,2025-04-22,2-HIGH
16809,3463,P,139.6,2025-02-11,3-MEDIUM
16810,3463,P,2100.8,2025-03-28,4-LOW
16811,3463,F,10509.99,2025-03-11,4-LOW
16812,3463,F,338.47,2025-05-07,1-URGENT
16813,3463,O,1221.97,2025-05-10,2-HIGH
16814,3464,P,6566.5,2025-06-15,1-URGENT
16815,3465,F,252.18,2025-04-20,4-LOW
16816,3465,F,1680.46,2025-02-03,1-URGENT
16817,3465,F,3750.79,2025-04-18,2-HIGH
16818,3466,P,4484.63,2025-02-08,3-MEDIUM
16819,3466,P,4876.88,2025-05-11,1-URGENT
16820,3466,F,142.2,2025-01-12,1-URGENT
16821,3466,O,660.84,2025-03-25,4-LOW
16822,3466,F,2407.33,2025-01-02,1-URGENT
16823,3466,P,7795.21,2025-01-18,3-MEDIUM
16824,3467,O,302.86,2025-06-03,4-LOW
16825,3467,F,3753.3,2025-05-24,3-MEDIUM
16826,3467,O,4080.65,2025-06-12,3-MEDIUM
16827,3467,F,7542.94,2025-05-19,3-MEDIUM
16828,3467,F,1496.02,2025-06-01,1-URGENT
16829,3467,O,430.08,2025-05-17,3-MEDIUM
16830,3468,F,966.43,2025-01-26,4-LOW
16831,3468,O,436.72,2025-01-05,4-LOW
16832,3468,O,4401.76,2025-05-18,4-LOW
16833,3468,O,389.84,2025-01-19,4-LOW
16834,3468,F,1644.24,2025-02-04,1-URGENT
16835,3468,F,3838.24,2025-04-27,3-MEDIUM
16836,3469,F,8390.67,2025-05-17,3-MEDIUM
16837,3469,F,2503.47,2025-06-26,1-URGENT
16838,3469,F,2606.62,2025-03-26,2-HIGH
16839,3469,O,4361.11,2025-06-03,4-LOW
16840,3469,F,1244.99,2025-03-17,1-URGENT
16841,3470,F,8061.97,2025-06-16,2-HIGH
16842,3470,P,277.97,2025-06-26,1-URGENT
16843,3470,O,1152.55,2025-05-16,4-LOW
16844,3470,F,4560.83,2025-03-29,3-MEDIUM
16845,3470,P,7109.08,2025-03-28,4-LOW
16846,3470,P,1436.39,2025-01-14,1-URGENT
16847,3470,O,1933.36,2025-04-12,3-MEDIUM
16848,3470,O,789.16,2025-06-27,3-MEDIUM
16849,3471,O,615.55,2025-04-16,3-MEDIUM
16850,3471,F,6956.62,2025-05-31,4-LOW
16851,3472,P,5275.19,2025-04-15,1-URGENT
16852,3472,P,458.57,2025-01-06,4-LOW
16853,3472,O,6004.32,2025-06-20,1-URGENT
16854,3473,F,3908.43,2025-04-13,4-LOW
16855,3473,P,7696.13,2025-02-11,1-URGENT
16856,3473,P,3283.48,2025-04-13,2-HIGH
16857,3473,F,3328.81,2025-04-16,2-HIGH
16858,3473,F,532.66,2025-04-13,2-HIGH
16859,3473,P,2753.04,2025-03-16,2-HIGH
16860,3473,P,3565.56,2025-04-26,3-MEDIUM
16861,3473,O,1413.47,2025-06-05,2-HIGH
16862,3474,P,3780.93,2025-02-04,3-MEDIUM
16863,3474,P,4025.93,2025-01-14,4-LOW
16864,3474,F,5683.93,2025-03-14,2-HIGH
16865,3474,P,1529.85,2025-01-25,2-HIGH
16866,3474,F,3652.89,2025-05-23,2-HIGH
16867,3474,F,468.24,2025-02-13,3-MEDIUM
16868,3475,F,5027.87,2025-02-25,3-MEDIUM
16869,3475,F,1591.31,2025-06-14,2-HIGH
16870,3475,F,4342.46,2025-01-05,3-MEDIUM
16871,3476,O,3352.41,2025-03-03,4-LOW
16872,3476,O,671.76,2025-03-05,2-HIGH
16873,3476,P,4694.39,2025-03-27,3-MEDIUM
16874,3476,P,2385.06,2025-06-03,1-URGENT
16875,3477,P,3114.65,2025-02-09,2-HIGH
16876,3478,O,2097.84,2025-01-11,4-LOW
16877,3478,O,1134.5,2025-04-28,3-MEDIUM
16878,3478,F,4231.4,2025-02-04,3-MEDIUM
16879,3478,O,1128.76,2025-02-04,3-MEDIUM
16880,3478,P,642.24,2025-01-17,4-LOW
16881,3479,P,4564.15,2025-01-12,3-MEDIUM
16882,3479,F,3251.53,2025-05-14,3-MEDIUM
16883,3479,O,1775.12,2025-01-11,3-MEDIUM
16884,3479,F,3897.56,2025-05-20,1-URGENT
16885,3480,O,2388.93,2025-02-01,3-MEDIUM
16886,3480,O,4994.86,2025-03-30,2-HIGH
16887,3480,F,2781.97,2025-05-19,3-MEDIUM
16888,3481,F,898.35,2025-01-07,2-HIGH
16889,3481,P,294.84,2025-05-08,4-LOW
16890,3481,P,5172.55,2025-04-19,2-HIGH
16891,3481,P,6480.48,2025-01-06,4-LOW
16892,3481,O,3494.6,2025-04-07,3-MEDIUM
16893,3481,F,1501.61,2025-06-07,3-MEDIUM
16894,3481,F,1660.17,2025-06-29,3-MEDIUM
16895,3482,O,62.41,2025-01-29,1-URGENT
16896,3483,O,4631.36,2025-01-30,2-HIGH
16897,3483,P,1815.08,2025-06-21,4-LOW
16898,3483,P,785.71,2025-02-10,1-URGENT
16899,3483,F,266.95,2025-05-25,3-MEDIUM
16900,3483,F,155.79,2025-03-04,2-HIGH
16901,3484,P,4100.06,2025-05-04,4-LOW
16902,3484,O,7605.62,2025-05-17,1-URGENT
16903,3484,F,5528.75,2025-06-10,2-HIGH
16904,3484,O,4700.35,2025-06-11,4-LOW
16905,3484,P,1432.14,2025-05-31,1-URGENT
16906,3484,P,8311.79,2025-05-22,3-MEDIUM
16907,3485,F,187.52,2025-04-15,4-LOW
16908,3485,P,3069.61,2025-03-29,1-URGENT
16909,3485,F,2256.69,2025-05-01,2-HIGH
16910,3485,O,130.97,2025-02-09,2-HIGH
16911,3485,F,2865.08,2025-06-25,4-LOW
16912,3485,P,3132.92,2025-05-07,1-URGENT
16913,3485,P,3333.77,2025-02-21,1-URGENT
16914,3486,P,3229.28,2025-06-23,3-MEDIUM
16915,3486,P,1016.43,2025-03-22,3-MEDIUM
16916,3487,O,6855.39,2025-01-11,2-HIGH
16917,3487,F,4059.37,2025-04-20,3-MEDIUM
16918,3487,F,6010.78,2025-02-15,4-LOW
16919,3487,O,2792.58,2025-01-06,4-LOW
16920,3487,P,1793.5,2025-03-14,1-URGENT
16921,3487,P,4196.67,2025-06-24,2-HIGH
16922,3487,O,1204.07,2025-01-29,4-LOW
16923,3487,O,1982.0,2025-06-24,1-URGENT
16924,3488,O,1134.19,2025-02-03,3-MEDIUM
16925,3488,F,8106.07,2025-03-03,3-MEDIUM
16926,3488,F,2710.02,2025-05-02,1-URGENT
16927,3488,F,3114.35,2025-04-17,1-URGENT
16928,3488,P,2818.83,2025-01-25,3-MEDIUM
16929,3488,P,3814.01,2025-06-10,2-HIGH
16930,3489,P,1632.23,2025-02-02,4-LOW
16931,3489,F,3742.73,2025-01-18,4-LOW
16932,3489,P,1423.82,2025-03-04,1-URGENT
16933,3489,F,6023.82,2025-01-29,1-URGENT
16934,3490,P,4545.01,2025-03-07,3-MEDIUM
16935,3490,F,663.3,2025-03-03,4-LOW
16936,3490,F,243.03,2025-01-07,2-HIGH
16937,3490,F,1910.58,2025-06-14,2-HIGH
16938,3491,P,2592.3,2025-03-07,3-MEDIUM
16939,3491,P,7091.98,2025-02-26,3-MEDIUM
16940,3491,F,949.05,2025-05-16,3-MEDIUM
16941,3491,O,2470.0,2025-02-21,4-LOW
16942,3491,F,8113.28,2025-01-14,2-HIGH
16943,3492,O,3192.97,2025-05-06,4-LOW
16944,3493,F,6340.48,2025-01-22,2-HIGH
16945,3493,F,7484.34,2025-05-09,4-LOW
16946,3493,F,6026.76,2025-02-19,1-URGENT
16947,3493,O,5670.02,2025-06-30,3-MEDIUM
16948,3494,F,3685.06,2025-02-05,3-MEDIUM
16949,3494,P,657.75,2025-02-18,3-MEDIUM
16950,3494,O,2830.57,2025-05-30,1-URGENT
16951,3494,F,2099.14,2025-02-05,3-MEDIUM
16952,3494,O,798.97,2025-01-21,1-URGENT
16953,3494,P,199.41,2025-04-25,2-HIGH
16954,3494,F,2312.28,2025-01-02,4-LOW
16955,3495,O,93.37,2025-05-04,2-HIGH
16956,3495,O,615.47,2025-06-04,2-HIGH
16957,3496,F,2644.0,2025-03-25,4-LOW
16958,3496,P,3549.57,2025-01-30,3-MEDIUM
16959,3497,O,3265.88,2025-05-28,1-URGENT
16960,3497,P,4846.74,2025-02-20,4-LOW
16961,3497,P,1091.16,2025-05-20,2-HIGH
16962,3497,P,8699.33,2025-01-04,2-HIGH
16963,3498,P,4289.54,2025-06-27,2-HIGH
16964,3498,F,3708.7,2025-02-28,1-URGENT
16965,3498,O,536.52,2025-05-27,1-URGENT
16966,3498,P,1987.86,2025-04-06,3-MEDIUM
16967,3498,O,2741.68,2025-05-18,2-HIGH
16968,3498,O,298.04,2025-03-24,2-HIGH
16969,3498,O,2592.98,2025-02-07,2-HIGH
16970,3498,O,1231.69,2025-05-28,4-LOW
16971,3499,O,1256.86,2025-03-11,2-HIGH
16972,3499,F,2748.87,2025-04-11,3-MEDIUM
16973,3500,O,3746.34,2025-05-13,4-LOW
16974,3500,P,1352.18,2025-04-05,2-HIGH
16975,3500,O,1972.25,2025-05-25,4-LOW
16976,3501,P,1539.48,2025-01-15,4-LOW
16977,3501,O,3319.35,2025-01-09,2-HIGH
16978,3502,P,2282.51,2025-03-13,4-LOW
16979,3502,P,5226.49,2025-04-22,1-URGENT
16980,3502,F,3883.97,2025-05-21,3-MEDIUM
16981,3502,O,2459.2,2025-02-05,4-LOW
16982,3502,O,2994.71,2025-04-10,1-URGENT
16983,3502,P,1490.43,2025-01-14,2-HIGH
16984,3502,F,2625.98,2025-04-20,2-HIGH
16985,3503,O,4968.68,2025-06-13,2-HIGH
16986,3503,O,5431.42,2025-01-15,2-HIGH
16987,3503,F,2275.78,2025-06-13,2-HIGH
16988,3503,P,1558.36,2025-03-07,2-HIGH
16989,3503,P,4888.13,2025-06-06,2-HIGH
16990,3504,P,335.31,2025-03-03,3-MEDIUM
16991,3504,P,1960.49,2025-01-15,1-URGENT
16992,3504,O,2905.26,2025-04-25,1-URGENT
16993,3504,P,396.64,2025-04-30,3-MEDIUM
16994,3504,P,8204.36,2025-04-18,3-MEDIUM
16995,3505,O,5201.55,2025-02-15,1-URGENT
16996,3506,O,1241.6,2025-02-26,2-HIGH
16997,3506,F,147.86,2025-06-10,2-HIGH
16998,3506,P,414.33,2025-03-04,2-HIGH
16999,3506,P,1106.55,2025-06-11,3-MEDIUM
17000,3507,P,906.37,2025-05-06,3-MEDIUM
17001,3507,O,5230.36,2025-02-22,1-URGENT
17002,3507,F,99.72,2025-01-26,2-HIGH
17003,3507,P,4607.44,2025-06-24,3-MEDIUM
17004,3508,F,3438.28,2025-03-16,1-URGENT
17005,3508,F,2017.29,2025-03-07,4-LOW
17006,3508,P,4772.47,2025-03-26,4-LOW
17007,3508,P,2032.28,2025-02-28,3-MEDIUM
17008,3508,O,3074.63,2025-06-30,3-MEDIUM
17009,3509,F,5755.14,2025-04-07,1-URGENT
17010,3509,F,4048.57,2025-05-27,3-MEDIUM
17011,3509,F,3554.62,2025-05-08,3-MEDIUM
17012,3509,F,1882.15,2025-04-26,2-HIGH
17013,3509,O,4120.46,2025-03-22,4-LOW
17014,3510,P,3635.77,2025-04-03,4-LOW
17015,3511,P,2715.73,2025-01-07,1-URGENT
17016,3511,O,4413.99,2025-06-09,4-LOW
17017,3511,O,3095.35,2025-06-30,3-MEDIUM
17018,3511,F,137.17,2025-05-23,1-URGENT
17019,3511,P,5543.56,2025-01-12,3-MEDIUM
17020,3511,O,3115.92,2025-03-09,2-HIGH
17021,3511,F,3287.25,2025-06-13,3-MEDIUM
17022,3512,P,3076.31,2025-03-10,2-HIGH
17023,3512,O,2762.42,2025-03-17,1-URGENT
17024,3512,P,2481.53,2025-05-17,2-HIGH
17025,3512,O,2470.68,2025-06-19,2-HIGH
17026,3512,P,5993.93,2025-03-23,2-HIGH
17027,3512,P,9131.97,2025-05-20,2-HIGH
17028,3513,P,5597.23,2025-05-06,1-URGENT
17029,3513,P,3975.5,2025-05-29,4-LOW
17030,3513,F,3544.13,2025-04-09,2-HIGH
17031,3513,P,582.75,2025-05-28,1-URGENT
17032,3514,P,3349.78,2025-05-28,3-MEDIUM
17033,3514,O,271.86,2025-05-10,2-HIGH
17034,3515,P,111.96,2025-03-09,3-MEDIUM
17035,3515,P,490.2,2025-01-16,3-MEDIUM
17036,3516,F,4832.8,2025-02-13,2-HIGH
17037,3516,O,2922.1,2025-06-22,1-URGENT
17038,3516,O,764.28,2025-04-02,4-LOW
17039,3516,P,978.46,2025-04-30,4-LOW
17040,3517,O,2419.09,2025-06-01,3-MEDIUM
17041,3517,P,6637.52,2025-05-16,4-LOW
17042,3517,P,3457.66,2025-05-19,4-LOW
17043,3518,P,1565.78,2025-01-30,2-HIGH
17044,3518,F,2502.45,2025-02-27,1-URGENT
17045,3518,P,2842.38,2025-03-14,1-URGENT
17046,3518,O,4797.36,2025-01-13,2-HIGH
17047,3519,O,6231.56,2025-04-02,3-MEDIUM
17048,3519,O,5915.67,2025-02-08,4-LOW
17049,3520,F,2338.46,2025-01-20,4-LOW
17050,3520,O,4534.98,2025-06-14,4-LOW
17051,3520,F,3641.4,2025-01-09,4-LOW
17052,3520,P,2329.47,2025-04-23,1-URGENT
17053,3521,O,2709.46,2025-01-01,3-MEDIUM
17054,3521,O,2668.31,2025-05-12,2-HIGH
17055,3521,F,2961.85,2025-04-29,3-MEDIUM
17056,3521,F,2491.86,2025-03-26,4-LOW
17057,3521,O,4428.97,2025-03-05,3-MEDIUM
17058,3521,O,2705.66,2025-05-11,1-URGENT
17059,3521,P,4907.64,2025-05-31,2-HIGH
17060,3522,P,7544.44,2025-03-03,1-URGENT
17061,3522,O,932.8,2025-06-02,3-MEDIUM
17062,3523,P,1179.77,2025-02-06,1-URGENT
17063,3523,O,2899.32,2025-04-01,2-HIGH
17064,3523,F,2303.44,2025-04-19,4-LOW
17065,3523,P,4125.92,2025-01-25,1-URGENT
17066,3524,F,1695.77,2025-01-09,1-URGENT
17067,3525,O,4835.39,2025-04-29,4-LOW
17068,3525,F,900.14,2025-05-28,2-HIGH
17069,3526,O,3418.29,2025-02-14,4-LOW
17070,3526,P,2337.22,2025-03-10,3-MEDIUM
17071,3527,P,3081.9,2025-06-04,2-HIGH
17072,3527,P,3087.77,2025-06-12,2-HIGH
17073,3528,O,127.51,2025-01-29,1-URGENT
17074,3528,O,3489.88,2025-04-24,1-URGENT
17075,3528,O,4634.85,2025-04-18,1-URGENT
17076,3528,P,483.76,2025-01-11,3-MEDIUM
17077,3528,F,3129.29,2025-05-04,2-HIGH
17078,3528,F,3744.48,2025-03-16,3-MEDIUM
17079,3528,O,1837.56,2025-02-07,1-URGENT
17080,3529,P,2855.5,2025-01-03,2-HIGH
17081,3529,P,2257.7,2025-05-10,4-LOW
17082,3529,P,688.25,2025-01-23,3-MEDIUM
17083,3529,F,949.64,2025-05-28,4-LOW
17084,3529,P,3659.32,2025-04-20,4-LOW
17085,3529,P,325.71,2025-05-07,4-LOW
17086,3529,F,5019.91,2025-04-26,1-URGENT
17087,3530,P,1721.88,2025-06-19,1-URGENT
17088,3530,P,4409.84,2025-06-19,4-LOW
17089,3530,O,2712.78,2025-06-15,1-URGENT
17090,3530,O,229.0,2025-03-10,2-HIGH
17091,3530,P,3231.82,2025-04-11,1-URGENT
17092,3531,O,9714.92,2025-05-30,4-LOW
17093,3531,O,4680.09,2025-02-11,1-URGENT
17094,3531,P,3508.71,2025-01-27,4-LOW
17095,3531,P,8929.85,2025-02-06,1-URGENT
17096,3531,F,1886.28,2025-02-25,4-LOW
17097,3531,F,6388.63,2025-02-13,3-MEDIUM
17098,3532,P,4310.77,2025-01-06,3-MEDIUM
17099,3532,P,3701.33,2025-03-31,3-MEDIUM
17100,3532,O,6101.63,2025-04-29,4-LOW
17101,3532,F,5569.16,2025-06-10,1-URGENT
17102,3533,F,1700.0,2025-04-14,2-HIGH
17103,3533,P,3667.94,2025-04-19,2-HIGH
17104,3533,F,8874.79,2025-06-11,2-HIGH
17105,3533,F,1318.53,2025-03-28,3-MEDIUM
17106,3534,P,1848.2,2025-01-09,2-HIGH
17107,3534,O,1639.41,2025-04-29,1-URGENT
17108,3534,F,6677.12,2025-03-01,2-HIGH
17109,3534,F,2820.93,2025-01-17,2-HIGH
17110,3534,O,763.01,2025-01-19,3-MEDIUM
17111,3534,O,3589.11,2025-04-03,3-MEDIUM
17112,3535,O,505.55,2025-03-16,3-MEDIUM
17113,3536,O,6497.29,2025-05-23,3-MEDIUM
17114,3536,O,9099.44,2025-05-06,2-HIGH
17115,3536,F,2309.93,2025-06-14,2-HIGH
17116,3536,P,5691.3,2025-06-30,3-MEDIUM
17117,3536,P,3160.51,2025-04-15,2-HIGH
17118,3537,F,6696.42,2025-06-07,4-LOW
17119,3537,F,3576.86,2025-02-28,1-URGENT
17120,3537,F,2994.24,2025-06-22,3-MEDIUM
17121,3537,O,3426.9,2025-06-07,2-HIGH
17122,3538,O,2694.63,2025-03-04,2-HIGH
17123,3538,O,2665.59,2025-01-11,1-URGENT
17124,3538,F,4182.95,2025-02-05,2-HIGH
17125,3538,O,4334.46,2025-01-21,1-URGENT
17126,3538,O,3006.0,2025-04-23,2-HIGH
17127,3538,O,1325.91,2025-04-12,2-HIGH
17128,3539,F,1065.22,2025-06-17,1-URGENT
17129,3539,P,5669.35,2025-02-01,1-URGENT
17130,3539,O,3836.15,2025-05-10,3-MEDIUM
17131,3539,O,2528.23,2025-05-27,2-HIGH
17132,3540,O,558.94,2025-01-09,2-HIGH
17133,3541,O,2267.65,2025-03-02,1-URGENT
17134,3541,O,1360.02,2025-05-08,2-HIGH
17135,3541,F,2667.9,2025-04-08,1-URGENT
17136,3541,O,5806.53,2025-02-05,2-HIGH
17137,3542,P,1312.52,2025-05-03,4-LOW
17138,3543,P,2389.77,2025-01-13,2-HIGH
17139,3543,P,1180.1,2025-01-25,2-HIGH
17140,3544,P,1178.09,2025-03-06,3-MEDIUM
17141,3544,O,1628.94,2025-05-21,4-LOW
17142,3544,O,130.34,2025-05-02,2-HIGH
17143,3544,O,2035.63,2025-04-26,4-LOW
17144,3544,F,2483.06,2025-05-25,2-HIGH
17145,3544,P,5478.99,2025-05-19,3-MEDIUM
17146,3544,F,3432.79,2025-06-12,3-MEDIUM
17147,3545,F,2434.51,2025-06-23,4-LOW
17148,3546,O,6699.12,2025-03-21,4-LOW
17149,3546,O,3109.66,2025-02-25,1-URGENT
17150,3546,F,3362.03,2025-06-29,1-URGENT
17151,3547,P,4570.23,2025-03-17,3-MEDIUM
17152,3547,O,1233.29,2025-02-20,4-LOW
17153,3547,O,2023.1,2025-04-20,1-URGENT
17154,3547,P,2329.86,2025-03-22,1-URGENT
17155,3547,P,2547.72,2025-03-23,1-URGENT
17156,3547,F,1201.92,2025-05-23,4-LOW
17157,3547,P,6389.91,2025-06-21,2-HIGH
17158,3548,F,1719.16,2025-06-19,1-URGENT
17159,3548,F,4902.25,2025-06-25,3-MEDIUM
17160,3548,F,5177.33,2025-01-01,1-URGENT
17161,3548,P,3392.91,2025-02-10,2-HIGH
17162,3548,O,2805.0,2025-03-05,3-MEDIUM
17163,3548,P,3791.88,2025-06-27,3-MEDIUM
17164,3549,F,4884.7,2025-01-23,4-LOW
17165,3549,F,3429.9,2025-03-14,3-MEDIUM
17166,3549,F,3188.62,2025-06-07,3-MEDIUM
17167,3549,O,1219.87,2025-05-05,2-HIGH
17168,3549,O,5290.11,2025-04-26,1-URGENT
17169,3549,P,554.17,2025-03-11,2-HIGH
17170,3549,F,2380.5,2025-03-29,4-LOW
17171,3549,P,1776.68,2025-06-01,4-LOW
17172,3550,F,2067.7,2025-05-07,4-LOW
17173,3550,F,182.59,2025-03-06,3-MEDIUM
17174,3550,P,2800.51,2025-06-07,2-HIGH
17175,3551,O,1184.09,2025-02-21,3-MEDIUM
17176,3551,F,5836.78,2025-04-15,1-URGENT
17177,3551,O,2038.28,2025-01-17,1-URGENT
17178,3551,F,1930.45,2025-01-19,1-URGENT
17179,3551,P,2788.0,2025-05-11,1-URGENT
17180,3551,O,3400.02,2025-05-26,1-URGENT
17181,3551,F,4273.35,2025-05-11,1-URGENT
17182,3551,P,7727.87,2025-05-19,4-LOW
17183,3552,O,4504.25,2025-02-16,3-MEDIUM
17184,3552,F,6428.22,2025-03-10,1-URGENT
17185,3552,P,526.83,2025-03-18,2-HIGH
17186,3552,F,1350.64,2025-01-26,2-HIGH
17187,3552,P,4017.07,2025-01-03,1-URGENT
17188,3552,O,1455.65,2025-04-18,3-MEDIUM
17189,3552,O,2882.14,2025-02-01,4-LOW
17190,3552,P,3289.81,2025-05-12,2-HIGH
17191,3553,O,4378.17,2025-01-31,3-MEDIUM
17192,3554,P,2190.05,2025-01-09,2-HIGH
17193,3554,O,4870.86,2025-02-02,3-MEDIUM
17194,3554,P,39.63,2025-04-02,1-URGENT
17195,3554,O,4048.03,2025-03-29,1-URGENT
17196,3555,F,5034.44,2025-03-17,2-HIGH
17197,3555,O,942.18,2025-03-29,1-URGENT
17198,3556,P,2941.9,2025-04-04,1-URGENT
17199,3556,F,6369.2,2025-04-07,1-URGENT
17200,3556,O,4092.67,2025-01-13,1-URGENT
17201,3556,P,4508.91,2025-03-28,4-LOW
17202,3557,F,3043.96,2025-03-12,4-LOW
17203,3557,F,2085.26,2025-05-31,1-URGENT
17204,3557,O,2111.7,2025-03-13,1-URGENT
17205,3558,O,7382.96,2025-03-30,4-LOW
17206,3558,O,2927.15,2025-02-01,1-URGENT
17207,3558,O,6640.59,2025-05-19,3-MEDIUM
17208,3558,O,4274.79,2025-06-20,3-MEDIUM
17209,3558,F,3374.93,2025-02-20,1-URGENT
17210,3558,O,4111.46,2025-03-18,3-MEDIUM
17211,3558,P,3132.74,2025-02-03,4-LOW
17212,3559,F,4845.46,2025-04-15,3-MEDIUM
17213,3559,P,6939.81,2025-04-27,1-URGENT
17214,3559,O,1119.58,2025-05-23,2-HIGH
17215,3559,P,2036.23,2025-02-28,1-URGENT
17216,3560,F,3202.89,2025-03-30,2-HIGH
17217,3560,F,2975.5,2025-03-30,2-HIGH
17218,3560,O,2947.45,2025-06-18,4-LOW
17219,3560,F,2065.2,2025-03-28,4-LOW
17220,3560,O,2499.08,2025-01-11,2-HIGH
17221,3561,F,3824.53,2025-02-12,3-MEDIUM
17222,3561,P,4340.0,2025-01-01,1-URGENT
17223,3561,O,720.59,2025-04-27,4-LOW
17224,3561,O,6682.68,2025-01-23,1-URGENT
17225,3561,F,5805.77,2025-05-07,1-URGENT
17226,3561,P,5905.16,2025-02-10,3-MEDIUM
17227,3562,P,6696.3,2025-04-23,3-MEDIUM
17228,3562,P,2577.37,2025-01-25,1-URGENT
17229,3562,F,7766.92,2025-05-13,3-MEDIUM
17230,3563,O,8394.15,2025-04-19,4-LOW
17231,3563,F,1397.24,2025-02-12,2-HIGH
17232,3564,P,1148.55,2025-04-26,4-LOW
17233,3564,F,119.05,2025-04-06,3-MEDIUM
17234,3564,P,3000.08,2025-03-29,2-HIGH
17235,3564,P,317.2,2025-02-23,4-LOW
17236,3564,F,2144.14,2025-05-09,4-LOW
17237,3565,O,6713.97,2025-04-20,1-URGENT
17238,3565,O,6477.99,2025-06-14,1-URGENT
17239,3566,F,1496.02,2025-04-25,4-LOW
17240,3566,O,265.89,2025-04-26,3-MEDIUM
17241,3566,O,5436.67,2025-04-10,1-URGENT
17242,3566,P,578.04,2025-04-07,1-URGENT
17243,3566,P,1342.44,2025-05-06,4-LOW
17244,3566,O,728.17,2025-04-12,1-URGENT
17245,3566,F,3312.13,2025-01-02,3-MEDIUM
17246,3566,F,424.57,2025-03-25,1-URGENT
17247,3567,P,1859.53,2025-06-29,4-LOW
17248,3567,F,4980.14,2025-05-26,4-LOW
17249,3567,F,1219.28,2025-01-06,4-LOW
17250,3568,F,3221.78,2025-02-01,2-HIGH
17251,3568,O,3068.66,2025-03-02,4-LOW
17252,3568,O,4114.8,2025-05-28,2-HIGH
17253,3569,O,2933.95,2025-01-23,2-HIGH
17254,3569,O,339.66,2025-04-03,4-LOW
17255,3569,P,2241.65,2025-01-27,2-HIGH
17256,3570,O,4982.49,2025-02-12,3-MEDIUM
17257,3570,O,4046.13,2025-03-27,2-HIGH
17258,3570,F,1249.18,2025-03-09,1-URGENT
17259,3570,P,2042.7,2025-06-05,4-LOW
17260,3570,F,2775.84,2025-04-13,1-URGENT
17261,3570,P,720.08,2025-04-16,2-HIGH
17262,3570,O,4118.78,2025-02-10,4-LOW
17263,3570,F,5943.47,2025-01-28,2-HIGH
17264,3571,F,1120.79,2025-01-12,2-HIGH
17265,3571,O,4295.28,2025-02-13,3-MEDIUM
17266,3571,F,3096.62,2025-04-11,4-LOW
17267,3571,P,2935.69,2025-04-20,4-LOW
17268,3571,O,4614.77,2025-05-14,2-HIGH
17269,3572,O,5606.69,2025-03-17,3-MEDIUM
17270,3572,P,2857.67,2025-03-25,4-LOW
17271,3573,O,6294.62,2025-03-29,2-HIGH
17272,3573,O,3303.01,2025-04-24,3-MEDIUM
17273,3573,F,119.67,2025-05-10,1-URGENT
17274,3573,F,2442.83,2025-03-30,2-HIGH
17275,3574,P,6757.35,2025-02-12,1-URGENT
17276,3574,O,1682.15,2025-06-24,3-MEDIUM
17277,3574,O,7452.35,2025-05-10,2-HIGH
17278,3574,P,4911.87,2025-03-05,2-HIGH
17279,3574,F,5199.37,2025-06-07,1-URGENT
17280,3575,O,3227.39,2025-06-16,4-LOW
17281,3576,P,804.65,2025-03-24,4-LOW
17282,3576,F,1936.95,2025-02-16,1-URGENT
17283,3576,P,5563.91,2025-03-12,4-LOW
17284,3576,O,3425.25,2025-06-13,2-HIGH
17285,3576,P,3462.3,2025-03-06,1-URGENT
17286,3576,O,4747.96,2025-02-13,1-URGENT
17287,3576,P,1794.0,2025-06-23,3-MEDIUM
17288,3576,O,351.47,2025-02-01,2-HIGH
17289,3577,F,79.33,2025-05-30,1-URGENT
17290,3577,P,7424.48,2025-06-24,4-LOW
17291,3577,O,1742.88,2025-02-28,4-LOW
17292,3577,F,416.49,2025-03-08,1-URGENT
17293,3577,F,5302.3,2025-04-04,2-HIGH
17294,3577,O,2400.72,2025-06-24,1-URGENT
17295,3577,F,4216.87,2025-04-08,2-HIGH
17296,3577,P,627.34,2025-05-16,3-MEDIUM
17297,3578,O,1031.81,2025-04-29,1-URGENT
17298,3579,O,4922.9,2025-02-22,4-LOW
17299,3579,O,1288.27,2025-04-11,1-URGENT
17300,3579,F,945.86,2025-01-06,3-MEDIUM
17301,3580,P,4220.83,2025-01-05,1-URGENT
17302,3580,F,883.73,2025-06-10,4-LOW
17303,3581,O,1205.23,2025-04-17,4-LOW
17304,3581,F,3597.27,2025-03-19,3-MEDIUM
17305,3581,P,2074.94,2025-04-02,3-MEDIUM
17306,3581,F,102.79,2025-02-15,2-HIGH
17307,3581,O,8170.37,2025-01-31,4-LOW
17308,3581,F,7117.57,2025-01-29,3-MEDIUM
17309,3582,P,2610.32,2025-01-24,4-LOW
17310,3582,P,2154.13,2025-03-02,3-MEDIUM
17311,3582,F,3832.2,2025-03-07,2-HIGH
17312,3582,F,345.51,2025-05-23,3-MEDIUM
17313,3583,P,1154.14,2025-03-14,1-URGENT
17314,3583,O,2309.07,2025-04-15,2-HIGH
17315,3583,O,769.56,2025-04-26,3-MEDIUM
17316,3583,P,951.3,2025-04-06,2-HIGH
17317,3583,P,1103.76,2025-02-10,4-LOW
17318,3583,P,1212.15,2025-02-20,4-LOW
17319,3583,F,1396.71,2025-01-05,3-MEDIUM
17320,3584,F,2247.15,2025-05-30,4-LOW
17321,3584,P,6583.73,2025-04-22,1-URGENT
17322,3584,O,426.28,2025-05-08,1-URGENT
17323,3584,F,2882.37,2025-03-23,2-HIGH
17324,3584,P,2001.09,2025-06-10,2-HIGH
17325,3584,F,1551.03,2025-05-17,3-MEDIUM
17326,3585,P,2259.25,2025-05-23,3-MEDIUM
17327,3585,F,659.52,2025-01-15,1-URGENT
17328,3585,P,4939.05,2025-05-13,1-URGENT
17329,3585,O,6587.57,2025-06-15,4-LOW
17330,3585,P,75.0,2025-03-19,2-HIGH
17331,3585,P,2289.4,2025-04-09,2-HIGH
17332,3585,F,262.48,2025-03-15,1-URGENT
17333,3586,O,3156.65,2025-02-21,2-HIGH
17334,3586,F,1325.25,2025-02-22,4-LOW
17335,3586,O,1852.41,2025-03-25,1-URGENT
17336,3586,F,618.89,2025-02-03,4-LOW
17337,3586,F,3958.99,2025-02-06,4-LOW
17338,3586,F,1488.19,2025-01-28,1-URGENT
17339,3587,O,31.69,2025-06-14,3-MEDIUM
17340,3587,O,2329.1,2025-06-09,3-MEDIUM
17341,3587,P,779.18,2025-02-09,1-URGENT
17342,3587,P,2976.85,2025-03-17,2-HIGH
17343,3587,F,3689.45,2025-01-10,2-HIGH
17344,3587,O,1878.95,2025-06-15,3-MEDIUM
17345,3587,O,2058.88,2025-06-19,4-LOW
17346,3588,F,3279.76,2025-04-01,2-HIGH
17347,3588,P,6037.39,2025-04-01,4-LOW
17348,3588,P,2842.5,2025-01-09,3-MEDIUM
17349,3588,O,908.24,2025-06-09,1-URGENT
17350,3588,O,5899.82,2025-04-12,2-HIGH
17351,3588,O,4967.27,2025-01-31,4-LOW
17352,3588,O,2698.21,2025-05-14,2-HIGH
17353,3588,P,4186.72,2025-05-23,3-MEDIUM
17354,3589,F,3363.03,2025-05-09,4-LOW
17355,3589,F,3640.54,2025-02-14,3-MEDIUM
17356,3590,P,1653.1,2025-01-12,2-HIGH
17357,3590,O,2643.32,2025-05-06,4-LOW
17358,3590,P,6078.24,2025-01-31,4-LOW
17359,3590,O,5325.46,2025-03-20,3-MEDIUM
17360,3591,F,3461.35,2025-01-19,3-MEDIUM
17361,3591,P,726.25,2025-06-17,3-MEDIUM
17362,3591,F,3689.69,2025-02-10,1-URGENT
17363,3591,P,6568.35,2025-01-10,3-MEDIUM
17364,3591,F,3194.35,2025-01-03,1-URGENT
17365,3592,P,948.86,2025-05-10,3-MEDIUM
17366,3592,P,6529.4,2025-04-21,3-MEDIUM
17367,3592,F,1414.04,2025-05-26,3-MEDIUM
17368,3592,O,3680.96,2025-06-21,3-MEDIUM
17369,3592,O,4737.85,2025-04-29,2-HIGH
17370,3592,F,3399.01,2025-02-15,3-MEDIUM
17371,3593,O,4321.3,2025-05-28,2-HIGH
17372,3593,O,4399.49,2025-04-07,1-URGENT
17373,3594,F,2441.81,2025-05-01,1-URGENT
17374,3594,O,1386.36,2025-04-05,4-LOW
17375,3594,P,5151.11,2025-01-13,3-MEDIUM
17376,3595,O,4193.88,2025-01-19,3-MEDIUM
17377,3595,P,2903.81,2025-01-27,2-HIGH
17378,3595,F,2226.93,2025-06-18,4-LOW
17379,3596,O,3435.32,2025-01-06,4-LOW
17380,3596,F,1411.48,2025-02-14,2-HIGH
17381,3596,P,3578.01,2025-03-26,4-LOW
17382,3596,F,5086.0,2025-02-05,2-HIGH
17383,3596,P,996.36,2025-01-28,2-HIGH
17384,3596,O,377.23,2025-03-02,2-HIGH
17385,3596,F,2251.48,2025-04-07,4-LOW
17386,3597,O,6088.94,2025-04-07,4-LOW
17387,3597,F,1685.6,2025-06-02,3-MEDIUM
17388,3597,P,453.93,2025-06-17,1-URGENT
17389,3597,P,1208.51,2025-02-03,1-URGENT
17390,3597,P,1396.34,2025-04-06,1-URGENT
17391,3597,P,3123.15,2025-03-04,1-URGENT
17392,3598,F,3334.16,2025-06-24,2-HIGH
17393,3598,P,6165.24,2025-01-26,2-HIGH
17394,3598,F,3819.45,2025-04-17,1-URGENT
17395,3598,O,2160.84,2025-01-13,1-URGENT
17396,3598,O,3765.97,2025-06-06,1-URGENT
17397,3599,O,3297.67,2025-03-14,4-LOW
17398,3599,O,3956.27,2025-03-22,3-MEDIUM
17399,3599,F,509.44,2025-03-30,2-HIGH
17400,3599,F,2385.54,2025-05-17,1-URGENT
17401,3599,F,2434.47,2025-05-01,1-URGENT
17402,3599,F,6655.02,2025-06-18,3-MEDIUM
17403,3599,O,1324.48,2025-01-16,4-LOW
17404,3600,F,2933.28,2025-02-05,2-HIGH
17405,3600,F,5397.52,2025-03-22,3-MEDIUM
17406,3600,P,2014.72,2025-03-18,4-LOW
17407,3600,O,6804.35,2025-03-14,1-URGENT
17408,3601,P,1189.99,2025-03-19,4-LOW
17409,3602,P,2195.79,2025-01-14,4-LOW
17410,3602,P,6200.88,2025-03-05,2-HIGH
17411,3602,O,4141.47,2025-04-08,3-MEDIUM
17412,3602,F,2003.19,2025-06-20,3-MEDIUM
17413,3602,P,6491.79,2025-04-26,4-LOW
17414,3602,P,2250.68,2025-02-15,4-LOW
17415,3602,P,3007.53,2025-03-08,1-URGENT
17416,3602,F,1179.63,2025-06-21,3-MEDIUM
17417,3603,F,3669.19,2025-06-16,1-URGENT
17418,3603,O,1446.28,2025-02-21,1-URGENT
17419,3604,F,4219.24,2025-01-23,1-URGENT
17420,3604,P,105.27,2025-06-07,4-LOW
17421,3604,O,347.9,2025-04-19,2-HIGH
17422,3605,F,7154.45,2025-04-10,1-URGENT
17423,3605,F,7191.34,2025-05-09,4-LOW
17424,3605,F,6771.94,2025-02-15,4-LOW
17425,3605,O,1681.48,2025-02-27,2-HIGH
17426,3605,O,2935.23,2025-06-25,1-URGENT
17427,3606,F,2179.44,2025-06-13,2-HIGH
17428,3606,P,636.88,2025-05-02,1-URGENT
17429,3606,O,5382.16,2025-01-22,3-MEDIUM
17430,3606,O,2049.98,2025-06-05,2-HIGH
17431,3606,O,1890.53,2025-05-08,3-MEDIUM
17432,3606,P,1793.07,2025-06-17,4-LOW
17433,3606,O,1283.26,2025-03-02,3-MEDIUM
17434,3606,F,5803.71,2025-04-14,4-LOW
17435,3607,F,5079.0,2025-05-27,4-LOW
17436,3608,P,2192.3,2025-04-16,1-URGENT
17437,3608,O,5504.88,2025-04-14,1-URGENT
17438,3608,F,3108.55,2025-05-14,4-LOW
17439,3608,F,865.08,2025-05-08,3-MEDIUM
17440,3608,F,545.19,2025-01-24,2-HIGH
17441,3608,F,2379.48,2025-04-10,2-HIGH
17442,3609,O,9022.99,2025-06-16,4-LOW
17443,3609,F,2387.98,2025-06-09,1-URGENT
17444,3609,P,1984.25,2025-01-31,3-MEDIUM
17445,3609,O,741.28,2025-05-05,4-LOW
17446,3609,P,6125.55,2025-05-04,2-HIGH
17447,3609,P,1025.62,2025-03-21,4-LOW
17448,3610,F,952.18,2025-03-06,4-LOW
17449,3610,P,2917.31,2025-05-06,3-MEDIUM
17450,3610,F,7217.93,2025-02-11,1-URGENT
17451,3610,P,6964.76,2025-01-03,2-HIGH
17452,3610,O,3558.34,2025-04-09,4-LOW
17453,3611,P,4221.02,2025-01-07,3-MEDIUM
17454,3611,O,4500.69,2025-05-20,2-HIGH
17455,3611,O,7318.09,2025-03-20,2-HIGH
17456,3611,O,2774.82,2025-01-25,1-URGENT
17457,3612,F,5780.1,2025-04-28,1-URGENT
17458,3612,O,2329.65,2025-03-23,3-MEDIUM
17459,3612,O,6285.67,2025-06-26,2-HIGH
17460,3612,F,2738.24,2025-01-18,1-URGENT
17461,3612,O,6196.69,2025-01-15,3-MEDIUM
17462,3613,P,3201.15,2025-05-14,2-HIGH
17463,3613,P,1825.21,2025-02-28,4-LOW
17464,3613,F,3609.76,2025-05-16,1-URGENT
17465,3613,P,2701.09,2025-03-08,3-MEDIUM
17466,3613,F,3211.53,2025-01-16,1-URGENT
17467,3613,F,2119.98,2025-05-02,4-LOW
17468,3614,O,5627.9,2025-06-02,1-URGENT
17469,3614,P,3934.84,2025-01-02,3-MEDIUM
17470,3614,F,1970.65,2025-05-22,1-URGENT
17471,3615,O,4995.85,2025-05-14,3-MEDIUM
17472,3615,P,5325.89,2025-03-10,4-LOW
17473,3615,O,982.34,2025-05-17,2-HIGH
17474,3615,O,10446.57,2025-03-06,4-LOW
17475,3615,O,3392.33,2025-03-17,1-URGENT
17476,3615,F,7291.38,2025-01-11,4-LOW
17477,3616,P,1624.87,2025-04-11,1-URGENT
17478,3616,O,359.6,2025-05-26,2-HIGH
17479,3616,F,3013.08,2025-06-07,4-LOW
17480,3616,F,2329.47,2025-01-14,4-LOW
17481,3616,O,164.68,2025-05-30,4-LOW
17482,3616,P,25.48,2025-02-27,2-HIGH
17483,3616,O,1622.0,2025-04-27,2-HIGH
17484,3617,O,627.96,2025-06-13,4-LOW
17485,3617,O,562.95,2025-05-19,3-MEDIUM
17486,3617,P,3258.78,2025-01-20,3-MEDIUM
17487,3617,P,4441.88,2025-04-04,2-HIGH
17488,3617,O,1575.99,2025-03-29,3-MEDIUM
17489,3617,F,182.36,2025-02-19,2-HIGH
17490,3617,P,3202.85,2025-05-25,3-MEDIUM
17491,3617,O,3671.88,2025-05-10,2-HIGH
17492,3618,F,7062.67,2025-04-11,3-MEDIUM
17493,3618,O,3965.64,2025-01-20,3-MEDIUM
17494,3618,F,5717.66,2025-03-01,4-LOW
17495,3619,O,1500.83,2025-04-05,2-HIGH
17496,3619,F,3901.4,2025-04-01,2-HIGH
17497,3619,O,4882.48,2025-01-20,2-HIGH
17498,3619,O,1083.23,2025-02-13,1-URGENT
17499,3619,O,676.1,2025-05-06,1-URGENT
17500,3619,O,2642.52,2025-06-12,1-URGENT
17501,3620,P,165.73,2025-06-23,2-HIGH
17502,3620,P,1216.84,2025-04-03,2-HIGH
17503,3620,O,3213.67,2025-05-31,3-MEDIUM
17504,3620,P,4198.76,2025-06-10,4-LOW
17505,3620,P,3489.66,2025-03-28,3-MEDIUM
17506,3621,P,1217.61,2025-04-30,4-LOW
17507,3622,F,2639.89,2025-03-06,1-URGENT
17508,3622,P,1766.53,2025-03-07,1-URGENT
17509,3622,F,5974.06,2025-01-24,3-MEDIUM
17510,3622,P,2597.02,2025-04-13,3-MEDIUM
17511,3622,O,1285.29,2025-03-17,2-HIGH
17512,3622,F,1730.11,2025-02-22,1-URGENT
17513,3623,P,6913.85,2025-06-29,3-MEDIUM
17514,3623,P,7457.63,2025-04-24,2-HIGH
17515,3623,F,2368.46,2025-03-14,2-HIGH
17516,3623,O,1924.62,2025-05-01,1-URGENT
17517,3623,P,1560.33,2025-01-28,2-HIGH
17518,3624,O,306.28,2025-05-09,4-LOW
17519,3625,O,1239.52,2025-04-08,3-MEDIUM
17520,3625,P,8115.04,2025-02-20,1-URGENT
17521,3625,F,5659.52,2025-02-01,3-MEDIUM
17522,3625,O,5284.18,2025-01-14,3-MEDIUM
17523,3625,O,6170.7,2025-03-31,2-HIGH
17524,3625,P,9852.16,2025-05-12,1-URGENT
17525,3625,O,6324.5,2025-03-30,2-HIGH
17526,3625,O,732.18,2025-04-26,1-URGENT
17527,3626,F,1293.81,2025-01-16,1-URGENT
17528,3626,O,4398.28,2025-01-15,4-LOW
17529,3626,P,3723.71,2025-04-12,1-URGENT
17530,3626,P,2821.8,2025-05-09,1-URGENT
17531,3626,P,4738.04,2025-05-08,4-LOW
17532,3626,O,1797.2,2025-04-12,3-MEDIUM
17533,3626,O,6762.8,2025-01-04,3-MEDIUM
17534,3626,F,7817.52,2025-04-14,4-LOW
17535,3627,F,6531.25,2025-02-12,1-URGENT
17536,3627,O,4712.85,2025-05-21,1-URGENT
17537,3628,O,4168.0,2025-03-25,3-MEDIUM
17538,3628,O,320.4,2025-05-17,1-URGENT
17539,3628,F,4406.88,2025-05-12,1-URGENT
17540,3628,P,458.37,2025-04-26,1-URGENT
17541,3629,O,4236.11,2025-01-26,1-URGENT
17542,3630,O,2067.16,2025-04-22,1-URGENT
17543,3630,O,3623.41,2025-04-06,1-URGENT
17544,3630,F,2295.11,2025-05-08,4-LOW
17545,3630,F,6526.36,2025-05-21,3-MEDIUM
17546,3630,O,3513.12,2025-02-19,2-HIGH
17547,3630,P,3949.08,2025-02-07,2-HIGH
17548,3630,P,6476.49,2025-06-29,1-URGENT
17549,3630,F,4139.22,2025-05-26,2-HIGH
17550,3631,F,2734.76,2025-02-02,1-URGENT
17551,3631,O,537.46,2025-04-06,1-URGENT
17552,3631,F,3574.03,2025-02-02,4-LOW
17553,3631,O,8780.23,2025-03-05,1-URGENT
17554,3631,P,3413.8,2025-02-16,4-LOW
17555,3631,F,3265.86,2025-05-24,3-MEDIUM
17556,3631,F,189.86,2025-01-31,2-HIGH
17557,3632,F,1478.36,2025-06-05,4-LOW
17558,3632,F,2794.53,2025-05-03,4-LOW
17559,3632,O,971.61,2025-04-21,4-LOW
17560,3632,O,7993.17,2025-03-09,3-MEDIUM
17561,3632,O,2190.74,2025-05-06,2-HIGH
17562,3633,O,7414.67,2025-05-23,1-URGENT
17563,3633,O,4541.88,2025-06-27,2-HIGH
17564,3633,O,4654.2,2025-05-30,2-HIGH
17565,3633,O,912.09,2025-05-24,1-URGENT
17566,3633,F,2619.41,2025-03-14,3-MEDIUM
17567,3633,P,223.25,2025-03-05,1-URGENT
17568,3633,F,9215.64,2025-06-04,2-HIGH
17569,3634,P,5018.71,2025-06-05,2-HIGH
17570,3635,F,3117.86,2025-05-03,2-HIGH
17571,3635,O,2082.48,2025-04-19,1-URGENT
17572,3636,F,3771.76,2025-06-20,1-URGENT
17573,3636,F,455.05,2025-04-29,1-URGENT
17574,3636,P,1466.69,2025-01-23,1-URGENT
17575,3636,O,3957.44,2025-03-22,4-LOW
17576,3636,O,3541.99,2025-01-06,4-LOW
17577,3636,P,2277.43,2025-05-18,4-LOW
17578,3637,P,3436.82,2025-04-04,3-MEDIUM
17579,3637,P,2983.11,2025-01-11,3-MEDIUM
17580,3638,F,4391.18,2025-06-19,2-HIGH
17581,3638,P,1816.28,2025-03-19,1-URGENT
17582,3639,O,2961.58,2025-02-02,4-LOW
17583,3639,F,2736.84,2025-01-08,1-URGENT
17584,3639,P,5762.6,2025-03-28,3-MEDIUM
17585,3639,F,2347.66,2025-01-18,3-MEDIUM
17586,3639,P,3984.32,2025-04-26,4-LOW
17587,3639,P,2833.94,2025-05-30,3-MEDIUM
17588,3639,P,2073.23,2025-03-01,2-HIGH
17589,3640,P,2612.73,2025-03-03,4-LOW
17590,3640,F,4245.99,2025-04-07,1-URGENT
17591,3640,P,503.99,2025-04-08,2-HIGH
17592,3640,P,1189.14,2025-05-15,1-URGENT
17593,3641,P,1851.52,2025-03-18,3-MEDIUM
17594,3641,F,1264.33,2025-06-01,4-LOW
17595,3642,O,1261.64,2025-04-07,4-LOW
17596,3643,O,1118.7,2025-03-25,1-URGENT
17597,3644,O,3009.68,2025-02-13,4-LOW
17598,3644,O,2279.66,2025-03-06,1-URGENT
17599,3644,O,5492.1,2025-01-24,1-URGENT
17600,3644,O,3110.19,2025-01-12,3-MEDIUM
17601,3644,O,4011.39,2025-01-10,1-URGENT
17602,3645,P,1734.81,2025-04-03,4-LOW
17603,3645,O,4082.17,2025-01-19,3-MEDIUM
17604,3646,O,4953.36,2025-03-15,1-URGENT
17605,3646,F,6025.97,2025-02-12,3-MEDIUM
17606,3647,F,1168.74,2025-02-28,1-URGENT
17607,3648,O,6092.59,2025-04-01,4-LOW
17608,3648,F,4780.0,2025-06-22,4-LOW
17609,3648,F,3371.37,2025-04-10,2-HIGH
17610,3648,O,6981.59,2025-02-17,4-LOW
17611,3648,O,3878.53,2025-03-18,2-HIGH
17612,3649,F,691.64,2025-05-01,2-HIGH
17613,3649,P,2629.83,2025-06-20,3-MEDIUM
17614,3649,P,1324.68,2025-02-10,2-HIGH
17615,3650,F,5094.11,2025-04-03,3-MEDIUM
17616,3650,O,2268.06,2025-05-23,2-HIGH
17617,3650,O,3565.57,2025-02-04,3-MEDIUM
17618,3650,P,287.55,2025-04-23,4-LOW
17619,3650,F,1565.45,2025-04-05,1-URGENT
17620,3650,F,6362.58,2025-04-25,2-HIGH
17621,3650,F,577.45,2025-04-24,3-MEDIUM
17622,3650,O,1693.16,2025-04-14,2-HIGH
17623,3651,F,5045.89,2025-03-24,4-LOW
17624,3651,P,333.96,2025-04-23,4-LOW
17625,3652,P,4633.49,2025-05-10,4-LOW
17626,3652,F,4332.11,2025-02-04,4-LOW
17627,3652,P,2629.9,2025-02-25,4-LOW
17628,3652,P,3514.34,2025-01-01,4-LOW
17629,3652,P,780.04,2025-01-31,1-URGENT
17630,3653,O,3503.11,2025-06-26,4-LOW
17631,3653,O,3200.75,2025-01-24,1-URGENT
17632,3653,F,6028.44,2025-02-04,1-URGENT
17633,3653,O,1079.22,2025-01-23,1-URGENT
17634,3653,P,3403.8,2025-01-15,2-HIGH
17635,3653,P,1798.1,2025-05-14,3-MEDIUM
17636,3654,F,4021.07,2025-02-02,3-MEDIUM
17637,3654,F,4753.16,2025-02-01,2-HIGH
17638,3655,P,5773.5,2025-04-25,1-URGENT
17639,3655,P,1718.32,2025-06-27,4-LOW
17640,3655,P,3534.84,2025-01-10,4-LOW
17641,3655,O,3105.64,2025-06-06,2-HIGH
17642,3655,O,7849.41,2025-06-22,3-MEDIUM
17643,3655,F,8274.63,2025-05-25,1-URGENT
17644,3655,F,3747.71,2025-05-31,4-LOW
17645,3656,P,1868.87,2025-03-16,1-URGENT
17646,3656,F,708.6,2025-03-08,2-HIGH
17647,3656,O,6187.2,2025-02-26,3-MEDIUM
17648,3656,F,2333.55,2025-06-25,3-MEDIUM
17649,3657,P,4918.41,2025-05-16,4-LOW
17650,3657,O,205.13,2025-02-17,3-MEDIUM
17651,3657,O,988.92,2025-01-22,4-LOW
17652,3658,O,357.77,2025-05-01,1-URGENT
17653,3658,O,2163.69,2025-02-16,3-MEDIUM
17654,3658,O,9775.13,2025-06-05,1-URGENT
17655,3658,P,7607.76,2025-03-20,1-URGENT
17656,3658,O,983.92,2025-01-03,3-MEDIUM
17657,3658,P,2735.33,2025-03-10,1-URGENT
17658,3658,P,3772.81,2025-06-15,3-MEDIUM
17659,3659,P,2565.01,2025-02-08,2-HIGH
17660,3659,P,826.02,2025-01-31,4-LOW
17661,3659,O,3812.91,2025-01-18,2-HIGH
17662,3659,P,535.77,2025-05-02,4-LOW
17663,3660,P,2140.94,2025-05-16,1-URGENT
17664,3660,F,6411.89,2025-01-22,1-URGENT
17665,3660,O,2162.05,2025-05-18,3-MEDIUM
17666,3660,F,1949.06,2025-06-19,2-HIGH
17667,3660,F,1163.98,2025-02-03,4-LOW
17668,3661,P,748.99,2025-05-26,1-URGENT
17669,3661,P,2104.38,2025-01-22,4-LOW
17670,3661,O,1659.61,2025-04-12,3-MEDIUM
17671,3662,F,2069.01,2025-04-22,2-HIGH
17672,3662,O,1685.02,2025-02-16,3-MEDIUM
17673,3662,F,5778.7,2025-02-04,2-HIGH
17674,3662,F,7668.09,2025-04-18,1-URGENT
17675,3663,O,1669.04,2025-02-24,4-LOW
17676,3664,O,1854.38,2025-03-10,4-LOW
17677,3664,P,4263.42,2025-04-27,3-MEDIUM
17678,3665,F,2947.66,2025-03-10,2-HIGH
17679,3665,P,6338.43,2025-03-07,1-URGENT
17680,3665,P,1648.74,2025-05-12,2-HIGH
17681,3666,P,198.94,2025-06-10,3-MEDIUM
17682,3666,F,197.53,2025-03-14,2-HIGH
17683,3666,P,2797.39,2025-06-10,2-HIGH
17684,3666,O,3495.27,2025-06-04,1-URGENT
17685,3666,O,2883.13,2025-01-09,4-LOW
17686,3666,P,868.99,2025-03-30,2-HIGH
17687,3667,O,2309.68,2025-06-11,2-HIGH
17688,3668,F,150.17,2025-06-29,4-LOW
17689,3668,O,1221.56,2025-01-24,4-LOW
17690,3669,O,5326.92,2025-01-12,2-HIGH
17691,3669,F,2764.64,2025-02-05,1-URGENT
17692,3669,P,3619.84,2025-03-28,1-URGENT
17693,3669,O,3183.95,2025-06-23,2-HIGH
17694,3669,O,1355.79,2025-02-12,2-HIGH
17695,3669,O,1450.9,2025-05-12,4-LOW
17696,3670,O,1663.14,2025-04-22,1-URGENT
17697,3670,O,2337.48,2025-04-25,1-URGENT
17698,3671,P,690.05,2025-01-29,1-URGENT
17699,3671,F,3158.45,2025-04-30,4-LOW
17700,3671,F,2109.56,2025-06-24,4-LOW
17701,3671,F,2659.31,2025-04-20,3-MEDIUM
17702,3671,O,4507.33,2025-03-09,3-MEDIUM
17703,3671,F,2763.49,2025-05-31,3-MEDIUM
17704,3671,O,2994.99,2025-02-16,2-HIGH
17705,3671,F,2614.2,2025-03-06,2-HIGH
17706,3672,O,3473.41,2025-04-11,3-MEDIUM
17707,3672,P,2847.0,2025-06-06,3-MEDIUM
17708,3672,O,4106.41,2025-03-31,2-HIGH
17709,3672,O,1374.38,2025-01-26,4-LOW
17710,3673,P,3972.01,2025-06-15,1-URGENT
17711,3673,F,2206.6,2025-04-21,3-MEDIUM
17712,3673,P,6476.16,2025-03-14,3-MEDIUM
17713,3673,F,2431.12,2025-05-14,4-LOW
17714,3673,O,1043.06,2025-03-03,3-MEDIUM
17715,3673,O,3860.13,2025-03-25,2-HIGH
17716,3673,O,2591.67,2025-04-16,3-MEDIUM
17717,3673,P,3371.35,2025-01-01,3-MEDIUM
17718,3674,P,547.55,2025-05-27,2-HIGH
17719,3674,P,1776.62,2025-02-09,4-LOW
17720,3675,O,3582.76,2025-01-07,3-MEDIUM
17721,3675,O,557.87,2025-03-10,3-MEDIUM
17722,3675,F,3011.2,2025-05-26,1-URGENT
17723,3675,P,424.32,2025-01-12,3-MEDIUM
17724,3675,P,2745.31,2025-01-24,1-URGENT
17725,3675,F,3337.38,2025-06-27,1-URGENT
17726,3675,P,2159.85,2025-06-30,4-LOW
17727,3675,O,2626.59,2025-03-23,3-MEDIUM
17728,3676,O,5402.45,2025-02-12,3-MEDIUM
17729,3676,F,2890.74,2025-03-03,2-HIGH
17730,3676,P,1620.32,2025-04-01,4-LOW
17731,3676,O,3907.71,2025-01-09,1-URGENT
17732,3677,O,1062.62,2025-03-27,2-HIGH
17733,3677,P,6740.86,2025-05-11,2-HIGH
17734,3677,F,4885.65,2025-06-13,4-LOW
17735,3677,O,8216.8,2025-05-07,2-HIGH
17736,3677,F,644.89,2025-02-13,2-HIGH
17737,3677,F,4593.08,2025-02-25,3-MEDIUM
17738,3677,O,4289.07,2025-06-02,3-MEDIUM
17739,3677,F,895.58,2025-05-11,4-LOW
17740,3678,F,1501.45,2025-02-15,2-HIGH
17741,3678,O,7890.52,2025-03-16,4-LOW
17742,3678,F,1198.47,2025-01-19,2-HIGH
17743,3678,O,1166.74,2025-02-25,2-HIGH
17744,3678,F,2081.0,2025-04-12,3-MEDIUM
17745,3678,F,6058.22,2025-04-13,1-URGENT
17746,3678,O,4652.42,2025-05-08,3-MEDIUM
17747,3678,O,3848.99,2025-05-03,1-URGENT
17748,3679,F,2607.18,2025-06-02,3-MEDIUM
17749,3679,F,3440.28,2025-05-21,2-HIGH
17750,3679,P,5103.03,2025-05-02,4-LOW
17751,3679,P,1637.61,2025-05-17,1-URGENT
17752,3679,P,7426.38,2025-04-29,1-URGENT
17753,3679,F,2585.78,2025-02-27,3-MEDIUM
17754,3680,F,1893.4,2025-04-25,1-URGENT
17755,3680,F,2409.29,2025-06-29,4-LOW
17756,3680,P,4680.31,2025-05-19,2-HIGH
17757,3680,P,5594.64,2025-05-20,4-LOW
17758,3680,P,115.66,2025-02-04,4-LOW
17759,3680,P,896.42,2025-02-09,2-HIGH
17760,3680,O,6318.82,2025-03-23,3-MEDIUM
17761,3681,O,7488.9,2025-03-19,3-MEDIUM
17762,3681,F,2523.43,2025-05-02,1-URGENT
17763,3681,O,3515.77,2025-04-04,3-MEDIUM
17764,3681,F,1326.57,2025-02-11,3-MEDIUM
17765,3681,O,2858.1,2025-02-17,4-LOW
17766,3681,P,77.03,2025-02-27,1-URGENT
17767,3682,F,5405.3,2025-01-04,2-HIGH
17768,3682,O,4299.05,2025-03-06,2-HIGH
17769,3682,F,3190.82,2025-04-21,2-HIGH
17770,3682,F,1223.92,2025-02-05,1-URGENT
17771,3682,P,2485.78,2025-01-22,2-HIGH
17772,3683,F,7693.08,2025-03-31,4-LOW
17773,3683,F,8060.96,2025-06-21,2-HIGH
17774,3683,O,5895.57,2025-06-21,3-MEDIUM
17775,3684,O,634.28,2025-03-20,4-LOW
17776,3684,O,2023.43,2025-02-03,3-MEDIUM
17777,3684,F,1605.83,2025-01-16,1-URGENT
17778,3684,F,1507.56,2025-01-31,1-URGENT
17779,3684,F,2606.01,2025-01-26,2-HIGH
17780,3684,F,978.19,2025-01-17,3-MEDIUM
17781,3684,O,3145.95,2025-03-03,3-MEDIUM
17782,3685,P,4767.58,2025-06-26,1-URGENT
17783,3685,O,652.93,2025-05-27,1-URGENT
17784,3685,O,4673.49,2025-05-20,3-MEDIUM
17785,3685,P,3368.03,2025-06-14,1-URGENT
17786,3685,P,286.48,2025-02-17,4-LOW
17787,3686,F,671.01,2025-06-18,2-HIGH
17788,3686,F,2810.67,2025-02-22,1-URGENT
17789,3687,F,1754.01,2025-04-08,4-LOW
17790,3687,P,2612.02,2025-04-22,4-LOW
17791,3687,P,1731.0,2025-05-28,4-LOW
17792,3688,P,2027.48,2025-05-15,1-URGENT
17793,3688,F,1120.25,2025-05-01,1-URGENT
17794,3688,P,486.28,2025-05-21,1-URGENT
17795,3688,O,756.12,2025-03-13,1-URGENT
17796,3689,O,6439.5,2025-03-05,3-MEDIUM
17797,3689,F,5007.56,2025-06-29,1-URGENT
17798,3689,P,1780.13,2025-06-26,1-URGENT
17799,3689,P,1027.44,2025-05-25,1-URGENT
17800,3690,O,1148.63,2025-06-20,3-MEDIUM
17801,3690,P,7069.36,2025-01-09,2-HIGH
17802,3691,O,168.75,2025-01-05,4-LOW
17803,3691,F,119.17,2025-06-30,2-HIGH
17804,3691,P,613.68,2025-03-05,3-MEDIUM
17805,3691,F,5246.42,2025-06-24,2-HIGH
17806,3692,O,4302.38,2025-03-22,4-LOW
17807,3692,O,9185.8,2025-05-25,4-LOW
17808,3692,O,2458.27,2025-04-06,1-URGENT
17809,3692,O,2233.45,2025-04-19,3-MEDIUM
17810,3692,F,386.79,2025-06-04,4-LOW
17811,3692,P,2036.68,2025-01-17,2-HIGH
17812,3692,O,3239.13,2025-04-18,4-LOW
17813,3692,O,125.77,2025-04-10,2-HIGH
17814,3693,F,5590.29,2025-03-17,1-URGENT
17815,3693,P,4413.01,2025-01-07,4-LOW
17816,3693,O,3310.06,2025-03-02,2-HIGH
17817,3693,P,887.76,2025-02-06,3-MEDIUM
17818,3694,F,2803.75,2025-06-29,4-LOW
17819,3694,O,595.93,2025-05-15,4-LOW
17820,3694,F,4661.52,2025-04-18,1-URGENT
17821,3694,O,2780.31,2025-03-19,2-HIGH
17822,3694,P,1668.69,2025-01-29,3-MEDIUM
17823,3694,P,2834.33,2025-02-26,1-URGENT
17824,3694,P,282.24,2025-05-12,2-HIGH
17825,3695,O,4320.5,2025-06-28,1-URGENT
17826,3696,P,1910.05,2025-05-17,2-HIGH
17827,3696,O,955.35,2025-03-01,3-MEDIUM
17828,3696,O,5978.81,2025-05-08,1-URGENT
17829,3696,P,2486.69,2025-05-16,1-URGENT
17830,3697,F,1037.62,2025-04-08,4-LOW
17831,3697,P,3759.59,2025-04-24,3-MEDIUM
17832,3697,P,1987.03,2025-01-26,1-URGENT
17833,3697,F,3338.79,2025-02-06,3-MEDIUM
17834,3697,P,1163.97,2025-06-25,2-HIGH
17835,3698,F,579.07,2025-02-21,1-URGENT
17836,3699,P,4463.48,2025-02-14,2-HIGH
17837,3699,O,2125.08,2025-06-11,3-MEDIUM
17838,3700,P,2258.01,2025-04-22,2-HIGH
17839,3700,O,3117.97,2025-04-08,4-LOW
17840,3700,O,4966.47,2025-01-11,2-HIGH
17841,3700,P,3709.53,2025-03-19,2-HIGH
17842,3700,F,2376.84,2025-02-28,1-URGENT
17843,3700,F,6646.1,2025-03-13,3-MEDIUM
17844,3700,O,1749.87,2025-03-06,1-URGENT
17845,3700,F,2385.09,2025-04-14,1-URGENT
