order_id,customer_id,channel_id,order_date,order_priority,payment_method,order_total_lines,order_net_revenue
10001,2,1,2025-06-17,2-HIGH,CORPORATE_INVOICE,5,26429.48
10002,3,2,2025-01-15,4-LOW,CORPORATE_INVOICE,7,32564.01
10003,4,3,2025-05-29,3-NORMAL,CREDIT_CARD,5,15145.14
10004,5,4,2025-03-26,4-LOW,WIRE_TRANSFER,6,18860.95
10005,6,5,2025-04-25,4-LOW,CORPORATE_INVOICE,5,34033.94
10006,7,1,2025/04/13,3-NORMAL,CREDIT_CARD,6,18904.24
10007,8,2,2025-04-26,2-HIGH,CREDIT_CARD,5,25184.94
10008,9,3,2025/01/22,4-LOW,CREDIT_CARD,7,37331.56
10009,10,4,2025-06-04,4-LOW,CORPORATE_INVOICE,6,37020.25
10010,11,5,2025-03-10,2-HIGH,CREDIT_CARD,4,14635.72
10011,12,1,2025-01-25,2-HIGH,CREDIT_CARD,5,24265.89
10012,13,2,2025-01-15,3-NORMAL,CORPORATE_INVOICE,7,38018.64
10013,14,3,2025-04-05,3-NORMAL,WIRE_TRANSFER,5,27939.05
10014,15,4,2025-05-04,3-NORMAL,CREDIT_CARD,3,3263.79
10015,16,5,2025-01-02,1-URGENT,WIRE_TRANSFER,5,23091.89
10016,17,1,2025-04-11,4-LOW,WIRE_TRANSFER,7,40423.7
10017,18,2,2025-06-29,2-HIGH,WIRE_TRANSFER,7,34222.13
10018,19,3,2025-04-06,3-NORMAL,WIRE_TRANSFER,5,24291.77
10019,20,4,2025-01-12,1-URGENT,CORPORATE_INVOICE,6,21256.67
10020,21,5,2025-03-08,1-URGENT,WIRE_TRANSFER,7,33188.14
10021,22,1,2025-02-26,1-URGENT,WIRE_TRANSFER,7,27143.21
10022,23,2,2025/05/06,2-HIGH,WIRE_TRANSFER,5,21535.6
10023,24,3,2025/05/10,2-HIGH,CORPORATE_INVOICE,4,21020.25
10024,25,4,2025-06-26,1-URGENT,WIRE_TRANSFER,5,14990.99
10025,26,5,2025-04-13,4-LOW,CREDIT_CARD,4,21627.14
10026,27,1,2025-04-13,3-NORMAL,CREDIT_CARD,3,9443.85
10027,28,2,2025-05-17,4-LOW,CORPORATE_INVOICE,4,11303.52
10028,29,3,2025-01-17,4-LOW,CORPORATE_INVOICE,4,23033.33
10029,30,4,2025-01-22,2-HIGH,CORPORATE_INVOICE,4,27324.99
10030,31,5,2025-05-07,4-LOW,CORPORATE_INVOICE,7,30713.3
10031,32,1,2025-05-23,3-NORMAL,CREDIT_CARD,4,17351.19
10032,33,2,2025-03-23,4-LOW,CREDIT_CARD,3,7419.68
10033,34,3,2025-02-10,4-LOW,WIRE_TRANSFER,5,16568.15
10034,35,4,2025/06/28,2-HIGH,WIRE_TRANSFER,6,18906.98
10035,36,5,2025-03-12,3-NORMAL,CORPORATE_INVOICE,7,48279.92
10036,37,1,2025-06-06,1-URGENT,CORPORATE_INVOICE,4,12829.0
10037,38,2,2025-04-15,1-URGENT,CREDIT_CARD,3,12286.29
10038,39,3,2025-01-31,1-URGENT,WIRE_TRANSFER,7,24162.72
10039,40,4,2025-05-21,1-URGENT,WIRE_TRANSFER,4,5308.99
10040,41,5,2025-02-21,1-URGENT,WIRE_TRANSFER,6,9196.34
10041,42,1,2025-04-19,3-NORMAL,WIRE_TRANSFER,7,38294.92
10042,43,2,2025-01-18,2-HIGH,CORPORATE_INVOICE,4,13986.9
10043,44,3,2025-04-20,2-HIGH,WIRE_TRANSFER,3,18122.84
10044,45,4,2025-04-02,2-HIGH,CORPORATE_INVOICE,4,11522.12
10045,46,5,2025-04-13,4-LOW,WIRE_TRANSFER,7,17123.14
10046,47,1,2025-06-13,2-HIGH,CREDIT_CARD,6,30032.49
10047,48,2,2025-04-11,2-HIGH,CORPORATE_INVOICE,6,32331.34
10048,49,3,2025-02-28,1-URGENT,CORPORATE_INVOICE,7,43841.5
10049,50,4,2025-03-14,2-HIGH,WIRE_TRANSFER,4,15303.54
10050,51,5,2025-05-03,2-HIGH,CREDIT_CARD,6,37263.04
10051,52,1,2025/02/13,3-NORMAL,CREDIT_CARD,3,26287.02
10052,53,2,2025-02-05,2-HIGH,WIRE_TRANSFER,5,37862.51
10053,54,3,2025-03-24,3-NORMAL,CORPORATE_INVOICE,5,13007.35
10054,55,4,2025-06-12,3-NORMAL,CORPORATE_INVOICE,5,32988.63
10055,56,5,2025-06-19,1-URGENT,CORPORATE_INVOICE,3,3542.9
10056,57,1,2025-04-30,4-LOW,CORPORATE_INVOICE,5,22405.87
10057,58,2,2025-04-16,1-URGENT,WIRE_TRANSFER,5,15076.72
10058,59,3,2025-01-15,2-HIGH,WIRE_TRANSFER,3,12640.52
10059,60,4,2025-04-02,2-HIGH,CORPORATE_INVOICE,3,17335.83
10060,61,5,2025-06-26,2-HIGH,CREDIT_CARD,6,24015.86
10061,62,1,2025-05-01,4-LOW,CREDIT_CARD,7,24009.47
10062,63,2,2025-05-28,3-NORMAL,WIRE_TRANSFER,6,17641.36
10063,64,3,2025-04-01,4-LOW,CORPORATE_INVOICE,6,29545.39
10064,65,4,2025-05-05,2-HIGH,CORPORATE_INVOICE,6,13169.17
10065,66,5,2025-05-15,2-HIGH,CREDIT_CARD,3,21666.65
10066,67,1,2025-01-05,1-URGENT,CREDIT_CARD,5,16266.92
10067,68,2,2025-03-14,4-LOW,CREDIT_CARD,5,13974.05
10068,69,3,2025-05-31,1-URGENT,CREDIT_CARD,6,37653.64
10069,70,4,2025-05-14,2-HIGH,CREDIT_CARD,4,28100.93
10070,71,5,2025-05-17,3-NORMAL,CORPORATE_INVOICE,7,22647.95
10071,72,1,2025-01-14,2-HIGH,CREDIT_CARD,3,13717.08
10072,73,2,2025-03-13,2-HIGH,CORPORATE_INVOICE,4,9637.2
10073,74,3,2025-04-03,2-HIGH,CREDIT_CARD,6,22400.34
10074,75,4,2025-01-04,3-NORMAL,WIRE_TRANSFER,5,6448.17
10075,76,5,2025-05-15,4-LOW,CORPORATE_INVOICE,3,10286.6
10076,77,1,2025-06-10,1-URGENT,CORPORATE_INVOICE,6,36081.32
10077,78,2,2025-05-11,2-HIGH,CREDIT_CARD,5,30798.98
10078,79,3,2025-06-20,1-URGENT,CORPORATE_INVOICE,5,30199.13
10079,80,4,2025-06-03,4-LOW,WIRE_TRANSFER,3,11790.3
10080,81,5,2025-03-03,3-NORMAL,CORPORATE_INVOICE,6,20478.87
10081,82,1,2025-03-02,2-HIGH,CREDIT_CARD,4,14317.51
10082,83,2,2025-03-04,4-LOW,WIRE_TRANSFER,4,16363.36
10083,84,3,2025-01-21,3-NORMAL,CORPORATE_INVOICE,6,26426.03
10084,85,4,2025-02-16,4-LOW,CORPORATE_INVOICE,5,9746.5
10085,86,5,2025-02-28,2-HIGH,CORPORATE_INVOICE,6,36217.32
10086,87,1,2025-06-08,2-HIGH,CREDIT_CARD,6,34333.07
10087,88,2,2025-05-13,1-URGENT,CORPORATE_INVOICE,3,12789.39
10088,89,3,2025/04/21,2-HIGH,CORPORATE_INVOICE,3,10585.22
10089,90,4,2025-01-23,2-HIGH,CORPORATE_INVOICE,6,19017.89
10090,91,5,2025/03/04,3-NORMAL,WIRE_TRANSFER,6,27669.28
10091,92,1,2025-06-01,2-HIGH,CREDIT_CARD,5,21236.17
10092,93,2,2025-03-07,3-NORMAL,CREDIT_CARD,6,23356.58
10093,94,3,2025-04-21,3-NORMAL,CREDIT_CARD,5,25397.93
10094,95,4,2025-03-09,4-LOW,WIRE_TRANSFER,5,17976.65
10095,96,5,2025-03-30,4-LOW,CORPORATE_INVOICE,6,28521.81
10096,97,1,2025/03/25,1-URGENT,CREDIT_CARD,7,38729.12
10097,98,2,2025-06-12,1-URGENT,CORPORATE_INVOICE,3,20090.48
10098,99,3,2025-01-24,1-URGENT,WIRE_TRANSFER,5,17532.33
10099,100,4,2025/01/11,2-HIGH,CORPORATE_INVOICE,5,11481.18
10100,101,5,2025-01-21,4-LOW,CREDIT_CARD,4,17283.31
10101,102,1,2025-02-27,1-URGENT,CORPORATE_INVOICE,4,6371.8
10102,103,2,2025-04-12,4-LOW,WIRE_TRANSFER,4,32441.47
10103,104,3,2025-06-01,2-HIGH,CREDIT_CARD,3,5890.82
10104,105,4,2025-02-04,2-HIGH,CORPORATE_INVOICE,7,31182.67
10105,106,5,2025-01-08,3-NORMAL,WIRE_TRANSFER,5,25456.45
10106,107,1,2025-02-14,3-NORMAL,CREDIT_CARD,7,28553.28
10107,108,2,2025-04-25,3-NORMAL,CORPORATE_INVOICE,4,31586.1
10108,109,3,2025-03-08,2-HIGH,WIRE_TRANSFER,5,14440.9
10109,110,4,2025-02-09,4-LOW,WIRE_TRANSFER,4,21311.37
10110,111,5,2025-05-24,1-URGENT,CORPORATE_INVOICE,4,9899.0
10111,112,1,2025-01-17,4-LOW,WIRE_TRANSFER,4,13733.44
10112,113,2,2025-04-18,3-NORMAL,CREDIT_CARD,5,21228.28
10113,114,3,2025-03-29,3-NORMAL,WIRE_TRANSFER,5,16660.75
10114,115,4,2025-03-19,1-URGENT,CORPORATE_INVOICE,7,26409.85
10115,116,5,2025-06-23,2-HIGH,CREDIT_CARD,4,28032.8
10116,117,1,2025-06-15,1-URGENT,CORPORATE_INVOICE,6,29427.21
10117,118,2,2025-01-26,4-LOW,CREDIT_CARD,6,17277.35
10118,119,3,2025-05-07,2-HIGH,CREDIT_CARD,3,15672.0
10119,120,4,2025-05-26,2-HIGH,CREDIT_CARD,7,19211.29
10120,121,5,2025-06-16,3-NORMAL,WIRE_TRANSFER,7,20107.4
10121,122,1,2025-06-01,3-NORMAL,CREDIT_CARD,6,34404.59
10122,123,2,2025-05-25,2-HIGH,CORPORATE_INVOICE,7,26366.03
10123,124,3,2025-03-12,1-URGENT,CORPORATE_INVOICE,5,22954.79
10124,125,4,2025-03-20,1-URGENT,CORPORATE_INVOICE,3,18692.15
10125,126,5,2025-04-13,1-URGENT,WIRE_TRANSFER,4,23710.62
10126,127,1,2025-02-02,3-NORMAL,WIRE_TRANSFER,4,13652.22
10127,128,2,2025-04-13,2-HIGH,CREDIT_CARD,6,32194.65
10128,129,3,2025-01-25,3-NORMAL,CORPORATE_INVOICE,4,14139.01
10129,130,4,2025-02-19,2-HIGH,WIRE_TRANSFER,4,19950.66
10130,131,5,2025-05-06,4-LOW,CORPORATE_INVOICE,4,20834.9
10131,132,1,2025-03-16,3-NORMAL,WIRE_TRANSFER,4,17328.65
10132,133,2,2025-02-15,3-NORMAL,CORPORATE_INVOICE,5,18989.46
10133,134,3,2025/03/06,4-LOW,CREDIT_CARD,4,22925.34
10134,135,4,2025-02-15,1-URGENT,CORPORATE_INVOICE,5,28344.52
10135,136,5,2025-01-26,1-URGENT,WIRE_TRANSFER,7,33688.79
10136,137,1,2025-06-11,4-LOW,CORPORATE_INVOICE,3,11588.25
10137,138,2,2025-02-15,2-HIGH,CORPORATE_INVOICE,5,16582.47
10138,139,3,2025-04-07,3-NORMAL,CORPORATE_INVOICE,5,23267.01
10139,140,4,2025-06-22,1-URGENT,WIRE_TRANSFER,4,4800.16
10140,141,5,2025-03-22,2-HIGH,CREDIT_CARD,6,27453.83
10141,142,1,2025-02-19,2-HIGH,CREDIT_CARD,5,36194.24
10142,143,2,2025-05-22,1-URGENT,WIRE_TRANSFER,3,16235.04
10143,144,3,2025-02-04,4-LOW,WIRE_TRANSFER,3,28992.06
10144,145,4,2025-03-26,2-HIGH,CREDIT_CARD,3,16873.03
10145,146,5,2025-06-18,2-HIGH,CREDIT_CARD,5,12237.79
10146,147,1,2025-01-25,1-URGENT,CREDIT_CARD,5,16253.51
10147,148,2,2025-04-28,3-NORMAL,WIRE_TRANSFER,3,19840.03
10148,149,3,2025-03-17,1-URGENT,CREDIT_CARD,5,30527.37
10149,150,4,2025-03-08,2-HIGH,CREDIT_CARD,7,41795.95
10150,151,5,2025-05-09,1-URGENT,WIRE_TRANSFER,3,19061.81
10151,152,1,2025/06/18,2-HIGH,WIRE_TRANSFER,7,43008.85
10152,153,2,2025-06-04,1-URGENT,CREDIT_CARD,7,28489.97
10153,154,3,2025-03-18,3-NORMAL,CORPORATE_INVOICE,7,28995.23
10154,155,4,2025-01-06,1-URGENT,CORPORATE_INVOICE,4,19196.34
10155,156,5,2025-03-25,1-URGENT,CORPORATE_INVOICE,7,28252.3
10156,157,1,2025-04-20,4-LOW,CREDIT_CARD,7,17326.07
10157,158,2,2025-04-19,3-NORMAL,WIRE_TRANSFER,6,24694.42
10158,159,3,2025-04-12,4-LOW,CORPORATE_INVOICE,3,8210.85
10159,160,4,2025-04-02,3-NORMAL,CORPORATE_INVOICE,4,19826.92
10160,161,5,2025-05-30,1-URGENT,CREDIT_CARD,7,21685.09
10161,162,1,2025-05-08,2-HIGH,CREDIT_CARD,6,15408.44
10162,163,2,2025-03-02,3-NORMAL,CREDIT_CARD,3,6404.94
10163,164,3,2025-04-19,3-NORMAL,CREDIT_CARD,6,28189.53
10164,165,4,2025/02/20,3-NORMAL,CREDIT_CARD,6,34072.4
10165,166,5,2025-06-22,4-LOW,CREDIT_CARD,3,12407.81
10166,167,1,2025-04-17,1-URGENT,WIRE_TRANSFER,4,18992.83
10167,168,2,2025/02/26,3-NORMAL,WIRE_TRANSFER,5,20781.09
10168,169,3,2025-06-07,4-LOW,WIRE_TRANSFER,4,8086.06
10169,170,4,2025-05-04,4-LOW,WIRE_TRANSFER,3,20214.38
10170,171,5,2025-01-03,3-NORMAL,CORPORATE_INVOICE,7,29991.99
10171,172,1,2025-06-27,2-HIGH,WIRE_TRANSFER,5,13146.2
10172,173,2,2025-06-08,1-URGENT,CREDIT_CARD,4,11278.72
10173,174,3,2025-03-15,1-URGENT,CORPORATE_INVOICE,7,36987.93
10174,175,4,2025-06-08,3-NORMAL,WIRE_TRANSFER,5,15295.34
10175,176,5,2025-05-24,1-URGENT,WIRE_TRANSFER,4,16080.44
10176,177,1,2025-05-08,2-HIGH,WIRE_TRANSFER,6,31441.06
10177,178,2,2025-04-15,2-HIGH,WIRE_TRANSFER,7,19539.38
10178,179,3,2025-02-11,4-LOW,WIRE_TRANSFER,4,16313.74
10179,180,4,2025-02-02,4-LOW,CREDIT_CARD,3,21190.42
10180,181,5,2025-01-01,1-URGENT,WIRE_TRANSFER,4,12016.3
10181,182,1,2025-06-16,4-LOW,CORPORATE_INVOICE,7,40335.62
10182,183,2,2025-06-28,3-NORMAL,WIRE_TRANSFER,5,28529.12
10183,184,3,2025-06-29,2-HIGH,CORPORATE_INVOICE,7,29715.19
10184,185,4,2025-06-11,3-NORMAL,WIRE_TRANSFER,7,42070.71
10185,186,5,2025-06-24,2-HIGH,CORPORATE_INVOICE,6,27881.86
10186,187,1,2025-06-19,4-LOW,CORPORATE_INVOICE,5,18132.19
10187,188,2,2025-03-23,3-NORMAL,CORPORATE_INVOICE,6,35073.8
10188,189,3,2025-02-27,1-URGENT,CREDIT_CARD,7,20390.49
10189,190,4,2025-01-24,2-HIGH,WIRE_TRANSFER,4,13827.69
10190,191,5,2025-05-17,2-HIGH,CREDIT_CARD,5,28223.89
10191,192,1,2025-05-19,2-HIGH,CORPORATE_INVOICE,7,28117.24
10192,193,2,2025-02-10,3-NORMAL,WIRE_TRANSFER,3,14178.34
10193,194,3,2025-02-24,2-HIGH,CREDIT_CARD,4,11203.54
10194,195,4,2025-01-05,2-HIGH,CREDIT_CARD,7,35567.07
10195,196,5,2025-06-10,3-NORMAL,CORPORATE_INVOICE,7,36216.61
10196,197,1,2025-04-10,3-NORMAL,CORPORATE_INVOICE,5,13324.43
10197,198,2,2025-06-09,1-URGENT,CREDIT_CARD,3,14502.93
10198,199,3,2025-01-21,2-HIGH,CORPORATE_INVOICE,6,14918.18
10199,200,4,2025-01-14,1-URGENT,WIRE_TRANSFER,5,12955.47
10200,201,5,2025-03-16,2-HIGH,CORPORATE_INVOICE,7,31169.08
10201,202,1,2025-06-07,3-NORMAL,CORPORATE_INVOICE,6,14772.67
10202,203,2,2025-03-10,1-URGENT,WIRE_TRANSFER,4,10410.78
10203,204,3,2025-05-01,2-HIGH,CREDIT_CARD,3,19616.81
10204,205,4,2025/02/04,4-LOW,CREDIT_CARD,3,14608.39
10205,206,5,2025-04-11,4-LOW,WIRE_TRANSFER,3,13780.05
10206,207,1,2025-03-28,1-URGENT,WIRE_TRANSFER,6,35354.14
10207,208,2,2025/01/19,2-HIGH,CREDIT_CARD,6,21582.43
10208,209,3,2025-02-22,1-URGENT,CREDIT_CARD,3,8752.6
10209,210,4,2025-06-10,3-NORMAL,CORPORATE_INVOICE,6,15777.19
10210,211,5,2025-03-23,3-NORMAL,CORPORATE_INVOICE,4,19774.04
10211,212,1,2025/02/12,2-HIGH,CORPORATE_INVOICE,5,25627.63
10212,213,2,2025-04-04,1-URGENT,CREDIT_CARD,3,4490.07
10213,214,3,2025-06-18,2-HIGH,WIRE_TRANSFER,4,7447.51
10214,215,4,2025-02-05,4-LOW,CREDIT_CARD,7,43110.26
10215,216,5,2025-02-11,2-HIGH,WIRE_TRANSFER,4,14575.77
10216,217,1,2025-04-27,1-URGENT,CREDIT_CARD,5,19746.9
10217,218,2,2025-05-27,3-NORMAL,CORPORATE_INVOICE,7,32943.81
10218,219,3,2025/03/04,1-URGENT,WIRE_TRANSFER,4,26928.95
10219,220,4,2025-02-14,4-LOW,CREDIT_CARD,7,21129.89
10220,221,5,2025-01-14,1-URGENT,WIRE_TRANSFER,7,23699.19
10221,222,1,2025/06/01,4-LOW,CREDIT_CARD,4,14122.57
10222,223,2,2025-02-08,3-NORMAL,CREDIT_CARD,6,25186.02
10223,224,3,2025-03-05,1-URGENT,WIRE_TRANSFER,3,8911.6
10224,225,4,2025-06-08,4-LOW,CORPORATE_INVOICE,4,9541.28
10225,226,5,2025-04-27,2-HIGH,CREDIT_CARD,7,16709.41
10226,227,1,2025-05-09,4-LOW,CORPORATE_INVOICE,4,25862.69
10227,228,2,2025-06-08,3-NORMAL,CREDIT_CARD,3,11179.46
10228,229,3,2025-04-09,2-HIGH,WIRE_TRANSFER,4,24437.1
10229,230,4,2025-03-08,1-URGENT,CORPORATE_INVOICE,5,29593.43
10230,231,5,2025-01-07,1-URGENT,WIRE_TRANSFER,5,19047.68
10231,232,1,2025-05-03,2-HIGH,CORPORATE_INVOICE,3,18212.67
10232,233,2,2025-05-06,1-URGENT,CORPORATE_INVOICE,6,25483.51
10233,234,3,2025-05-08,2-HIGH,CREDIT_CARD,6,37059.84
10234,235,4,2025-02-02,4-LOW,CREDIT_CARD,4,19610.15
10235,236,5,2025-02-28,2-HIGH,CREDIT_CARD,7,22570.7
10236,237,1,2025-05-15,2-HIGH,CREDIT_CARD,4,16578.04
10237,238,2,2025-04-22,3-NORMAL,WIRE_TRANSFER,6,12758.2
10238,239,3,2025-03-06,2-HIGH,CREDIT_CARD,4,22331.49
10239,240,4,2025-05-16,2-HIGH,WIRE_TRANSFER,5,35508.86
10240,241,5,2025-05-17,4-LOW,CREDIT_CARD,7,32259.61
10241,242,1,2025-01-09,1-URGENT,WIRE_TRANSFER,5,15535.75
10242,243,2,2025-06-13,4-LOW,CORPORATE_INVOICE,6,13993.4
10243,244,3,2025-05-30,2-HIGH,CORPORATE_INVOICE,7,22095.25
10244,245,4,2025/04/23,3-NORMAL,CREDIT_CARD,5,19867.98
10245,246,5,2025-04-08,1-URGENT,CORPORATE_INVOICE,7,26159.0
10246,247,1,2025-05-29,1-URGENT,CORPORATE_INVOICE,5,14973.09
10247,248,2,2025-06-19,2-HIGH,WIRE_TRANSFER,5,29838.58
10248,249,3,2025-04-23,4-LOW,WIRE_TRANSFER,5,27365.34
10249,250,4,2025-01-31,2-HIGH,WIRE_TRANSFER,6,25155.61
10250,251,5,2025-03-11,1-URGENT,CREDIT_CARD,4,10294.29
10251,252,1,2025-03-21,1-URGENT,CREDIT_CARD,5,17063.44
10252,253,2,2025-06-02,2-HIGH,CREDIT_CARD,6,19074.04
10253,254,3,2025-06-29,2-HIGH,CORPORATE_INVOICE,3,11938.07
10254,255,4,2025-05-25,2-HIGH,CORPORATE_INVOICE,6,28013.54
10255,256,5,2025/05/03,1-URGENT,CORPORATE_INVOICE,3,16470.92
10256,257,1,2025/06/26,2-HIGH,WIRE_TRANSFER,7,43304.09
10257,258,2,2025-04-27,3-NORMAL,CREDIT_CARD,7,17941.56
10258,259,3,2025-05-07,2-HIGH,WIRE_TRANSFER,3,10231.65
10259,260,4,2025-01-21,4-LOW,WIRE_TRANSFER,7,41452.24
10260,261,5,2025/02/13,2-HIGH,CREDIT_CARD,6,38576.05
10261,262,1,2025-04-28,4-LOW,CREDIT_CARD,5,26923.41
10262,263,2,2025-02-15,4-LOW,WIRE_TRANSFER,3,12314.97
10263,264,3,2025-01-07,1-URGENT,CREDIT_CARD,7,25656.2
10264,265,4,2025-02-02,1-URGENT,CORPORATE_INVOICE,5,28767.39
10265,266,5,2025-04-16,2-HIGH,WIRE_TRANSFER,7,19334.79
10266,267,1,2025-03-24,3-NORMAL,WIRE_TRANSFER,6,16791.56
10267,268,2,2025-01-04,4-LOW,WIRE_TRANSFER,3,8497.26
10268,269,3,2025-05-09,4-LOW,WIRE_TRANSFER,7,33544.27
10269,270,4,2025-03-08,4-LOW,CREDIT_CARD,3,7532.61
10270,271,5,2025-05-27,4-LOW,CREDIT_CARD,3,10002.67
10271,272,1,2025-03-18,4-LOW,CREDIT_CARD,5,12146.66
10272,273,2,2025-06-26,1-URGENT,CREDIT_CARD,6,24348.06
10273,274,3,2025/03/23,3-NORMAL,CREDIT_CARD,3,3561.61
10274,275,4,2025-04-06,3-NORMAL,WIRE_TRANSFER,4,10851.67
10275,276,5,2025-02-13,3-NORMAL,WIRE_TRANSFER,3,16148.07
10276,277,1,2025-05-12,3-NORMAL,CREDIT_CARD,4,17479.79
10277,278,2,2025-04-13,2-HIGH,CORPORATE_INVOICE,3,9134.77
10278,279,3,2025-05-20,2-HIGH,CORPORATE_INVOICE,7,16398.21
10279,280,4,2025-06-03,3-NORMAL,CORPORATE_INVOICE,7,29825.12
10280,281,5,2025-01-11,2-HIGH,CORPORATE_INVOICE,7,38903.57
10281,282,1,2025-05-26,2-HIGH,CREDIT_CARD,7,28201.95
10282,283,2,2025-02-19,1-URGENT,WIRE_TRANSFER,5,27607.99
10283,284,3,2025-03-10,1-URGENT,CREDIT_CARD,6,21488.18
10284,285,4,2025-01-24,3-NORMAL,WIRE_TRANSFER,5,9562.02
10285,286,5,2025-04-29,1-URGENT,CREDIT_CARD,5,17092.29
10286,287,1,2025-06-07,2-HIGH,CREDIT_CARD,6,28690.13
10287,288,2,2025-04-17,1-URGENT,CREDIT_CARD,5,20472.44
10288,289,3,2025-05-24,4-LOW,WIRE_TRANSFER,6,36434.74
10289,290,4,2025-06-16,1-URGENT,WIRE_TRANSFER,4,20078.97
10290,291,5,2025-03-20,4-LOW,WIRE_TRANSFER,5,23052.64
10291,292,1,2025-04-28,4-LOW,CORPORATE_INVOICE,6,30886.16
10292,293,2,2025-06-12,1-URGENT,CORPORATE_INVOICE,5,16189.49
10293,294,3,2025-02-19,2-HIGH,CREDIT_CARD,6,24328.14
10294,295,4,2025-01-07,3-NORMAL,CORPORATE_INVOICE,4,12443.9
10295,296,5,2025-04-13,3-NORMAL,CORPORATE_INVOICE,7,40906.64
10296,297,1,2025-01-01,4-LOW,CREDIT_CARD,3,14440.34
10297,298,2,2025-02-14,2-HIGH,WIRE_TRANSFER,5,28536.09
10298,299,3,2025-03-16,3-NORMAL,WIRE_TRANSFER,4,15039.02
10299,300,4,2025/03/09,4-LOW,CORPORATE_INVOICE,7,26140.61
10300,301,5,2025-04-17,1-URGENT,WIRE_TRANSFER,7,23499.07
10301,302,1,2025-04-09,2-HIGH,CREDIT_CARD,4,5683.25
10302,303,2,2025-06-19,4-LOW,CREDIT_CARD,7,17943.43
10303,304,3,2025/04/01,1-URGENT,CREDIT_CARD,6,27178.36
10304,305,4,2025-05-09,2-HIGH,CORPORATE_INVOICE,4,13295.05
10305,306,5,2025-02-15,4-LOW,CORPORATE_INVOICE,3,18298.73
10306,307,1,2025-02-04,4-LOW,CORPORATE_INVOICE,5,27011.43
10307,308,2,2025-06-21,1-URGENT,WIRE_TRANSFER,5,9792.54
10308,309,3,2025-03-01,2-HIGH,WIRE_TRANSFER,3,13212.94
10309,310,4,2025-04-05,4-LOW,CREDIT_CARD,6,21852.39
10310,311,5,2025-03-18,3-NORMAL,CREDIT_CARD,6,27347.49
10311,312,1,2025-05-05,2-HIGH,CREDIT_CARD,5,16748.79
10312,313,2,2025-05-01,2-HIGH,WIRE_TRANSFER,5,19129.41
10313,314,3,2025-02-17,2-HIGH,WIRE_TRANSFER,5,21105.01
10314,315,4,2025-03-28,3-NORMAL,CORPORATE_INVOICE,3,6536.28
10315,316,5,2025/02/21,4-LOW,CORPORATE_INVOICE,7,23769.88
10316,317,1,2025-04-12,4-LOW,WIRE_TRANSFER,3,10573.25
10317,318,2,2025-01-31,1-URGENT,CREDIT_CARD,4,17442.59
10318,319,3,2025-06-26,3-NORMAL,CREDIT_CARD,4,17135.41
10319,320,4,2025/06/16,1-URGENT,CREDIT_CARD,4,16531.59
10320,321,5,2025-01-27,1-URGENT,CORPORATE_INVOICE,4,28532.72
10321,322,1,2025-02-13,4-LOW,CREDIT_CARD,3,13946.38
10322,323,2,2025-01-09,4-LOW,CORPORATE_INVOICE,7,31548.74
10323,324,3,2025-01-18,2-HIGH,CORPORATE_INVOICE,5,15645.88
10324,325,4,2025-01-20,4-LOW,WIRE_TRANSFER,5,23748.04
10325,326,5,2025-02-11,4-LOW,WIRE_TRANSFER,3,21685.02
10326,327,1,2025-03-24,3-NORMAL,CORPORATE_INVOICE,4,15366.7
10327,328,2,2025-03-20,4-LOW,CORPORATE_INVOICE,7,22515.13
10328,329,3,2025-05-04,4-LOW,CREDIT_CARD,5,24423.79
10329,330,4,2025-06-21,4-LOW,CORPORATE_INVOICE,6,18070.63
10330,331,5,2025/02/10,1-URGENT,CORPORATE_INVOICE,7,27546.45
10331,332,1,2025-04-13,2-HIGH,CORPORATE_INVOICE,5,19055.58
10332,333,2,2025-01-06,3-NORMAL,WIRE_TRANSFER,3,10237.33
10333,334,3,2025-05-23,2-HIGH,CREDIT_CARD,7,55722.41
10334,335,4,2025-04-21,4-LOW,CREDIT_CARD,7,27051.06
10335,336,5,2025-04-19,1-URGENT,WIRE_TRANSFER,3,14247.57
10336,337,1,2025-04-07,4-LOW,CREDIT_CARD,4,9725.88
10337,338,2,2025-04-02,2-HIGH,WIRE_TRANSFER,6,18930.15
10338,339,3,2025-02-18,1-URGENT,WIRE_TRANSFER,7,44492.31
10339,340,4,2025-06-05,1-URGENT,CREDIT_CARD,7,34530.41
10340,341,5,2025-02-10,1-URGENT,CORPORATE_INVOICE,6,15233.31
10341,342,1,2025-04-21,3-NORMAL,CREDIT_CARD,3,25429.84
10342,343,2,2025-02-18,2-HIGH,WIRE_TRANSFER,3,7267.63
10343,344,3,2025-02-21,4-LOW,CREDIT_CARD,4,9948.12
10344,345,4,2025-06-30,4-LOW,CREDIT_CARD,4,16052.65
10345,346,5,2025-05-09,4-LOW,CORPORATE_INVOICE,4,21199.25
10346,347,1,2025-06-06,1-URGENT,CORPORATE_INVOICE,3,6300.82
10347,348,2,2025-03-22,3-NORMAL,CREDIT_CARD,7,49198.8
10348,349,3,2025-05-13,4-LOW,CREDIT_CARD,4,12827.68
10349,350,4,2025-04-17,2-HIGH,CREDIT_CARD,4,7502.54
10350,351,5,2025-04-05,4-LOW,CORPORATE_INVOICE,7,33557.2
10351,352,1,2025-06-04,2-HIGH,CORPORATE_INVOICE,3,14711.69
10352,353,2,2025-03-10,1-URGENT,CORPORATE_INVOICE,3,10137.99
10353,354,3,2025/04/05,2-HIGH,WIRE_TRANSFER,5,19304.15
10354,355,4,2025-02-07,3-NORMAL,CORPORATE_INVOICE,7,44422.19
10355,356,5,2025-06-26,3-NORMAL,WIRE_TRANSFER,6,26048.21
10356,357,1,2025-01-06,4-LOW,CORPORATE_INVOICE,5,15067.09
10357,358,2,2025-05-05,1-URGENT,CREDIT_CARD,6,35828.92
10358,359,3,2025/01/04,2-HIGH,CREDIT_CARD,6,28108.39
10359,360,4,2025-03-01,4-LOW,CREDIT_CARD,7,44812.15
10360,361,5,2025-06-10,3-NORMAL,CREDIT_CARD,6,20326.75
10361,362,1,2025-02-15,2-HIGH,WIRE_TRANSFER,5,33734.71
10362,363,2,2025-01-06,4-LOW,CREDIT_CARD,6,17711.89
10363,364,3,2025-06-22,4-LOW,CORPORATE_INVOICE,4,21715.19
10364,365,4,2025/06/04,4-LOW,WIRE_TRANSFER,5,28857.08
10365,366,5,2025-04-20,1-URGENT,CREDIT_CARD,5,23395.39
10366,367,1,2025-03-13,2-HIGH,CREDIT_CARD,5,14705.06
10367,368,2,2025-01-02,2-HIGH,WIRE_TRANSFER,5,30129.41
10368,369,3,2025-01-30,2-HIGH,CORPORATE_INVOICE,4,16756.25
10369,370,4,2025/02/23,1-URGENT,CREDIT_CARD,4,19566.74
10370,371,5,2025-02-23,2-HIGH,CORPORATE_INVOICE,4,16589.84
10371,372,1,2025-06-10,3-NORMAL,CORPORATE_INVOICE,4,14871.49
10372,373,2,2025-03-03,1-URGENT,CORPORATE_INVOICE,7,18426.54
10373,374,3,2025-01-17,1-URGENT,CORPORATE_INVOICE,6,13734.67
10374,375,4,2025-01-13,4-LOW,CREDIT_CARD,5,28313.37
10375,376,5,2025/02/07,1-URGENT,CREDIT_CARD,4,11382.07
10376,377,1,2025-03-30,2-HIGH,CREDIT_CARD,3,9298.73
10377,378,2,2025-05-31,2-HIGH,CORPORATE_INVOICE,3,5304.91
10378,379,3,2025-03-11,4-LOW,CORPORATE_INVOICE,3,16955.73
10379,380,4,2025-02-25,2-HIGH,CORPORATE_INVOICE,6,29636.33
10380,381,5,2025-03-25,1-URGENT,CORPORATE_INVOICE,7,28989.63
10381,382,1,2025-03-12,1-URGENT,CORPORATE_INVOICE,5,22951.23
10382,383,2,2025-05-12,1-URGENT,CORPORATE_INVOICE,4,19737.01
10383,384,3,2025/04/21,2-HIGH,CORPORATE_INVOICE,5,11182.98
10384,385,4,2025-01-08,1-URGENT,WIRE_TRANSFER,7,16583.92
10385,386,5,2025/06/17,3-NORMAL,CORPORATE_INVOICE,7,29486.54
10386,387,1,2025-01-14,3-NORMAL,CORPORATE_INVOICE,5,18341.83
10387,388,2,2025-02-01,1-URGENT,CORPORATE_INVOICE,7,45596.24
10388,389,3,2025-05-15,1-URGENT,CREDIT_CARD,5,18477.41
10389,390,4,2025-03-17,2-HIGH,CREDIT_CARD,3,4998.7
10390,391,5,2025-05-04,4-LOW,WIRE_TRANSFER,5,23326.85
10391,392,1,2025-06-23,4-LOW,CORPORATE_INVOICE,7,18582.39
10392,393,2,2025-03-05,2-HIGH,CORPORATE_INVOICE,7,19531.04
10393,394,3,2025-04-07,1-URGENT,CORPORATE_INVOICE,3,14336.86
10394,395,4,2025-01-20,1-URGENT,CORPORATE_INVOICE,5,13763.3
10395,396,5,2025-06-21,1-URGENT,CORPORATE_INVOICE,5,20230.06
10396,397,1,2025-02-20,4-LOW,WIRE_TRANSFER,6,16700.59
10397,398,2,2025/02/26,4-LOW,CREDIT_CARD,4,21707.08
10398,399,3,2025/05/22,3-NORMAL,WIRE_TRANSFER,5,24321.86
10399,400,4,2025-02-08,2-HIGH,WIRE_TRANSFER,5,30754.34
10400,401,5,2025/06/27,4-LOW,CORPORATE_INVOICE,6,34213.53
10401,402,1,2025-04-11,3-NORMAL,CORPORATE_INVOICE,5,17753.45
10402,403,2,2025-04-13,3-NORMAL,CORPORATE_INVOICE,7,37036.63
10403,404,3,2025-05-12,3-NORMAL,WIRE_TRANSFER,7,26606.22
10404,405,4,2025-04-26,4-LOW,CORPORATE_INVOICE,5,17872.83
10405,406,5,2025-03-29,1-URGENT,CORPORATE_INVOICE,3,3248.88
10406,407,1,2025-06-15,4-LOW,CREDIT_CARD,3,14172.92
10407,408,2,2025-02-04,1-URGENT,WIRE_TRANSFER,6,38345.66
10408,409,3,2025-06-27,4-LOW,CORPORATE_INVOICE,6,25607.77
10409,410,4,2025-04-29,4-LOW,WIRE_TRANSFER,5,21405.7
10410,411,5,2025-04-06,4-LOW,CORPORATE_INVOICE,5,28413.73
10411,412,1,2025-06-07,3-NORMAL,WIRE_TRANSFER,3,10429.26
10412,413,2,2025-03-25,1-URGENT,CREDIT_CARD,5,17943.06
10413,414,3,2025/06/18,4-LOW,WIRE_TRANSFER,4,15945.66
10414,415,4,2025-04-05,1-URGENT,CORPORATE_INVOICE,6,26031.33
10415,416,5,2025-02-10,4-LOW,WIRE_TRANSFER,7,38073.91
10416,417,1,2025/04/16,2-HIGH,WIRE_TRANSFER,6,33279.6
10417,418,2,2025-06-24,3-NORMAL,CORPORATE_INVOICE,6,28390.14
10418,419,3,2025-06-22,1-URGENT,WIRE_TRANSFER,6,23434.18
10419,420,4,2025-05-22,3-NORMAL,CREDIT_CARD,6,19547.41
10420,421,5,2025/01/11,1-URGENT,WIRE_TRANSFER,6,22893.77
10421,422,1,2025-03-04,3-NORMAL,CREDIT_CARD,5,32820.3
10422,423,2,2025/06/03,2-HIGH,WIRE_TRANSFER,4,16558.5
10423,424,3,2025-05-04,1-URGENT,CREDIT_CARD,7,21342.92
10424,425,4,2025-01-02,4-LOW,WIRE_TRANSFER,5,6382.6
10425,426,5,2025-04-01,1-URGENT,CORPORATE_INVOICE,7,13114.35
10426,427,1,2025-06-18,1-URGENT,WIRE_TRANSFER,4,21054.28
10427,428,2,2025-04-18,4-LOW,CREDIT_CARD,5,26803.58
10428,429,3,2025-03-15,2-HIGH,WIRE_TRANSFER,3,16193.37
10429,430,4,2025-02-04,1-URGENT,WIRE_TRANSFER,6,33035.08
10430,431,5,2025-06-20,4-LOW,CREDIT_CARD,4,19154.63
10431,432,1,2025/06/12,2-HIGH,WIRE_TRANSFER,4,9159.17
10432,433,2,2025-01-08,3-NORMAL,CREDIT_CARD,3,14057.41
10433,434,3,2025-01-25,1-URGENT,WIRE_TRANSFER,7,28706.2
10434,435,4,2025-03-05,1-URGENT,WIRE_TRANSFER,6,22836.17
10435,436,5,2025-03-23,3-NORMAL,WIRE_TRANSFER,5,28062.68
10436,437,1,2025-05-26,4-LOW,WIRE_TRANSFER,4,12419.87
10437,438,2,2025-06-10,3-NORMAL,WIRE_TRANSFER,4,11574.22
10438,439,3,2025-03-27,4-LOW,CREDIT_CARD,7,25621.55
10439,440,4,2025-02-23,3-NORMAL,CORPORATE_INVOICE,7,16917.03
10440,441,5,2025-03-16,1-URGENT,WIRE_TRANSFER,3,15032.79
10441,442,1,2025-02-09,2-HIGH,CORPORATE_INVOICE,3,7112.2
10442,443,2,2025-06-03,2-HIGH,CREDIT_CARD,6,28790.15
10443,444,3,2025-02-01,4-LOW,WIRE_TRANSFER,5,22578.99
10444,445,4,2025-03-08,2-HIGH,WIRE_TRANSFER,5,6300.76
10445,446,5,2025-02-25,2-HIGH,WIRE_TRANSFER,4,9757.7
10446,447,1,2025-03-23,2-HIGH,CORPORATE_INVOICE,3,16262.3
10447,448,2,2025-01-02,4-LOW,WIRE_TRANSFER,6,28093.74
10448,449,3,2025-06-29,2-HIGH,CREDIT_CARD,6,30415.42
10449,450,4,2025-02-03,1-URGENT,WIRE_TRANSFER,6,19520.94
10450,451,5,2025-01-01,4-LOW,CORPORATE_INVOICE,5,14488.83
10451,452,1,2025-04-07,2-HIGH,CREDIT_CARD,5,9048.09
10452,453,2,2025-04-29,2-HIGH,CORPORATE_INVOICE,7,18584.69
10453,454,3,2025/05/09,4-LOW,CREDIT_CARD,5,16658.51
10454,455,4,2025-06-03,3-NORMAL,CREDIT_CARD,5,30444.75
10455,456,5,2025-01-24,1-URGENT,WIRE_TRANSFER,4,10138.97
10456,457,1,2025-06-03,4-LOW,WIRE_TRANSFER,7,26424.91
10457,458,2,2025-05-04,2-HIGH,CREDIT_CARD,5,15228.97
10458,459,3,2025-02-07,4-LOW,CORPORATE_INVOICE,7,33984.37
10459,460,4,2025-03-30,4-LOW,WIRE_TRANSFER,5,22626.3
10460,461,5,2025-05-14,1-URGENT,WIRE_TRANSFER,5,24194.97
10461,462,1,2025-06-21,4-LOW,CREDIT_CARD,4,9125.34
10462,463,2,2025-05-30,4-LOW,WIRE_TRANSFER,7,15027.1
10463,464,3,2025-04-04,4-LOW,WIRE_TRANSFER,6,24192.44
10464,465,4,2025-03-06,2-HIGH,WIRE_TRANSFER,5,20170.82
10465,466,5,2025/05/23,4-LOW,WIRE_TRANSFER,4,15434.68
10466,467,1,2025/04/03,4-LOW,CREDIT_CARD,6,18623.55
10467,468,2,2025-06-14,4-LOW,CORPORATE_INVOICE,6,11201.64
10468,469,3,2025-04-03,4-LOW,WIRE_TRANSFER,6,29321.4
10469,470,4,2025-02-21,4-LOW,WIRE_TRANSFER,7,38939.72
10470,471,5,2025-04-01,3-NORMAL,WIRE_TRANSFER,6,41520.08
10471,472,1,2025-01-30,1-URGENT,WIRE_TRANSFER,5,21242.55
10472,473,2,2025-05-14,1-URGENT,CORPORATE_INVOICE,7,33258.53
10473,474,3,2025-02-14,1-URGENT,CREDIT_CARD,4,21464.98
10474,475,4,2025/03/28,3-NORMAL,WIRE_TRANSFER,4,13559.77
10475,476,5,2025-05-05,2-HIGH,CREDIT_CARD,4,18848.65
10476,477,1,2025-03-06,3-NORMAL,WIRE_TRANSFER,6,10627.98
10477,478,2,2025-05-10,1-URGENT,CREDIT_CARD,6,17723.78
10478,479,3,2025-05-28,2-HIGH,WIRE_TRANSFER,4,17378.49
10479,480,4,2025-01-17,3-NORMAL,CORPORATE_INVOICE,3,13266.35
10480,481,5,2025-05-25,1-URGENT,CORPORATE_INVOICE,4,26695.03
10481,482,1,2025-04-14,1-URGENT,CREDIT_CARD,6,27258.12
10482,483,2,2025-01-20,2-HIGH,WIRE_TRANSFER,6,26925.69
10483,484,3,2025-01-19,3-NORMAL,WIRE_TRANSFER,3,28920.79
10484,485,4,2025-01-18,2-HIGH,CREDIT_CARD,3,14735.82
10485,486,5,2025-01-07,1-URGENT,CORPORATE_INVOICE,5,33424.85
10486,487,1,2025-02-06,3-NORMAL,CREDIT_CARD,3,12959.17
10487,488,2,2025-04-11,3-NORMAL,CORPORATE_INVOICE,4,24164.67
10488,489,3,2025-03-08,1-URGENT,CORPORATE_INVOICE,6,20041.69
10489,490,4,2025-01-12,4-LOW,CREDIT_CARD,7,34197.86
10490,491,5,2025-03-05,2-HIGH,CREDIT_CARD,6,29032.35
10491,492,1,2025-05-31,2-HIGH,CREDIT_CARD,7,23987.7
10492,493,2,2025-04-21,4-LOW,CREDIT_CARD,5,29785.78
10493,494,3,2025-01-09,3-NORMAL,CORPORATE_INVOICE,7,49691.99
10494,495,4,2025-01-28,3-NORMAL,CREDIT_CARD,3,5794.36
10495,496,5,2025-06-05,3-NORMAL,CREDIT_CARD,5,11515.66
10496,497,1,2025-05-18,4-LOW,CREDIT_CARD,4,12493.01
10497,498,2,2025-06-22,3-NORMAL,CORPORATE_INVOICE,3,7223.88
10498,499,3,2025-02-03,2-HIGH,CORPORATE_INVOICE,6,25763.5
10499,500,4,2025-06-22,4-LOW,CORPORATE_INVOICE,7,31764.49
10500,501,5,2025-03-20,3-NORMAL,CORPORATE_INVOICE,3,9836.62
10501,502,1,2025-01-14,3-NORMAL,CREDIT_CARD,5,18204.93
10502,503,2,2025-03-30,2-HIGH,CORPORATE_INVOICE,4,12283.24
10503,504,3,2025-03-27,1-URGENT,CREDIT_CARD,4,15657.67
10504,505,4,2025-06-30,3-NORMAL,CREDIT_CARD,6,21720.69
10505,506,5,2025-05-09,4-LOW,CREDIT_CARD,7,26597.29
10506,507,1,2025-01-04,3-NORMAL,WIRE_TRANSFER,6,29716.55
10507,508,2,2025-01-08,3-NORMAL,WIRE_TRANSFER,5,20873.99
10508,509,3,2025-06-22,2-HIGH,CREDIT_CARD,5,23852.44
10509,510,4,2025/03/19,1-URGENT,CORPORATE_INVOICE,6,22280.83
10510,511,5,2025-05-26,3-NORMAL,CORPORATE_INVOICE,4,9101.65
10511,512,1,2025/02/18,4-LOW,CORPORATE_INVOICE,6,19802.0
10512,513,2,2025-06-25,3-NORMAL,WIRE_TRANSFER,7,40342.05
10513,514,3,2025-05-16,1-URGENT,WIRE_TRANSFER,7,36057.6
10514,515,4,2025-01-23,2-HIGH,WIRE_TRANSFER,4,13187.85
10515,516,5,2025-02-26,4-LOW,CORPORATE_INVOICE,6,29851.64
10516,517,1,2025-02-17,4-LOW,CORPORATE_INVOICE,7,28909.22
10517,518,2,2025-03-20,2-HIGH,CORPORATE_INVOICE,4,17635.05
10518,519,3,2025-05-28,3-NORMAL,CREDIT_CARD,5,17354.56
10519,520,4,2025-05-28,2-HIGH,CREDIT_CARD,3,6405.35
10520,521,5,2025/01/24,4-LOW,CORPORATE_INVOICE,6,29082.07
10521,522,1,2025-01-27,4-LOW,WIRE_TRANSFER,7,33757.77
10522,523,2,2025-01-19,3-NORMAL,CORPORATE_INVOICE,4,12002.34
10523,524,3,2025-02-18,3-NORMAL,CORPORATE_INVOICE,5,24611.63
10524,525,4,2025-01-22,1-URGENT,CREDIT_CARD,7,36974.9
10525,526,5,2025/02/18,3-NORMAL,WIRE_TRANSFER,5,22542.76
10526,527,1,2025-02-04,1-URGENT,CORPORATE_INVOICE,7,34017.69
10527,528,2,2025-06-29,4-LOW,CREDIT_CARD,3,10664.6
10528,529,3,2025-03-29,4-LOW,WIRE_TRANSFER,3,14268.1
10529,530,4,2025-06-22,2-HIGH,WIRE_TRANSFER,4,14494.77
10530,531,5,2025-03-13,3-NORMAL,WIRE_TRANSFER,7,29627.44
10531,532,1,2025-01-16,2-HIGH,CREDIT_CARD,3,11842.85
10532,533,2,2025-01-31,1-URGENT,CORPORATE_INVOICE,6,18110.58
10533,534,3,2025-04-14,1-URGENT,CREDIT_CARD,7,35940.03
10534,535,4,2025-03-13,1-URGENT,CORPORATE_INVOICE,3,6771.43
10535,536,5,2025-01-23,3-NORMAL,CORPORATE_INVOICE,3,19338.12
10536,537,1,2025/05/02,4-LOW,CORPORATE_INVOICE,3,13569.46
10537,538,2,2025-04-23,3-NORMAL,CORPORATE_INVOICE,5,16980.99
10538,539,3,2025-06-13,3-NORMAL,CORPORATE_INVOICE,7,34961.77
10539,540,4,2025-04-14,2-HIGH,CORPORATE_INVOICE,4,14055.09
10540,541,5,2025-02-16,3-NORMAL,WIRE_TRANSFER,6,40579.75
10541,542,1,2025-04-08,4-LOW,CORPORATE_INVOICE,5,9277.0
10542,543,2,2025-03-01,3-NORMAL,CORPORATE_INVOICE,5,15362.38
10543,544,3,2025-01-24,1-URGENT,WIRE_TRANSFER,7,36909.57
10544,545,4,2025-03-17,3-NORMAL,CREDIT_CARD,6,25268.0
10545,546,5,2025-02-07,2-HIGH,WIRE_TRANSFER,3,8782.73
10546,547,1,2025-05-09,1-URGENT,CORPORATE_INVOICE,3,15544.99
10547,548,2,2025-04-10,3-NORMAL,WIRE_TRANSFER,7,32754.49
10548,549,3,2025-04-18,3-NORMAL,CORPORATE_INVOICE,7,19197.18
10549,550,4,2025-04-16,1-URGENT,CORPORATE_INVOICE,5,16828.46
10550,551,5,2025-03-25,4-LOW,WIRE_TRANSFER,5,14887.55
10551,552,1,2025-01-04,3-NORMAL,CORPORATE_INVOICE,7,38178.33
10552,553,2,2025-01-15,1-URGENT,WIRE_TRANSFER,6,28750.01
10553,554,3,2025-03-06,3-NORMAL,CORPORATE_INVOICE,6,36119.53
10554,555,4,2025-04-08,1-URGENT,CREDIT_CARD,4,16314.6
10555,556,5,2025-01-22,4-LOW,CREDIT_CARD,4,7955.73
10556,557,1,2025-05-19,2-HIGH,CORPORATE_INVOICE,7,29549.29
10557,558,2,2025-04-01,2-HIGH,WIRE_TRANSFER,4,22010.85
10558,559,3,2025-06-10,2-HIGH,CORPORATE_INVOICE,4,9949.41
10559,560,4,2025/05/03,2-HIGH,WIRE_TRANSFER,7,34652.07
10560,561,5,2025-06-25,4-LOW,CREDIT_CARD,3,12776.7
10561,562,1,2025-02-04,3-NORMAL,CREDIT_CARD,3,7860.89
10562,563,2,2025-06-24,4-LOW,CREDIT_CARD,6,24604.57
10563,564,3,2025-03-24,1-URGENT,WIRE_TRANSFER,3,10687.72
10564,565,4,2025-01-08,4-LOW,CREDIT_CARD,4,15772.29
10565,566,5,2025-06-17,3-NORMAL,WIRE_TRANSFER,6,23314.6
10566,567,1,2025-04-29,4-LOW,WIRE_TRANSFER,6,41578.78
10567,568,2,2025-01-30,2-HIGH,CREDIT_CARD,4,16530.97
10568,569,3,2025-03-28,3-NORMAL,CORPORATE_INVOICE,5,20082.83
10569,570,4,2025-03-04,2-HIGH,WIRE_TRANSFER,6,23308.74
10570,571,5,2025-05-02,3-NORMAL,CORPORATE_INVOICE,7,39332.16
10571,572,1,2025-01-02,2-HIGH,CORPORATE_INVOICE,3,17048.43
10572,573,2,2025-03-14,2-HIGH,WIRE_TRANSFER,3,8542.95
10573,574,3,2025-05-20,4-LOW,CORPORATE_INVOICE,3,9047.64
10574,575,4,2025-01-10,3-NORMAL,WIRE_TRANSFER,5,33609.78
10575,576,5,2025-03-05,2-HIGH,CREDIT_CARD,7,26114.1
10576,577,1,2025-01-14,2-HIGH,CORPORATE_INVOICE,6,31488.5
10577,578,2,2025/06/20,4-LOW,WIRE_TRANSFER,6,20630.94
10578,579,3,2025-04-30,2-HIGH,WIRE_TRANSFER,5,19167.06
10579,580,4,2025-06-21,2-HIGH,CREDIT_CARD,7,10261.84
10580,581,5,2025-01-05,1-URGENT,CORPORATE_INVOICE,7,19255.68
10581,582,1,2025-03-08,3-NORMAL,WIRE_TRANSFER,7,42286.08
10582,583,2,2025/01/11,2-HIGH,CREDIT_CARD,5,22468.76
10583,584,3,2025-04-29,3-NORMAL,CREDIT_CARD,6,22016.53
10584,585,4,2025-06-03,4-LOW,CORPORATE_INVOICE,7,24147.48
10585,586,5,2025-01-01,4-LOW,CREDIT_CARD,3,12414.74
10586,587,1,2025-01-19,1-URGENT,CREDIT_CARD,6,24080.1
10587,588,2,2025-02-23,3-NORMAL,WIRE_TRANSFER,6,26524.98
10588,589,3,2025/04/11,4-LOW,CREDIT_CARD,7,43826.86
10589,590,4,2025-03-15,2-HIGH,CREDIT_CARD,5,15522.95
10590,591,5,2025-04-25,1-URGENT,CORPORATE_INVOICE,5,21447.35
10591,592,1,2025-05-19,2-HIGH,WIRE_TRANSFER,4,16248.26
10592,593,2,2025-06-16,4-LOW,CREDIT_CARD,3,3754.42
10593,594,3,2025-04-17,4-LOW,CREDIT_CARD,3,13368.33
10594,595,4,2025/03/07,4-LOW,CORPORATE_INVOICE,6,43340.13
10595,596,5,2025/05/26,3-NORMAL,CREDIT_CARD,5,27833.19
10596,597,1,2025/04/26,1-URGENT,CREDIT_CARD,5,9259.78
10597,598,2,2025-05-15,2-HIGH,WIRE_TRANSFER,4,23173.21
10598,599,3,2025-02-27,2-HIGH,CORPORATE_INVOICE,5,8195.92
10599,600,4,2025-01-29,1-URGENT,CORPORATE_INVOICE,4,21678.11
10600,601,5,2025-01-19,2-HIGH,WIRE_TRANSFER,6,16513.45
10601,602,1,2025-04-02,4-LOW,CREDIT_CARD,7,35191.54
10602,603,2,2025-01-20,4-LOW,CORPORATE_INVOICE,4,22503.91
10603,604,3,2025-06-15,4-LOW,CREDIT_CARD,6,31486.43
10604,605,4,2025-03-18,4-LOW,CREDIT_CARD,6,24134.65
10605,606,5,2025/03/10,4-LOW,WIRE_TRANSFER,7,26172.33
10606,607,1,2025-05-02,4-LOW,CORPORATE_INVOICE,7,31039.48
10607,608,2,2025-06-27,2-HIGH,CORPORATE_INVOICE,5,43601.79
10608,609,3,2025-05-02,3-NORMAL,WIRE_TRANSFER,5,11778.95
10609,610,4,2025-01-07,1-URGENT,CORPORATE_INVOICE,3,16681.9
10610,611,5,2025-05-21,2-HIGH,WIRE_TRANSFER,7,25423.73
10611,612,1,2025-04-15,1-URGENT,CORPORATE_INVOICE,5,43549.89
10612,613,2,2025-02-27,4-LOW,WIRE_TRANSFER,5,17791.91
10613,614,3,2025-05-30,4-LOW,CORPORATE_INVOICE,3,15722.65
10614,615,4,2025-05-23,2-HIGH,CREDIT_CARD,4,17289.71
10615,616,5,2025-04-05,1-URGENT,CORPORATE_INVOICE,5,35512.48
10616,617,1,2025-02-12,3-NORMAL,CORPORATE_INVOICE,7,22913.69
10617,618,2,2025-06-28,2-HIGH,WIRE_TRANSFER,4,5879.32
10618,619,3,2025-04-05,3-NORMAL,WIRE_TRANSFER,7,28318.88
10619,620,4,2025-02-15,1-URGENT,WIRE_TRANSFER,6,23881.1
10620,621,5,2025-01-25,4-LOW,CREDIT_CARD,3,4728.27
10621,622,1,2025/05/19,2-HIGH,CREDIT_CARD,6,23259.23
10622,623,2,2025-06-26,1-URGENT,CORPORATE_INVOICE,7,12951.63
10623,624,3,2025-03-06,3-NORMAL,CREDIT_CARD,4,13699.84
10624,625,4,2025-05-19,2-HIGH,CREDIT_CARD,7,14267.76
10625,626,5,2025-05-13,4-LOW,CORPORATE_INVOICE,6,37050.69
10626,627,1,2025-06-27,1-URGENT,CREDIT_CARD,6,16048.33
10627,628,2,2025/03/29,3-NORMAL,CREDIT_CARD,4,20448.03
10628,629,3,2025-04-24,3-NORMAL,CORPORATE_INVOICE,3,19911.08
10629,630,4,2025-02-07,1-URGENT,CREDIT_CARD,6,23017.15
10630,631,5,2025-01-30,3-NORMAL,CORPORATE_INVOICE,7,20240.95
10631,632,1,2025-02-07,2-HIGH,WIRE_TRANSFER,6,30025.85
10632,633,2,2025-01-18,4-LOW,CREDIT_CARD,3,20950.86
10633,634,3,2025-04-22,1-URGENT,WIRE_TRANSFER,7,32626.76
10634,635,4,2025/06/09,4-LOW,WIRE_TRANSFER,7,39342.54
10635,636,5,2025-06-20,1-URGENT,CREDIT_CARD,4,20139.17
10636,637,1,2025-06-02,3-NORMAL,CORPORATE_INVOICE,3,14138.39
10637,638,2,2025-01-27,4-LOW,WIRE_TRANSFER,7,19794.35
10638,639,3,2025-02-09,4-LOW,CREDIT_CARD,6,37565.46
10639,640,4,2025-02-26,4-LOW,CREDIT_CARD,3,5223.72
10640,641,5,2025-02-19,3-NORMAL,WIRE_TRANSFER,4,13946.51
10641,642,1,2025-01-25,1-URGENT,CREDIT_CARD,4,13382.77
10642,643,2,2025-03-05,2-HIGH,CREDIT_CARD,4,14399.71
10643,644,3,2025-05-17,3-NORMAL,CREDIT_CARD,3,12893.51
10644,645,4,2025-06-20,4-LOW,WIRE_TRANSFER,4,20064.14
10645,646,5,2025-05-20,2-HIGH,WIRE_TRANSFER,7,35608.75
10646,647,1,2025-05-12,4-LOW,CORPORATE_INVOICE,3,12441.53
10647,648,2,2025-03-29,3-NORMAL,WIRE_TRANSFER,7,16919.03
10648,649,3,2025-06-11,3-NORMAL,CORPORATE_INVOICE,6,43782.35
10649,650,4,2025-01-12,4-LOW,CREDIT_CARD,7,32686.89
10650,651,5,2025-06-20,3-NORMAL,CORPORATE_INVOICE,3,12044.26
10651,652,1,2025-06-24,3-NORMAL,CORPORATE_INVOICE,6,17827.14
10652,653,2,2025-04-25,2-HIGH,WIRE_TRANSFER,6,15890.35
10653,654,3,2025-01-09,2-HIGH,WIRE_TRANSFER,7,18844.66
10654,655,4,2025-05-06,4-LOW,WIRE_TRANSFER,7,38698.7
10655,656,5,2025-01-08,1-URGENT,CORPORATE_INVOICE,6,44569.24
10656,657,1,2025-06-05,1-URGENT,CORPORATE_INVOICE,4,18124.08
10657,658,2,2025/05/15,2-HIGH,CREDIT_CARD,7,38332.78
10658,659,3,2025-01-22,1-URGENT,CORPORATE_INVOICE,6,29712.11
10659,660,4,2025-06-13,4-LOW,CORPORATE_INVOICE,6,26667.94
10660,661,5,2025/02/03,1-URGENT,CORPORATE_INVOICE,7,46340.46
10661,662,1,2025-01-07,1-URGENT,CREDIT_CARD,3,9108.75
10662,663,2,2025-04-08,3-NORMAL,WIRE_TRANSFER,6,17122.76
10663,664,3,2025-04-26,4-LOW,CORPORATE_INVOICE,7,43882.65
10664,665,4,2025-06-20,1-URGENT,WIRE_TRANSFER,7,32146.39
10665,666,5,2025-04-06,2-HIGH,WIRE_TRANSFER,5,21366.19
10666,667,1,2025-01-17,2-HIGH,WIRE_TRANSFER,3,1193.14
10667,668,2,2025-03-12,3-NORMAL,CREDIT_CARD,6,27112.85
10668,669,3,2025-03-16,1-URGENT,CREDIT_CARD,5,13475.11
10669,670,4,2025-02-09,2-HIGH,CREDIT_CARD,5,20758.6
10670,671,5,2025/06/10,4-LOW,WIRE_TRANSFER,7,36212.28
10671,672,1,2025-02-20,1-URGENT,CORPORATE_INVOICE,7,26965.04
10672,673,2,2025-01-12,3-NORMAL,WIRE_TRANSFER,6,25605.74
10673,674,3,2025/05/26,4-LOW,CORPORATE_INVOICE,5,16150.47
10674,675,4,2025-02-13,3-NORMAL,CREDIT_CARD,5,32094.34
10675,676,5,2025-05-26,3-NORMAL,CREDIT_CARD,4,10354.2
10676,677,1,2025-03-04,2-HIGH,WIRE_TRANSFER,5,20904.66
10677,678,2,2025-02-26,4-LOW,CORPORATE_INVOICE,6,21819.67
10678,679,3,2025-03-16,1-URGENT,CREDIT_CARD,4,19896.95
10679,680,4,2025-03-08,3-NORMAL,CORPORATE_INVOICE,6,27355.46
10680,681,5,2025-06-10,3-NORMAL,WIRE_TRANSFER,5,8538.09
10681,682,1,2025-01-11,2-HIGH,CORPORATE_INVOICE,3,21787.24
10682,683,2,2025-03-03,4-LOW,CORPORATE_INVOICE,4,17700.28
10683,684,3,2025-04-01,1-URGENT,CREDIT_CARD,6,15914.43
10684,685,4,2025-05-23,3-NORMAL,WIRE_TRANSFER,6,27583.53
10685,686,5,2025-05-30,4-LOW,CREDIT_CARD,5,24189.62
10686,687,1,2025-04-18,1-URGENT,CORPORATE_INVOICE,3,7073.66
10687,688,2,2025-04-06,1-URGENT,CORPORATE_INVOICE,6,21841.6
10688,689,3,2025-05-24,3-NORMAL,CREDIT_CARD,3,20474.68
10689,690,4,2025-01-19,2-HIGH,CREDIT_CARD,3,7066.48
10690,691,5,2025/03/28,3-NORMAL,CREDIT_CARD,4,23240.63
10691,692,1,2025-01-05,2-HIGH,CORPORATE_INVOICE,4,20083.23
10692,693,2,2025-04-20,1-URGENT,CORPORATE_INVOICE,6,41205.31
10693,694,3,2025-05-17,1-URGENT,CORPORATE_INVOICE,3,20294.35
10694,695,4,2025-06-14,4-LOW,CORPORATE_INVOICE,7,25273.09
10695,696,5,2025-06-01,3-NORMAL,CORPORATE_INVOICE,6,15915.55
10696,697,1,2025-02-27,3-NORMAL,WIRE_TRANSFER,4,9464.12
10697,698,2,2025-03-14,3-NORMAL,CORPORATE_INVOICE,7,23331.48
10698,699,3,2025-02-02,4-LOW,CORPORATE_INVOICE,3,21158.5
10699,700,4,2025-06-27,4-LOW,CREDIT_CARD,6,12624.05
10700,701,5,2025-01-16,4-LOW,CORPORATE_INVOICE,3,11598.93
10701,702,1,2025-03-23,1-URGENT,WIRE_TRANSFER,3,19555.4
10702,703,2,2025-04-02,2-HIGH,CORPORATE_INVOICE,4,9901.47
10703,704,3,2025-05-30,4-LOW,CREDIT_CARD,7,28759.09
10704,705,4,2025/01/28,4-LOW,CREDIT_CARD,3,12659.85
10705,706,5,2025-03-10,2-HIGH,CORPORATE_INVOICE,3,10146.01
10706,707,1,2025-01-15,1-URGENT,CREDIT_CARD,5,13188.49
10707,708,2,2025-04-02,4-LOW,WIRE_TRANSFER,3,6987.11
10708,709,3,2025-06-01,3-NORMAL,WIRE_TRANSFER,7,34989.2
10709,710,4,2025/03/26,2-HIGH,WIRE_TRANSFER,4,4599.18
10710,711,5,2025-05-08,4-LOW,CORPORATE_INVOICE,3,8982.2
10711,712,1,2025-06-11,1-URGENT,WIRE_TRANSFER,5,25379.18
10712,713,2,2025-05-04,3-NORMAL,WIRE_TRANSFER,3,12665.33
10713,714,3,2025-03-25,4-LOW,WIRE_TRANSFER,5,15316.64
10714,715,4,2025/05/13,2-HIGH,WIRE_TRANSFER,7,43697.47
10715,716,5,2025-05-07,2-HIGH,WIRE_TRANSFER,7,51792.3
10716,717,1,2025-04-08,2-HIGH,WIRE_TRANSFER,5,35147.62
10717,718,2,2025-02-12,1-URGENT,WIRE_TRANSFER,6,22880.61
10718,719,3,2025/02/03,2-HIGH,CORPORATE_INVOICE,5,25288.74
10719,720,4,2025-05-29,2-HIGH,CREDIT_CARD,3,17276.45
10720,721,5,2025-05-12,3-NORMAL,CREDIT_CARD,4,28634.08
10721,722,1,2025/06/09,1-URGENT,WIRE_TRANSFER,7,27589.56
10722,723,2,2025-02-04,4-LOW,WIRE_TRANSFER,4,12828.82
10723,724,3,2025-02-28,4-LOW,WIRE_TRANSFER,5,22515.26
10724,725,4,2025-05-04,1-URGENT,CREDIT_CARD,3,11977.09
10725,726,5,2025/01/31,4-LOW,CORPORATE_INVOICE,4,17372.91
10726,727,1,2025-06-06,4-LOW,CORPORATE_INVOICE,5,19319.26
10727,728,2,2025-03-28,2-HIGH,WIRE_TRANSFER,3,21933.77
10728,729,3,2025-02-14,1-URGENT,CREDIT_CARD,6,17602.62
10729,730,4,2025-04-27,1-URGENT,CORPORATE_INVOICE,4,27797.29
10730,731,5,2025-02-27,2-HIGH,WIRE_TRANSFER,5,19858.64
10731,732,1,2025-03-11,2-HIGH,CREDIT_CARD,7,34453.76
10732,733,2,2025-01-30,3-NORMAL,CREDIT_CARD,5,22889.3
10733,734,3,2025-04-17,1-URGENT,CORPORATE_INVOICE,4,24984.1
10734,735,4,2025-03-02,1-URGENT,WIRE_TRANSFER,6,23082.97
10735,736,5,2025-03-09,4-LOW,WIRE_TRANSFER,7,25439.77
10736,737,1,2025/06/14,1-URGENT,CREDIT_CARD,3,10095.26
10737,738,2,2025-03-25,4-LOW,WIRE_TRANSFER,7,24717.93
10738,739,3,2025-02-28,2-HIGH,WIRE_TRANSFER,4,29921.51
10739,740,4,2025/01/08,2-HIGH,CREDIT_CARD,6,30875.51
10740,741,5,2025-03-20,4-LOW,CORPORATE_INVOICE,4,6407.47
10741,742,1,2025-01-16,1-URGENT,CREDIT_CARD,7,20562.59
10742,743,2,2025/05/25,3-NORMAL,WIRE_TRANSFER,6,16071.6
10743,744,3,2025-02-08,4-LOW,CORPORATE_INVOICE,5,19832.31
10744,745,4,2025-06-30,2-HIGH,CORPORATE_INVOICE,5,18772.28
10745,746,5,2025-03-22,1-URGENT,CORPORATE_INVOICE,5,12069.76
10746,747,1,2025-03-06,2-HIGH,CREDIT_CARD,4,20778.39
10747,748,2,2025/01/08,2-HIGH,CREDIT_CARD,6,44698.78
10748,749,3,2025-04-29,3-NORMAL,WIRE_TRANSFER,6,26400.52
10749,750,4,2025-06-13,2-HIGH,CORPORATE_INVOICE,3,16697.52
10750,751,5,2025-01-14,2-HIGH,WIRE_TRANSFER,3,6192.53
10751,752,1,2025-05-15,1-URGENT,CORPORATE_INVOICE,5,32239.42
10752,753,2,2025-03-18,4-LOW,CORPORATE_INVOICE,7,29606.56
10753,754,3,2025-06-10,4-LOW,CORPORATE_INVOICE,3,15873.57
10754,755,4,2025-03-29,1-URGENT,CREDIT_CARD,6,22470.34
10755,756,5,2025-03-09,1-URGENT,WIRE_TRANSFER,5,17700.47
10756,757,1,2025-04-29,2-HIGH,WIRE_TRANSFER,6,38280.29
10757,758,2,2025-06-28,3-NORMAL,CORPORATE_INVOICE,3,12288.88
10758,759,3,2025-01-24,3-NORMAL,WIRE_TRANSFER,7,29643.85
10759,760,4,2025-05-19,4-LOW,WIRE_TRANSFER,7,19639.99
10760,761,5,2025-02-25,2-HIGH,WIRE_TRANSFER,7,51769.54
10761,762,1,2025-05-05,1-URGENT,CREDIT_CARD,5,11266.16
10762,763,2,2025/06/22,3-NORMAL,CORPORATE_INVOICE,5,16552.32
10763,764,3,2025-03-28,4-LOW,WIRE_TRANSFER,7,37547.31
10764,765,4,2025-01-26,3-NORMAL,WIRE_TRANSFER,6,24475.97
10765,766,5,2025-05-12,3-NORMAL,CREDIT_CARD,7,34880.34
10766,767,1,2025-02-21,2-HIGH,WIRE_TRANSFER,3,15972.6
10767,768,2,2025-01-14,2-HIGH,CREDIT_CARD,6,37880.64
10768,769,3,2025-01-28,4-LOW,CREDIT_CARD,4,13210.31
10769,770,4,2025-05-30,3-NORMAL,CORPORATE_INVOICE,6,30921.78
10770,771,5,2025-05-06,1-URGENT,CORPORATE_INVOICE,5,21401.05
10771,772,1,2025-06-01,4-LOW,WIRE_TRANSFER,6,15881.72
10772,773,2,2025-01-13,2-HIGH,WIRE_TRANSFER,6,15104.02
10773,774,3,2025-05-07,4-LOW,CREDIT_CARD,7,33175.47
10774,775,4,2025/05/29,3-NORMAL,CORPORATE_INVOICE,4,23159.16
10775,776,5,2025-06-27,2-HIGH,WIRE_TRANSFER,3,11372.99
10776,777,1,2025-05-28,2-HIGH,CORPORATE_INVOICE,4,8885.24
10777,778,2,2025-04-06,2-HIGH,CREDIT_CARD,5,13808.56
10778,779,3,2025-05-10,2-HIGH,WIRE_TRANSFER,5,13247.45
10779,780,4,2025-02-24,2-HIGH,WIRE_TRANSFER,5,25423.69
10780,781,5,2025-05-16,2-HIGH,WIRE_TRANSFER,3,8432.2
10781,782,1,2025-02-23,1-URGENT,CORPORATE_INVOICE,6,10953.89
10782,783,2,2025-02-27,3-NORMAL,WIRE_TRANSFER,5,12908.7
10783,784,3,2025-03-03,2-HIGH,CORPORATE_INVOICE,3,1620.44
10784,785,4,2025-04-03,1-URGENT,WIRE_TRANSFER,7,27053.84
10785,786,5,2025-06-07,4-LOW,WIRE_TRANSFER,6,22917.66
10786,787,1,2025/04/05,1-URGENT,CORPORATE_INVOICE,5,19728.82
10787,788,2,2025-04-15,2-HIGH,WIRE_TRANSFER,6,27700.68
10788,789,3,2025-04-29,1-URGENT,WIRE_TRANSFER,6,35012.65
10789,790,4,2025/03/30,3-NORMAL,WIRE_TRANSFER,4,19531.41
10790,791,5,2025-05-30,3-NORMAL,CORPORATE_INVOICE,5,13317.91
10791,792,1,2025/04/12,4-LOW,CORPORATE_INVOICE,5,13584.03
10792,793,2,2025-04-26,3-NORMAL,WIRE_TRANSFER,3,9940.83
10793,794,3,2025-06-03,3-NORMAL,CREDIT_CARD,7,36560.73
10794,795,4,2025/04/20,2-HIGH,CORPORATE_INVOICE,5,16014.02
10795,796,5,2025-05-11,2-HIGH,CORPORATE_INVOICE,7,35872.0
10796,797,1,2025-02-20,2-HIGH,CREDIT_CARD,7,36837.0
10797,798,2,2025-01-01,2-HIGH,CORPORATE_INVOICE,4,8545.71
10798,799,3,2025-01-29,2-HIGH,WIRE_TRANSFER,4,17299.91
10799,800,4,2025-02-16,1-URGENT,WIRE_TRANSFER,7,27352.07
10800,801,5,2025/05/22,3-NORMAL,CREDIT_CARD,6,26760.19
10801,802,1,2025-03-28,2-HIGH,WIRE_TRANSFER,3,16872.25
10802,803,2,2025-03-11,2-HIGH,WIRE_TRANSFER,4,18211.28
10803,804,3,2025/04/03,1-URGENT,WIRE_TRANSFER,3,7305.13
10804,805,4,2025-03-10,3-NORMAL,CORPORATE_INVOICE,6,32726.37
10805,806,5,2025-05-20,1-URGENT,CREDIT_CARD,4,10046.89
10806,807,1,2025-05-03,1-URGENT,WIRE_TRANSFER,5,22696.98
10807,808,2,2025-01-04,4-LOW,WIRE_TRANSFER,5,15756.92
10808,809,3,2025-05-05,3-NORMAL,CORPORATE_INVOICE,3,12605.23
10809,810,4,2025/05/07,2-HIGH,WIRE_TRANSFER,7,15884.16
10810,811,5,2025/03/13,3-NORMAL,CREDIT_CARD,7,26098.53
10811,812,1,2025/06/10,3-NORMAL,WIRE_TRANSFER,5,22531.98
10812,813,2,2025-01-28,4-LOW,CORPORATE_INVOICE,7,23994.98
10813,814,3,2025-06-20,1-URGENT,CORPORATE_INVOICE,6,24713.19
10814,815,4,2025-03-09,3-NORMAL,CREDIT_CARD,7,36802.99
10815,816,5,2025-05-13,1-URGENT,CORPORATE_INVOICE,5,29970.48
10816,817,1,2025-03-01,4-LOW,CORPORATE_INVOICE,3,7685.87
10817,818,2,2025-06-17,3-NORMAL,WIRE_TRANSFER,3,14422.67
10818,819,3,2025-02-01,4-LOW,WIRE_TRANSFER,4,24936.69
10819,820,4,2025/06/15,2-HIGH,WIRE_TRANSFER,6,19536.82
10820,821,5,2025/01/06,4-LOW,WIRE_TRANSFER,7,8878.36
10821,822,1,2025-04-21,4-LOW,WIRE_TRANSFER,6,20088.21
10822,823,2,2025/01/15,2-HIGH,CORPORATE_INVOICE,6,16878.67
10823,824,3,2025-06-01,3-NORMAL,CREDIT_CARD,6,17414.02
10824,825,4,2025-06-13,2-HIGH,WIRE_TRANSFER,5,27899.55
10825,826,5,2025-01-30,2-HIGH,WIRE_TRANSFER,7,33762.13
10826,827,1,2025-03-31,4-LOW,CORPORATE_INVOICE,5,11556.3
10827,828,2,2025-04-28,1-URGENT,CORPORATE_INVOICE,7,31530.99
10828,829,3,2025/03/19,4-LOW,CORPORATE_INVOICE,7,23647.05
10829,830,4,2025-01-12,3-NORMAL,CREDIT_CARD,5,31914.74
10830,831,5,2025-01-12,3-NORMAL,CREDIT_CARD,4,16983.61
10831,832,1,2025-05-23,2-HIGH,CORPORATE_INVOICE,3,21534.8
10832,833,2,2025-02-26,3-NORMAL,CREDIT_CARD,4,30107.2
10833,834,3,2025-02-17,3-NORMAL,WIRE_TRANSFER,7,15689.19
10834,835,4,2025/04/11,3-NORMAL,WIRE_TRANSFER,3,8459.49
10835,836,5,2025-05-22,2-HIGH,CREDIT_CARD,4,10493.31
10836,837,1,2025-05-27,1-URGENT,WIRE_TRANSFER,4,19676.21
10837,838,2,2025-06-11,1-URGENT,WIRE_TRANSFER,6,29794.09
10838,839,3,2025-01-30,4-LOW,WIRE_TRANSFER,7,32105.26
10839,840,4,2025-05-04,4-LOW,CREDIT_CARD,7,41148.51
10840,841,5,2025-02-21,1-URGENT,CORPORATE_INVOICE,7,19975.6
10841,842,1,2025-05-05,1-URGENT,CORPORATE_INVOICE,6,25488.18
10842,843,2,2025-05-21,1-URGENT,CORPORATE_INVOICE,5,15057.08
10843,844,3,2025-05-17,4-LOW,CORPORATE_INVOICE,7,30639.81
10844,845,4,2025-02-09,4-LOW,CREDIT_CARD,7,31009.4
10845,846,5,2025-05-16,3-NORMAL,CORPORATE_INVOICE,3,13210.52
10846,847,1,2025-03-05,2-HIGH,CREDIT_CARD,6,32558.61
10847,848,2,2025-02-06,3-NORMAL,CORPORATE_INVOICE,4,17118.86
10848,849,3,2025-03-19,1-URGENT,CORPORATE_INVOICE,6,29869.67
10849,850,4,2025-04-13,4-LOW,WIRE_TRANSFER,4,25154.75
10850,851,5,2025-02-01,4-LOW,CORPORATE_INVOICE,5,34756.06
10851,852,1,2025-03-15,3-NORMAL,WIRE_TRANSFER,5,9667.57
10852,853,2,2025/04/21,1-URGENT,CREDIT_CARD,4,14286.92
10853,854,3,2025-02-09,3-NORMAL,CREDIT_CARD,5,29200.11
10854,855,4,2025-06-30,4-LOW,CREDIT_CARD,5,36847.14
10855,856,5,2025-04-16,3-NORMAL,CREDIT_CARD,5,19244.03
10856,857,1,2025-06-28,3-NORMAL,CREDIT_CARD,4,28671.48
10857,858,2,2025-05-27,3-NORMAL,CREDIT_CARD,4,30071.94
10858,859,3,2025-04-15,4-LOW,WIRE_TRANSFER,4,11689.11
10859,860,4,2025-03-15,2-HIGH,CORPORATE_INVOICE,6,30553.16
10860,861,5,2025-04-10,4-LOW,WIRE_TRANSFER,6,27178.31
10861,862,1,2025-05-03,2-HIGH,CREDIT_CARD,3,9800.61
10862,863,2,2025-01-04,3-NORMAL,CREDIT_CARD,6,18710.47
10863,864,3,2025-05-21,3-NORMAL,CORPORATE_INVOICE,3,15423.24
10864,865,4,2025-02-16,4-LOW,CREDIT_CARD,7,30692.29
10865,866,5,2025-06-28,1-URGENT,WIRE_TRANSFER,5,8799.69
10866,867,1,2025-02-09,4-LOW,WIRE_TRANSFER,4,22498.14
10867,868,2,2025-06-04,3-NORMAL,CORPORATE_INVOICE,6,20867.1
10868,869,3,2025-03-18,4-LOW,CORPORATE_INVOICE,6,13587.92
10869,870,4,2025-02-23,1-URGENT,WIRE_TRANSFER,6,36054.6
10870,871,5,2025-05-17,3-NORMAL,CREDIT_CARD,7,26949.76
10871,872,1,2025-04-30,3-NORMAL,CREDIT_CARD,7,15384.63
10872,873,2,2025-03-14,2-HIGH,CREDIT_CARD,5,13811.36
10873,874,3,2025-01-12,1-URGENT,CREDIT_CARD,6,23369.04
10874,875,4,2025-01-22,2-HIGH,WIRE_TRANSFER,6,26636.87
10875,876,5,2025-01-10,3-NORMAL,CREDIT_CARD,3,12879.04
10876,877,1,2025-05-07,3-NORMAL,CORPORATE_INVOICE,3,24547.76
10877,878,2,2025-05-09,2-HIGH,CORPORATE_INVOICE,6,24030.69
10878,879,3,2025-01-01,4-LOW,CREDIT_CARD,4,9961.22
10879,880,4,2025-03-13,3-NORMAL,CREDIT_CARD,7,23597.78
10880,881,5,2025/04/01,1-URGENT,CREDIT_CARD,7,23708.59
10881,882,1,2025-02-12,3-NORMAL,CREDIT_CARD,7,21528.35
10882,883,2,2025/04/14,3-NORMAL,CREDIT_CARD,3,15002.0
10883,884,3,2025-05-02,1-URGENT,CORPORATE_INVOICE,7,28409.46
10884,885,4,2025/01/07,4-LOW,WIRE_TRANSFER,6,29544.67
10885,886,5,2025-03-01,4-LOW,CREDIT_CARD,3,11270.77
10886,887,1,2025-01-02,3-NORMAL,CORPORATE_INVOICE,5,19237.89
10887,888,2,2025-04-29,1-URGENT,WIRE_TRANSFER,3,4754.62
10888,889,3,2025-03-02,1-URGENT,WIRE_TRANSFER,6,20161.63
10889,890,4,2025-01-25,1-URGENT,CORPORATE_INVOICE,6,27982.31
10890,891,5,2025-02-16,1-URGENT,CORPORATE_INVOICE,3,14918.61
10891,892,1,2025-01-27,3-NORMAL,CREDIT_CARD,7,26968.52
10892,893,2,2025-04-17,3-NORMAL,CREDIT_CARD,6,17339.16
10893,894,3,2025-04-12,4-LOW,CREDIT_CARD,6,25856.49
10894,895,4,2025-02-02,3-NORMAL,WIRE_TRANSFER,6,16384.95
10895,896,5,2025-04-21,1-URGENT,CREDIT_CARD,7,34674.73
10896,897,1,2025-01-10,1-URGENT,CREDIT_CARD,5,21192.94
10897,898,2,2025-03-20,2-HIGH,CREDIT_CARD,5,22032.02
10898,899,3,2025/01/31,1-URGENT,WIRE_TRANSFER,4,15681.14
10899,900,4,2025/02/07,4-LOW,CREDIT_CARD,6,13139.93
10900,901,5,2025-06-24,3-NORMAL,CORPORATE_INVOICE,5,10007.46
10901,902,1,2025/05/10,1-URGENT,CORPORATE_INVOICE,7,19858.09
10902,903,2,2025-01-03,3-NORMAL,CORPORATE_INVOICE,6,22099.98
10903,904,3,2025-06-02,1-URGENT,CORPORATE_INVOICE,5,34450.32
10904,905,4,2025-06-25,2-HIGH,WIRE_TRANSFER,7,24074.29
10905,906,5,2025-01-07,4-LOW,WIRE_TRANSFER,4,15636.06
10906,907,1,2025-04-29,4-LOW,CORPORATE_INVOICE,4,22783.3
10907,908,2,2025-01-11,4-LOW,CREDIT_CARD,3,8878.49
10908,909,3,2025-03-03,1-URGENT,CORPORATE_INVOICE,7,26179.38
10909,910,4,2025-04-26,2-HIGH,WIRE_TRANSFER,3,10630.35
10910,911,5,2025-06-17,2-HIGH,CORPORATE_INVOICE,5,12434.37
10911,912,1,2025/03/07,1-URGENT,CORPORATE_INVOICE,4,10382.98
10912,913,2,2025-05-14,4-LOW,CORPORATE_INVOICE,4,24024.09
10913,914,3,2025-05-31,1-URGENT,WIRE_TRANSFER,7,28656.37
10914,915,4,2025-05-13,3-NORMAL,CORPORATE_INVOICE,7,26390.96
10915,916,5,2025-06-01,2-HIGH,WIRE_TRANSFER,6,5553.44
10916,917,1,2025-01-31,3-NORMAL,CORPORATE_INVOICE,4,23755.96
10917,918,2,2025-06-15,1-URGENT,CREDIT_CARD,4,3636.16
10918,919,3,2025-03-20,2-HIGH,CREDIT_CARD,3,24070.81
10919,920,4,2025-05-01,2-HIGH,CREDIT_CARD,5,9817.55
10920,921,5,2025-02-14,3-NORMAL,WIRE_TRANSFER,7,35495.48
10921,922,1,2025-04-29,4-LOW,CORPORATE_INVOICE,3,14496.49
10922,923,2,2025-03-08,4-LOW,CORPORATE_INVOICE,5,30767.69
10923,924,3,2025-03-04,2-HIGH,CREDIT_CARD,7,44078.18
10924,925,4,2025-01-21,2-HIGH,CORPORATE_INVOICE,4,14259.45
10925,926,5,2025-01-01,3-NORMAL,WIRE_TRANSFER,4,7587.35
10926,927,1,2025/05/13,3-NORMAL,CORPORATE_INVOICE,3,10283.16
10927,928,2,2025-02-24,1-URGENT,WIRE_TRANSFER,4,27540.19
10928,929,3,2025-04-29,2-HIGH,CORPORATE_INVOICE,3,11982.98
10929,930,4,2025/05/30,3-NORMAL,WIRE_TRANSFER,6,21459.22
10930,931,5,2025-02-21,3-NORMAL,CORPORATE_INVOICE,7,44615.87
10931,932,1,2025-03-03,1-URGENT,CREDIT_CARD,5,13562.0
10932,933,2,2025-05-29,4-LOW,WIRE_TRANSFER,6,32925.08
10933,934,3,2025/01/03,3-NORMAL,CREDIT_CARD,4,13578.69
10934,935,4,2025-02-09,1-URGENT,CORPORATE_INVOICE,7,22008.58
10935,936,5,2025-04-22,3-NORMAL,CREDIT_CARD,5,12108.45
10936,937,1,2025-03-17,4-LOW,WIRE_TRANSFER,5,17725.93
10937,938,2,2025/03/17,3-NORMAL,CORPORATE_INVOICE,7,24138.53
10938,939,3,2025-03-01,2-HIGH,CREDIT_CARD,6,35321.5
10939,940,4,2025-06-11,4-LOW,CORPORATE_INVOICE,7,29181.83
10940,941,5,2025-05-10,4-LOW,CREDIT_CARD,7,37437.58
10941,942,1,2025-03-08,2-HIGH,WIRE_TRANSFER,6,31020.55
10942,943,2,2025-05-15,2-HIGH,WIRE_TRANSFER,4,13965.12
10943,944,3,2025-06-06,2-HIGH,CORPORATE_INVOICE,7,27521.7
10944,945,4,2025-01-25,1-URGENT,CORPORATE_INVOICE,7,37502.74
10945,946,5,2025-06-12,3-NORMAL,CREDIT_CARD,4,19337.93
10946,947,1,2025/04/28,3-NORMAL,WIRE_TRANSFER,3,9776.33
10947,948,2,2025-03-14,3-NORMAL,WIRE_TRANSFER,4,9909.36
10948,949,3,2025-02-25,4-LOW,CORPORATE_INVOICE,4,9912.68
10949,950,4,2025-02-06,1-URGENT,CORPORATE_INVOICE,3,21319.57
10950,951,5,2025/05/09,1-URGENT,CREDIT_CARD,3,8488.48
10951,952,1,2025-05-25,1-URGENT,CORPORATE_INVOICE,3,20287.35
10952,953,2,2025-05-02,1-URGENT,CORPORATE_INVOICE,3,15658.68
10953,954,3,2025-05-18,4-LOW,CORPORATE_INVOICE,3,29100.5
10954,955,4,2025-01-29,3-NORMAL,CREDIT_CARD,3,8300.92
10955,956,5,2025-04-07,2-HIGH,CREDIT_CARD,3,12380.56
10956,957,1,2025-05-18,4-LOW,CREDIT_CARD,5,21938.1
10957,958,2,2025-01-08,4-LOW,WIRE_TRANSFER,6,25509.37
10958,959,3,2025-05-07,4-LOW,WIRE_TRANSFER,7,30009.64
10959,960,4,2025-03-07,3-NORMAL,WIRE_TRANSFER,7,20399.2
10960,961,5,2025-05-26,3-NORMAL,CORPORATE_INVOICE,3,11913.36
10961,962,1,2025-03-20,3-NORMAL,CORPORATE_INVOICE,4,22283.26
10962,963,2,2025/04/19,2-HIGH,CORPORATE_INVOICE,5,12867.94
10963,964,3,2025-06-07,1-URGENT,CREDIT_CARD,4,21279.59
10964,965,4,2025/03/09,3-NORMAL,CORPORATE_INVOICE,3,15051.71
10965,966,5,2025/05/26,3-NORMAL,CREDIT_CARD,4,16828.78
10966,967,1,2025-06-02,1-URGENT,CORPORATE_INVOICE,7,32994.33
10967,968,2,2025-05-30,3-NORMAL,CREDIT_CARD,4,27958.91
10968,969,3,2025/02/23,2-HIGH,CORPORATE_INVOICE,7,39687.95
10969,970,4,2025-03-17,4-LOW,CORPORATE_INVOICE,5,13713.09
10970,971,5,2025/05/24,3-NORMAL,CORPORATE_INVOICE,4,32029.9
10971,972,1,2025-02-10,4-LOW,WIRE_TRANSFER,5,24506.8
10972,973,2,2025-03-01,4-LOW,CORPORATE_INVOICE,6,37638.02
10973,974,3,2025-01-04,2-HIGH,CORPORATE_INVOICE,3,4085.43
10974,975,4,2025-05-19,3-NORMAL,WIRE_TRANSFER,3,12048.56
10975,976,5,2025-04-28,2-HIGH,CREDIT_CARD,7,30608.51
10976,977,1,2025-03-18,2-HIGH,CORPORATE_INVOICE,7,40550.71
10977,978,2,2025-04-04,4-LOW,WIRE_TRANSFER,7,31211.58
10978,979,3,2025-02-08,2-HIGH,CREDIT_CARD,6,18104.1
10979,980,4,2025-03-26,3-NORMAL,CORPORATE_INVOICE,4,15475.42
10980,981,5,2025/05/04,4-LOW,CREDIT_CARD,6,34347.25
10981,982,1,2025-05-29,3-NORMAL,CREDIT_CARD,3,7740.95
10982,983,2,2025-02-12,2-HIGH,WIRE_TRANSFER,7,22921.63
10983,984,3,2025-04-30,1-URGENT,WIRE_TRANSFER,3,10340.97
10984,985,4,2025-03-03,1-URGENT,CREDIT_CARD,4,7763.96
10985,986,5,2025-04-09,3-NORMAL,CREDIT_CARD,7,28907.83
10986,987,1,2025-01-27,2-HIGH,WIRE_TRANSFER,5,15860.43
10987,988,2,2025-01-28,3-NORMAL,CORPORATE_INVOICE,4,24395.36
10988,989,3,2025-02-17,3-NORMAL,CORPORATE_INVOICE,5,29190.24
10989,990,4,2025-04-01,1-URGENT,WIRE_TRANSFER,6,20660.26
10990,991,5,2025/03/18,1-URGENT,WIRE_TRANSFER,5,19778.6
10991,992,1,2025-03-07,2-HIGH,WIRE_TRANSFER,4,23142.75
10992,993,2,2025/03/14,4-LOW,WIRE_TRANSFER,7,37536.4
10993,994,3,2025-01-14,2-HIGH,CREDIT_CARD,6,28877.4
10994,995,4,2025/06/24,4-LOW,WIRE_TRANSFER,4,16991.62
10995,996,5,2025-06-23,4-LOW,CREDIT_CARD,3,11435.59
10996,997,1,2025-03-31,1-URGENT,CREDIT_CARD,7,31952.32
10997,998,2,2025-04-28,3-NORMAL,CREDIT_CARD,4,7449.76
10998,999,3,2025-05-02,4-LOW,CREDIT_CARD,3,17541.7
10999,1000,4,2025-05-30,1-URGENT,CREDIT_CARD,6,22485.24
11000,1,5,2025/03/21,4-LOW,WIRE_TRANSFER,3,12466.27
11001,2,1,2025-06-05,1-URGENT,WIRE_TRANSFER,5,35260.04
11002,3,2,2025-02-08,4-LOW,WIRE_TRANSFER,7,29021.75
11003,4,3,2025-05-23,1-URGENT,WIRE_TRANSFER,7,41595.03
11004,5,4,2025-04-18,4-LOW,WIRE_TRANSFER,4,12070.51
11005,6,5,2025/02/06,1-URGENT,CREDIT_CARD,5,10611.06
11006,7,1,2025-01-07,2-HIGH,CORPORATE_INVOICE,5,17357.69
11007,8,2,2025/01/11,4-LOW,WIRE_TRANSFER,7,15551.04
11008,9,3,2025-05-11,1-URGENT,CREDIT_CARD,3,17756.97
11009,10,4,2025-05-11,1-URGENT,CREDIT_CARD,7,28065.37
11010,11,5,2025-06-30,4-LOW,WIRE_TRANSFER,4,17662.05
11011,12,1,2025-06-22,4-LOW,CORPORATE_INVOICE,6,30800.38
11012,13,2,2025-02-23,1-URGENT,CREDIT_CARD,7,41778.92
11013,14,3,2025-05-21,2-HIGH,WIRE_TRANSFER,5,26792.13
11014,15,4,2025-06-21,4-LOW,CREDIT_CARD,6,21197.12
11015,16,5,2025-04-13,2-HIGH,CORPORATE_INVOICE,3,6123.94
11016,17,1,2025-05-12,2-HIGH,WIRE_TRANSFER,4,25896.42
11017,18,2,2025-05-23,3-NORMAL,CORPORATE_INVOICE,7,33513.99
11018,19,3,2025-04-02,2-HIGH,CREDIT_CARD,6,29275.06
11019,20,4,2025-05-10,3-NORMAL,CORPORATE_INVOICE,7,24783.38
11020,21,5,2025-06-17,3-NORMAL,CREDIT_CARD,5,13648.42
11021,22,1,2025/01/25,2-HIGH,CORPORATE_INVOICE,3,6855.84
11022,23,2,2025-03-11,4-LOW,WIRE_TRANSFER,6,32802.85
11023,24,3,2025-03-23,2-HIGH,WIRE_TRANSFER,3,6831.3
11024,25,4,2025/06/18,4-LOW,CORPORATE_INVOICE,3,8854.85
11025,26,5,2025-03-13,2-HIGH,CORPORATE_INVOICE,3,9476.94
11026,27,1,2025-04-08,3-NORMAL,WIRE_TRANSFER,5,6487.27
11027,28,2,2025-05-18,3-NORMAL,CREDIT_CARD,7,37842.1
11028,29,3,2025-05-18,2-HIGH,WIRE_TRANSFER,6,28739.59
11029,30,4,2025-06-20,4-LOW,CORPORATE_INVOICE,4,12679.62
11030,31,5,2025-05-04,3-NORMAL,CREDIT_CARD,4,18202.26
11031,32,1,2025-02-25,3-NORMAL,CREDIT_CARD,7,33155.96
11032,33,2,2025-03-14,3-NORMAL,WIRE_TRANSFER,5,18318.56
11033,34,3,2025-03-28,2-HIGH,CORPORATE_INVOICE,4,21145.06
11034,35,4,2025-01-15,2-HIGH,CREDIT_CARD,5,17900.81
11035,36,5,2025-06-21,3-NORMAL,CREDIT_CARD,3,10876.91
11036,37,1,2025-01-06,4-LOW,WIRE_TRANSFER,7,27030.87
11037,38,2,2025-05-21,3-NORMAL,WIRE_TRANSFER,4,18504.88
11038,39,3,2025/05/05,2-HIGH,WIRE_TRANSFER,3,7379.08
11039,40,4,2025-05-07,4-LOW,CREDIT_CARD,6,17840.19
11040,41,5,2025/02/25,3-NORMAL,CREDIT_CARD,4,21526.28
11041,42,1,2025-03-20,2-HIGH,CREDIT_CARD,4,14046.7
11042,43,2,2025-01-31,1-URGENT,WIRE_TRANSFER,3,13852.51
11043,44,3,2025/01/12,3-NORMAL,CREDIT_CARD,6,11824.84
11044,45,4,2025-01-23,4-LOW,WIRE_TRANSFER,7,32063.52
11045,46,5,2025-05-30,4-LOW,CORPORATE_INVOICE,6,35181.02
11046,47,1,2025-06-29,3-NORMAL,CREDIT_CARD,4,24672.62
11047,48,2,2025-03-26,1-URGENT,CORPORATE_INVOICE,6,30301.23
11048,49,3,2025-01-11,4-LOW,WIRE_TRANSFER,5,16381.14
11049,50,4,2025-04-18,1-URGENT,WIRE_TRANSFER,7,20665.8
11050,51,5,2025/05/29,2-HIGH,WIRE_TRANSFER,4,10027.79
11051,52,1,2025/05/02,1-URGENT,WIRE_TRANSFER,3,10763.28
11052,53,2,2025-06-20,1-URGENT,CREDIT_CARD,7,33098.7
11053,54,3,2025-02-15,1-URGENT,CORPORATE_INVOICE,5,20601.05
11054,55,4,2025-05-22,3-NORMAL,WIRE_TRANSFER,3,10297.51
11055,56,5,2025-02-21,2-HIGH,WIRE_TRANSFER,6,12790.62
11056,57,1,2025-04-05,3-NORMAL,WIRE_TRANSFER,3,5290.93
11057,58,2,2025-06-26,2-HIGH,WIRE_TRANSFER,7,54647.04
11058,59,3,2025-06-21,1-URGENT,CORPORATE_INVOICE,3,14652.79
11059,60,4,2025-02-02,3-NORMAL,WIRE_TRANSFER,3,22203.48
11060,61,5,2025-05-21,1-URGENT,CREDIT_CARD,6,19705.64
11061,62,1,2025-03-17,3-NORMAL,CREDIT_CARD,6,32471.63
11062,63,2,2025-02-18,3-NORMAL,WIRE_TRANSFER,3,4517.25
11063,64,3,2025-03-03,1-URGENT,CREDIT_CARD,3,9886.65
11064,65,4,2025-03-14,2-HIGH,WIRE_TRANSFER,5,19350.12
11065,66,5,2025-06-13,3-NORMAL,CREDIT_CARD,6,14575.55
11066,67,1,2025/02/28,3-NORMAL,CORPORATE_INVOICE,5,11773.4
11067,68,2,2025-06-26,3-NORMAL,CORPORATE_INVOICE,6,27426.51
11068,69,3,2025-01-18,4-LOW,WIRE_TRANSFER,5,31990.42
11069,70,4,2025-02-21,2-HIGH,CORPORATE_INVOICE,6,34667.04
11070,71,5,2025-06-03,2-HIGH,CREDIT_CARD,5,14088.74
11071,72,1,2025-06-15,3-NORMAL,CORPORATE_INVOICE,3,5228.6
11072,73,2,2025-03-11,4-LOW,CREDIT_CARD,3,14518.33
11073,74,3,2025/01/23,3-NORMAL,WIRE_TRANSFER,4,19824.67
11074,75,4,2025-05-31,3-NORMAL,CREDIT_CARD,6,29479.85
11075,76,5,2025-06-17,4-LOW,WIRE_TRANSFER,7,24720.69
11076,77,1,2025-01-24,2-HIGH,CREDIT_CARD,6,21401.75
11077,78,2,2025-05-05,1-URGENT,CREDIT_CARD,4,15243.5
11078,79,3,2025-04-02,3-NORMAL,CORPORATE_INVOICE,5,27740.3
11079,80,4,2025-04-06,4-LOW,CREDIT_CARD,5,19209.43
11080,81,5,2025-01-11,2-HIGH,CORPORATE_INVOICE,7,23942.59
11081,82,1,2025-05-12,4-LOW,WIRE_TRANSFER,3,15377.85
11082,83,2,2025-03-18,1-URGENT,CREDIT_CARD,5,18150.27
11083,84,3,2025-01-01,3-NORMAL,CORPORATE_INVOICE,3,21232.54
11084,85,4,2025-03-08,3-NORMAL,CORPORATE_INVOICE,3,10820.3
11085,86,5,2025-04-22,3-NORMAL,CREDIT_CARD,3,6572.27
11086,87,1,2025-06-21,2-HIGH,CREDIT_CARD,5,16523.27
11087,88,2,2025-06-26,4-LOW,CORPORATE_INVOICE,5,20009.69
11088,89,3,2025-03-02,2-HIGH,CORPORATE_INVOICE,3,6298.59
11089,90,4,2025-03-21,1-URGENT,CREDIT_CARD,5,22660.32
11090,91,5,2025-06-24,3-NORMAL,CREDIT_CARD,4,22308.95
11091,92,1,2025/04/27,2-HIGH,CORPORATE_INVOICE,5,21915.26
11092,93,2,2025-02-08,1-URGENT,CREDIT_CARD,7,20636.73
11093,94,3,2025-02-17,1-URGENT,WIRE_TRANSFER,7,21341.24
11094,95,4,2025-01-23,2-HIGH,WIRE_TRANSFER,5,19027.44
11095,96,5,2025-03-17,1-URGENT,WIRE_TRANSFER,5,25931.81
11096,97,1,2025-06-23,1-URGENT,WIRE_TRANSFER,7,20817.47
11097,98,2,2025-06-03,1-URGENT,WIRE_TRANSFER,6,29727.27
11098,99,3,2025-04-22,2-HIGH,CREDIT_CARD,3,17135.5
11099,100,4,2025-04-27,1-URGENT,CORPORATE_INVOICE,6,32784.42
11100,101,5,2025/04/12,4-LOW,WIRE_TRANSFER,4,15937.57
11101,102,1,2025-03-08,2-HIGH,CREDIT_CARD,5,32710.4
11102,103,2,2025-04-19,3-NORMAL,CORPORATE_INVOICE,4,10292.7
11103,104,3,2025-02-04,4-LOW,WIRE_TRANSFER,6,38077.62
11104,105,4,2025-01-07,4-LOW,CORPORATE_INVOICE,7,20157.09
11105,106,5,2025-05-17,3-NORMAL,WIRE_TRANSFER,5,15378.93
11106,107,1,2025-01-05,2-HIGH,CORPORATE_INVOICE,6,37082.34
11107,108,2,2025-03-28,2-HIGH,WIRE_TRANSFER,5,15638.38
11108,109,3,2025-06-10,2-HIGH,CORPORATE_INVOICE,7,41778.29
11109,110,4,2025-03-08,2-HIGH,WIRE_TRANSFER,6,16961.83
11110,111,5,2025-05-17,3-NORMAL,CORPORATE_INVOICE,7,40147.33
11111,112,1,2025-02-12,3-NORMAL,CREDIT_CARD,5,28127.59
11112,113,2,2025-03-16,3-NORMAL,WIRE_TRANSFER,5,15127.05
11113,114,3,2025-05-02,1-URGENT,CORPORATE_INVOICE,3,16908.31
11114,115,4,2025-01-06,4-LOW,CREDIT_CARD,7,19056.81
11115,116,5,2025-03-16,2-HIGH,CREDIT_CARD,4,14124.91
11116,117,1,2025-01-29,4-LOW,CORPORATE_INVOICE,5,16322.37
11117,118,2,2025-02-07,3-NORMAL,WIRE_TRANSFER,5,9889.42
11118,119,3,2025-06-18,2-HIGH,CORPORATE_INVOICE,3,7665.43
11119,120,4,2025-02-12,4-LOW,CREDIT_CARD,3,7049.12
11120,121,5,2025/02/02,2-HIGH,CORPORATE_INVOICE,6,36629.68
11121,122,1,2025-03-28,4-LOW,CORPORATE_INVOICE,7,26578.36
11122,123,2,2025-05-26,4-LOW,CORPORATE_INVOICE,3,13722.84
11123,124,3,2025-03-23,3-NORMAL,CORPORATE_INVOICE,5,11589.67
11124,125,4,2025-02-09,4-LOW,WIRE_TRANSFER,6,22184.08
11125,126,5,2025-01-01,3-NORMAL,WIRE_TRANSFER,4,18912.59
11126,127,1,2025-05-20,3-NORMAL,CREDIT_CARD,6,30532.2
11127,128,2,2025-01-05,3-NORMAL,WIRE_TRANSFER,3,6494.87
11128,129,3,2025-06-13,4-LOW,CREDIT_CARD,7,16830.45
11129,130,4,2025/06/02,4-LOW,WIRE_TRANSFER,4,6805.36
11130,131,5,2025-05-31,3-NORMAL,CREDIT_CARD,6,19939.81
11131,132,1,2025-04-07,4-LOW,WIRE_TRANSFER,5,10094.56
11132,133,2,2025/06/25,4-LOW,CORPORATE_INVOICE,4,17407.26
11133,134,3,2025-06-07,2-HIGH,CREDIT_CARD,4,20600.51
11134,135,4,2025-03-01,1-URGENT,CORPORATE_INVOICE,6,32574.91
11135,136,5,2025-06-15,1-URGENT,CREDIT_CARD,4,8880.14
11136,137,1,2025-01-02,1-URGENT,WIRE_TRANSFER,5,8665.48
11137,138,2,2025-01-26,2-HIGH,CORPORATE_INVOICE,3,8522.3
11138,139,3,2025/02/21,2-HIGH,CORPORATE_INVOICE,6,43350.59
11139,140,4,2025-02-06,3-NORMAL,WIRE_TRANSFER,6,36614.98
11140,141,5,2025/06/02,4-LOW,WIRE_TRANSFER,6,18273.77
11141,142,1,2025-01-05,2-HIGH,CREDIT_CARD,6,32489.81
11142,143,2,2025-05-26,3-NORMAL,WIRE_TRANSFER,6,11992.96
11143,144,3,2025-02-02,4-LOW,CREDIT_CARD,3,10822.45
11144,145,4,2025-03-31,1-URGENT,CREDIT_CARD,3,7347.25
11145,146,5,2025-05-12,3-NORMAL,CREDIT_CARD,4,11233.31
11146,147,1,2025-05-27,2-HIGH,WIRE_TRANSFER,3,6564.37
11147,148,2,2025-03-11,4-LOW,CORPORATE_INVOICE,5,25963.9
11148,149,3,2025-01-18,3-NORMAL,CREDIT_CARD,3,10872.77
11149,150,4,2025-03-09,4-LOW,WIRE_TRANSFER,5,15232.9
11150,151,5,2025-01-17,4-LOW,WIRE_TRANSFER,7,40818.93
11151,152,1,2025-04-11,2-HIGH,CREDIT_CARD,5,14443.64
11152,153,2,2025-01-21,2-HIGH,CREDIT_CARD,6,22244.12
11153,154,3,2025-01-15,2-HIGH,CORPORATE_INVOICE,4,12710.92
11154,155,4,2025-06-13,1-URGENT,CORPORATE_INVOICE,7,17523.28
11155,156,5,2025-03-13,2-HIGH,CORPORATE_INVOICE,3,7109.89
11156,157,1,2025-02-22,3-NORMAL,CREDIT_CARD,3,20651.68
11157,158,2,2025-01-11,1-URGENT,CREDIT_CARD,5,6404.02
11158,159,3,2025-01-06,4-LOW,CREDIT_CARD,6,19539.15
11159,160,4,2025-02-28,1-URGENT,WIRE_TRANSFER,7,24941.54
11160,161,5,2025-05-12,3-NORMAL,WIRE_TRANSFER,3,18822.1
11161,162,1,2025-02-02,1-URGENT,CREDIT_CARD,4,14153.08
11162,163,2,2025-01-25,4-LOW,WIRE_TRANSFER,6,27972.16
11163,164,3,2025-02-04,4-LOW,CORPORATE_INVOICE,5,15659.21
11164,165,4,2025-04-25,4-LOW,CORPORATE_INVOICE,5,32063.18
11165,166,5,2025-06-12,2-HIGH,WIRE_TRANSFER,5,24936.75
11166,167,1,2025-01-12,3-NORMAL,CREDIT_CARD,3,17808.0
11167,168,2,2025-05-16,2-HIGH,CORPORATE_INVOICE,7,15967.52
11168,169,3,2025-05-10,1-URGENT,WIRE_TRANSFER,5,24845.48
11169,170,4,2025/04/18,4-LOW,WIRE_TRANSFER,7,36967.32
11170,171,5,2025-06-11,1-URGENT,CREDIT_CARD,5,31432.57
11171,172,1,2025-03-22,1-URGENT,WIRE_TRANSFER,3,12028.74
11172,173,2,2025-01-18,4-LOW,WIRE_TRANSFER,4,14087.1
11173,174,3,2025-04-05,2-HIGH,CREDIT_CARD,6,15527.57
11174,175,4,2025/02/13,3-NORMAL,CREDIT_CARD,3,24712.91
11175,176,5,2025-03-05,4-LOW,CREDIT_CARD,3,2644.32
11176,177,1,2025-01-12,3-NORMAL,CORPORATE_INVOICE,3,23479.31
11177,178,2,2025-05-12,4-LOW,WIRE_TRANSFER,3,14217.14
11178,179,3,2025-04-03,3-NORMAL,WIRE_TRANSFER,3,16226.81
11179,180,4,2025-02-10,4-LOW,CREDIT_CARD,5,20598.78
11180,181,5,2025-01-22,1-URGENT,CREDIT_CARD,6,42623.02
11181,182,1,2025/06/06,4-LOW,WIRE_TRANSFER,5,25894.32
11182,183,2,2025-01-30,4-LOW,CORPORATE_INVOICE,4,14261.37
11183,184,3,2025-01-26,3-NORMAL,CREDIT_CARD,7,38771.74
11184,185,4,2025-05-10,4-LOW,WIRE_TRANSFER,7,12033.4
11185,186,5,2025-02-22,1-URGENT,WIRE_TRANSFER,7,23444.41
11186,187,1,2025-03-17,3-NORMAL,CREDIT_CARD,4,9754.4
11187,188,2,2025-02-21,2-HIGH,WIRE_TRANSFER,3,11915.85
11188,189,3,2025-06-14,1-URGENT,CREDIT_CARD,6,20018.31
11189,190,4,2025-01-22,3-NORMAL,CREDIT_CARD,4,10776.24
11190,191,5,2025-06-26,1-URGENT,CREDIT_CARD,4,10289.49
11191,192,1,2025-01-04,2-HIGH,WIRE_TRANSFER,3,14983.28
11192,193,2,2025-02-23,1-URGENT,CORPORATE_INVOICE,6,19156.01
11193,194,3,2025-05-26,2-HIGH,WIRE_TRANSFER,4,21042.52
11194,195,4,2025-05-30,2-HIGH,CORPORATE_INVOICE,3,12540.6
11195,196,5,2025/01/25,2-HIGH,CREDIT_CARD,5,28359.77
11196,197,1,2025-05-02,3-NORMAL,WIRE_TRANSFER,4,16033.25
11197,198,2,2025-03-21,2-HIGH,WIRE_TRANSFER,4,6308.42
11198,199,3,2025-06-18,2-HIGH,CORPORATE_INVOICE,4,16281.13
11199,200,4,2025-01-22,3-NORMAL,WIRE_TRANSFER,3,14378.32
11200,201,5,2025-05-17,1-URGENT,CORPORATE_INVOICE,7,54583.11
11201,202,1,2025-03-14,2-HIGH,WIRE_TRANSFER,3,12802.48
11202,203,2,2025-05-24,4-LOW,CORPORATE_INVOICE,4,14940.29
11203,204,3,2025-05-20,2-HIGH,WIRE_TRANSFER,3,23112.96
11204,205,4,2025-01-19,3-NORMAL,CORPORATE_INVOICE,3,27944.34
11205,206,5,2025-03-20,3-NORMAL,WIRE_TRANSFER,3,11623.59
11206,207,1,2025-01-26,1-URGENT,CREDIT_CARD,4,24236.84
11207,208,2,2025-03-31,3-NORMAL,CREDIT_CARD,7,28543.04
11208,209,3,2025-04-25,2-HIGH,CORPORATE_INVOICE,6,15522.38
11209,210,4,2025-01-26,3-NORMAL,CREDIT_CARD,7,31973.72
11210,211,5,2025-05-03,2-HIGH,CORPORATE_INVOICE,3,9754.0
11211,212,1,2025-02-09,3-NORMAL,CREDIT_CARD,5,15974.97
11212,213,2,2025-03-16,3-NORMAL,WIRE_TRANSFER,5,34439.15
11213,214,3,2025-03-19,3-NORMAL,CREDIT_CARD,5,23671.05
11214,215,4,2025/04/12,3-NORMAL,CREDIT_CARD,7,42686.75
11215,216,5,2025-01-05,3-NORMAL,WIRE_TRANSFER,5,21524.51
11216,217,1,2025-04-04,1-URGENT,CORPORATE_INVOICE,5,21337.3
11217,218,2,2025-06-11,1-URGENT,CORPORATE_INVOICE,5,15799.47
11218,219,3,2025-06-19,2-HIGH,WIRE_TRANSFER,7,20943.31
11219,220,4,2025-06-28,1-URGENT,CREDIT_CARD,6,20873.64
11220,221,5,2025-03-02,2-HIGH,CREDIT_CARD,3,4324.33
11221,222,1,2025-04-26,1-URGENT,WIRE_TRANSFER,5,21065.5
11222,223,2,2025-06-06,3-NORMAL,WIRE_TRANSFER,7,18794.16
11223,224,3,2025-06-27,3-NORMAL,CREDIT_CARD,6,25777.33
11224,225,4,2025-01-02,2-HIGH,CREDIT_CARD,7,17326.93
11225,226,5,2025-06-18,2-HIGH,CREDIT_CARD,7,33908.92
11226,227,1,2025/01/22,4-LOW,WIRE_TRANSFER,7,22269.97
11227,228,2,2025-03-04,3-NORMAL,CORPORATE_INVOICE,6,19993.49
11228,229,3,2025-03-28,4-LOW,CORPORATE_INVOICE,5,17886.63
11229,230,4,2025/03/30,4-LOW,CORPORATE_INVOICE,7,23525.16
11230,231,5,2025-01-24,4-LOW,WIRE_TRANSFER,6,22463.92
11231,232,1,2025-01-23,1-URGENT,CORPORATE_INVOICE,7,33640.14
11232,233,2,2025-05-21,4-LOW,WIRE_TRANSFER,5,22876.12
11233,234,3,2025-01-02,2-HIGH,CREDIT_CARD,3,21712.08
11234,235,4,2025-04-09,3-NORMAL,WIRE_TRANSFER,4,34098.51
11235,236,5,2025-04-01,3-NORMAL,WIRE_TRANSFER,3,5765.83
11236,237,1,2025-02-16,1-URGENT,CORPORATE_INVOICE,7,32116.12
11237,238,2,2025-05-20,1-URGENT,WIRE_TRANSFER,3,2471.44
11238,239,3,2025-02-20,4-LOW,WIRE_TRANSFER,3,10444.76
11239,240,4,2025-03-06,1-URGENT,WIRE_TRANSFER,7,40077.41
11240,241,5,2025-05-01,2-HIGH,WIRE_TRANSFER,6,16009.14
11241,242,1,2025-04-24,2-HIGH,WIRE_TRANSFER,6,18625.99
11242,243,2,2025-01-28,1-URGENT,CREDIT_CARD,3,24796.24
11243,244,3,2025/01/24,3-NORMAL,CORPORATE_INVOICE,6,27891.86
11244,245,4,2025-06-23,4-LOW,CORPORATE_INVOICE,4,27852.69
11245,246,5,2025/04/28,2-HIGH,CREDIT_CARD,7,22373.45
11246,247,1,2025-05-23,2-HIGH,CREDIT_CARD,6,11808.69
11247,248,2,2025/06/07,2-HIGH,CORPORATE_INVOICE,5,32682.69
11248,249,3,2025/02/23,1-URGENT,CORPORATE_INVOICE,5,30558.8
11249,250,4,2025-05-20,1-URGENT,CREDIT_CARD,4,20476.32
11250,251,5,2025-05-08,4-LOW,CREDIT_CARD,4,15801.49
11251,252,1,2025-05-22,4-LOW,CORPORATE_INVOICE,3,12313.26
11252,253,2,2025-01-31,3-NORMAL,CORPORATE_INVOICE,3,10074.69
11253,254,3,2025-01-03,1-URGENT,WIRE_TRANSFER,4,16883.3
11254,255,4,2025-03-14,3-NORMAL,CREDIT_CARD,6,25290.94
11255,256,5,2025-06-27,1-URGENT,CREDIT_CARD,3,3615.79
11256,257,1,2025-04-07,1-URGENT,CREDIT_CARD,6,16419.72
11257,258,2,2025-03-11,3-NORMAL,CORPORATE_INVOICE,3,9303.73
11258,259,3,2025-03-05,4-LOW,WIRE_TRANSFER,5,40080.59
11259,260,4,2025-06-11,4-LOW,CORPORATE_INVOICE,3,14576.84
11260,261,5,2025-03-13,4-LOW,CORPORATE_INVOICE,5,27901.97
11261,262,1,2025/01/10,4-LOW,CORPORATE_INVOICE,3,4684.68
11262,263,2,2025-01-19,1-URGENT,WIRE_TRANSFER,7,30198.33
11263,264,3,2025-03-09,4-LOW,WIRE_TRANSFER,3,12751.04
11264,265,4,2025-04-28,4-LOW,CORPORATE_INVOICE,7,22397.36
11265,266,5,2025-04-09,2-HIGH,CORPORATE_INVOICE,7,25157.01
11266,267,1,2025-03-30,4-LOW,CORPORATE_INVOICE,4,7271.7
11267,268,2,2025-03-12,1-URGENT,WIRE_TRANSFER,3,20660.32
11268,269,3,2025/03/15,4-LOW,CREDIT_CARD,4,23972.08
11269,270,4,2025-02-03,3-NORMAL,CORPORATE_INVOICE,7,39449.5
11270,271,5,2025-06-05,2-HIGH,WIRE_TRANSFER,7,37143.49
11271,272,1,2025-06-15,3-NORMAL,CREDIT_CARD,5,14772.15
11272,273,2,2025-03-22,1-URGENT,CORPORATE_INVOICE,3,16331.05
11273,274,3,2025-03-28,3-NORMAL,WIRE_TRANSFER,6,43432.1
11274,275,4,2025-01-03,1-URGENT,WIRE_TRANSFER,4,16595.23
11275,276,5,2025-03-24,3-NORMAL,WIRE_TRANSFER,5,17707.77
11276,277,1,2025-04-24,2-HIGH,CREDIT_CARD,7,40628.65
11277,278,2,2025-04-26,3-NORMAL,WIRE_TRANSFER,6,19739.48
11278,279,3,2025-01-15,1-URGENT,WIRE_TRANSFER,6,37009.32
11279,280,4,2025-06-03,3-NORMAL,CREDIT_CARD,6,23688.07
11280,281,5,2025-03-17,4-LOW,WIRE_TRANSFER,5,11492.99
11281,282,1,2025-03-18,3-NORMAL,CREDIT_CARD,3,26411.0
11282,283,2,2025/03/03,3-NORMAL,WIRE_TRANSFER,7,36088.98
11283,284,3,2025-05-25,2-HIGH,WIRE_TRANSFER,5,22999.42
11284,285,4,2025/04/28,1-URGENT,CREDIT_CARD,4,18192.65
11285,286,5,2025-01-28,1-URGENT,WIRE_TRANSFER,4,22487.71
11286,287,1,2025-02-12,3-NORMAL,CREDIT_CARD,7,21616.78
11287,288,2,2025/05/31,1-URGENT,CORPORATE_INVOICE,3,5487.12
11288,289,3,2025-02-19,1-URGENT,CREDIT_CARD,6,33791.8
11289,290,4,2025-02-19,2-HIGH,WIRE_TRANSFER,7,27778.8
11290,291,5,2025-03-16,2-HIGH,WIRE_TRANSFER,4,20299.82
11291,292,1,2025-04-24,1-URGENT,CORPORATE_INVOICE,7,31492.96
11292,293,2,2025-04-23,2-HIGH,CREDIT_CARD,3,21101.28
11293,294,3,2025-06-29,3-NORMAL,CREDIT_CARD,7,24376.15
11294,295,4,2025-04-16,3-NORMAL,CREDIT_CARD,4,16354.96
11295,296,5,2025-05-22,1-URGENT,WIRE_TRANSFER,4,27478.1
11296,297,1,2025-01-09,1-URGENT,WIRE_TRANSFER,6,37743.76
11297,298,2,2025-06-30,1-URGENT,CREDIT_CARD,4,8038.2
11298,299,3,2025-04-05,4-LOW,WIRE_TRANSFER,5,24407.6
11299,300,4,2025-02-20,1-URGENT,WIRE_TRANSFER,3,7670.34
11300,301,5,2025-01-14,4-LOW,CREDIT_CARD,7,18795.39
11301,302,1,2025-05-13,4-LOW,CORPORATE_INVOICE,3,25118.21
11302,303,2,2025-06-22,3-NORMAL,CREDIT_CARD,7,32149.2
11303,304,3,2025-02-13,2-HIGH,CORPORATE_INVOICE,6,41435.68
11304,305,4,2025-01-12,4-LOW,CREDIT_CARD,4,13758.81
11305,306,5,2025-01-21,1-URGENT,CREDIT_CARD,4,20314.56
11306,307,1,2025/06/06,1-URGENT,CREDIT_CARD,7,31831.24
11307,308,2,2025-03-31,4-LOW,WIRE_TRANSFER,3,16956.08
11308,309,3,2025-06-23,1-URGENT,CREDIT_CARD,7,29607.67
11309,310,4,2025-05-04,2-HIGH,WIRE_TRANSFER,5,14804.76
11310,311,5,2025-04-11,3-NORMAL,CREDIT_CARD,3,5508.76
11311,312,1,2025-04-28,1-URGENT,WIRE_TRANSFER,6,34438.68
11312,313,2,2025/06/18,1-URGENT,CORPORATE_INVOICE,5,18450.57
11313,314,3,2025-06-30,2-HIGH,WIRE_TRANSFER,3,17036.2
11314,315,4,2025-04-06,2-HIGH,WIRE_TRANSFER,5,33890.37
11315,316,5,2025-04-27,3-NORMAL,CREDIT_CARD,6,22813.69
11316,317,1,2025-03-15,1-URGENT,CORPORATE_INVOICE,6,24703.76
11317,318,2,2025-03-26,4-LOW,CORPORATE_INVOICE,7,39429.11
11318,319,3,2025-06-21,3-NORMAL,WIRE_TRANSFER,3,11247.35
11319,320,4,2025-05-14,1-URGENT,CORPORATE_INVOICE,7,25952.34
11320,321,5,2025-02-18,2-HIGH,CREDIT_CARD,5,19333.52
11321,322,1,2025-05-26,4-LOW,WIRE_TRANSFER,7,18609.28
11322,323,2,2025-05-21,3-NORMAL,CREDIT_CARD,3,4309.85
11323,324,3,2025-01-30,1-URGENT,CORPORATE_INVOICE,4,13754.37
11324,325,4,2025-06-16,1-URGENT,CREDIT_CARD,7,38345.51
11325,326,5,2025-05-02,3-NORMAL,CORPORATE_INVOICE,6,21920.65
11326,327,1,2025-01-09,2-HIGH,WIRE_TRANSFER,4,7224.68
11327,328,2,2025-06-27,2-HIGH,CORPORATE_INVOICE,6,21854.43
11328,329,3,2025-03-17,2-HIGH,CORPORATE_INVOICE,4,13622.58
11329,330,4,2025-01-03,4-LOW,CORPORATE_INVOICE,3,14926.17
11330,331,5,2025-04-06,4-LOW,CREDIT_CARD,6,23403.42
11331,332,1,2025-01-21,1-URGENT,CREDIT_CARD,5,13837.0
11332,333,2,2025-05-13,4-LOW,CREDIT_CARD,4,10787.1
11333,334,3,2025-06-21,2-HIGH,CREDIT_CARD,7,39191.87
11334,335,4,2025-02-07,4-LOW,CREDIT_CARD,3,14117.44
11335,336,5,2025-05-26,1-URGENT,WIRE_TRANSFER,5,23226.11
11336,337,1,2025-06-19,4-LOW,WIRE_TRANSFER,6,39562.32
11337,338,2,2025-06-26,2-HIGH,CREDIT_CARD,4,25344.19
11338,339,3,2025/03/31,1-URGENT,WIRE_TRANSFER,3,10564.95
11339,340,4,2025-03-04,2-HIGH,WIRE_TRANSFER,5,25005.15
11340,341,5,2025-03-15,4-LOW,CORPORATE_INVOICE,3,8886.48
11341,342,1,2025-02-09,2-HIGH,CORPORATE_INVOICE,6,31856.05
11342,343,2,2025-03-29,4-LOW,CORPORATE_INVOICE,6,29218.38
11343,344,3,2025/05/29,1-URGENT,CORPORATE_INVOICE,7,22392.4
11344,345,4,2025-04-10,2-HIGH,WIRE_TRANSFER,7,35422.58
11345,346,5,2025-02-16,1-URGENT,CREDIT_CARD,6,35961.44
11346,347,1,2025-05-22,2-HIGH,WIRE_TRANSFER,4,28417.87
11347,348,2,2025-02-26,4-LOW,WIRE_TRANSFER,7,41237.01
11348,349,3,2025-02-25,2-HIGH,WIRE_TRANSFER,7,36318.87
11349,350,4,2025-02-03,1-URGENT,CREDIT_CARD,4,4929.91
11350,351,5,2025-02-21,2-HIGH,CORPORATE_INVOICE,6,17525.0
11351,352,1,2025-05-02,2-HIGH,WIRE_TRANSFER,6,17789.99
11352,353,2,2025-05-09,1-URGENT,CREDIT_CARD,5,7876.95
11353,354,3,2025-05-28,4-LOW,WIRE_TRANSFER,5,39851.81
11354,355,4,2025/01/07,4-LOW,CREDIT_CARD,4,7219.71
11355,356,5,2025-04-09,4-LOW,CREDIT_CARD,6,42023.68
11356,357,1,2025-05-07,1-URGENT,WIRE_TRANSFER,5,21297.27
11357,358,2,2025-05-05,4-LOW,CREDIT_CARD,6,17017.02
11358,359,3,2025-06-24,4-LOW,CORPORATE_INVOICE,5,12609.68
11359,360,4,2025-05-23,4-LOW,WIRE_TRANSFER,3,19092.82
11360,361,5,2025-06-12,4-LOW,CORPORATE_INVOICE,7,33655.76
11361,362,1,2025/02/25,1-URGENT,CREDIT_CARD,7,47360.18
11362,363,2,2025-02-18,1-URGENT,CREDIT_CARD,3,17694.75
11363,364,3,2025-01-11,4-LOW,CORPORATE_INVOICE,7,22693.61
11364,365,4,2025-05-12,4-LOW,CORPORATE_INVOICE,7,31864.37
11365,366,5,2025-02-15,2-HIGH,CREDIT_CARD,7,39388.92
11366,367,1,2025-04-15,3-NORMAL,CORPORATE_INVOICE,7,30178.91
11367,368,2,2025-03-14,2-HIGH,CREDIT_CARD,7,36274.26
11368,369,3,2025-05-21,3-NORMAL,CORPORATE_INVOICE,5,15187.64
11369,370,4,2025-05-05,3-NORMAL,CORPORATE_INVOICE,5,18956.73
11370,371,5,2025-06-05,2-HIGH,CREDIT_CARD,6,19637.04
11371,372,1,2025-01-18,1-URGENT,CREDIT_CARD,4,18592.12
11372,373,2,2025/03/01,1-URGENT,WIRE_TRANSFER,4,16529.17
11373,374,3,2025-04-17,1-URGENT,CREDIT_CARD,4,23861.33
11374,375,4,2025-03-30,2-HIGH,CORPORATE_INVOICE,6,15617.83
11375,376,5,2025-06-14,4-LOW,WIRE_TRANSFER,3,9569.35
11376,377,1,2025-03-09,2-HIGH,WIRE_TRANSFER,3,9857.28
11377,378,2,2025-05-23,1-URGENT,WIRE_TRANSFER,3,7582.1
11378,379,3,2025-02-14,4-LOW,CREDIT_CARD,3,14279.76
11379,380,4,2025-04-27,1-URGENT,WIRE_TRANSFER,4,6782.83
11380,381,5,2025-03-10,2-HIGH,CREDIT_CARD,3,10841.08
11381,382,1,2025-02-07,2-HIGH,WIRE_TRANSFER,6,17054.84
11382,383,2,2025/01/12,3-NORMAL,CORPORATE_INVOICE,5,21604.38
11383,384,3,2025-02-07,1-URGENT,WIRE_TRANSFER,6,38258.14
11384,385,4,2025-04-27,4-LOW,CORPORATE_INVOICE,6,31656.83
11385,386,5,2025/06/03,3-NORMAL,CORPORATE_INVOICE,5,18128.05
11386,387,1,2025-03-09,3-NORMAL,CREDIT_CARD,3,2772.37
11387,388,2,2025-02-28,2-HIGH,CORPORATE_INVOICE,5,19946.33
11388,389,3,2025/01/16,1-URGENT,CREDIT_CARD,6,31673.93
11389,390,4,2025-01-07,4-LOW,WIRE_TRANSFER,5,18362.07
11390,391,5,2025-01-15,4-LOW,WIRE_TRANSFER,5,15376.78
11391,392,1,2025-03-23,1-URGENT,CREDIT_CARD,3,15571.93
11392,393,2,2025/02/21,4-LOW,CREDIT_CARD,7,14513.88
11393,394,3,2025-06-03,4-LOW,WIRE_TRANSFER,3,5239.77
11394,395,4,2025-02-16,2-HIGH,CORPORATE_INVOICE,5,9906.92
11395,396,5,2025-02-04,3-NORMAL,CORPORATE_INVOICE,7,24418.43
11396,397,1,2025/04/15,1-URGENT,CREDIT_CARD,3,25483.5
11397,398,2,2025-03-03,3-NORMAL,CREDIT_CARD,7,20725.78
11398,399,3,2025-05-19,1-URGENT,CREDIT_CARD,6,31457.12
11399,400,4,2025-01-11,2-HIGH,CREDIT_CARD,4,14077.93
11400,401,5,2025-05-31,4-LOW,CORPORATE_INVOICE,5,34798.65
11401,402,1,2025-04-05,4-LOW,WIRE_TRANSFER,3,9403.22
11402,403,2,2025-06-15,3-NORMAL,CREDIT_CARD,5,22631.73
11403,404,3,2025-02-01,2-HIGH,CREDIT_CARD,3,10742.76
11404,405,4,2025-05-08,1-URGENT,CORPORATE_INVOICE,4,9617.61
11405,406,5,2025-02-03,1-URGENT,WIRE_TRANSFER,7,40511.82
11406,407,1,2025/01/13,4-LOW,WIRE_TRANSFER,5,12731.75
11407,408,2,2025-02-27,2-HIGH,CORPORATE_INVOICE,3,15246.89
11408,409,3,2025-04-27,4-LOW,CORPORATE_INVOICE,6,54506.3
11409,410,4,2025-03-28,4-LOW,CREDIT_CARD,5,16522.32
11410,411,5,2025-05-01,3-NORMAL,CORPORATE_INVOICE,7,28947.9
11411,412,1,2025-03-23,3-NORMAL,WIRE_TRANSFER,3,6747.46
11412,413,2,2025-03-05,1-URGENT,CORPORATE_INVOICE,3,14913.92
11413,414,3,2025-03-19,2-HIGH,CREDIT_CARD,5,31546.61
11414,415,4,2025-04-28,4-LOW,CREDIT_CARD,5,22711.9
11415,416,5,2025-02-18,3-NORMAL,CORPORATE_INVOICE,3,18910.98
11416,417,1,2025-04-16,1-URGENT,WIRE_TRANSFER,5,23142.48
11417,418,2,2025-04-17,2-HIGH,WIRE_TRANSFER,6,19235.4
11418,419,3,2025-02-06,4-LOW,CORPORATE_INVOICE,5,23052.95
11419,420,4,2025-05-16,4-LOW,CORPORATE_INVOICE,7,21205.33
11420,421,5,2025-02-25,2-HIGH,CREDIT_CARD,4,12041.1
11421,422,1,2025-05-30,4-LOW,WIRE_TRANSFER,6,39883.91
11422,423,2,2025-03-26,1-URGENT,CORPORATE_INVOICE,4,14757.52
11423,424,3,2025-03-01,4-LOW,CREDIT_CARD,5,26981.62
11424,425,4,2025-02-15,2-HIGH,WIRE_TRANSFER,6,30356.49
11425,426,5,2025-02-02,3-NORMAL,CREDIT_CARD,3,12524.13
11426,427,1,2025-04-16,2-HIGH,CORPORATE_INVOICE,6,43342.16
11427,428,2,2025-05-14,2-HIGH,CREDIT_CARD,3,12239.5
11428,429,3,2025-06-03,1-URGENT,CREDIT_CARD,6,31472.92
11429,430,4,2025-05-27,3-NORMAL,WIRE_TRANSFER,7,30008.31
11430,431,5,2025-06-12,4-LOW,CREDIT_CARD,7,43380.74
11431,432,1,2025-01-19,1-URGENT,WIRE_TRANSFER,3,11698.15
11432,433,2,2025-06-15,4-LOW,CORPORATE_INVOICE,3,8819.96
11433,434,3,2025-05-24,3-NORMAL,CORPORATE_INVOICE,4,12015.07
11434,435,4,2025/02/15,4-LOW,WIRE_TRANSFER,5,23923.96
11435,436,5,2025-01-17,4-LOW,CREDIT_CARD,5,13250.45
11436,437,1,2025-03-04,2-HIGH,WIRE_TRANSFER,6,42487.83
11437,438,2,2025/02/26,4-LOW,CORPORATE_INVOICE,3,20109.38
11438,439,3,2025-01-03,1-URGENT,WIRE_TRANSFER,6,35778.72
11439,440,4,2025-06-04,3-NORMAL,CORPORATE_INVOICE,6,33346.0
11440,441,5,2025-04-19,4-LOW,CORPORATE_INVOICE,7,19835.82
11441,442,1,2025/01/02,2-HIGH,CREDIT_CARD,6,17762.03
11442,443,2,2025-01-18,3-NORMAL,CORPORATE_INVOICE,7,14048.88
11443,444,3,2025-02-02,1-URGENT,WIRE_TRANSFER,6,20967.36
11444,445,4,2025-06-28,4-LOW,CORPORATE_INVOICE,4,13262.75
11445,446,5,2025-05-18,3-NORMAL,CREDIT_CARD,5,17779.4
11446,447,1,2025-06-18,4-LOW,WIRE_TRANSFER,5,11433.07
11447,448,2,2025-03-12,4-LOW,CORPORATE_INVOICE,5,22887.01
11448,449,3,2025/01/05,4-LOW,WIRE_TRANSFER,6,32183.85
11449,450,4,2025-03-05,4-LOW,WIRE_TRANSFER,3,13931.4
11450,451,5,2025-01-29,3-NORMAL,CORPORATE_INVOICE,7,30211.89
11451,452,1,2025-01-08,2-HIGH,CORPORATE_INVOICE,7,27510.58
11452,453,2,2025-04-03,3-NORMAL,WIRE_TRANSFER,4,19934.71
11453,454,3,2025-06-06,4-LOW,WIRE_TRANSFER,4,11870.76
11454,455,4,2025-05-14,1-URGENT,CORPORATE_INVOICE,5,23985.03
11455,456,5,2025/03/21,2-HIGH,WIRE_TRANSFER,4,16031.45
11456,457,1,2025-03-15,2-HIGH,CORPORATE_INVOICE,5,17880.17
11457,458,2,2025/02/21,4-LOW,WIRE_TRANSFER,7,24951.41
11458,459,3,2025-01-17,1-URGENT,CORPORATE_INVOICE,5,29906.7
11459,460,4,2025-05-25,2-HIGH,WIRE_TRANSFER,3,8077.21
11460,461,5,2025-02-23,2-HIGH,CREDIT_CARD,4,13963.09
11461,462,1,2025-02-25,3-NORMAL,CREDIT_CARD,7,35907.9
11462,463,2,2025-05-04,4-LOW,CREDIT_CARD,3,5344.87
11463,464,3,2025/05/01,1-URGENT,CORPORATE_INVOICE,7,18179.46
11464,465,4,2025-03-19,2-HIGH,CORPORATE_INVOICE,5,16540.51
11465,466,5,2025-03-05,3-NORMAL,WIRE_TRANSFER,5,21021.5
11466,467,1,2025-03-20,2-HIGH,CORPORATE_INVOICE,7,42049.21
11467,468,2,2025-02-02,4-LOW,CORPORATE_INVOICE,5,10355.33
11468,469,3,2025-04-08,1-URGENT,WIRE_TRANSFER,4,15003.71
11469,470,4,2025-01-26,2-HIGH,CORPORATE_INVOICE,7,23830.07
11470,471,5,2025-03-29,4-LOW,CORPORATE_INVOICE,3,15825.76
11471,472,1,2025-04-07,4-LOW,WIRE_TRANSFER,7,33677.43
11472,473,2,2025-01-08,2-HIGH,CORPORATE_INVOICE,7,20876.83
11473,474,3,2025-05-30,2-HIGH,WIRE_TRANSFER,5,31114.13
11474,475,4,2025-03-17,2-HIGH,CORPORATE_INVOICE,5,19466.55
11475,476,5,2025/03/29,2-HIGH,WIRE_TRANSFER,5,22771.01
11476,477,1,2025-01-16,3-NORMAL,WIRE_TRANSFER,6,35228.15
11477,478,2,2025-03-09,3-NORMAL,CORPORATE_INVOICE,6,29425.87
11478,479,3,2025-04-14,2-HIGH,CREDIT_CARD,6,31243.13
11479,480,4,2025-03-17,3-NORMAL,CREDIT_CARD,6,29103.99
11480,481,5,2025-01-04,2-HIGH,CORPORATE_INVOICE,6,22959.82
11481,482,1,2025-04-02,3-NORMAL,CREDIT_CARD,7,32493.0
11482,483,2,2025-03-18,2-HIGH,WIRE_TRANSFER,5,20702.74
11483,484,3,2025-06-09,3-NORMAL,WIRE_TRANSFER,7,36705.15
11484,485,4,2025-04-18,1-URGENT,WIRE_TRANSFER,4,17988.19
11485,486,5,2025-04-28,3-NORMAL,CORPORATE_INVOICE,4,11297.93
11486,487,1,2025-06-17,3-NORMAL,WIRE_TRANSFER,5,32378.74
11487,488,2,2025-04-30,3-NORMAL,CORPORATE_INVOICE,3,19200.18
11488,489,3,2025-01-26,3-NORMAL,WIRE_TRANSFER,5,15863.04
11489,490,4,2025/04/04,4-LOW,WIRE_TRANSFER,7,52135.88
11490,491,5,2025-03-13,3-NORMAL,WIRE_TRANSFER,4,13047.25
11491,492,1,2025-05-12,1-URGENT,CREDIT_CARD,7,26434.83
11492,493,2,2025-05-30,2-HIGH,WIRE_TRANSFER,3,8906.83
11493,494,3,2025-06-15,1-URGENT,CORPORATE_INVOICE,5,22978.48
11494,495,4,2025-02-26,3-NORMAL,WIRE_TRANSFER,5,13831.43
11495,496,5,2025/02/10,1-URGENT,CORPORATE_INVOICE,3,3992.62
11496,497,1,2025-06-09,2-HIGH,CREDIT_CARD,7,17209.29
11497,498,2,2025-04-19,3-NORMAL,WIRE_TRANSFER,5,16104.6
11498,499,3,2025-04-21,2-HIGH,CORPORATE_INVOICE,3,17495.37
11499,500,4,2025/01/05,2-HIGH,CREDIT_CARD,5,14230.46
11500,501,5,2025-03-22,4-LOW,WIRE_TRANSFER,7,28108.45
11501,502,1,2025-04-13,2-HIGH,CORPORATE_INVOICE,6,27312.21
11502,503,2,2025-03-23,1-URGENT,WIRE_TRANSFER,4,11221.94
11503,504,3,2025-03-07,3-NORMAL,CREDIT_CARD,5,33767.41
11504,505,4,2025-05-14,1-URGENT,CREDIT_CARD,4,20010.3
11505,506,5,2025-01-03,3-NORMAL,CORPORATE_INVOICE,7,22310.23
11506,507,1,2025-01-12,4-LOW,CREDIT_CARD,4,21022.94
11507,508,2,2025-01-14,2-HIGH,CREDIT_CARD,4,13040.32
11508,509,3,2025-04-18,4-LOW,WIRE_TRANSFER,3,20612.58
11509,510,4,2025-04-19,1-URGENT,CREDIT_CARD,6,23508.68
11510,511,5,2025-03-25,4-LOW,CREDIT_CARD,4,10150.98
11511,512,1,2025-02-21,1-URGENT,CREDIT_CARD,3,8038.54
11512,513,2,2025-03-11,2-HIGH,CREDIT_CARD,6,28857.29
11513,514,3,2025/01/07,3-NORMAL,CREDIT_CARD,3,14773.27
11514,515,4,2025-05-09,1-URGENT,CREDIT_CARD,7,33476.58
11515,516,5,2025-04-25,4-LOW,CREDIT_CARD,6,28087.92
11516,517,1,2025/03/19,4-LOW,CREDIT_CARD,4,20427.62
11517,518,2,2025-03-27,2-HIGH,CREDIT_CARD,3,6152.7
11518,519,3,2025-06-06,3-NORMAL,CORPORATE_INVOICE,5,21188.85
11519,520,4,2025-05-02,4-LOW,CREDIT_CARD,5,11649.83
11520,521,5,2025-06-24,2-HIGH,CORPORATE_INVOICE,6,34650.29
11521,522,1,2025-06-25,4-LOW,CORPORATE_INVOICE,6,20039.93
11522,523,2,2025/05/07,4-LOW,CORPORATE_INVOICE,7,34011.21
11523,524,3,2025-04-20,2-HIGH,CREDIT_CARD,6,15286.79
11524,525,4,2025-01-10,1-URGENT,CORPORATE_INVOICE,7,19934.47
11525,526,5,2025-04-01,2-HIGH,CORPORATE_INVOICE,5,21754.27
11526,527,1,2025-03-22,2-HIGH,CORPORATE_INVOICE,5,24377.04
11527,528,2,2025-06-22,2-HIGH,CREDIT_CARD,5,20691.67
11528,529,3,2025-06-23,1-URGENT,CORPORATE_INVOICE,4,20390.18
11529,530,4,2025-02-10,2-HIGH,CORPORATE_INVOICE,5,26956.17
11530,531,5,2025-03-26,3-NORMAL,CREDIT_CARD,6,22594.6
11531,532,1,2025-05-05,1-URGENT,WIRE_TRANSFER,4,24485.75
11532,533,2,2025-02-06,2-HIGH,WIRE_TRANSFER,5,10434.93
11533,534,3,2025-02-27,3-NORMAL,CORPORATE_INVOICE,6,37173.95
11534,535,4,2025-06-08,4-LOW,CREDIT_CARD,7,19490.41
11535,536,5,2025/06/03,3-NORMAL,CREDIT_CARD,3,13620.83
11536,537,1,2025-04-06,4-LOW,CORPORATE_INVOICE,5,24645.08
11537,538,2,2025-02-06,2-HIGH,WIRE_TRANSFER,4,18875.06
11538,539,3,2025-04-16,2-HIGH,WIRE_TRANSFER,3,8766.09
11539,540,4,2025-05-28,1-URGENT,CORPORATE_INVOICE,4,18069.94
11540,541,5,2025-04-26,2-HIGH,WIRE_TRANSFER,5,12785.19
11541,542,1,2025-03-08,4-LOW,CORPORATE_INVOICE,5,25885.47
11542,543,2,2025-06-01,1-URGENT,CREDIT_CARD,3,5007.46
11543,544,3,2025-01-20,1-URGENT,CORPORATE_INVOICE,5,15800.82
11544,545,4,2025-01-27,1-URGENT,WIRE_TRANSFER,3,8494.51
11545,546,5,2025-06-06,2-HIGH,CORPORATE_INVOICE,3,5447.23
11546,547,1,2025-04-02,3-NORMAL,CREDIT_CARD,6,38286.49
11547,548,2,2025-01-22,1-URGENT,CORPORATE_INVOICE,5,22139.62
11548,549,3,2025-02-16,2-HIGH,WIRE_TRANSFER,6,22798.74
11549,550,4,2025/02/13,4-LOW,WIRE_TRANSFER,3,16411.82
11550,551,5,2025-03-13,1-URGENT,WIRE_TRANSFER,6,16683.99
11551,552,1,2025-05-24,2-HIGH,WIRE_TRANSFER,7,27074.57
11552,553,2,2025-01-13,4-LOW,CREDIT_CARD,4,24767.26
11553,554,3,2025-02-12,1-URGENT,CREDIT_CARD,4,22690.16
11554,555,4,2025-04-07,2-HIGH,WIRE_TRANSFER,6,27155.2
11555,556,5,2025-03-06,3-NORMAL,CORPORATE_INVOICE,5,17395.18
11556,557,1,2025-04-17,1-URGENT,CREDIT_CARD,3,11396.09
11557,558,2,2025-02-16,1-URGENT,WIRE_TRANSFER,4,16404.43
11558,559,3,2025-05-07,2-HIGH,CREDIT_CARD,4,15587.83
11559,560,4,2025-01-24,4-LOW,WIRE_TRANSFER,7,34592.62
11560,561,5,2025-04-30,1-URGENT,WIRE_TRANSFER,3,9393.89
11561,562,1,2025-02-19,3-NORMAL,CORPORATE_INVOICE,7,23070.43
11562,563,2,2025-06-19,3-NORMAL,WIRE_TRANSFER,7,29874.52
11563,564,3,2025-05-23,2-HIGH,CREDIT_CARD,7,23494.47
11564,565,4,2025-01-24,1-URGENT,CORPORATE_INVOICE,7,27883.63
11565,566,5,2025/05/19,2-HIGH,CREDIT_CARD,4,8007.83
11566,567,1,2025-05-14,1-URGENT,CREDIT_CARD,4,8917.07
11567,568,2,2025-05-20,2-HIGH,WIRE_TRANSFER,5,9895.72
11568,569,3,2025/01/20,2-HIGH,CREDIT_CARD,6,26757.33
11569,570,4,2025-01-31,1-URGENT,WIRE_TRANSFER,6,26306.22
11570,571,5,2025-03-05,3-NORMAL,CORPORATE_INVOICE,4,30322.93
11571,572,1,2025-01-23,3-NORMAL,CREDIT_CARD,6,27175.63
11572,573,2,2025-03-17,2-HIGH,CORPORATE_INVOICE,4,14193.67
11573,574,3,2025/04/13,1-URGENT,CORPORATE_INVOICE,5,25212.54
11574,575,4,2025-02-27,3-NORMAL,CREDIT_CARD,7,38428.67
11575,576,5,2025-04-21,1-URGENT,WIRE_TRANSFER,7,24700.88
11576,577,1,2025-02-28,2-HIGH,CORPORATE_INVOICE,6,21336.74
11577,578,2,2025-06-26,4-LOW,WIRE_TRANSFER,7,17768.48
11578,579,3,2025-02-04,3-NORMAL,CORPORATE_INVOICE,7,22297.95
11579,580,4,2025-03-08,2-HIGH,CREDIT_CARD,5,27796.86
11580,581,5,2025-01-13,3-NORMAL,CORPORATE_INVOICE,7,16380.9
11581,582,1,2025-02-11,2-HIGH,CREDIT_CARD,3,12580.17
11582,583,2,2025-03-25,3-NORMAL,CREDIT_CARD,5,17008.58
11583,584,3,2025-04-16,1-URGENT,CORPORATE_INVOICE,6,26008.49
11584,585,4,2025/02/03,4-LOW,WIRE_TRANSFER,5,18346.41
11585,586,5,2025-02-10,3-NORMAL,CREDIT_CARD,6,23441.48
11586,587,1,2025/02/21,3-NORMAL,CORPORATE_INVOICE,4,13724.1
11587,588,2,2025-03-16,3-NORMAL,WIRE_TRANSFER,5,23066.1
11588,589,3,2025-02-10,2-HIGH,CORPORATE_INVOICE,5,20652.59
11589,590,4,2025-04-27,3-NORMAL,CORPORATE_INVOICE,7,61282.63
11590,591,5,2025-01-29,3-NORMAL,CREDIT_CARD,4,9566.51
11591,592,1,2025-06-29,3-NORMAL,CORPORATE_INVOICE,3,9864.19
11592,593,2,2025/01/03,4-LOW,CREDIT_CARD,6,26358.53
11593,594,3,2025-03-05,3-NORMAL,CORPORATE_INVOICE,7,37715.41
11594,595,4,2025-05-07,2-HIGH,CREDIT_CARD,3,9840.07
11595,596,5,2025-06-18,4-LOW,WIRE_TRANSFER,4,12600.36
11596,597,1,2025/02/23,4-LOW,WIRE_TRANSFER,4,24014.76
11597,598,2,2025-05-17,2-HIGH,WIRE_TRANSFER,4,16480.91
11598,599,3,2025-04-10,4-LOW,CORPORATE_INVOICE,4,10439.87
11599,600,4,2025-02-01,4-LOW,CREDIT_CARD,4,13893.02
11600,601,5,2025-02-16,1-URGENT,CORPORATE_INVOICE,7,29303.73
11601,602,1,2025-06-15,4-LOW,WIRE_TRANSFER,5,23375.26
11602,603,2,2025-06-10,3-NORMAL,CORPORATE_INVOICE,7,24794.73
11603,604,3,2025-04-29,3-NORMAL,CREDIT_CARD,7,28112.26
11604,605,4,2025-03-18,4-LOW,WIRE_TRANSFER,6,19851.83
11605,606,5,2025-03-19,1-URGENT,CORPORATE_INVOICE,4,8817.84
11606,607,1,2025-04-23,1-URGENT,WIRE_TRANSFER,3,20617.78
11607,608,2,2025-02-14,3-NORMAL,WIRE_TRANSFER,7,29708.47
11608,609,3,2025-04-07,4-LOW,CORPORATE_INVOICE,4,11399.89
11609,610,4,2025-06-07,3-NORMAL,CORPORATE_INVOICE,5,22363.46
11610,611,5,2025-05-09,3-NORMAL,CORPORATE_INVOICE,3,1346.98
11611,612,1,2025-03-07,3-NORMAL,WIRE_TRANSFER,6,21060.37
11612,613,2,2025-02-09,1-URGENT,WIRE_TRANSFER,6,18647.37
11613,614,3,2025/03/22,4-LOW,CORPORATE_INVOICE,4,11517.23
11614,615,4,2025-03-16,3-NORMAL,WIRE_TRANSFER,4,13216.42
11615,616,5,2025-05-25,4-LOW,WIRE_TRANSFER,3,13306.86
11616,617,1,2025-02-09,3-NORMAL,CORPORATE_INVOICE,4,9483.0
11617,618,2,2025-04-10,1-URGENT,WIRE_TRANSFER,6,14979.1
11618,619,3,2025-05-24,3-NORMAL,WIRE_TRANSFER,6,15843.56
11619,620,4,2025-04-24,2-HIGH,CORPORATE_INVOICE,6,20386.49
11620,621,5,2025-05-07,2-HIGH,WIRE_TRANSFER,3,25995.22
11621,622,1,2025-04-02,3-NORMAL,WIRE_TRANSFER,3,11898.37
11622,623,2,2025-01-31,2-HIGH,CORPORATE_INVOICE,3,15839.56
11623,624,3,2025-04-01,4-LOW,WIRE_TRANSFER,7,20897.92
11624,625,4,2025-01-27,4-LOW,WIRE_TRANSFER,5,26347.23
11625,626,5,2025-04-27,1-URGENT,CORPORATE_INVOICE,4,15453.56
11626,627,1,2025-06-15,2-HIGH,CORPORATE_INVOICE,7,22844.09
11627,628,2,2025-04-11,2-HIGH,CORPORATE_INVOICE,7,26682.88
11628,629,3,2025-05-21,1-URGENT,WIRE_TRANSFER,7,31395.09
11629,630,4,2025-03-25,2-HIGH,WIRE_TRANSFER,3,14418.26
11630,631,5,2025-05-19,2-HIGH,CORPORATE_INVOICE,6,21973.44
11631,632,1,2025-02-16,2-HIGH,CREDIT_CARD,5,18190.76
11632,633,2,2025-02-28,4-LOW,CORPORATE_INVOICE,3,8734.1
11633,634,3,2025/01/29,3-NORMAL,WIRE_TRANSFER,5,12200.96
11634,635,4,2025-02-16,3-NORMAL,CORPORATE_INVOICE,4,16413.86
11635,636,5,2025-05-24,4-LOW,CREDIT_CARD,5,27346.92
11636,637,1,2025-06-17,2-HIGH,CREDIT_CARD,5,28487.96
11637,638,2,2025-01-01,1-URGENT,CREDIT_CARD,4,19870.07
11638,639,3,2025-02-07,4-LOW,CORPORATE_INVOICE,7,44005.46
11639,640,4,2025/06/27,4-LOW,CREDIT_CARD,4,23450.05
11640,641,5,2025-04-16,4-LOW,CREDIT_CARD,5,31270.62
11641,642,1,2025/06/10,4-LOW,CORPORATE_INVOICE,3,15503.7
11642,643,2,2025/05/08,1-URGENT,CORPORATE_INVOICE,7,30777.91
11643,644,3,2025-03-24,4-LOW,WIRE_TRANSFER,6,30613.03
11644,645,4,2025-01-15,4-LOW,CORPORATE_INVOICE,3,21448.19
11645,646,5,2025-04-25,2-HIGH,CORPORATE_INVOICE,7,32076.63
11646,647,1,2025-04-03,2-HIGH,CREDIT_CARD,6,36148.33
11647,648,2,2025-04-26,2-HIGH,CREDIT_CARD,6,36888.09
11648,649,3,2025-04-22,3-NORMAL,WIRE_TRANSFER,4,14046.63
11649,650,4,2025-03-29,4-LOW,WIRE_TRANSFER,4,22004.46
11650,651,5,2025-02-15,1-URGENT,CREDIT_CARD,4,10054.48
11651,652,1,2025-05-24,3-NORMAL,CORPORATE_INVOICE,5,23825.67
11652,653,2,2025/03/23,4-LOW,CREDIT_CARD,5,12932.84
11653,654,3,2025-02-04,1-URGENT,CREDIT_CARD,7,25469.9
11654,655,4,2025-01-30,1-URGENT,WIRE_TRANSFER,4,12990.59
11655,656,5,2025/05/22,2-HIGH,WIRE_TRANSFER,4,15780.36
11656,657,1,2025-05-06,4-LOW,WIRE_TRANSFER,5,26769.48
11657,658,2,2025-03-29,1-URGENT,CORPORATE_INVOICE,5,17018.86
11658,659,3,2025-01-26,4-LOW,CORPORATE_INVOICE,3,12342.5
11659,660,4,2025/05/08,4-LOW,WIRE_TRANSFER,3,4494.29
11660,661,5,2025-06-07,4-LOW,CREDIT_CARD,6,13763.19
11661,662,1,2025-02-20,2-HIGH,WIRE_TRANSFER,3,11708.37
11662,663,2,2025-03-27,3-NORMAL,WIRE_TRANSFER,4,20455.7
11663,664,3,2025-01-14,3-NORMAL,CREDIT_CARD,5,31098.5
11664,665,4,2025-06-20,4-LOW,CREDIT_CARD,3,12894.55
11665,666,5,2025-03-22,4-LOW,CREDIT_CARD,5,29186.19
11666,667,1,2025/02/23,1-URGENT,CREDIT_CARD,5,25712.81
11667,668,2,2025-06-17,2-HIGH,CREDIT_CARD,5,28748.79
11668,669,3,2025-05-09,1-URGENT,CORPORATE_INVOICE,6,15604.6
11669,670,4,2025-03-16,4-LOW,CORPORATE_INVOICE,6,23141.45
11670,671,5,2025-06-11,2-HIGH,CORPORATE_INVOICE,4,4761.43
11671,672,1,2025-05-07,2-HIGH,CORPORATE_INVOICE,5,20025.51
11672,673,2,2025-05-20,3-NORMAL,CREDIT_CARD,3,9867.98
11673,674,3,2025-04-17,1-URGENT,CORPORATE_INVOICE,7,51173.28
11674,675,4,2025-01-22,2-HIGH,CORPORATE_INVOICE,5,16474.33
11675,676,5,2025-03-13,3-NORMAL,CREDIT_CARD,5,27262.1
11676,677,1,2025-04-07,2-HIGH,CORPORATE_INVOICE,5,23145.3
11677,678,2,2025-04-07,3-NORMAL,WIRE_TRANSFER,5,7473.08
11678,679,3,2025-02-20,2-HIGH,CREDIT_CARD,3,22950.87
11679,680,4,2025-06-09,4-LOW,CORPORATE_INVOICE,7,15845.23
11680,681,5,2025-06-08,3-NORMAL,WIRE_TRANSFER,3,5665.6
11681,682,1,2025-04-03,3-NORMAL,CORPORATE_INVOICE,7,34577.57
11682,683,2,2025-04-24,4-LOW,CORPORATE_INVOICE,6,18286.1
11683,684,3,2025-02-21,2-HIGH,WIRE_TRANSFER,6,15291.47
11684,685,4,2025-03-22,1-URGENT,CREDIT_CARD,7,26983.56
11685,686,5,2025-01-26,1-URGENT,CORPORATE_INVOICE,7,27482.58
11686,687,1,2025-04-15,1-URGENT,WIRE_TRANSFER,6,43536.23
11687,688,2,2025-04-20,4-LOW,CORPORATE_INVOICE,4,18214.55
11688,689,3,2025-05-03,2-HIGH,CREDIT_CARD,5,15236.33
11689,690,4,2025-01-31,4-LOW,CREDIT_CARD,5,23108.58
11690,691,5,2025-06-22,1-URGENT,WIRE_TRANSFER,7,34720.48
11691,692,1,2025-05-15,1-URGENT,CORPORATE_INVOICE,4,17476.41
11692,693,2,2025-02-13,2-HIGH,CREDIT_CARD,4,12774.12
11693,694,3,2025-06-27,2-HIGH,WIRE_TRANSFER,5,20279.13
11694,695,4,2025-01-05,2-HIGH,CORPORATE_INVOICE,4,10914.59
11695,696,5,2025-01-27,2-HIGH,CREDIT_CARD,6,27147.1
11696,697,1,2025-02-26,2-HIGH,CREDIT_CARD,3,7498.74
11697,698,2,2025-01-30,4-LOW,CORPORATE_INVOICE,4,11357.43
11698,699,3,2025-06-13,1-URGENT,WIRE_TRANSFER,5,26216.9
11699,700,4,2025-01-26,3-NORMAL,WIRE_TRANSFER,7,28843.47
11700,701,5,2025-02-13,3-NORMAL,CREDIT_CARD,3,13482.11
11701,702,1,2025-04-10,1-URGENT,CORPORATE_INVOICE,3,14647.01
11702,703,2,2025-02-02,4-LOW,WIRE_TRANSFER,4,6711.29
11703,704,3,2025-03-22,4-LOW,WIRE_TRANSFER,6,28957.12
11704,705,4,2025-03-14,4-LOW,CREDIT_CARD,6,28101.56
11705,706,5,2025-03-11,4-LOW,WIRE_TRANSFER,4,18640.22
11706,707,1,2025-01-22,4-LOW,CREDIT_CARD,7,24240.11
11707,708,2,2025-06-28,1-URGENT,CREDIT_CARD,3,13820.12
11708,709,3,2025-01-28,4-LOW,WIRE_TRANSFER,7,19332.91
11709,710,4,2025-03-12,1-URGENT,WIRE_TRANSFER,4,7284.79
11710,711,5,2025-03-07,2-HIGH,CREDIT_CARD,3,10073.71
11711,712,1,2025-04-01,1-URGENT,CORPORATE_INVOICE,3,9206.51
11712,713,2,2025-01-19,4-LOW,CORPORATE_INVOICE,3,13577.39
11713,714,3,2025/05/02,4-LOW,CORPORATE_INVOICE,3,6586.32
11714,715,4,2025-02-23,4-LOW,CREDIT_CARD,6,8539.24
11715,716,5,2025-06-13,2-HIGH,WIRE_TRANSFER,4,20974.24
11716,717,1,2025-03-13,2-HIGH,CREDIT_CARD,6,29312.53
11717,718,2,2025-05-07,1-URGENT,CORPORATE_INVOICE,7,28515.69
11718,719,3,2025-02-21,2-HIGH,WIRE_TRANSFER,7,36030.86
11719,720,4,2025-03-12,3-NORMAL,WIRE_TRANSFER,7,34482.95
11720,721,5,2025-05-22,1-URGENT,WIRE_TRANSFER,7,43559.65
11721,722,1,2025-06-20,4-LOW,WIRE_TRANSFER,4,10486.51
11722,723,2,2025-03-20,3-NORMAL,CORPORATE_INVOICE,7,13192.6
11723,724,3,2025-02-25,4-LOW,WIRE_TRANSFER,3,16960.04
11724,725,4,2025-02-10,4-LOW,CORPORATE_INVOICE,4,27846.87
11725,726,5,2025-05-14,1-URGENT,CORPORATE_INVOICE,3,29252.07
11726,727,1,2025-01-22,2-HIGH,CORPORATE_INVOICE,6,18838.74
11727,728,2,2025-03-25,2-HIGH,CREDIT_CARD,6,21329.85
11728,729,3,2025/05/12,4-LOW,CREDIT_CARD,5,12354.87
11729,730,4,2025-04-23,2-HIGH,CORPORATE_INVOICE,4,22064.04
11730,731,5,2025-05-14,1-URGENT,CORPORATE_INVOICE,5,15385.07
11731,732,1,2025-04-18,2-HIGH,WIRE_TRANSFER,5,22777.19
11732,733,2,2025-06-30,4-LOW,CORPORATE_INVOICE,7,12745.89
11733,734,3,2025-06-28,3-NORMAL,CORPORATE_INVOICE,5,40093.89
11734,735,4,2025-02-11,2-HIGH,WIRE_TRANSFER,3,7143.77
11735,736,5,2025-05-26,2-HIGH,CREDIT_CARD,6,32037.31
11736,737,1,2025/06/17,3-NORMAL,CORPORATE_INVOICE,5,19488.44
11737,738,2,2025-04-12,1-URGENT,CREDIT_CARD,3,16598.08
11738,739,3,2025/01/10,4-LOW,CREDIT_CARD,3,9551.67
11739,740,4,2025-04-01,4-LOW,CORPORATE_INVOICE,3,14046.4
11740,741,5,2025-01-04,1-URGENT,CORPORATE_INVOICE,7,21225.12
11741,742,1,2025-05-25,2-HIGH,CORPORATE_INVOICE,4,26561.07
11742,743,2,2025-01-08,4-LOW,WIRE_TRANSFER,6,19882.31
11743,744,3,2025-02-18,2-HIGH,WIRE_TRANSFER,6,31515.69
11744,745,4,2025-03-14,3-NORMAL,WIRE_TRANSFER,3,4285.45
11745,746,5,2025-05-25,2-HIGH,CORPORATE_INVOICE,6,31872.98
11746,747,1,2025-01-27,2-HIGH,CREDIT_CARD,3,24930.11
11747,748,2,2025-04-06,3-NORMAL,CREDIT_CARD,6,11107.72
11748,749,3,2025-05-18,4-LOW,WIRE_TRANSFER,5,22283.13
11749,750,4,2025-05-25,3-NORMAL,CORPORATE_INVOICE,7,27433.91
11750,751,5,2025-06-18,2-HIGH,CORPORATE_INVOICE,4,10712.48
11751,752,1,2025-04-27,4-LOW,CREDIT_CARD,6,21222.95
11752,753,2,2025-01-24,3-NORMAL,CORPORATE_INVOICE,5,27946.68
11753,754,3,2025-01-27,1-URGENT,CREDIT_CARD,4,9224.5
11754,755,4,2025/04/28,2-HIGH,CREDIT_CARD,6,22952.61
11755,756,5,2025-06-03,1-URGENT,CREDIT_CARD,5,23756.27
11756,757,1,2025/02/02,4-LOW,CORPORATE_INVOICE,4,11675.36
11757,758,2,2025-04-12,2-HIGH,CREDIT_CARD,3,8841.57
11758,759,3,2025-05-27,3-NORMAL,WIRE_TRANSFER,7,39847.4
11759,760,4,2025-05-28,4-LOW,CREDIT_CARD,5,28459.92
11760,761,5,2025-03-22,4-LOW,WIRE_TRANSFER,7,27177.53
11761,762,1,2025-01-02,2-HIGH,WIRE_TRANSFER,4,20518.51
11762,763,2,2025-03-07,1-URGENT,CREDIT_CARD,7,14238.14
11763,764,3,2025-06-09,1-URGENT,CORPORATE_INVOICE,4,12997.77
11764,765,4,2025-04-18,2-HIGH,CREDIT_CARD,6,23284.7
11765,766,5,2025-03-20,1-URGENT,WIRE_TRANSFER,4,3344.84
11766,767,1,2025-06-10,3-NORMAL,CORPORATE_INVOICE,5,4835.37
11767,768,2,2025-01-12,1-URGENT,CREDIT_CARD,6,21116.79
11768,769,3,2025-04-07,1-URGENT,CORPORATE_INVOICE,3,16452.87
11769,770,4,2025-04-18,2-HIGH,WIRE_TRANSFER,4,19962.87
11770,771,5,2025-01-19,4-LOW,WIRE_TRANSFER,6,12979.64
11771,772,1,2025-04-03,1-URGENT,WIRE_TRANSFER,6,20135.39
11772,773,2,2025-04-16,3-NORMAL,WIRE_TRANSFER,6,61701.28
11773,774,3,2025-03-21,4-LOW,CORPORATE_INVOICE,3,7863.86
11774,775,4,2025/05/21,3-NORMAL,CREDIT_CARD,5,35460.53
11775,776,5,2025-04-17,1-URGENT,CORPORATE_INVOICE,6,35348.26
11776,777,1,2025-03-08,4-LOW,CREDIT_CARD,4,28384.43
11777,778,2,2025-02-18,3-NORMAL,WIRE_TRANSFER,4,17023.34
11778,779,3,2025/02/11,3-NORMAL,WIRE_TRANSFER,7,31079.32
11779,780,4,2025-01-26,1-URGENT,WIRE_TRANSFER,3,16743.36
11780,781,5,2025-04-14,2-HIGH,CORPORATE_INVOICE,6,17091.7
11781,782,1,2025/02/18,4-LOW,CORPORATE_INVOICE,3,12363.72
11782,783,2,2025/05/18,3-NORMAL,CORPORATE_INVOICE,5,14770.65
11783,784,3,2025-02-13,1-URGENT,CORPORATE_INVOICE,7,26774.35
11784,785,4,2025-05-25,1-URGENT,CORPORATE_INVOICE,5,18094.22
11785,786,5,2025-02-13,1-URGENT,CREDIT_CARD,4,8215.24
11786,787,1,2025-04-15,3-NORMAL,CORPORATE_INVOICE,3,5657.03
11787,788,2,2025-01-05,2-HIGH,CORPORATE_INVOICE,7,24884.59
11788,789,3,2025-04-23,4-LOW,WIRE_TRANSFER,4,16359.49
11789,790,4,2025-02-19,3-NORMAL,CREDIT_CARD,5,24870.47
11790,791,5,2025-03-23,4-LOW,CORPORATE_INVOICE,6,27156.19
11791,792,1,2025/02/06,1-URGENT,WIRE_TRANSFER,6,23168.28
11792,793,2,2025-02-28,4-LOW,WIRE_TRANSFER,7,29398.09
11793,794,3,2025-04-20,4-LOW,CREDIT_CARD,6,24131.21
11794,795,4,2025-03-27,1-URGENT,CREDIT_CARD,7,18821.9
11795,796,5,2025/01/21,3-NORMAL,WIRE_TRANSFER,6,14685.43
11796,797,1,2025-02-28,3-NORMAL,WIRE_TRANSFER,4,28550.5
11797,798,2,2025-04-06,2-HIGH,CORPORATE_INVOICE,7,28322.9
11798,799,3,2025/04/11,4-LOW,WIRE_TRANSFER,4,22926.81
11799,800,4,2025-06-19,2-HIGH,WIRE_TRANSFER,5,15042.89
11800,801,5,2025-01-30,3-NORMAL,WIRE_TRANSFER,6,28372.17
11801,802,1,2025-02-18,2-HIGH,CORPORATE_INVOICE,6,17576.3
11802,803,2,2025-06-13,2-HIGH,CORPORATE_INVOICE,5,31431.03
11803,804,3,2025/04/23,1-URGENT,WIRE_TRANSFER,7,31443.94
11804,805,4,2025-05-12,4-LOW,CORPORATE_INVOICE,6,18289.61
11805,806,5,2025-01-30,4-LOW,CORPORATE_INVOICE,5,21258.39
11806,807,1,2025-04-21,1-URGENT,CREDIT_CARD,3,27474.91
11807,808,2,2025/03/01,3-NORMAL,CREDIT_CARD,7,25007.76
11808,809,3,2025-06-14,2-HIGH,WIRE_TRANSFER,5,17793.88
11809,810,4,2025-06-15,4-LOW,CREDIT_CARD,3,7254.25
11810,811,5,2025-06-14,2-HIGH,WIRE_TRANSFER,7,53468.28
11811,812,1,2025-04-03,4-LOW,CREDIT_CARD,7,21815.25
11812,813,2,2025-05-27,4-LOW,WIRE_TRANSFER,5,19664.91
11813,814,3,2025-01-02,4-LOW,CREDIT_CARD,7,35075.45
11814,815,4,2025-02-24,2-HIGH,WIRE_TRANSFER,6,29527.98
11815,816,5,2025-05-02,3-NORMAL,CORPORATE_INVOICE,7,26765.73
11816,817,1,2025-04-03,1-URGENT,WIRE_TRANSFER,7,36761.62
11817,818,2,2025-06-02,4-LOW,WIRE_TRANSFER,5,6710.37
11818,819,3,2025-06-18,2-HIGH,CREDIT_CARD,7,25201.39
11819,820,4,2025-04-05,3-NORMAL,WIRE_TRANSFER,4,7780.85
11820,821,5,2025-02-14,1-URGENT,CREDIT_CARD,5,17457.18
11821,822,1,2025-02-05,1-URGENT,CREDIT_CARD,7,32903.07
11822,823,2,2025-06-20,2-HIGH,CREDIT_CARD,6,28548.51
11823,824,3,2025-01-23,4-LOW,CORPORATE_INVOICE,3,15036.65
11824,825,4,2025-06-18,2-HIGH,CREDIT_CARD,7,24612.89
11825,826,5,2025/04/29,1-URGENT,CORPORATE_INVOICE,3,14761.79
11826,827,1,2025-05-19,3-NORMAL,CORPORATE_INVOICE,4,5496.92
11827,828,2,2025-04-19,4-LOW,WIRE_TRANSFER,6,21257.82
11828,829,3,2025-03-27,4-LOW,CORPORATE_INVOICE,4,11838.23
11829,830,4,2025-02-04,1-URGENT,WIRE_TRANSFER,3,8644.17
11830,831,5,2025-05-07,2-HIGH,CREDIT_CARD,6,31849.85
11831,832,1,2025-04-08,4-LOW,CREDIT_CARD,4,14632.19
11832,833,2,2025-06-16,4-LOW,CORPORATE_INVOICE,7,27138.17
11833,834,3,2025-05-08,2-HIGH,CORPORATE_INVOICE,5,23691.1
11834,835,4,2025/04/28,3-NORMAL,CORPORATE_INVOICE,3,4718.13
11835,836,5,2025-02-22,1-URGENT,CORPORATE_INVOICE,7,30189.41
11836,837,1,2025-04-20,4-LOW,WIRE_TRANSFER,6,24737.74
11837,838,2,2025-04-26,1-URGENT,CREDIT_CARD,5,13920.43
11838,839,3,2025-01-12,3-NORMAL,CREDIT_CARD,6,24071.96
11839,840,4,2025-01-20,3-NORMAL,CREDIT_CARD,7,22706.03
11840,841,5,2025-02-09,2-HIGH,CREDIT_CARD,5,6677.25
11841,842,1,2025-04-17,3-NORMAL,CORPORATE_INVOICE,3,12983.55
11842,843,2,2025-03-11,2-HIGH,WIRE_TRANSFER,4,10205.02
11843,844,3,2025-01-04,2-HIGH,CORPORATE_INVOICE,7,15945.12
11844,845,4,2025-03-31,1-URGENT,WIRE_TRANSFER,3,7758.63
11845,846,5,2025-01-04,3-NORMAL,WIRE_TRANSFER,3,5606.29
11846,847,1,2025-03-26,3-NORMAL,WIRE_TRANSFER,6,31268.86
11847,848,2,2025-01-16,3-NORMAL,CREDIT_CARD,7,33906.27
11848,849,3,2025-05-06,2-HIGH,CREDIT_CARD,5,16937.87
11849,850,4,2025-05-02,2-HIGH,CORPORATE_INVOICE,5,20793.75
11850,851,5,2025-01-01,4-LOW,CREDIT_CARD,3,7640.11
11851,852,1,2025-01-25,4-LOW,CORPORATE_INVOICE,4,22605.3
11852,853,2,2025/02/28,2-HIGH,CORPORATE_INVOICE,5,23671.96
11853,854,3,2025-06-21,2-HIGH,CREDIT_CARD,6,10632.69
11854,855,4,2025-01-03,4-LOW,CREDIT_CARD,7,37268.69
11855,856,5,2025-01-29,2-HIGH,WIRE_TRANSFER,5,16780.97
11856,857,1,2025-05-24,1-URGENT,WIRE_TRANSFER,4,14401.34
11857,858,2,2025-04-20,2-HIGH,WIRE_TRANSFER,3,15958.94
11858,859,3,2025-05-30,4-LOW,CORPORATE_INVOICE,3,15562.93
11859,860,4,2025/01/03,1-URGENT,WIRE_TRANSFER,6,11524.2
11860,861,5,2025-01-12,3-NORMAL,CORPORATE_INVOICE,6,22408.03
11861,862,1,2025-05-09,3-NORMAL,CORPORATE_INVOICE,7,17553.13
11862,863,2,2025-06-24,3-NORMAL,WIRE_TRANSFER,4,16816.99
11863,864,3,2025-06-01,4-LOW,CREDIT_CARD,7,34888.18
11864,865,4,2025-03-26,2-HIGH,WIRE_TRANSFER,5,22476.84
11865,866,5,2025-01-21,3-NORMAL,CORPORATE_INVOICE,6,22947.85
11866,867,1,2025-04-28,2-HIGH,WIRE_TRANSFER,3,16574.21
11867,868,2,2025-01-13,2-HIGH,CREDIT_CARD,6,26932.15
11868,869,3,2025-06-29,3-NORMAL,WIRE_TRANSFER,3,21279.4
11869,870,4,2025-03-12,3-NORMAL,CORPORATE_INVOICE,7,38928.32
11870,871,5,2025-01-27,4-LOW,CORPORATE_INVOICE,7,29598.92
11871,872,1,2025/05/07,3-NORMAL,CREDIT_CARD,3,15078.78
11872,873,2,2025-05-20,4-LOW,WIRE_TRANSFER,6,28340.91
11873,874,3,2025-04-26,3-NORMAL,WIRE_TRANSFER,5,21508.68
11874,875,4,2025-04-21,4-LOW,CORPORATE_INVOICE,3,16245.85
11875,876,5,2025-04-19,2-HIGH,CORPORATE_INVOICE,7,23397.46
11876,877,1,2025-06-15,4-LOW,CREDIT_CARD,4,16077.33
11877,878,2,2025-01-02,2-HIGH,CORPORATE_INVOICE,4,11411.84
11878,879,3,2025-02-11,4-LOW,WIRE_TRANSFER,7,15816.71
11879,880,4,2025-01-29,1-URGENT,WIRE_TRANSFER,7,36288.13
11880,881,5,2025-05-07,2-HIGH,CREDIT_CARD,6,20634.89
11881,882,1,2025-04-09,4-LOW,CREDIT_CARD,5,33590.56
11882,883,2,2025/01/15,2-HIGH,WIRE_TRANSFER,3,5317.92
11883,884,3,2025-01-18,1-URGENT,CORPORATE_INVOICE,6,12888.72
11884,885,4,2025-06-09,4-LOW,WIRE_TRANSFER,6,29061.52
11885,886,5,2025-04-11,3-NORMAL,CORPORATE_INVOICE,6,24567.33
11886,887,1,2025-02-11,2-HIGH,CREDIT_CARD,4,10736.27
11887,888,2,2025-03-17,1-URGENT,CREDIT_CARD,6,12487.0
11888,889,3,2025-04-28,4-LOW,CREDIT_CARD,3,10701.44
11889,890,4,2025-01-26,1-URGENT,CREDIT_CARD,6,15548.47
11890,891,5,2025-03-28,1-URGENT,WIRE_TRANSFER,6,21225.5
11891,892,1,2025-01-19,3-NORMAL,CORPORATE_INVOICE,4,6017.55
11892,893,2,2025-02-28,2-HIGH,CREDIT_CARD,7,23108.71
11893,894,3,2025-02-06,2-HIGH,CORPORATE_INVOICE,4,26298.75
11894,895,4,2025-04-05,4-LOW,CORPORATE_INVOICE,7,37045.03
11895,896,5,2025-05-31,4-LOW,WIRE_TRANSFER,5,13105.42
11896,897,1,2025-02-18,3-NORMAL,WIRE_TRANSFER,7,29910.54
11897,898,2,2025-06-22,1-URGENT,CREDIT_CARD,7,15181.13
11898,899,3,2025-05-06,4-LOW,CREDIT_CARD,5,26866.41
11899,900,4,2025-05-05,2-HIGH,WIRE_TRANSFER,3,4800.07
11900,901,5,2025-06-07,1-URGENT,CORPORATE_INVOICE,7,38597.8
11901,902,1,2025-05-28,4-LOW,CREDIT_CARD,6,14168.14
11902,903,2,2025-05-07,3-NORMAL,CORPORATE_INVOICE,4,21232.1
11903,904,3,2025-06-21,1-URGENT,WIRE_TRANSFER,7,21631.99
11904,905,4,2025-04-04,1-URGENT,CORPORATE_INVOICE,7,43573.07
11905,906,5,2025-03-15,4-LOW,CORPORATE_INVOICE,4,13535.48
11906,907,1,2025-04-15,2-HIGH,WIRE_TRANSFER,6,25613.35
11907,908,2,2025-06-09,3-NORMAL,WIRE_TRANSFER,4,12180.57
11908,909,3,2025-06-18,1-URGENT,CREDIT_CARD,5,14642.62
11909,910,4,2025-04-28,3-NORMAL,CORPORATE_INVOICE,5,10396.98
11910,911,5,2025-05-07,3-NORMAL,WIRE_TRANSFER,4,14346.14
11911,912,1,2025-01-08,3-NORMAL,WIRE_TRANSFER,7,24782.55
11912,913,2,2025/06/12,4-LOW,CREDIT_CARD,5,22386.23
11913,914,3,2025-06-12,4-LOW,WIRE_TRANSFER,6,36714.91
11914,915,4,2025-02-08,1-URGENT,CORPORATE_INVOICE,6,11567.73
11915,916,5,2025/02/22,4-LOW,WIRE_TRANSFER,6,28755.1
11916,917,1,2025-02-08,4-LOW,WIRE_TRANSFER,4,11314.76
11917,918,2,2025-01-01,4-LOW,CREDIT_CARD,3,12080.92
11918,919,3,2025-01-11,2-HIGH,CREDIT_CARD,7,16454.2
11919,920,4,2025-05-20,4-LOW,CORPORATE_INVOICE,3,14593.44
11920,921,5,2025-05-11,4-LOW,WIRE_TRANSFER,3,9928.99
11921,922,1,2025-05-29,1-URGENT,CREDIT_CARD,3,14770.59
11922,923,2,2025-03-22,2-HIGH,WIRE_TRANSFER,7,21130.18
11923,924,3,2025/03/21,1-URGENT,CREDIT_CARD,3,17900.65
11924,925,4,2025-03-28,3-NORMAL,CREDIT_CARD,3,9559.67
11925,926,5,2025-04-30,4-LOW,WIRE_TRANSFER,4,8662.04
11926,927,1,2025-03-25,3-NORMAL,WIRE_TRANSFER,5,11480.63
11927,928,2,2025-01-01,1-URGENT,CREDIT_CARD,7,32418.83
11928,929,3,2025-03-25,1-URGENT,WIRE_TRANSFER,7,36090.37
11929,930,4,2025-02-04,1-URGENT,CREDIT_CARD,7,18681.76
11930,931,5,2025-02-09,2-HIGH,CORPORATE_INVOICE,3,9854.83
11931,932,1,2025-05-04,1-URGENT,CREDIT_CARD,7,29258.99
11932,933,2,2025-02-11,2-HIGH,CORPORATE_INVOICE,6,21789.26
11933,934,3,2025-01-19,2-HIGH,CORPORATE_INVOICE,3,16279.42
11934,935,4,2025-04-26,3-NORMAL,CREDIT_CARD,7,30996.82
11935,936,5,2025-05-27,3-NORMAL,CREDIT_CARD,5,25122.46
11936,937,1,2025-01-18,2-HIGH,CREDIT_CARD,6,24568.08
11937,938,2,2025/02/03,4-LOW,CORPORATE_INVOICE,5,24695.61
11938,939,3,2025-02-06,1-URGENT,CREDIT_CARD,4,10552.05
11939,940,4,2025-04-30,4-LOW,WIRE_TRANSFER,5,18655.89
11940,941,5,2025-01-05,1-URGENT,CREDIT_CARD,5,35955.86
11941,942,1,2025-03-15,3-NORMAL,CORPORATE_INVOICE,3,16533.35
11942,943,2,2025-02-16,3-NORMAL,WIRE_TRANSFER,3,9059.46
11943,944,3,2025-03-30,4-LOW,CORPORATE_INVOICE,3,17146.32
11944,945,4,2025-06-10,4-LOW,CORPORATE_INVOICE,7,27002.29
11945,946,5,2025-06-19,3-NORMAL,CORPORATE_INVOICE,3,8838.36
11946,947,1,2025-01-15,4-LOW,WIRE_TRANSFER,4,26198.77
11947,948,2,2025-04-22,1-URGENT,CREDIT_CARD,4,18510.71
11948,949,3,2025-02-14,1-URGENT,CORPORATE_INVOICE,5,20683.45
11949,950,4,2025-03-20,2-HIGH,WIRE_TRANSFER,5,26302.56
11950,951,5,2025-06-12,2-HIGH,WIRE_TRANSFER,3,17513.37
11951,952,1,2025-02-25,2-HIGH,CREDIT_CARD,5,21304.43
11952,953,2,2025/01/19,3-NORMAL,CORPORATE_INVOICE,5,20708.31
11953,954,3,2025-03-16,2-HIGH,CORPORATE_INVOICE,6,29602.83
11954,955,4,2025-01-15,4-LOW,WIRE_TRANSFER,4,23138.87
11955,956,5,2025-03-26,4-LOW,CREDIT_CARD,6,18819.05
11956,957,1,2025-05-01,1-URGENT,CORPORATE_INVOICE,6,19672.02
11957,958,2,2025-05-15,3-NORMAL,CORPORATE_INVOICE,5,15721.14
11958,959,3,2025-04-19,2-HIGH,CORPORATE_INVOICE,3,12216.12
11959,960,4,2025-06-08,1-URGENT,WIRE_TRANSFER,6,24168.2
11960,961,5,2025-06-17,4-LOW,CORPORATE_INVOICE,7,29506.85
11961,962,1,2025-02-22,3-NORMAL,CREDIT_CARD,7,22491.85
11962,963,2,2025-04-03,2-HIGH,CREDIT_CARD,6,20877.52
11963,964,3,2025-04-27,4-LOW,CREDIT_CARD,6,18473.37
11964,965,4,2025/05/21,1-URGENT,CREDIT_CARD,7,18333.4
11965,966,5,2025-01-13,2-HIGH,CREDIT_CARD,4,28239.18
11966,967,1,2025-05-21,4-LOW,CORPORATE_INVOICE,7,18208.78
11967,968,2,2025-04-03,4-LOW,CORPORATE_INVOICE,6,20843.39
11968,969,3,2025-03-31,3-NORMAL,WIRE_TRANSFER,5,26990.42
11969,970,4,2025-01-16,4-LOW,WIRE_TRANSFER,4,14035.98
11970,971,5,2025/02/08,4-LOW,WIRE_TRANSFER,3,13031.53
11971,972,1,2025/02/16,2-HIGH,CREDIT_CARD,7,31518.85
11972,973,2,2025-01-22,3-NORMAL,CREDIT_CARD,7,39794.12
11973,974,3,2025-05-09,2-HIGH,CREDIT_CARD,5,27169.85
11974,975,4,2025-02-11,3-NORMAL,CORPORATE_INVOICE,7,24569.81
11975,976,5,2025-05-30,3-NORMAL,WIRE_TRANSFER,3,13295.69
11976,977,1,2025-04-13,4-LOW,CORPORATE_INVOICE,4,19136.66
11977,978,2,2025-06-19,2-HIGH,WIRE_TRANSFER,5,26105.75
11978,979,3,2025-03-15,1-URGENT,CORPORATE_INVOICE,4,16889.79
11979,980,4,2025-03-05,4-LOW,WIRE_TRANSFER,5,20633.53
11980,981,5,2025-06-20,3-NORMAL,CREDIT_CARD,3,13792.39
11981,982,1,2025-04-21,2-HIGH,CORPORATE_INVOICE,4,18596.61
11982,983,2,2025-04-22,2-HIGH,CORPORATE_INVOICE,4,17895.8
11983,984,3,2025-05-17,2-HIGH,CORPORATE_INVOICE,7,20691.02
11984,985,4,2025-05-03,1-URGENT,CREDIT_CARD,7,26940.28
11985,986,5,2025-01-28,1-URGENT,WIRE_TRANSFER,7,27459.8
11986,987,1,2025-01-14,1-URGENT,CORPORATE_INVOICE,3,20534.16
11987,988,2,2025-02-28,4-LOW,CREDIT_CARD,4,9313.24
11988,989,3,2025-01-28,1-URGENT,WIRE_TRANSFER,6,32792.84
11989,990,4,2025-04-01,2-HIGH,CREDIT_CARD,5,22712.98
11990,991,5,2025/03/16,1-URGENT,CREDIT_CARD,5,17074.8
11991,992,1,2025-04-27,1-URGENT,CORPORATE_INVOICE,6,17228.78
11992,993,2,2025-02-10,4-LOW,CORPORATE_INVOICE,5,32065.11
11993,994,3,2025-05-29,2-HIGH,CREDIT_CARD,4,8784.64
11994,995,4,2025-02-15,3-NORMAL,CREDIT_CARD,7,18019.72
11995,996,5,2025/02/07,2-HIGH,CORPORATE_INVOICE,5,18881.17
11996,997,1,2025-02-24,2-HIGH,WIRE_TRANSFER,3,14172.45
11997,998,2,2025-01-22,2-HIGH,WIRE_TRANSFER,7,37978.82
11998,999,3,2025-01-10,3-NORMAL,CREDIT_CARD,3,18192.84
11999,1000,4,2025-02-25,3-NORMAL,CREDIT_CARD,6,25959.55
12000,1,5,2025-04-13,4-LOW,CREDIT_CARD,3,11169.91
12001,2,1,2025-05-08,4-LOW,CREDIT_CARD,3,12110.97
12002,3,2,2025-01-13,1-URGENT,CREDIT_CARD,6,13480.92
12003,4,3,2025/01/21,1-URGENT,CREDIT_CARD,7,22189.31
12004,5,4,2025-01-05,3-NORMAL,CORPORATE_INVOICE,5,14219.71
12005,6,5,2025-02-28,1-URGENT,WIRE_TRANSFER,6,23249.95
12006,7,1,2025-01-13,4-LOW,CREDIT_CARD,7,25003.34
12007,8,2,2025-03-08,1-URGENT,CREDIT_CARD,4,11839.55
12008,9,3,2025-01-05,3-NORMAL,CORPORATE_INVOICE,6,21199.84
12009,10,4,2025-02-07,1-URGENT,CORPORATE_INVOICE,7,22678.83
12010,11,5,2025-06-01,1-URGENT,WIRE_TRANSFER,6,18965.44
12011,12,1,2025-01-28,1-URGENT,WIRE_TRANSFER,3,3353.78
12012,13,2,2025-03-06,2-HIGH,WIRE_TRANSFER,4,15101.56
12013,14,3,2025-01-10,2-HIGH,CORPORATE_INVOICE,5,13055.32
12014,15,4,2025-06-28,3-NORMAL,CORPORATE_INVOICE,6,28641.18
12015,16,5,2025-05-24,4-LOW,CREDIT_CARD,7,16210.3
12016,17,1,2025-06-26,3-NORMAL,CREDIT_CARD,6,14481.46
12017,18,2,2025-06-28,1-URGENT,WIRE_TRANSFER,7,34367.55
12018,19,3,2025-04-03,2-HIGH,WIRE_TRANSFER,5,17742.91
12019,20,4,2025-02-09,2-HIGH,WIRE_TRANSFER,3,8637.55
12020,21,5,2025-03-12,4-LOW,CORPORATE_INVOICE,6,27589.38
12021,22,1,2025-03-17,3-NORMAL,WIRE_TRANSFER,7,27881.87
12022,23,2,2025-02-27,3-NORMAL,CREDIT_CARD,4,14861.62
12023,24,3,2025-01-01,2-HIGH,CREDIT_CARD,6,21579.92
12024,25,4,2025-03-13,3-NORMAL,CREDIT_CARD,3,12888.38
12025,26,5,2025-05-29,4-LOW,CORPORATE_INVOICE,4,18204.69
12026,27,1,2025-01-16,4-LOW,CORPORATE_INVOICE,6,20671.21
12027,28,2,2025-04-23,4-LOW,CREDIT_CARD,4,25942.77
12028,29,3,2025/04/18,3-NORMAL,WIRE_TRANSFER,7,31480.08
12029,30,4,2025-01-20,2-HIGH,WIRE_TRANSFER,3,12206.18
12030,31,5,2025-03-31,1-URGENT,CREDIT_CARD,5,19842.4
12031,32,1,2025-04-15,2-HIGH,WIRE_TRANSFER,6,32989.94
12032,33,2,2025-05-26,2-HIGH,WIRE_TRANSFER,4,14559.4
12033,34,3,2025-01-31,4-LOW,CORPORATE_INVOICE,3,10963.39
12034,35,4,2025-05-17,2-HIGH,WIRE_TRANSFER,5,22175.86
12035,36,5,2025-06-03,3-NORMAL,CREDIT_CARD,3,16651.2
12036,37,1,2025-01-16,2-HIGH,WIRE_TRANSFER,7,18636.84
12037,38,2,2025/01/10,3-NORMAL,WIRE_TRANSFER,3,15790.04
12038,39,3,2025-01-04,2-HIGH,CORPORATE_INVOICE,5,26885.41
12039,40,4,2025-03-12,3-NORMAL,WIRE_TRANSFER,4,25096.19
12040,41,5,2025-02-11,2-HIGH,WIRE_TRANSFER,5,20844.77
12041,42,1,2025-04-12,3-NORMAL,WIRE_TRANSFER,7,19293.12
12042,43,2,2025-03-06,2-HIGH,CREDIT_CARD,3,20205.6
12043,44,3,2025-04-20,2-HIGH,CREDIT_CARD,6,11635.24
12044,45,4,2025-02-19,3-NORMAL,CREDIT_CARD,5,18724.1
12045,46,5,2025-05-25,4-LOW,CREDIT_CARD,7,32094.49
12046,47,1,2025-02-13,4-LOW,CREDIT_CARD,4,8088.6
12047,48,2,2025-05-27,1-URGENT,WIRE_TRANSFER,3,14505.8
12048,49,3,2025-01-08,4-LOW,CREDIT_CARD,3,7163.19
12049,50,4,2025-03-02,1-URGENT,CREDIT_CARD,4,15442.24
12050,51,5,2025-06-20,1-URGENT,WIRE_TRANSFER,4,20820.82
12051,52,1,2025-06-12,4-LOW,CREDIT_CARD,6,32148.46
12052,53,2,2025-06-01,3-NORMAL,CREDIT_CARD,7,26124.37
12053,54,3,2025-06-10,1-URGENT,CORPORATE_INVOICE,4,26030.59
12054,55,4,2025-04-25,2-HIGH,WIRE_TRANSFER,7,27880.12
12055,56,5,2025/01/05,1-URGENT,CREDIT_CARD,5,9514.88
12056,57,1,2025-06-29,2-HIGH,CORPORATE_INVOICE,5,8460.13
12057,58,2,2025-04-23,2-HIGH,WIRE_TRANSFER,5,17495.67
12058,59,3,2025-01-20,3-NORMAL,CORPORATE_INVOICE,7,37161.09
12059,60,4,2025-02-21,2-HIGH,CORPORATE_INVOICE,5,21923.5
12060,61,5,2025-04-20,4-LOW,CORPORATE_INVOICE,7,30263.68
12061,62,1,2025-03-16,2-HIGH,WIRE_TRANSFER,6,14607.42
12062,63,2,2025-06-09,3-NORMAL,CREDIT_CARD,7,35162.05
12063,64,3,2025-05-13,3-NORMAL,WIRE_TRANSFER,5,34209.82
12064,65,4,2025-03-07,4-LOW,CREDIT_CARD,5,17697.55
12065,66,5,2025-04-12,2-HIGH,CREDIT_CARD,4,18013.31
12066,67,1,2025-05-24,4-LOW,WIRE_TRANSFER,3,17221.89
12067,68,2,2025-04-03,4-LOW,CORPORATE_INVOICE,6,44839.63
12068,69,3,2025-02-07,4-LOW,WIRE_TRANSFER,5,19905.84
12069,70,4,2025-03-23,2-HIGH,WIRE_TRANSFER,3,16228.62
12070,71,5,2025-05-17,3-NORMAL,WIRE_TRANSFER,7,33751.78
12071,72,1,2025-02-17,2-HIGH,CORPORATE_INVOICE,3,22393.4
12072,73,2,2025-03-15,1-URGENT,WIRE_TRANSFER,5,24238.53
12073,74,3,2025-01-23,1-URGENT,WIRE_TRANSFER,6,24455.79
12074,75,4,2025-03-19,2-HIGH,WIRE_TRANSFER,5,6208.73
12075,76,5,2025-01-11,4-LOW,WIRE_TRANSFER,6,29401.59
12076,77,1,2025-02-19,4-LOW,CORPORATE_INVOICE,7,36940.61
12077,78,2,2025/03/05,3-NORMAL,WIRE_TRANSFER,3,29688.81
12078,79,3,2025-01-08,3-NORMAL,CREDIT_CARD,3,5259.99
12079,80,4,2025-01-22,1-URGENT,WIRE_TRANSFER,7,34344.46
12080,81,5,2025-05-19,3-NORMAL,WIRE_TRANSFER,3,11293.97
12081,82,1,2025-03-04,3-NORMAL,CORPORATE_INVOICE,7,18077.43
12082,83,2,2025-02-15,3-NORMAL,WIRE_TRANSFER,4,15708.97
12083,84,3,2025-05-29,3-NORMAL,CREDIT_CARD,5,14896.08
12084,85,4,2025-01-28,3-NORMAL,WIRE_TRANSFER,6,45453.62
12085,86,5,2025-05-31,3-NORMAL,CORPORATE_INVOICE,7,29369.47
12086,87,1,2025-05-12,2-HIGH,CREDIT_CARD,4,22854.88
12087,88,2,2025-01-26,1-URGENT,CORPORATE_INVOICE,4,24153.64
12088,89,3,2025/06/17,3-NORMAL,CREDIT_CARD,7,29746.64
12089,90,4,2025/06/18,1-URGENT,CORPORATE_INVOICE,7,26842.28
12090,91,5,2025-06-18,4-LOW,CORPORATE_INVOICE,3,22591.02
12091,92,1,2025-04-03,3-NORMAL,CREDIT_CARD,6,9802.7
12092,93,2,2025-05-24,2-HIGH,CORPORATE_INVOICE,7,27020.5
12093,94,3,2025/05/31,2-HIGH,CORPORATE_INVOICE,3,19957.05
12094,95,4,2025/06/07,4-LOW,WIRE_TRANSFER,7,34615.44
12095,96,5,2025-02-24,2-HIGH,CREDIT_CARD,7,23776.15
12096,97,1,2025-04-28,4-LOW,CREDIT_CARD,4,26700.04
12097,98,2,2025-03-24,1-URGENT,CORPORATE_INVOICE,3,22730.93
12098,99,3,2025-04-03,4-LOW,CREDIT_CARD,3,10040.58
12099,100,4,2025-01-17,3-NORMAL,CREDIT_CARD,6,39928.89
12100,101,5,2025-06-03,1-URGENT,WIRE_TRANSFER,3,5366.82
12101,102,1,2025/05/19,4-LOW,CREDIT_CARD,4,28594.97
12102,103,2,2025/04/29,2-HIGH,CORPORATE_INVOICE,7,38941.57
12103,104,3,2025-03-03,1-URGENT,CORPORATE_INVOICE,5,17707.03
12104,105,4,2025/05/30,3-NORMAL,CORPORATE_INVOICE,3,5825.2
12105,106,5,2025-05-31,3-NORMAL,CORPORATE_INVOICE,6,44621.67
12106,107,1,2025-02-20,3-NORMAL,CORPORATE_INVOICE,3,19426.05
12107,108,2,2025-05-03,4-LOW,WIRE_TRANSFER,6,23912.11
12108,109,3,2025-02-12,4-LOW,WIRE_TRANSFER,3,16776.97
12109,110,4,2025-05-28,4-LOW,CREDIT_CARD,3,6637.4
12110,111,5,2025-02-14,3-NORMAL,WIRE_TRANSFER,7,36479.36
12111,112,1,2025-04-19,2-HIGH,CREDIT_CARD,6,31557.75
12112,113,2,2025-04-29,2-HIGH,CORPORATE_INVOICE,5,13040.57
12113,114,3,2025-06-08,4-LOW,CREDIT_CARD,7,41145.36
12114,115,4,2025-03-20,3-NORMAL,WIRE_TRANSFER,5,12590.2
12115,116,5,2025-02-02,4-LOW,WIRE_TRANSFER,6,20323.85
12116,117,1,2025-03-27,1-URGENT,CORPORATE_INVOICE,3,13136.02
12117,118,2,2025-05-17,2-HIGH,CREDIT_CARD,4,19964.89
12118,119,3,2025-06-09,2-HIGH,WIRE_TRANSFER,7,23644.08
12119,120,4,2025-05-12,1-URGENT,WIRE_TRANSFER,6,23003.77
12120,121,5,2025-03-25,3-NORMAL,CORPORATE_INVOICE,6,28124.7
12121,122,1,2025-02-28,3-NORMAL,CORPORATE_INVOICE,5,24904.94
12122,123,2,2025-02-20,2-HIGH,CREDIT_CARD,5,24647.47
12123,124,3,2025-04-12,1-URGENT,CREDIT_CARD,3,12925.25
12124,125,4,2025-01-05,1-URGENT,WIRE_TRANSFER,6,33653.94
12125,126,5,2025-03-03,3-NORMAL,CREDIT_CARD,5,19366.72
12126,127,1,2025/04/19,1-URGENT,CREDIT_CARD,7,28606.65
12127,128,2,2025-05-30,2-HIGH,CORPORATE_INVOICE,5,14669.74
12128,129,3,2025-05-05,3-NORMAL,CREDIT_CARD,6,18314.33
12129,130,4,2025-03-09,4-LOW,CREDIT_CARD,6,23158.56
12130,131,5,2025-01-03,1-URGENT,WIRE_TRANSFER,7,30913.14
12131,132,1,2025-04-01,1-URGENT,CREDIT_CARD,4,18035.02
12132,133,2,2025-03-06,3-NORMAL,WIRE_TRANSFER,3,20919.84
12133,134,3,2025-05-11,1-URGENT,CREDIT_CARD,5,33167.76
12134,135,4,2025-06-07,2-HIGH,CREDIT_CARD,5,29070.64
12135,136,5,2025-05-25,1-URGENT,CORPORATE_INVOICE,4,21207.36
12136,137,1,2025-06-04,2-HIGH,CREDIT_CARD,6,37342.42
12137,138,2,2025-05-28,1-URGENT,CREDIT_CARD,6,15400.37
12138,139,3,2025-06-23,3-NORMAL,CREDIT_CARD,3,6430.49
12139,140,4,2025-05-30,3-NORMAL,CREDIT_CARD,7,28432.7
12140,141,5,2025-02-21,4-LOW,WIRE_TRANSFER,5,29198.59
12141,142,1,2025-05-17,1-URGENT,CREDIT_CARD,4,16067.29
12142,143,2,2025-01-31,3-NORMAL,CREDIT_CARD,5,21001.36
12143,144,3,2025-01-23,1-URGENT,WIRE_TRANSFER,3,4797.22
12144,145,4,2025-02-22,4-LOW,CORPORATE_INVOICE,7,43610.49
12145,146,5,2025-01-16,4-LOW,WIRE_TRANSFER,3,27649.44
12146,147,1,2025-03-13,3-NORMAL,CREDIT_CARD,6,27847.25
12147,148,2,2025-01-23,1-URGENT,CORPORATE_INVOICE,3,11471.43
12148,149,3,2025/04/24,4-LOW,CREDIT_CARD,5,24704.69
12149,150,4,2025-06-17,2-HIGH,WIRE_TRANSFER,6,35118.81
12150,151,5,2025-04-07,3-NORMAL,CORPORATE_INVOICE,3,19775.52
12151,152,1,2025-03-07,1-URGENT,CORPORATE_INVOICE,6,26436.04
12152,153,2,2025-01-09,4-LOW,CREDIT_CARD,5,25951.16
12153,154,3,2025-02-28,2-HIGH,CORPORATE_INVOICE,7,23221.75
12154,155,4,2025-04-17,4-LOW,CREDIT_CARD,5,20611.82
12155,156,5,2025-02-15,4-LOW,CORPORATE_INVOICE,7,30330.07
12156,157,1,2025-03-18,3-NORMAL,CORPORATE_INVOICE,3,15503.44
12157,158,2,2025-04-10,2-HIGH,CREDIT_CARD,3,6680.77
12158,159,3,2025/06/22,4-LOW,WIRE_TRANSFER,3,18638.46
12159,160,4,2025-05-05,3-NORMAL,CREDIT_CARD,6,27814.05
12160,161,5,2025-06-07,4-LOW,WIRE_TRANSFER,5,27897.78
12161,162,1,2025-05-10,2-HIGH,CORPORATE_INVOICE,7,21563.45
12162,163,2,2025-05-11,1-URGENT,WIRE_TRANSFER,3,2428.68
12163,164,3,2025-02-28,4-LOW,CREDIT_CARD,3,13119.2
12164,165,4,2025-04-06,2-HIGH,WIRE_TRANSFER,6,26097.36
12165,166,5,2025-06-01,4-LOW,CREDIT_CARD,3,21142.35
12166,167,1,2025-01-17,1-URGENT,WIRE_TRANSFER,6,25786.91
12167,168,2,2025-06-16,4-LOW,CREDIT_CARD,6,13800.54
12168,169,3,2025-06-27,4-LOW,WIRE_TRANSFER,7,14381.15
12169,170,4,2025-01-21,4-LOW,CORPORATE_INVOICE,3,4097.24
12170,171,5,2025-02-12,2-HIGH,CREDIT_CARD,5,20699.19
12171,172,1,2025-06-29,2-HIGH,CORPORATE_INVOICE,3,20773.02
12172,173,2,2025-05-23,3-NORMAL,CREDIT_CARD,4,12904.11
12173,174,3,2025-04-14,2-HIGH,CREDIT_CARD,6,21552.49
12174,175,4,2025-04-18,1-URGENT,CORPORATE_INVOICE,5,9852.05
12175,176,5,2025-02-25,4-LOW,CORPORATE_INVOICE,6,36501.03
12176,177,1,2025-06-06,1-URGENT,WIRE_TRANSFER,4,5604.22
12177,178,2,2025-03-05,4-LOW,WIRE_TRANSFER,6,26063.7
12178,179,3,2025-02-25,4-LOW,CORPORATE_INVOICE,7,31281.66
12179,180,4,2025-05-12,4-LOW,CORPORATE_INVOICE,4,6821.13
12180,181,5,2025-05-18,3-NORMAL,WIRE_TRANSFER,7,31055.66
12181,182,1,2025-04-27,3-NORMAL,CORPORATE_INVOICE,4,35206.3
12182,183,2,2025-01-06,3-NORMAL,CREDIT_CARD,3,13483.08
12183,184,3,2025-04-20,3-NORMAL,WIRE_TRANSFER,7,45732.47
12184,185,4,2025-04-14,4-LOW,CORPORATE_INVOICE,6,19014.16
12185,186,5,2025/05/30,1-URGENT,WIRE_TRANSFER,4,9444.84
12186,187,1,2025-02-23,2-HIGH,CORPORATE_INVOICE,4,12237.06
12187,188,2,2025-06-10,1-URGENT,CORPORATE_INVOICE,6,26909.26
12188,189,3,2025-03-23,3-NORMAL,WIRE_TRANSFER,5,10261.01
12189,190,4,2025-06-04,1-URGENT,WIRE_TRANSFER,5,24667.75
12190,191,5,2025-02-07,2-HIGH,WIRE_TRANSFER,7,30787.15
12191,192,1,2025-06-29,3-NORMAL,CORPORATE_INVOICE,5,26178.43
12192,193,2,2025-04-13,2-HIGH,WIRE_TRANSFER,6,29843.68
12193,194,3,2025-06-07,3-NORMAL,WIRE_TRANSFER,4,22791.63
12194,195,4,2025-02-01,3-NORMAL,CREDIT_CARD,5,30195.61
12195,196,5,2025-04-30,3-NORMAL,WIRE_TRANSFER,5,11719.57
12196,197,1,2025/03/28,3-NORMAL,WIRE_TRANSFER,7,17182.41
12197,198,2,2025-03-09,2-HIGH,CREDIT_CARD,3,19744.74
12198,199,3,2025-01-09,1-URGENT,CREDIT_CARD,3,10629.85
12199,200,4,2025-06-29,3-NORMAL,CREDIT_CARD,6,40213.89
12200,201,5,2025-01-06,2-HIGH,CREDIT_CARD,3,4048.66
12201,202,1,2025-02-06,1-URGENT,CREDIT_CARD,5,27087.66
12202,203,2,2025-02-27,3-NORMAL,CORPORATE_INVOICE,7,32026.04
12203,204,3,2025-03-06,1-URGENT,CORPORATE_INVOICE,7,23492.0
12204,205,4,2025-05-27,2-HIGH,WIRE_TRANSFER,7,38274.37
12205,206,5,2025-04-10,4-LOW,CORPORATE_INVOICE,7,18931.08
12206,207,1,2025-04-20,1-URGENT,CREDIT_CARD,5,29980.59
12207,208,2,2025/06/19,1-URGENT,CORPORATE_INVOICE,7,14900.37
12208,209,3,2025-04-21,2-HIGH,CORPORATE_INVOICE,3,10015.69
12209,210,4,2025-01-16,4-LOW,WIRE_TRANSFER,7,26474.72
12210,211,5,2025-06-28,2-HIGH,CORPORATE_INVOICE,3,7456.65
12211,212,1,2025-02-10,2-HIGH,CREDIT_CARD,7,30888.19
12212,213,2,2025-01-14,4-LOW,CREDIT_CARD,7,18976.27
12213,214,3,2025-03-30,3-NORMAL,WIRE_TRANSFER,4,11260.33
12214,215,4,2025-02-09,2-HIGH,CORPORATE_INVOICE,7,35451.12
12215,216,5,2025-04-23,3-NORMAL,CORPORATE_INVOICE,7,51840.49
12216,217,1,2025-06-07,4-LOW,CREDIT_CARD,3,11547.22
12217,218,2,2025-06-30,1-URGENT,WIRE_TRANSFER,7,21819.99
12218,219,3,2025-03-10,1-URGENT,WIRE_TRANSFER,6,12286.63
12219,220,4,2025-02-09,2-HIGH,CORPORATE_INVOICE,6,23181.1
12220,221,5,2025-03-20,2-HIGH,CREDIT_CARD,6,35794.25
12221,222,1,2025/06/18,2-HIGH,CREDIT_CARD,6,24424.82
12222,223,2,2025-05-23,4-LOW,CREDIT_CARD,5,21068.77
12223,224,3,2025/06/16,1-URGENT,CREDIT_CARD,4,14865.0
12224,225,4,2025-04-13,1-URGENT,CORPORATE_INVOICE,4,6472.07
12225,226,5,2025-06-22,2-HIGH,WIRE_TRANSFER,7,48173.33
12226,227,1,2025-06-24,4-LOW,WIRE_TRANSFER,7,32952.89
12227,228,2,2025/05/28,3-NORMAL,CORPORATE_INVOICE,6,21031.94
12228,229,3,2025-03-24,2-HIGH,CREDIT_CARD,3,17457.84
12229,230,4,2025-04-24,2-HIGH,CORPORATE_INVOICE,7,32093.17
12230,231,5,2025-01-28,4-LOW,WIRE_TRANSFER,6,20497.19
12231,232,1,2025-06-20,4-LOW,WIRE_TRANSFER,6,26991.97
12232,233,2,2025-05-16,2-HIGH,CORPORATE_INVOICE,6,25101.97
12233,234,3,2025-03-31,4-LOW,WIRE_TRANSFER,7,21980.13
12234,235,4,2025-05-13,4-LOW,WIRE_TRANSFER,4,16071.47
12235,236,5,2025-04-08,1-URGENT,CORPORATE_INVOICE,6,9347.26
12236,237,1,2025-05-27,1-URGENT,CORPORATE_INVOICE,7,24154.4
12237,238,2,2025-01-06,4-LOW,WIRE_TRANSFER,4,9163.03
12238,239,3,2025-04-18,3-NORMAL,CREDIT_CARD,3,10434.13
12239,240,4,2025-03-31,3-NORMAL,CREDIT_CARD,7,31066.45
12240,241,5,2025-04-05,4-LOW,CORPORATE_INVOICE,5,20444.91
12241,242,1,2025-04-07,2-HIGH,CREDIT_CARD,7,53086.96
12242,243,2,2025-01-18,4-LOW,WIRE_TRANSFER,6,18032.42
12243,244,3,2025-01-08,2-HIGH,WIRE_TRANSFER,7,24070.81
12244,245,4,2025-02-02,1-URGENT,CORPORATE_INVOICE,4,22530.86
12245,246,5,2025-04-28,1-URGENT,CREDIT_CARD,3,11374.1
12246,247,1,2025-04-30,2-HIGH,CORPORATE_INVOICE,5,21760.9
12247,248,2,2025-06-16,2-HIGH,CREDIT_CARD,4,12253.36
12248,249,3,2025-01-28,4-LOW,WIRE_TRANSFER,5,9933.58
12249,250,4,2025-05-18,3-NORMAL,CREDIT_CARD,5,23135.69
12250,251,5,2025-02-11,1-URGENT,WIRE_TRANSFER,3,15367.83
12251,252,1,2025/02/15,2-HIGH,CORPORATE_INVOICE,7,26345.7
12252,253,2,2025-01-28,3-NORMAL,WIRE_TRANSFER,4,14930.21
12253,254,3,2025-03-22,1-URGENT,CREDIT_CARD,5,25789.01
12254,255,4,2025-05-17,3-NORMAL,CREDIT_CARD,6,23461.12
12255,256,5,2025-02-21,1-URGENT,CORPORATE_INVOICE,5,21771.51
12256,257,1,2025-04-14,2-HIGH,WIRE_TRANSFER,5,28546.21
12257,258,2,2025-04-02,1-URGENT,WIRE_TRANSFER,7,23161.29
12258,259,3,2025-01-01,3-NORMAL,CORPORATE_INVOICE,3,13339.64
12259,260,4,2025-05-10,3-NORMAL,WIRE_TRANSFER,3,22522.94
12260,261,5,2025-06-13,1-URGENT,CORPORATE_INVOICE,4,22972.31
12261,262,1,2025-05-22,1-URGENT,CORPORATE_INVOICE,6,14227.97
12262,263,2,2025-05-28,2-HIGH,CORPORATE_INVOICE,4,17240.51
12263,264,3,2025-03-19,4-LOW,WIRE_TRANSFER,5,20166.95
12264,265,4,2025-04-18,2-HIGH,WIRE_TRANSFER,4,19802.48
12265,266,5,2025-06-19,3-NORMAL,CORPORATE_INVOICE,4,8588.84
12266,267,1,2025-02-26,4-LOW,CREDIT_CARD,6,28115.46
12267,268,2,2025-01-24,4-LOW,WIRE_TRANSFER,4,24903.12
12268,269,3,2025-06-08,2-HIGH,WIRE_TRANSFER,3,4842.59
12269,270,4,2025-01-17,3-NORMAL,WIRE_TRANSFER,5,18598.21
12270,271,5,2025/01/18,4-LOW,CREDIT_CARD,3,6184.18
12271,272,1,2025-02-16,2-HIGH,CREDIT_CARD,4,24652.34
12272,273,2,2025-05-28,3-NORMAL,CORPORATE_INVOICE,5,13466.6
12273,274,3,2025/03/10,2-HIGH,CORPORATE_INVOICE,4,11127.64
12274,275,4,2025-03-31,4-LOW,CREDIT_CARD,6,32908.48
12275,276,5,2025-05-19,2-HIGH,CREDIT_CARD,7,37867.82
12276,277,1,2025-05-28,4-LOW,CREDIT_CARD,5,19753.06
12277,278,2,2025-01-05,3-NORMAL,CORPORATE_INVOICE,7,26249.74
12278,279,3,2025/04/03,3-NORMAL,CREDIT_CARD,4,16779.0
12279,280,4,2025/06/26,2-HIGH,CORPORATE_INVOICE,7,35960.14
12280,281,5,2025-02-11,2-HIGH,WIRE_TRANSFER,6,23336.31
12281,282,1,2025-06-09,2-HIGH,WIRE_TRANSFER,7,25262.32
12282,283,2,2025-06-19,4-LOW,WIRE_TRANSFER,5,32545.46
12283,284,3,2025-06-22,2-HIGH,WIRE_TRANSFER,7,38398.5
12284,285,4,2025-06-16,1-URGENT,CORPORATE_INVOICE,5,25613.98
12285,286,5,2025-03-05,2-HIGH,WIRE_TRANSFER,5,13528.72
12286,287,1,2025-02-16,1-URGENT,WIRE_TRANSFER,6,21309.38
12287,288,2,2025-02-03,4-LOW,CORPORATE_INVOICE,5,21047.78
12288,289,3,2025-04-21,3-NORMAL,WIRE_TRANSFER,4,25544.44
12289,290,4,2025/03/18,2-HIGH,WIRE_TRANSFER,7,35867.09
12290,291,5,2025/02/09,2-HIGH,CREDIT_CARD,5,20921.18
12291,292,1,2025-06-16,3-NORMAL,CREDIT_CARD,7,41711.63
12292,293,2,2025-04-18,4-LOW,CORPORATE_INVOICE,4,3582.52
12293,294,3,2025-05-24,4-LOW,WIRE_TRANSFER,5,17284.43
12294,295,4,2025-03-31,4-LOW,CORPORATE_INVOICE,5,33975.02
12295,296,5,2025-01-21,3-NORMAL,WIRE_TRANSFER,7,21720.84
12296,297,1,2025-03-14,3-NORMAL,WIRE_TRANSFER,3,16783.73
12297,298,2,2025-06-03,1-URGENT,CREDIT_CARD,4,18630.38
12298,299,3,2025-04-29,4-LOW,WIRE_TRANSFER,5,13987.37
12299,300,4,2025/06/13,3-NORMAL,CREDIT_CARD,7,27206.17
12300,301,5,2025-02-09,4-LOW,CREDIT_CARD,7,34191.51
12301,302,1,2025-03-17,2-HIGH,CREDIT_CARD,7,38466.31
12302,303,2,2025-03-21,4-LOW,CREDIT_CARD,3,6047.91
12303,304,3,2025-05-24,1-URGENT,CORPORATE_INVOICE,3,17529.88
12304,305,4,2025-04-25,3-NORMAL,CORPORATE_INVOICE,6,15082.99
12305,306,5,2025-03-28,3-NORMAL,CREDIT_CARD,7,23208.0
12306,307,1,2025-02-25,2-HIGH,WIRE_TRANSFER,3,5521.71
12307,308,2,2025-03-12,4-LOW,CORPORATE_INVOICE,5,36809.09
12308,309,3,2025-02-04,1-URGENT,CREDIT_CARD,5,13641.37
12309,310,4,2025-05-13,1-URGENT,CORPORATE_INVOICE,6,25993.18
12310,311,5,2025-01-24,2-HIGH,WIRE_TRANSFER,6,29759.44
12311,312,1,2025-03-14,4-LOW,WIRE_TRANSFER,4,9932.83
12312,313,2,2025-03-25,3-NORMAL,CREDIT_CARD,5,16688.19
12313,314,3,2025-03-04,2-HIGH,CORPORATE_INVOICE,3,12720.91
12314,315,4,2025-04-11,2-HIGH,WIRE_TRANSFER,3,4952.33
12315,316,5,2025-04-27,1-URGENT,CREDIT_CARD,7,33010.76
12316,317,1,2025-05-02,4-LOW,WIRE_TRANSFER,6,35484.27
12317,318,2,2025-05-07,4-LOW,WIRE_TRANSFER,3,20274.49
12318,319,3,2025-05-05,4-LOW,CREDIT_CARD,4,16127.17
12319,320,4,2025-03-30,3-NORMAL,CORPORATE_INVOICE,6,11269.19
12320,321,5,2025-03-13,3-NORMAL,WIRE_TRANSFER,7,32779.51
12321,322,1,2025-04-27,3-NORMAL,WIRE_TRANSFER,3,11948.29
12322,323,2,2025-02-26,2-HIGH,CREDIT_CARD,4,16181.06
12323,324,3,2025-06-03,4-LOW,CREDIT_CARD,4,15689.78
12324,325,4,2025-05-06,4-LOW,CREDIT_CARD,6,17987.07
12325,326,5,2025-01-18,2-HIGH,CORPORATE_INVOICE,7,28405.96
12326,327,1,2025-06-28,1-URGENT,CORPORATE_INVOICE,6,31579.16
12327,328,2,2025-01-12,4-LOW,CREDIT_CARD,6,25765.21
12328,329,3,2025-05-31,2-HIGH,WIRE_TRANSFER,5,11900.06
12329,330,4,2025-04-18,2-HIGH,CORPORATE_INVOICE,6,43351.06
12330,331,5,2025-06-12,2-HIGH,CREDIT_CARD,6,25346.0
12331,332,1,2025-01-03,1-URGENT,WIRE_TRANSFER,6,29471.42
12332,333,2,2025-05-26,3-NORMAL,CORPORATE_INVOICE,3,7567.36
12333,334,3,2025/03/28,3-NORMAL,CORPORATE_INVOICE,5,25363.9
12334,335,4,2025-03-14,1-URGENT,CREDIT_CARD,6,8571.01
12335,336,5,2025-03-18,4-LOW,CORPORATE_INVOICE,6,19944.05
12336,337,1,2025-04-12,1-URGENT,CREDIT_CARD,4,16640.41
12337,338,2,2025-06-08,3-NORMAL,CREDIT_CARD,3,17763.07
12338,339,3,2025-05-25,4-LOW,CORPORATE_INVOICE,4,29396.64
12339,340,4,2025-06-05,2-HIGH,CREDIT_CARD,6,31973.04
12340,341,5,2025-06-09,1-URGENT,WIRE_TRANSFER,4,14218.68
12341,342,1,2025-05-26,1-URGENT,CREDIT_CARD,6,39361.12
12342,343,2,2025-03-04,3-NORMAL,CREDIT_CARD,4,19110.69
12343,344,3,2025-05-27,2-HIGH,CREDIT_CARD,6,33496.42
12344,345,4,2025-06-28,3-NORMAL,CREDIT_CARD,7,34988.65
12345,346,5,2025-01-12,1-URGENT,CREDIT_CARD,3,6837.78
12346,347,1,2025-06-21,4-LOW,CREDIT_CARD,4,12618.65
12347,348,2,2025-01-31,2-HIGH,CREDIT_CARD,7,24860.35
12348,349,3,2025-01-04,1-URGENT,CORPORATE_INVOICE,4,25727.44
12349,350,4,2025-01-08,4-LOW,CORPORATE_INVOICE,6,15990.55
12350,351,5,2025-02-27,4-LOW,CREDIT_CARD,3,13096.4
12351,352,1,2025-02-06,3-NORMAL,CREDIT_CARD,7,36955.86
12352,353,2,2025-05-29,4-LOW,CREDIT_CARD,4,18146.54
12353,354,3,2025-04-19,4-LOW,CORPORATE_INVOICE,6,19487.15
12354,355,4,2025-06-17,2-HIGH,CREDIT_CARD,5,11406.84
12355,356,5,2025-02-02,1-URGENT,CORPORATE_INVOICE,3,5105.87
12356,357,1,2025-06-23,3-NORMAL,CORPORATE_INVOICE,6,21304.47
12357,358,2,2025-06-23,3-NORMAL,CREDIT_CARD,3,16391.24
12358,359,3,2025-05-27,3-NORMAL,CREDIT_CARD,4,25752.01
12359,360,4,2025-04-28,3-NORMAL,WIRE_TRANSFER,4,21815.49
12360,361,5,2025-01-20,2-HIGH,WIRE_TRANSFER,5,17917.16
12361,362,1,2025-01-14,4-LOW,CREDIT_CARD,5,9216.12
12362,363,2,2025-05-04,2-HIGH,WIRE_TRANSFER,3,16039.89
12363,364,3,2025-03-16,2-HIGH,WIRE_TRANSFER,5,8436.27
12364,365,4,2025-02-16,2-HIGH,CORPORATE_INVOICE,7,18489.51
12365,366,5,2025-03-05,4-LOW,CREDIT_CARD,3,17176.06
12366,367,1,2025-01-27,1-URGENT,CREDIT_CARD,7,40193.06
12367,368,2,2025-05-11,4-LOW,CREDIT_CARD,3,3360.76
12368,369,3,2025-06-01,4-LOW,CREDIT_CARD,7,16722.33
12369,370,4,2025-06-01,1-URGENT,CORPORATE_INVOICE,6,20553.67
12370,371,5,2025-05-23,4-LOW,CREDIT_CARD,6,34473.11
12371,372,1,2025/03/31,3-NORMAL,CORPORATE_INVOICE,5,14899.88
12372,373,2,2025-05-17,2-HIGH,CORPORATE_INVOICE,6,18404.33
12373,374,3,2025/04/23,2-HIGH,CREDIT_CARD,4,21793.0
12374,375,4,2025-02-18,4-LOW,CREDIT_CARD,7,36199.23
12375,376,5,2025-06-20,1-URGENT,WIRE_TRANSFER,6,21186.98
12376,377,1,2025-02-15,2-HIGH,WIRE_TRANSFER,7,43586.56
12377,378,2,2025/06/15,3-NORMAL,WIRE_TRANSFER,5,12037.6
12378,379,3,2025-02-16,2-HIGH,CORPORATE_INVOICE,3,19295.15
12379,380,4,2025-03-13,4-LOW,CORPORATE_INVOICE,5,11096.41
12380,381,5,2025-06-10,2-HIGH,WIRE_TRANSFER,3,23018.18
12381,382,1,2025-03-23,2-HIGH,CORPORATE_INVOICE,7,46420.29
12382,383,2,2025-06-03,2-HIGH,WIRE_TRANSFER,3,13575.93
12383,384,3,2025-05-12,2-HIGH,CREDIT_CARD,3,10682.21
12384,385,4,2025-04-30,3-NORMAL,WIRE_TRANSFER,3,11724.81
12385,386,5,2025-03-11,4-LOW,CREDIT_CARD,6,32980.42
12386,387,1,2025-03-10,1-URGENT,CREDIT_CARD,6,13030.66
12387,388,2,2025-05-11,2-HIGH,WIRE_TRANSFER,3,13490.13
12388,389,3,2025-02-02,3-NORMAL,CORPORATE_INVOICE,6,20219.68
12389,390,4,2025-01-07,4-LOW,WIRE_TRANSFER,4,18255.23
12390,391,5,2025-01-22,2-HIGH,CORPORATE_INVOICE,5,25406.65
12391,392,1,2025-06-19,4-LOW,CORPORATE_INVOICE,6,34596.35
12392,393,2,2025-05-06,3-NORMAL,CREDIT_CARD,4,16978.04
12393,394,3,2025-05-31,4-LOW,WIRE_TRANSFER,6,23192.03
12394,395,4,2025-06-26,2-HIGH,WIRE_TRANSFER,5,6221.08
12395,396,5,2025-03-30,4-LOW,CREDIT_CARD,4,29776.42
12396,397,1,2025-05-31,4-LOW,CORPORATE_INVOICE,3,13365.0
12397,398,2,2025-03-04,3-NORMAL,WIRE_TRANSFER,3,9131.41
12398,399,3,2025-04-06,1-URGENT,CORPORATE_INVOICE,4,15938.71
12399,400,4,2025-04-30,1-URGENT,CREDIT_CARD,6,38152.34
12400,401,5,2025-02-03,3-NORMAL,WIRE_TRANSFER,4,15143.33
12401,402,1,2025-03-05,4-LOW,CORPORATE_INVOICE,7,20652.02
12402,403,2,2025-06-06,4-LOW,CORPORATE_INVOICE,6,31951.54
12403,404,3,2025-03-16,3-NORMAL,WIRE_TRANSFER,5,16185.41
12404,405,4,2025-03-19,2-HIGH,CREDIT_CARD,6,36932.74
12405,406,5,2025-06-07,1-URGENT,CREDIT_CARD,6,22462.76
12406,407,1,2025-01-23,1-URGENT,CREDIT_CARD,3,4830.89
12407,408,2,2025-01-11,2-HIGH,CREDIT_CARD,5,16108.91
12408,409,3,2025-05-06,3-NORMAL,WIRE_TRANSFER,4,20535.68
12409,410,4,2025-01-30,4-LOW,WIRE_TRANSFER,7,16833.48
12410,411,5,2025-02-26,1-URGENT,WIRE_TRANSFER,6,14990.06
12411,412,1,2025-04-24,4-LOW,CORPORATE_INVOICE,6,27661.72
12412,413,2,2025-02-18,4-LOW,WIRE_TRANSFER,6,15767.38
12413,414,3,2025-05-05,2-HIGH,WIRE_TRANSFER,7,16888.2
12414,415,4,2025-04-15,2-HIGH,WIRE_TRANSFER,3,8960.03
12415,416,5,2025-05-15,3-NORMAL,CREDIT_CARD,3,19124.46
12416,417,1,2025-06-17,4-LOW,CREDIT_CARD,7,44230.23
12417,418,2,2025-03-05,4-LOW,WIRE_TRANSFER,5,12787.1
12418,419,3,2025-03-31,2-HIGH,CREDIT_CARD,6,35944.42
12419,420,4,2025-04-21,2-HIGH,CREDIT_CARD,6,21278.94
12420,421,5,2025-02-27,2-HIGH,CORPORATE_INVOICE,7,26774.75
12421,422,1,2025-01-21,4-LOW,WIRE_TRANSFER,7,22298.03
12422,423,2,2025/06/28,1-URGENT,WIRE_TRANSFER,5,17892.75
12423,424,3,2025-05-16,1-URGENT,CORPORATE_INVOICE,6,17041.25
12424,425,4,2025-04-06,2-HIGH,WIRE_TRANSFER,3,15995.47
12425,426,5,2025-03-12,2-HIGH,CREDIT_CARD,3,11810.31
12426,427,1,2025-01-10,2-HIGH,CREDIT_CARD,6,24437.82
12427,428,2,2025-02-13,3-NORMAL,CREDIT_CARD,5,27050.78
12428,429,3,2025-01-23,3-NORMAL,WIRE_TRANSFER,6,13748.55
12429,430,4,2025/05/25,1-URGENT,CREDIT_CARD,4,17035.72
12430,431,5,2025-05-06,2-HIGH,CORPORATE_INVOICE,6,25175.99
12431,432,1,2025-05-26,1-URGENT,WIRE_TRANSFER,7,17249.83
12432,433,2,2025-03-18,1-URGENT,WIRE_TRANSFER,5,32834.88
12433,434,3,2025-04-09,3-NORMAL,CREDIT_CARD,4,12980.0
12434,435,4,2025/04/28,2-HIGH,CREDIT_CARD,6,8383.13
12435,436,5,2025-04-16,3-NORMAL,WIRE_TRANSFER,7,38176.24
12436,437,1,2025-04-25,4-LOW,CORPORATE_INVOICE,6,13155.91
12437,438,2,2025-02-19,3-NORMAL,CREDIT_CARD,4,17337.03
12438,439,3,2025-04-17,2-HIGH,CREDIT_CARD,3,5005.69
12439,440,4,2025-06-26,1-URGENT,CORPORATE_INVOICE,3,9154.65
12440,441,5,2025-05-27,2-HIGH,WIRE_TRANSFER,3,11516.26
12441,442,1,2025-05-21,4-LOW,CREDIT_CARD,4,16976.56
12442,443,2,2025-02-06,3-NORMAL,CORPORATE_INVOICE,4,12247.66
12443,444,3,2025-01-24,3-NORMAL,CREDIT_CARD,6,24668.36
12444,445,4,2025-06-24,2-HIGH,CORPORATE_INVOICE,3,17169.46
12445,446,5,2025-05-07,2-HIGH,WIRE_TRANSFER,5,32335.81
12446,447,1,2025-03-29,1-URGENT,WIRE_TRANSFER,5,19061.52
12447,448,2,2025-04-28,4-LOW,WIRE_TRANSFER,4,25503.45
12448,449,3,2025-04-18,3-NORMAL,CORPORATE_INVOICE,5,15919.71
12449,450,4,2025-05-13,3-NORMAL,WIRE_TRANSFER,6,23738.69
12450,451,5,2025-06-13,4-LOW,CREDIT_CARD,4,18887.02
12451,452,1,2025-05-01,4-LOW,CORPORATE_INVOICE,7,42056.3
12452,453,2,2025-01-24,3-NORMAL,CORPORATE_INVOICE,3,7488.53
12453,454,3,2025-03-10,2-HIGH,CREDIT_CARD,6,24013.03
12454,455,4,2025-04-22,3-NORMAL,CREDIT_CARD,5,12213.35
12455,456,5,2025-02-05,1-URGENT,CORPORATE_INVOICE,6,13186.37
12456,457,1,2025-02-06,4-LOW,CREDIT_CARD,3,10883.04
12457,458,2,2025-04-22,4-LOW,CREDIT_CARD,5,13992.51
12458,459,3,2025-02-07,1-URGENT,CREDIT_CARD,6,33174.03
12459,460,4,2025-01-31,1-URGENT,CORPORATE_INVOICE,4,18616.69
12460,461,5,2025/05/11,1-URGENT,CREDIT_CARD,4,20847.6
12461,462,1,2025-06-07,2-HIGH,CORPORATE_INVOICE,6,22520.85
12462,463,2,2025-01-26,3-NORMAL,WIRE_TRANSFER,5,31850.65
12463,464,3,2025-03-15,3-NORMAL,WIRE_TRANSFER,4,12543.83
12464,465,4,2025-01-05,3-NORMAL,CORPORATE_INVOICE,4,11764.56
12465,466,5,2025-01-07,3-NORMAL,WIRE_TRANSFER,5,16398.65
12466,467,1,2025-06-27,3-NORMAL,CORPORATE_INVOICE,7,49703.64
12467,468,2,2025-05-24,4-LOW,CREDIT_CARD,3,16376.23
12468,469,3,2025-05-16,3-NORMAL,CORPORATE_INVOICE,5,18063.86
12469,470,4,2025-01-09,2-HIGH,WIRE_TRANSFER,4,17198.19
12470,471,5,2025-06-30,2-HIGH,WIRE_TRANSFER,6,30067.99
12471,472,1,2025-05-30,1-URGENT,CORPORATE_INVOICE,4,9052.02
12472,473,2,2025-03-20,3-NORMAL,CREDIT_CARD,7,35731.28
12473,474,3,2025-06-10,2-HIGH,CORPORATE_INVOICE,6,23079.92
12474,475,4,2025-01-05,1-URGENT,CREDIT_CARD,5,17404.79
12475,476,5,2025-02-15,2-HIGH,WIRE_TRANSFER,7,25298.32
12476,477,1,2025-06-04,4-LOW,WIRE_TRANSFER,7,25825.52
12477,478,2,2025-03-08,4-LOW,CORPORATE_INVOICE,5,25163.9
12478,479,3,2025-06-16,4-LOW,WIRE_TRANSFER,4,18042.7
12479,480,4,2025-04-30,2-HIGH,CORPORATE_INVOICE,6,21392.25
12480,481,5,2025-03-28,4-LOW,WIRE_TRANSFER,5,21940.88
12481,482,1,2025-06-12,3-NORMAL,CREDIT_CARD,7,21927.58
12482,483,2,2025-06-05,4-LOW,CORPORATE_INVOICE,3,27260.02
12483,484,3,2025-02-21,4-LOW,CORPORATE_INVOICE,3,1837.31
12484,485,4,2025-04-25,2-HIGH,CORPORATE_INVOICE,7,19999.45
12485,486,5,2025-02-12,1-URGENT,WIRE_TRANSFER,3,15757.52
12486,487,1,2025-05-16,3-NORMAL,CREDIT_CARD,5,13298.28
12487,488,2,2025-05-07,2-HIGH,CREDIT_CARD,6,21500.23
12488,489,3,2025-06-22,2-HIGH,WIRE_TRANSFER,4,16513.64
12489,490,4,2025-03-20,1-URGENT,WIRE_TRANSFER,5,35384.19
12490,491,5,2025-03-24,2-HIGH,CREDIT_CARD,4,13528.8
12491,492,1,2025-01-23,3-NORMAL,CREDIT_CARD,5,25075.21
12492,493,2,2025-05-16,4-LOW,CORPORATE_INVOICE,7,44289.35
12493,494,3,2025-04-16,1-URGENT,WIRE_TRANSFER,5,26235.27
12494,495,4,2025-02-13,2-HIGH,CORPORATE_INVOICE,5,20282.5
12495,496,5,2025-03-15,2-HIGH,CORPORATE_INVOICE,4,24914.44
12496,497,1,2025-05-05,1-URGENT,CORPORATE_INVOICE,5,18236.05
12497,498,2,2025-01-22,3-NORMAL,WIRE_TRANSFER,6,29176.65
12498,499,3,2025-03-27,1-URGENT,CORPORATE_INVOICE,5,18486.91
12499,500,4,2025/01/18,2-HIGH,WIRE_TRANSFER,7,15266.67
12500,501,5,2025-01-24,1-URGENT,WIRE_TRANSFER,6,26620.26
12501,502,1,2025-03-27,2-HIGH,CREDIT_CARD,3,15760.52
12502,503,2,2025-04-03,3-NORMAL,WIRE_TRANSFER,4,16159.29
12503,504,3,2025-05-22,4-LOW,CREDIT_CARD,6,10711.09
12504,505,4,2025-03-02,2-HIGH,CREDIT_CARD,6,25124.69
12505,506,5,2025-02-17,3-NORMAL,CREDIT_CARD,7,29832.64
12506,507,1,2025-03-19,3-NORMAL,WIRE_TRANSFER,6,10656.91
12507,508,2,2025/03/10,2-HIGH,WIRE_TRANSFER,4,11766.24
12508,509,3,2025-02-08,4-LOW,CORPORATE_INVOICE,3,10919.67
12509,510,4,2025/01/20,3-NORMAL,WIRE_TRANSFER,5,46166.28
12510,511,5,2025/05/08,1-URGENT,CORPORATE_INVOICE,5,22986.55
12511,512,1,2025-06-21,1-URGENT,CORPORATE_INVOICE,7,26331.02
12512,513,2,2025-05-12,4-LOW,CREDIT_CARD,4,5731.37
12513,514,3,2025-03-27,3-NORMAL,CORPORATE_INVOICE,3,6418.51
12514,515,4,2025-06-27,3-NORMAL,CORPORATE_INVOICE,5,19462.11
12515,516,5,2025-03-09,1-URGENT,CORPORATE_INVOICE,3,12113.98
12516,517,1,2025-03-06,1-URGENT,CORPORATE_INVOICE,6,34214.31
12517,518,2,2025-02-04,3-NORMAL,CORPORATE_INVOICE,3,25995.41
12518,519,3,2025-04-06,2-HIGH,CREDIT_CARD,3,9253.86
12519,520,4,2025-04-26,2-HIGH,WIRE_TRANSFER,6,27863.78
12520,521,5,2025-06-24,1-URGENT,WIRE_TRANSFER,4,23050.78
12521,522,1,2025-06-07,3-NORMAL,CORPORATE_INVOICE,6,26926.01
12522,523,2,2025-04-18,1-URGENT,CORPORATE_INVOICE,4,16316.19
12523,524,3,2025-06-07,2-HIGH,WIRE_TRANSFER,3,18271.84
12524,525,4,2025-05-09,3-NORMAL,CORPORATE_INVOICE,5,24127.21
12525,526,5,2025/05/23,4-LOW,CREDIT_CARD,6,23865.15
12526,527,1,2025-04-27,3-NORMAL,CREDIT_CARD,6,13530.54
12527,528,2,2025-02-26,2-HIGH,WIRE_TRANSFER,7,47541.55
12528,529,3,2025-04-01,1-URGENT,CORPORATE_INVOICE,3,20662.85
12529,530,4,2025-06-10,3-NORMAL,CORPORATE_INVOICE,5,23096.55
12530,531,5,2025-03-22,4-LOW,CREDIT_CARD,6,11165.89
12531,532,1,2025-01-04,4-LOW,CREDIT_CARD,5,23667.81
12532,533,2,2025-03-17,3-NORMAL,CREDIT_CARD,5,14712.31
12533,534,3,2025-05-18,2-HIGH,CREDIT_CARD,6,23362.42
12534,535,4,2025/01/07,1-URGENT,CORPORATE_INVOICE,3,8231.47
12535,536,5,2025-04-29,2-HIGH,CREDIT_CARD,6,34855.85
12536,537,1,2025-03-08,3-NORMAL,CORPORATE_INVOICE,5,30410.24
12537,538,2,2025-02-22,4-LOW,WIRE_TRANSFER,7,41235.44
12538,539,3,2025-06-06,4-LOW,CREDIT_CARD,3,10692.09
12539,540,4,2025-03-04,3-NORMAL,WIRE_TRANSFER,3,8732.55
12540,541,5,2025-06-26,3-NORMAL,WIRE_TRANSFER,7,34701.1
12541,542,1,2025-05-31,2-HIGH,CREDIT_CARD,7,23098.54
12542,543,2,2025-03-06,1-URGENT,CORPORATE_INVOICE,7,26276.75
12543,544,3,2025-04-09,4-LOW,CREDIT_CARD,6,22916.59
12544,545,4,2025-05-28,3-NORMAL,CORPORATE_INVOICE,4,11642.27
12545,546,5,2025-06-20,3-NORMAL,CREDIT_CARD,7,27813.67
12546,547,1,2025-05-28,1-URGENT,CORPORATE_INVOICE,3,16378.45
12547,548,2,2025-04-14,2-HIGH,CORPORATE_INVOICE,4,9290.19
12548,549,3,2025-02-07,3-NORMAL,CREDIT_CARD,5,8822.64
12549,550,4,2025-03-01,1-URGENT,CREDIT_CARD,3,16762.75
12550,551,5,2025-01-20,2-HIGH,WIRE_TRANSFER,5,24463.04
12551,552,1,2025-03-11,3-NORMAL,WIRE_TRANSFER,7,27003.23
12552,553,2,2025/04/22,3-NORMAL,CREDIT_CARD,4,16057.06
12553,554,3,2025-05-26,1-URGENT,CORPORATE_INVOICE,4,24215.86
12554,555,4,2025-05-04,2-HIGH,CREDIT_CARD,7,40480.23
12555,556,5,2025-01-14,3-NORMAL,CREDIT_CARD,3,14628.2
12556,557,1,2025-05-07,2-HIGH,CREDIT_CARD,7,24977.43
12557,558,2,2025-05-23,1-URGENT,CORPORATE_INVOICE,3,13974.25
12558,559,3,2025/02/25,4-LOW,CORPORATE_INVOICE,4,18164.08
12559,560,4,2025-02-07,1-URGENT,CORPORATE_INVOICE,4,10618.77
12560,561,5,2025-05-14,4-LOW,CREDIT_CARD,4,16754.25
12561,562,1,2025-03-19,4-LOW,WIRE_TRANSFER,6,25605.66
12562,563,2,2025-03-25,4-LOW,WIRE_TRANSFER,5,18167.27
12563,564,3,2025-05-05,3-NORMAL,CREDIT_CARD,5,8664.09
12564,565,4,2025/02/22,2-HIGH,CREDIT_CARD,3,13895.8
12565,566,5,2025-03-08,1-URGENT,CORPORATE_INVOICE,7,31582.23
12566,567,1,2025-05-02,3-NORMAL,CORPORATE_INVOICE,4,13418.6
12567,568,2,2025-03-11,3-NORMAL,WIRE_TRANSFER,3,18342.81
12568,569,3,2025-05-17,1-URGENT,CREDIT_CARD,4,23800.98
12569,570,4,2025-05-05,2-HIGH,CORPORATE_INVOICE,3,13736.45
12570,571,5,2025-03-29,3-NORMAL,CREDIT_CARD,6,39152.05
12571,572,1,2025-06-05,4-LOW,WIRE_TRANSFER,6,11428.95
12572,573,2,2025-04-12,4-LOW,CORPORATE_INVOICE,5,35782.1
12573,574,3,2025-01-23,1-URGENT,CREDIT_CARD,6,33883.99
12574,575,4,2025-04-30,1-URGENT,CORPORATE_INVOICE,5,23944.48
12575,576,5,2025-03-25,4-LOW,CORPORATE_INVOICE,5,21096.05
12576,577,1,2025-06-02,1-URGENT,WIRE_TRANSFER,6,26692.72
12577,578,2,2025-01-18,1-URGENT,CORPORATE_INVOICE,4,18129.24
12578,579,3,2025-06-10,2-HIGH,WIRE_TRANSFER,4,13430.28
12579,580,4,2025-01-09,4-LOW,WIRE_TRANSFER,3,15635.34
12580,581,5,2025-03-29,2-HIGH,CORPORATE_INVOICE,7,23053.11
12581,582,1,2025-01-24,2-HIGH,CORPORATE_INVOICE,6,13427.79
12582,583,2,2025-01-06,2-HIGH,CREDIT_CARD,5,11750.19
12583,584,3,2025-05-10,2-HIGH,CREDIT_CARD,3,13979.51
12584,585,4,2025-01-26,2-HIGH,CREDIT_CARD,3,13590.37
12585,586,5,2025-01-21,4-LOW,WIRE_TRANSFER,5,15667.64
12586,587,1,2025-06-27,4-LOW,WIRE_TRANSFER,3,9165.96
12587,588,2,2025-01-30,1-URGENT,CREDIT_CARD,7,50898.61
12588,589,3,2025-03-19,1-URGENT,WIRE_TRANSFER,5,31845.32
12589,590,4,2025/06/11,1-URGENT,CORPORATE_INVOICE,4,10601.34
12590,591,5,2025-04-08,2-HIGH,CORPORATE_INVOICE,6,42439.61
12591,592,1,2025/03/24,3-NORMAL,CREDIT_CARD,5,27148.83
12592,593,2,2025-06-23,2-HIGH,WIRE_TRANSFER,4,17760.11
12593,594,3,2025/03/11,3-NORMAL,CORPORATE_INVOICE,3,17057.48
12594,595,4,2025-06-09,4-LOW,CREDIT_CARD,6,25437.79
12595,596,5,2025-05-09,3-NORMAL,WIRE_TRANSFER,3,11084.5
12596,597,1,2025-03-19,4-LOW,CREDIT_CARD,7,20300.61
12597,598,2,2025-06-22,4-LOW,CORPORATE_INVOICE,4,23774.52
12598,599,3,2025-04-25,4-LOW,CREDIT_CARD,3,18411.6
12599,600,4,2025-03-15,4-LOW,WIRE_TRANSFER,4,17853.88
12600,601,5,2025-05-18,3-NORMAL,WIRE_TRANSFER,5,16278.87
12601,602,1,2025-01-12,4-LOW,CORPORATE_INVOICE,3,9780.78
12602,603,2,2025/03/22,3-NORMAL,CORPORATE_INVOICE,3,22144.56
12603,604,3,2025-04-30,3-NORMAL,CREDIT_CARD,7,28114.24
12604,605,4,2025-01-07,1-URGENT,WIRE_TRANSFER,5,22750.91
12605,606,5,2025-05-26,3-NORMAL,WIRE_TRANSFER,5,16649.38
12606,607,1,2025-06-29,2-HIGH,WIRE_TRANSFER,6,32799.67
12607,608,2,2025-04-14,1-URGENT,CREDIT_CARD,3,4530.26
12608,609,3,2025/05/16,1-URGENT,WIRE_TRANSFER,7,32304.82
12609,610,4,2025-02-05,4-LOW,CORPORATE_INVOICE,6,16900.39
12610,611,5,2025-06-19,4-LOW,CREDIT_CARD,6,20595.07
12611,612,1,2025-03-23,1-URGENT,CREDIT_CARD,3,6266.42
12612,613,2,2025-04-27,1-URGENT,CORPORATE_INVOICE,4,9282.36
12613,614,3,2025-06-13,2-HIGH,WIRE_TRANSFER,4,10834.92
12614,615,4,2025-05-02,4-LOW,WIRE_TRANSFER,5,13815.32
12615,616,5,2025/06/25,2-HIGH,CORPORATE_INVOICE,5,21864.46
12616,617,1,2025-05-12,1-URGENT,CORPORATE_INVOICE,5,15851.98
12617,618,2,2025-02-19,1-URGENT,CREDIT_CARD,7,37218.79
12618,619,3,2025-03-18,2-HIGH,CORPORATE_INVOICE,6,23475.73
12619,620,4,2025-02-17,1-URGENT,CORPORATE_INVOICE,5,29016.9
12620,621,5,2025-01-12,4-LOW,CORPORATE_INVOICE,6,37707.51
12621,622,1,2025-06-08,3-NORMAL,WIRE_TRANSFER,3,9866.11
12622,623,2,2025-04-02,2-HIGH,WIRE_TRANSFER,5,24010.27
12623,624,3,2025-04-27,3-NORMAL,CREDIT_CARD,6,22313.68
12624,625,4,2025-03-03,3-NORMAL,WIRE_TRANSFER,3,7901.5
12625,626,5,2025-06-13,3-NORMAL,CORPORATE_INVOICE,5,24261.82
12626,627,1,2025-01-20,3-NORMAL,WIRE_TRANSFER,7,24661.68
12627,628,2,2025-03-16,4-LOW,CREDIT_CARD,5,16060.89
12628,629,3,2025-03-14,2-HIGH,CORPORATE_INVOICE,3,7950.06
12629,630,4,2025-04-29,2-HIGH,CREDIT_CARD,6,26904.32
12630,631,5,2025-06-05,3-NORMAL,WIRE_TRANSFER,4,28186.11
12631,632,1,2025-01-16,2-HIGH,CREDIT_CARD,5,22029.52
12632,633,2,2025-01-24,2-HIGH,CORPORATE_INVOICE,5,22070.91
12633,634,3,2025-03-19,3-NORMAL,CREDIT_CARD,7,11782.06
12634,635,4,2025-05-14,1-URGENT,WIRE_TRANSFER,6,27657.38
12635,636,5,2025-04-20,3-NORMAL,CORPORATE_INVOICE,5,28801.45
12636,637,1,2025-04-08,1-URGENT,CREDIT_CARD,6,28941.14
12637,638,2,2025-02-04,2-HIGH,CORPORATE_INVOICE,6,15593.68
12638,639,3,2025-01-12,1-URGENT,CREDIT_CARD,4,20458.43
12639,640,4,2025-06-12,4-LOW,CORPORATE_INVOICE,7,18485.19
12640,641,5,2025-03-23,1-URGENT,WIRE_TRANSFER,4,26166.99
12641,642,1,2025-03-10,4-LOW,CREDIT_CARD,3,13094.39
12642,643,2,2025-02-11,1-URGENT,CORPORATE_INVOICE,4,22441.12
12643,644,3,2025-02-01,2-HIGH,CREDIT_CARD,7,20276.9
12644,645,4,2025-02-20,4-LOW,CREDIT_CARD,4,12231.11
12645,646,5,2025-01-01,1-URGENT,CREDIT_CARD,3,5004.27
12646,647,1,2025-05-29,4-LOW,CORPORATE_INVOICE,3,11795.88
12647,648,2,2025-01-08,4-LOW,CREDIT_CARD,6,16845.02
12648,649,3,2025-05-23,3-NORMAL,CREDIT_CARD,3,3744.08
12649,650,4,2025-05-19,3-NORMAL,CREDIT_CARD,7,42306.52
12650,651,5,2025-03-04,2-HIGH,CORPORATE_INVOICE,4,19360.61
12651,652,1,2025-05-23,3-NORMAL,WIRE_TRANSFER,4,30721.99
12652,653,2,2025-03-09,3-NORMAL,CREDIT_CARD,6,17757.6
12653,654,3,2025-02-02,2-HIGH,WIRE_TRANSFER,7,27637.38
12654,655,4,2025-01-26,2-HIGH,WIRE_TRANSFER,5,27672.06
12655,656,5,2025-04-02,1-URGENT,WIRE_TRANSFER,7,21572.93
12656,657,1,2025-01-16,2-HIGH,CORPORATE_INVOICE,7,30551.78
12657,658,2,2025-03-15,4-LOW,CREDIT_CARD,5,30401.29
12658,659,3,2025-06-27,3-NORMAL,WIRE_TRANSFER,4,7940.9
12659,660,4,2025-04-01,4-LOW,CREDIT_CARD,7,26801.47
12660,661,5,2025-01-26,3-NORMAL,CREDIT_CARD,4,18874.95
12661,662,1,2025-02-07,2-HIGH,CREDIT_CARD,6,28212.72
12662,663,2,2025-03-07,4-LOW,CORPORATE_INVOICE,6,24715.89
12663,664,3,2025-02-22,4-LOW,CREDIT_CARD,3,14191.78
12664,665,4,2025-05-19,3-NORMAL,WIRE_TRANSFER,5,23796.97
12665,666,5,2025-01-26,4-LOW,CREDIT_CARD,5,33367.67
12666,667,1,2025-04-16,3-NORMAL,WIRE_TRANSFER,6,25603.8
12667,668,2,2025-01-24,2-HIGH,CREDIT_CARD,5,24031.26
12668,669,3,2025-05-10,2-HIGH,CREDIT_CARD,4,9184.74
12669,670,4,2025/04/22,1-URGENT,WIRE_TRANSFER,7,38431.29
12670,671,5,2025-06-15,2-HIGH,WIRE_TRANSFER,4,18312.74
12671,672,1,2025-06-14,4-LOW,CORPORATE_INVOICE,3,9359.08
12672,673,2,2025-03-12,3-NORMAL,CREDIT_CARD,6,39266.38
12673,674,3,2025-01-12,4-LOW,CREDIT_CARD,3,11617.16
12674,675,4,2025-04-10,1-URGENT,WIRE_TRANSFER,6,29620.52
12675,676,5,2025-03-28,1-URGENT,CREDIT_CARD,4,8825.21
12676,677,1,2025-01-09,4-LOW,WIRE_TRANSFER,3,15387.34
12677,678,2,2025-04-07,3-NORMAL,WIRE_TRANSFER,5,21156.1
12678,679,3,2025/04/05,2-HIGH,WIRE_TRANSFER,7,18590.39
12679,680,4,2025-03-24,3-NORMAL,CREDIT_CARD,7,24315.23
12680,681,5,2025-02-11,3-NORMAL,CORPORATE_INVOICE,7,21672.42
12681,682,1,2025-04-02,3-NORMAL,CORPORATE_INVOICE,3,17337.33
12682,683,2,2025-04-11,1-URGENT,CORPORATE_INVOICE,6,20705.87
12683,684,3,2025-03-09,2-HIGH,WIRE_TRANSFER,7,40818.04
12684,685,4,2025-02-05,4-LOW,CREDIT_CARD,3,2856.7
12685,686,5,2025-04-29,3-NORMAL,CORPORATE_INVOICE,5,15668.79
12686,687,1,2025-04-14,1-URGENT,CREDIT_CARD,4,6705.17
12687,688,2,2025-06-01,3-NORMAL,CORPORATE_INVOICE,6,29019.87
12688,689,3,2025-03-27,3-NORMAL,WIRE_TRANSFER,7,15265.14
12689,690,4,2025-05-19,4-LOW,CREDIT_CARD,4,7812.76
12690,691,5,2025-06-15,4-LOW,WIRE_TRANSFER,7,41716.36
12691,692,1,2025-03-06,3-NORMAL,CORPORATE_INVOICE,6,40895.96
12692,693,2,2025-02-14,1-URGENT,CORPORATE_INVOICE,6,26585.04
12693,694,3,2025-04-27,3-NORMAL,CREDIT_CARD,7,31894.95
12694,695,4,2025-06-20,1-URGENT,CREDIT_CARD,6,27865.28
12695,696,5,2025-03-03,4-LOW,CREDIT_CARD,6,25918.0
12696,697,1,2025-06-01,1-URGENT,WIRE_TRANSFER,4,17312.64
12697,698,2,2025-05-04,2-HIGH,CREDIT_CARD,4,6080.8
12698,699,3,2025-04-08,2-HIGH,WIRE_TRANSFER,4,7044.96
12699,700,4,2025-03-09,3-NORMAL,CREDIT_CARD,6,20347.86
12700,701,5,2025-03-12,4-LOW,WIRE_TRANSFER,3,21629.81
12701,702,1,2025-05-23,2-HIGH,WIRE_TRANSFER,5,16255.61
12702,703,2,2025-05-29,4-LOW,WIRE_TRANSFER,6,26118.79
12703,704,3,2025-05-15,3-NORMAL,WIRE_TRANSFER,6,16225.88
12704,705,4,2025-01-08,1-URGENT,WIRE_TRANSFER,3,10932.91
12705,706,5,2025-03-31,1-URGENT,WIRE_TRANSFER,6,29695.25
12706,707,1,2025-02-17,4-LOW,CREDIT_CARD,5,16668.61
12707,708,2,2025-06-19,3-NORMAL,CREDIT_CARD,6,27957.1
12708,709,3,2025/05/14,1-URGENT,CORPORATE_INVOICE,3,19747.5
12709,710,4,2025-05-13,3-NORMAL,CORPORATE_INVOICE,6,38398.88
12710,711,5,2025-04-23,1-URGENT,WIRE_TRANSFER,7,17051.58
12711,712,1,2025-05-25,2-HIGH,WIRE_TRANSFER,3,20493.19
12712,713,2,2025-06-16,1-URGENT,CREDIT_CARD,3,19320.8
12713,714,3,2025-02-17,2-HIGH,WIRE_TRANSFER,6,35995.0
12714,715,4,2025/03/07,3-NORMAL,CORPORATE_INVOICE,4,26679.79
12715,716,5,2025-04-08,4-LOW,WIRE_TRANSFER,6,31466.36
12716,717,1,2025-01-16,1-URGENT,WIRE_TRANSFER,5,15553.13
12717,718,2,2025-04-09,3-NORMAL,WIRE_TRANSFER,4,2114.95
12718,719,3,2025-02-17,2-HIGH,CREDIT_CARD,5,15997.39
12719,720,4,2025-05-14,3-NORMAL,WIRE_TRANSFER,7,26639.71
12720,721,5,2025-06-19,3-NORMAL,WIRE_TRANSFER,7,16891.72
12721,722,1,2025-05-01,3-NORMAL,WIRE_TRANSFER,3,8306.87
12722,723,2,2025-03-01,1-URGENT,WIRE_TRANSFER,4,35561.61
12723,724,3,2025/03/17,3-NORMAL,CREDIT_CARD,5,23141.74
12724,725,4,2025-04-26,1-URGENT,CREDIT_CARD,7,47479.55
12725,726,5,2025-05-09,1-URGENT,CORPORATE_INVOICE,3,7756.48
12726,727,1,2025-01-06,2-HIGH,CORPORATE_INVOICE,6,34550.41
12727,728,2,2025-03-16,4-LOW,CREDIT_CARD,6,22176.97
12728,729,3,2025-04-18,3-NORMAL,WIRE_TRANSFER,5,13678.92
12729,730,4,2025-05-10,1-URGENT,CORPORATE_INVOICE,7,16690.57
12730,731,5,2025-05-18,1-URGENT,CORPORATE_INVOICE,6,26462.99
12731,732,1,2025-02-15,3-NORMAL,WIRE_TRANSFER,4,16729.92
12732,733,2,2025-01-11,2-HIGH,WIRE_TRANSFER,5,12434.36
12733,734,3,2025-05-13,1-URGENT,CORPORATE_INVOICE,3,6644.22
12734,735,4,2025-05-14,3-NORMAL,WIRE_TRANSFER,7,35308.63
12735,736,5,2025-06-09,3-NORMAL,CORPORATE_INVOICE,4,26416.69
12736,737,1,2025-05-16,4-LOW,CREDIT_CARD,6,43871.28
12737,738,2,2025-06-11,3-NORMAL,CORPORATE_INVOICE,7,47422.8
12738,739,3,2025-02-14,2-HIGH,WIRE_TRANSFER,3,20955.36
12739,740,4,2025-01-26,2-HIGH,CORPORATE_INVOICE,5,13266.97
12740,741,5,2025-03-28,1-URGENT,WIRE_TRANSFER,3,12774.03
12741,742,1,2025-03-22,3-NORMAL,WIRE_TRANSFER,5,21520.22
12742,743,2,2025-01-19,1-URGENT,CREDIT_CARD,5,12560.11
12743,744,3,2025-02-04,1-URGENT,CREDIT_CARD,4,28532.81
12744,745,4,2025-03-26,2-HIGH,CREDIT_CARD,5,12344.29
12745,746,5,2025-04-27,1-URGENT,CORPORATE_INVOICE,4,15538.93
12746,747,1,2025-01-31,2-HIGH,CREDIT_CARD,3,8243.27
12747,748,2,2025-02-18,3-NORMAL,CREDIT_CARD,6,40961.08
12748,749,3,2025-04-09,2-HIGH,CREDIT_CARD,6,26372.46
12749,750,4,2025-05-24,3-NORMAL,WIRE_TRANSFER,5,10309.34
12750,751,5,2025-06-17,2-HIGH,CREDIT_CARD,4,12318.55
12751,752,1,2025-05-13,2-HIGH,WIRE_TRANSFER,5,16311.76
12752,753,2,2025-02-08,2-HIGH,CREDIT_CARD,3,6897.26
12753,754,3,2025/02/21,2-HIGH,CORPORATE_INVOICE,5,17609.08
12754,755,4,2025-06-20,4-LOW,WIRE_TRANSFER,7,23212.6
12755,756,5,2025-02-15,2-HIGH,CREDIT_CARD,4,16709.25
12756,757,1,2025-01-26,2-HIGH,CORPORATE_INVOICE,3,8657.46
12757,758,2,2025-02-25,2-HIGH,WIRE_TRANSFER,5,24758.13
12758,759,3,2025-06-23,3-NORMAL,CREDIT_CARD,3,9478.25
12759,760,4,2025-03-22,1-URGENT,CREDIT_CARD,4,13033.83
12760,761,5,2025-01-07,4-LOW,CREDIT_CARD,7,35820.23
12761,762,1,2025-03-11,3-NORMAL,CORPORATE_INVOICE,7,40302.96
12762,763,2,2025-06-07,1-URGENT,CORPORATE_INVOICE,7,37800.44
12763,764,3,2025-04-26,4-LOW,CREDIT_CARD,5,34669.6
12764,765,4,2025-04-26,3-NORMAL,CORPORATE_INVOICE,7,19268.85
12765,766,5,2025-05-28,3-NORMAL,WIRE_TRANSFER,5,17893.32
12766,767,1,2025-03-28,4-LOW,CORPORATE_INVOICE,6,26735.55
12767,768,2,2025/04/27,3-NORMAL,WIRE_TRANSFER,7,26040.48
12768,769,3,2025-01-03,1-URGENT,CREDIT_CARD,6,34657.64
12769,770,4,2025-03-31,2-HIGH,CORPORATE_INVOICE,7,21715.38
12770,771,5,2025-02-17,2-HIGH,WIRE_TRANSFER,6,26896.66
12771,772,1,2025-04-23,3-NORMAL,CREDIT_CARD,6,31514.45
12772,773,2,2025-01-04,1-URGENT,CORPORATE_INVOICE,7,27658.52
12773,774,3,2025-02-23,1-URGENT,CREDIT_CARD,3,10374.21
12774,775,4,2025-04-08,1-URGENT,CORPORATE_INVOICE,7,28678.58
12775,776,5,2025/04/21,2-HIGH,CORPORATE_INVOICE,6,31491.54
12776,777,1,2025-01-17,3-NORMAL,WIRE_TRANSFER,6,15061.33
12777,778,2,2025-03-12,3-NORMAL,CREDIT_CARD,5,16972.9
12778,779,3,2025-06-30,1-URGENT,WIRE_TRANSFER,5,18480.73
12779,780,4,2025-05-23,4-LOW,WIRE_TRANSFER,3,9739.16
12780,781,5,2025-01-11,1-URGENT,CORPORATE_INVOICE,6,20140.72
12781,782,1,2025-04-27,3-NORMAL,WIRE_TRANSFER,7,51061.59
12782,783,2,2025-04-03,2-HIGH,WIRE_TRANSFER,7,29665.03
12783,784,3,2025-02-07,3-NORMAL,CREDIT_CARD,3,9822.76
12784,785,4,2025-02-21,3-NORMAL,CORPORATE_INVOICE,4,34912.49
12785,786,5,2025/02/02,4-LOW,CREDIT_CARD,3,12092.4
12786,787,1,2025/05/17,2-HIGH,CREDIT_CARD,6,15189.26
12787,788,2,2025-01-05,4-LOW,CREDIT_CARD,5,9853.77
12788,789,3,2025-05-28,1-URGENT,WIRE_TRANSFER,4,17443.39
12789,790,4,2025-04-18,1-URGENT,WIRE_TRANSFER,7,38211.94
12790,791,5,2025-03-18,3-NORMAL,CREDIT_CARD,6,30511.46
12791,792,1,2025-06-01,2-HIGH,CORPORATE_INVOICE,6,19688.16
12792,793,2,2025-02-12,1-URGENT,WIRE_TRANSFER,4,19346.63
12793,794,3,2025-06-11,2-HIGH,WIRE_TRANSFER,6,15925.55
12794,795,4,2025-02-22,3-NORMAL,WIRE_TRANSFER,3,20567.16
12795,796,5,2025-01-28,2-HIGH,CORPORATE_INVOICE,6,19009.58
12796,797,1,2025-03-03,4-LOW,CORPORATE_INVOICE,3,16479.7
12797,798,2,2025-05-28,4-LOW,CORPORATE_INVOICE,6,21901.63
12798,799,3,2025-02-20,1-URGENT,CORPORATE_INVOICE,3,17377.66
12799,800,4,2025-03-21,4-LOW,CORPORATE_INVOICE,3,17257.25
12800,801,5,2025-03-01,4-LOW,WIRE_TRANSFER,7,28710.81
12801,802,1,2025-03-14,2-HIGH,CORPORATE_INVOICE,3,5183.14
12802,803,2,2025-02-23,2-HIGH,CREDIT_CARD,3,33359.6
12803,804,3,2025-03-17,2-HIGH,CREDIT_CARD,5,27882.15
12804,805,4,2025-05-19,3-NORMAL,CORPORATE_INVOICE,6,14966.88
12805,806,5,2025-02-24,2-HIGH,CREDIT_CARD,7,31095.03
12806,807,1,2025-01-22,2-HIGH,WIRE_TRANSFER,6,21875.94
12807,808,2,2025-05-02,3-NORMAL,CREDIT_CARD,7,20288.94
12808,809,3,2025-06-03,3-NORMAL,CORPORATE_INVOICE,3,11062.46
12809,810,4,2025-01-06,4-LOW,WIRE_TRANSFER,7,35953.11
12810,811,5,2025-03-03,1-URGENT,CORPORATE_INVOICE,3,6348.74
12811,812,1,2025/01/13,1-URGENT,WIRE_TRANSFER,3,13649.53
12812,813,2,2025-01-26,4-LOW,WIRE_TRANSFER,4,21895.59
12813,814,3,2025-04-20,3-NORMAL,WIRE_TRANSFER,4,13267.04
12814,815,4,2025-05-30,4-LOW,CREDIT_CARD,3,21090.45
12815,816,5,2025-02-07,1-URGENT,CREDIT_CARD,4,20908.73
12816,817,1,2025-03-12,4-LOW,WIRE_TRANSFER,6,32074.22
12817,818,2,2025-01-14,3-NORMAL,WIRE_TRANSFER,5,34837.03
12818,819,3,2025-05-29,3-NORMAL,WIRE_TRANSFER,3,18999.63
12819,820,4,2025-06-05,3-NORMAL,CORPORATE_INVOICE,6,24748.0
12820,821,5,2025-03-07,3-NORMAL,CORPORATE_INVOICE,5,14006.48
12821,822,1,2025-05-13,4-LOW,WIRE_TRANSFER,6,18555.99
12822,823,2,2025-06-08,1-URGENT,CREDIT_CARD,4,15056.16
12823,824,3,2025-06-23,1-URGENT,WIRE_TRANSFER,5,24616.9
12824,825,4,2025-02-28,1-URGENT,CORPORATE_INVOICE,4,6749.44
12825,826,5,2025-03-02,1-URGENT,CREDIT_CARD,5,11703.93
12826,827,1,2025-04-29,4-LOW,WIRE_TRANSFER,6,10005.53
12827,828,2,2025-04-29,1-URGENT,CORPORATE_INVOICE,4,19029.29
12828,829,3,2025-03-12,3-NORMAL,CREDIT_CARD,5,7827.13
12829,830,4,2025-06-16,1-URGENT,CORPORATE_INVOICE,6,29689.35
12830,831,5,2025-06-29,3-NORMAL,WIRE_TRANSFER,7,25415.15
12831,832,1,2025-01-09,2-HIGH,CORPORATE_INVOICE,5,15530.29
12832,833,2,2025-05-01,1-URGENT,CORPORATE_INVOICE,5,17609.57
12833,834,3,2025-06-23,4-LOW,CORPORATE_INVOICE,4,13884.65
12834,835,4,2025-01-27,4-LOW,CORPORATE_INVOICE,7,24863.69
12835,836,5,2025-06-25,1-URGENT,WIRE_TRANSFER,7,27411.18
12836,837,1,2025-05-17,3-NORMAL,CREDIT_CARD,5,18950.86
12837,838,2,2025-03-16,3-NORMAL,CORPORATE_INVOICE,6,41846.21
12838,839,3,2025-01-27,1-URGENT,CORPORATE_INVOICE,7,30732.96
12839,840,4,2025/06/06,1-URGENT,WIRE_TRANSFER,4,12772.73
12840,841,5,2025-06-15,2-HIGH,CORPORATE_INVOICE,6,36416.46
12841,842,1,2025-02-04,3-NORMAL,CREDIT_CARD,4,27183.3
12842,843,2,2025-05-01,3-NORMAL,WIRE_TRANSFER,4,17836.95
12843,844,3,2025-03-03,3-NORMAL,CREDIT_CARD,5,28637.61
12844,845,4,2025-01-31,2-HIGH,CORPORATE_INVOICE,5,31454.23
12845,846,5,2025-01-19,1-URGENT,CREDIT_CARD,3,8686.23
12846,847,1,2025-06-26,1-URGENT,WIRE_TRANSFER,7,26301.76
12847,848,2,2025-05-23,3-NORMAL,WIRE_TRANSFER,3,10207.69
12848,849,3,2025-03-10,1-URGENT,WIRE_TRANSFER,7,34513.8
12849,850,4,2025-01-31,1-URGENT,WIRE_TRANSFER,6,22653.84
12850,851,5,2025-05-01,3-NORMAL,WIRE_TRANSFER,4,12111.62
12851,852,1,2025-04-06,4-LOW,CORPORATE_INVOICE,7,38715.81
12852,853,2,2025-06-17,3-NORMAL,WIRE_TRANSFER,6,19744.55
12853,854,3,2025/03/26,1-URGENT,CORPORATE_INVOICE,7,14653.71
12854,855,4,2025-01-26,1-URGENT,CORPORATE_INVOICE,5,19298.91
12855,856,5,2025-04-12,1-URGENT,CORPORATE_INVOICE,3,14876.62
12856,857,1,2025-03-01,3-NORMAL,CORPORATE_INVOICE,3,4100.43
12857,858,2,2025-06-09,1-URGENT,WIRE_TRANSFER,6,26759.71
12858,859,3,2025-02-21,4-LOW,CORPORATE_INVOICE,5,15273.67
12859,860,4,2025-04-21,4-LOW,CORPORATE_INVOICE,5,15716.12
12860,861,5,2025-02-02,3-NORMAL,CORPORATE_INVOICE,4,8598.58
12861,862,1,2025-05-17,2-HIGH,CREDIT_CARD,5,18000.21
12862,863,2,2025-04-04,1-URGENT,CREDIT_CARD,3,8953.69
12863,864,3,2025-02-16,3-NORMAL,CREDIT_CARD,5,19708.83
12864,865,4,2025-03-06,4-LOW,CORPORATE_INVOICE,7,34269.44
12865,866,5,2025-04-18,4-LOW,CORPORATE_INVOICE,3,20458.71
12866,867,1,2025/03/30,4-LOW,CORPORATE_INVOICE,7,28948.03
12867,868,2,2025-03-02,2-HIGH,CREDIT_CARD,7,21869.42
12868,869,3,2025-02-26,4-LOW,WIRE_TRANSFER,5,18956.68
12869,870,4,2025-04-25,4-LOW,CREDIT_CARD,4,18181.13
12870,871,5,2025/05/31,2-HIGH,CORPORATE_INVOICE,7,15711.98
12871,872,1,2025-06-23,1-URGENT,WIRE_TRANSFER,6,24106.57
12872,873,2,2025-03-05,3-NORMAL,WIRE_TRANSFER,7,31338.8
12873,874,3,2025-05-24,1-URGENT,CORPORATE_INVOICE,5,19290.3
12874,875,4,2025-01-12,3-NORMAL,WIRE_TRANSFER,3,12647.16
12875,876,5,2025-04-24,1-URGENT,CORPORATE_INVOICE,3,3276.16
12876,877,1,2025-01-01,1-URGENT,WIRE_TRANSFER,3,17997.48
12877,878,2,2025-02-08,2-HIGH,CREDIT_CARD,5,15622.16
12878,879,3,2025-05-05,3-NORMAL,CORPORATE_INVOICE,6,16433.1
12879,880,4,2025-04-04,1-URGENT,WIRE_TRANSFER,5,23493.66
12880,881,5,2025-04-12,4-LOW,CREDIT_CARD,7,28003.86
12881,882,1,2025-01-11,1-URGENT,WIRE_TRANSFER,3,23070.37
12882,883,2,2025-05-16,2-HIGH,CORPORATE_INVOICE,3,29034.51
12883,884,3,2025-03-14,4-LOW,WIRE_TRANSFER,5,32022.76
12884,885,4,2025-03-19,1-URGENT,CREDIT_CARD,7,33338.72
12885,886,5,2025-06-11,2-HIGH,CREDIT_CARD,4,17012.69
12886,887,1,2025-02-18,1-URGENT,CREDIT_CARD,6,20492.48
12887,888,2,2025-04-05,1-URGENT,CORPORATE_INVOICE,7,17407.18
12888,889,3,2025/04/23,3-NORMAL,CREDIT_CARD,7,26483.45
12889,890,4,2025-02-13,1-URGENT,CORPORATE_INVOICE,4,12896.39
12890,891,5,2025-02-04,4-LOW,WIRE_TRANSFER,6,28091.97
12891,892,1,2025-05-15,4-LOW,WIRE_TRANSFER,6,35773.58
12892,893,2,2025-06-20,3-NORMAL,WIRE_TRANSFER,3,13296.18
12893,894,3,2025-06-25,2-HIGH,WIRE_TRANSFER,5,30659.01
12894,895,4,2025-02-27,4-LOW,WIRE_TRANSFER,3,8033.24
12895,896,5,2025-01-29,1-URGENT,CREDIT_CARD,4,9653.25
12896,897,1,2025-06-21,4-LOW,CREDIT_CARD,6,37677.59
12897,898,2,2025-06-08,2-HIGH,CORPORATE_INVOICE,6,18077.69
12898,899,3,2025-04-18,1-URGENT,CORPORATE_INVOICE,4,26541.87
12899,900,4,2025-01-01,2-HIGH,CREDIT_CARD,5,27031.96
12900,901,5,2025-06-14,2-HIGH,CREDIT_CARD,7,31119.03
12901,902,1,2025/01/28,1-URGENT,WIRE_TRANSFER,4,17000.83
12902,903,2,2025-03-16,4-LOW,WIRE_TRANSFER,6,23072.23
12903,904,3,2025-04-07,2-HIGH,CORPORATE_INVOICE,4,18785.45
12904,905,4,2025-01-23,1-URGENT,CORPORATE_INVOICE,3,16470.89
12905,906,5,2025-04-08,1-URGENT,WIRE_TRANSFER,6,26452.07
12906,907,1,2025-05-26,3-NORMAL,CORPORATE_INVOICE,6,19135.46
12907,908,2,2025-05-19,2-HIGH,WIRE_TRANSFER,3,7176.92
12908,909,3,2025-03-28,3-NORMAL,WIRE_TRANSFER,4,8321.92
12909,910,4,2025-03-05,1-URGENT,CREDIT_CARD,4,13027.8
12910,911,5,2025-02-26,3-NORMAL,CREDIT_CARD,6,35639.26
12911,912,1,2025-04-10,3-NORMAL,CORPORATE_INVOICE,4,23390.02
12912,913,2,2025-05-28,1-URGENT,CREDIT_CARD,7,36751.25
12913,914,3,2025-03-18,2-HIGH,CREDIT_CARD,6,15870.87
12914,915,4,2025-05-25,3-NORMAL,CORPORATE_INVOICE,4,23945.63
12915,916,5,2025-02-10,4-LOW,CORPORATE_INVOICE,4,12687.14
12916,917,1,2025-06-19,2-HIGH,CORPORATE_INVOICE,3,13591.44
12917,918,2,2025-02-27,2-HIGH,CREDIT_CARD,3,16523.33
12918,919,3,2025-02-07,4-LOW,WIRE_TRANSFER,5,27998.18
12919,920,4,2025-03-07,3-NORMAL,CREDIT_CARD,3,23576.9
12920,921,5,2025-01-01,2-HIGH,WIRE_TRANSFER,6,27896.89
12921,922,1,2025-06-26,1-URGENT,CORPORATE_INVOICE,4,27820.99
12922,923,2,2025-01-09,3-NORMAL,CREDIT_CARD,6,21948.73
12923,924,3,2025/06/24,4-LOW,CORPORATE_INVOICE,7,20217.08
12924,925,4,2025-02-08,4-LOW,CORPORATE_INVOICE,5,6404.54
12925,926,5,2025-02-06,1-URGENT,CORPORATE_INVOICE,6,10589.85
12926,927,1,2025/06/12,4-LOW,CREDIT_CARD,6,18825.72
12927,928,2,2025/05/26,2-HIGH,WIRE_TRANSFER,3,5150.08
12928,929,3,2025-01-26,1-URGENT,CORPORATE_INVOICE,6,27300.26
12929,930,4,2025-01-03,1-URGENT,CREDIT_CARD,7,19988.12
12930,931,5,2025-03-23,4-LOW,CREDIT_CARD,7,28217.2
12931,932,1,2025-06-19,1-URGENT,WIRE_TRANSFER,6,26451.54
12932,933,2,2025-01-28,3-NORMAL,WIRE_TRANSFER,5,28446.55
12933,934,3,2025-05-31,1-URGENT,CREDIT_CARD,6,25804.7
12934,935,4,2025-04-17,2-HIGH,CORPORATE_INVOICE,7,41275.15
12935,936,5,2025-04-20,1-URGENT,CREDIT_CARD,6,34212.98
12936,937,1,2025-06-22,3-NORMAL,CREDIT_CARD,5,22534.95
12937,938,2,2025-01-21,2-HIGH,CORPORATE_INVOICE,7,21012.13
12938,939,3,2025/03/31,3-NORMAL,CREDIT_CARD,7,21717.93
12939,940,4,2025-02-27,1-URGENT,WIRE_TRANSFER,3,15655.06
12940,941,5,2025/06/22,1-URGENT,CREDIT_CARD,7,33978.91
12941,942,1,2025-04-16,4-LOW,CREDIT_CARD,3,2294.17
12942,943,2,2025-05-28,1-URGENT,WIRE_TRANSFER,7,18397.8
12943,944,3,2025-06-20,4-LOW,CORPORATE_INVOICE,4,22447.23
12944,945,4,2025-01-12,4-LOW,CORPORATE_INVOICE,7,35216.48
12945,946,5,2025-02-27,2-HIGH,CORPORATE_INVOICE,6,46342.54
12946,947,1,2025-01-25,3-NORMAL,WIRE_TRANSFER,3,16785.51
12947,948,2,2025-05-09,3-NORMAL,CORPORATE_INVOICE,6,23713.8
12948,949,3,2025-04-11,2-HIGH,CREDIT_CARD,6,27934.44
12949,950,4,2025-01-21,4-LOW,WIRE_TRANSFER,7,35119.05
12950,951,5,2025/06/03,2-HIGH,CREDIT_CARD,4,14235.93
12951,952,1,2025-05-04,1-URGENT,WIRE_TRANSFER,7,33543.68
12952,953,2,2025-04-11,2-HIGH,CREDIT_CARD,3,7261.14
12953,954,3,2025-04-17,3-NORMAL,CORPORATE_INVOICE,4,19434.82
12954,955,4,2025-02-27,3-NORMAL,WIRE_TRANSFER,6,30724.29
12955,956,5,2025-06-11,3-NORMAL,WIRE_TRANSFER,5,33442.29
12956,957,1,2025-04-17,2-HIGH,CORPORATE_INVOICE,5,11262.63
12957,958,2,2025-01-26,1-URGENT,CORPORATE_INVOICE,3,15924.67
12958,959,3,2025-02-03,1-URGENT,CREDIT_CARD,5,26306.87
12959,960,4,2025/01/07,3-NORMAL,WIRE_TRANSFER,4,11667.17
12960,961,5,2025-04-06,4-LOW,CORPORATE_INVOICE,4,28786.67
12961,962,1,2025-04-10,2-HIGH,CORPORATE_INVOICE,5,10894.16
12962,963,2,2025-06-18,4-LOW,CORPORATE_INVOICE,6,21376.7
12963,964,3,2025-02-21,2-HIGH,CREDIT_CARD,7,52541.44
12964,965,4,2025-05-07,3-NORMAL,CORPORATE_INVOICE,4,18905.0
12965,966,5,2025-01-10,1-URGENT,CREDIT_CARD,5,29005.11
12966,967,1,2025-04-28,3-NORMAL,CORPORATE_INVOICE,6,20975.31
12967,968,2,2025-03-28,1-URGENT,WIRE_TRANSFER,4,19317.12
12968,969,3,2025-01-23,4-LOW,CORPORATE_INVOICE,3,14319.02
12969,970,4,2025-06-13,1-URGENT,CORPORATE_INVOICE,6,28380.76
12970,971,5,2025-03-18,4-LOW,WIRE_TRANSFER,3,21963.16
12971,972,1,2025-03-02,4-LOW,WIRE_TRANSFER,3,10880.06
12972,973,2,2025-03-30,2-HIGH,CORPORATE_INVOICE,6,44557.61
12973,974,3,2025-01-30,4-LOW,WIRE_TRANSFER,4,33340.07
12974,975,4,2025-02-17,2-HIGH,CORPORATE_INVOICE,5,17282.14
12975,976,5,2025-06-28,3-NORMAL,CREDIT_CARD,5,30840.53
12976,977,1,2025-04-21,1-URGENT,CREDIT_CARD,4,13733.28
12977,978,2,2025-02-20,2-HIGH,CORPORATE_INVOICE,7,31576.59
12978,979,3,2025/04/26,3-NORMAL,WIRE_TRANSFER,4,15578.88
12979,980,4,2025-05-03,1-URGENT,WIRE_TRANSFER,6,26553.8
12980,981,5,2025-03-08,1-URGENT,CORPORATE_INVOICE,5,29060.71
12981,982,1,2025-02-23,1-URGENT,CORPORATE_INVOICE,3,6949.52
12982,983,2,2025-06-26,3-NORMAL,CREDIT_CARD,4,17918.24
12983,984,3,2025-02-06,4-LOW,CORPORATE_INVOICE,7,22492.33
12984,985,4,2025-01-20,4-LOW,CORPORATE_INVOICE,4,12746.1
12985,986,5,2025-03-01,1-URGENT,CREDIT_CARD,4,24302.39
12986,987,1,2025-06-25,2-HIGH,CREDIT_CARD,5,26915.07
12987,988,2,2025/03/12,2-HIGH,CREDIT_CARD,4,15614.85
12988,989,3,2025-04-28,3-NORMAL,CORPORATE_INVOICE,3,13578.07
12989,990,4,2025-04-30,2-HIGH,CORPORATE_INVOICE,7,33956.39
12990,991,5,2025-03-30,4-LOW,CORPORATE_INVOICE,3,7463.05
12991,992,1,2025/02/20,3-NORMAL,CREDIT_CARD,4,11533.7
12992,993,2,2025-04-19,4-LOW,WIRE_TRANSFER,4,16492.47
12993,994,3,2025-04-02,4-LOW,CORPORATE_INVOICE,3,16493.27
12994,995,4,2025-03-31,1-URGENT,WIRE_TRANSFER,5,21362.85
12995,996,5,2025-06-28,1-URGENT,CORPORATE_INVOICE,4,14461.07
12996,997,1,2025-06-05,3-NORMAL,CORPORATE_INVOICE,6,30538.63
12997,998,2,2025-02-27,1-URGENT,CORPORATE_INVOICE,6,23758.71
12998,999,3,2025-05-23,3-NORMAL,WIRE_TRANSFER,6,21962.65
12999,1000,4,2025-01-24,1-URGENT,CORPORATE_INVOICE,5,19656.15
13000,1,5,2025-03-29,3-NORMAL,WIRE_TRANSFER,5,16612.36
13001,2,1,2025-05-22,4-LOW,WIRE_TRANSFER,3,8754.93
13002,3,2,2025-06-01,4-LOW,WIRE_TRANSFER,5,30293.82
13003,4,3,2025-01-23,1-URGENT,WIRE_TRANSFER,4,17054.53
13004,5,4,2025-03-09,1-URGENT,CORPORATE_INVOICE,6,13976.43
13005,6,5,2025-05-04,2-HIGH,CORPORATE_INVOICE,3,10040.4
13006,7,1,2025-02-07,3-NORMAL,CREDIT_CARD,6,27054.33
13007,8,2,2025-05-11,4-LOW,WIRE_TRANSFER,4,14997.09
13008,9,3,2025-06-03,1-URGENT,CORPORATE_INVOICE,6,28061.13
13009,10,4,2025-01-24,3-NORMAL,WIRE_TRANSFER,6,12841.7
13010,11,5,2025-02-05,3-NORMAL,CREDIT_CARD,5,20062.2
13011,12,1,2025-03-26,3-NORMAL,WIRE_TRANSFER,5,41598.85
13012,13,2,2025-05-08,2-HIGH,CORPORATE_INVOICE,7,24724.35
13013,14,3,2025-02-02,1-URGENT,CORPORATE_INVOICE,7,32480.02
13014,15,4,2025-02-22,2-HIGH,WIRE_TRANSFER,3,8249.27
13015,16,5,2025-05-13,4-LOW,CORPORATE_INVOICE,3,11982.47
13016,17,1,2025/03/20,2-HIGH,CREDIT_CARD,3,2865.81
13017,18,2,2025-01-28,4-LOW,WIRE_TRANSFER,7,24618.52
13018,19,3,2025-05-06,3-NORMAL,CORPORATE_INVOICE,4,19457.69
13019,20,4,2025-05-03,1-URGENT,CORPORATE_INVOICE,6,28544.18
13020,21,5,2025-03-04,4-LOW,WIRE_TRANSFER,7,23846.01
13021,22,1,2025-04-09,4-LOW,CORPORATE_INVOICE,3,16754.96
13022,23,2,2025-05-25,4-LOW,CORPORATE_INVOICE,7,41078.21
13023,24,3,2025-02-27,3-NORMAL,WIRE_TRANSFER,7,39979.17
13024,25,4,2025-06-09,1-URGENT,CORPORATE_INVOICE,5,11828.3
13025,26,5,2025-04-28,1-URGENT,WIRE_TRANSFER,5,19953.15
13026,27,1,2025-02-24,1-URGENT,CORPORATE_INVOICE,4,30464.5
13027,28,2,2025-02-03,3-NORMAL,CREDIT_CARD,6,25819.58
13028,29,3,2025-05-06,3-NORMAL,CREDIT_CARD,4,34323.52
13029,30,4,2025-02-28,3-NORMAL,CORPORATE_INVOICE,5,20632.31
13030,31,5,2025-06-04,4-LOW,WIRE_TRANSFER,5,32728.94
13031,32,1,2025-01-07,1-URGENT,CORPORATE_INVOICE,4,12232.59
13032,33,2,2025-03-07,1-URGENT,CREDIT_CARD,6,27163.33
13033,34,3,2025-02-03,4-LOW,WIRE_TRANSFER,3,11207.92
13034,35,4,2025-01-02,2-HIGH,CORPORATE_INVOICE,3,2503.03
13035,36,5,2025-01-21,3-NORMAL,CORPORATE_INVOICE,7,42228.49
13036,37,1,2025-06-21,2-HIGH,WIRE_TRANSFER,3,13608.93
13037,38,2,2025-06-22,2-HIGH,CORPORATE_INVOICE,4,22251.38
13038,39,3,2025-06-27,3-NORMAL,WIRE_TRANSFER,6,17664.98
13039,40,4,2025-05-24,1-URGENT,CREDIT_CARD,6,20039.6
13040,41,5,2025-06-21,2-HIGH,CREDIT_CARD,7,25890.81
13041,42,1,2025-06-13,4-LOW,CORPORATE_INVOICE,5,13678.03
13042,43,2,2025-06-11,4-LOW,WIRE_TRANSFER,4,7995.18
13043,44,3,2025-02-07,2-HIGH,CORPORATE_INVOICE,6,25745.23
13044,45,4,2025-05-01,3-NORMAL,WIRE_TRANSFER,7,30310.59
13045,46,5,2025-05-04,4-LOW,CREDIT_CARD,3,8462.11
13046,47,1,2025-01-09,1-URGENT,CREDIT_CARD,6,17827.81
13047,48,2,2025-03-03,1-URGENT,CREDIT_CARD,4,27126.99
13048,49,3,2025-02-24,3-NORMAL,WIRE_TRANSFER,5,27897.79
13049,50,4,2025-05-12,2-HIGH,CREDIT_CARD,3,15238.1
13050,51,5,2025-05-16,2-HIGH,CORPORATE_INVOICE,4,10931.19
13051,52,1,2025/01/12,4-LOW,CREDIT_CARD,4,16603.04
13052,53,2,2025-03-25,2-HIGH,WIRE_TRANSFER,4,9980.98
13053,54,3,2025/01/09,4-LOW,WIRE_TRANSFER,5,12529.73
13054,55,4,2025-06-02,4-LOW,CORPORATE_INVOICE,6,25421.26
13055,56,5,2025-06-27,2-HIGH,WIRE_TRANSFER,6,22576.96
13056,57,1,2025-04-19,4-LOW,CREDIT_CARD,4,4671.67
13057,58,2,2025-06-02,4-LOW,CORPORATE_INVOICE,5,12258.53
13058,59,3,2025-04-09,2-HIGH,WIRE_TRANSFER,6,24668.85
13059,60,4,2025-06-15,2-HIGH,CORPORATE_INVOICE,4,17318.02
13060,61,5,2025-06-14,2-HIGH,WIRE_TRANSFER,6,33713.78
13061,62,1,2025/01/17,1-URGENT,WIRE_TRANSFER,6,16765.91
13062,63,2,2025-04-05,1-URGENT,WIRE_TRANSFER,4,12784.79
13063,64,3,2025-02-13,2-HIGH,CREDIT_CARD,7,22331.55
13064,65,4,2025-06-10,3-NORMAL,WIRE_TRANSFER,3,18409.07
13065,66,5,2025-01-07,4-LOW,CREDIT_CARD,6,19508.87
13066,67,1,2025-02-27,2-HIGH,CORPORATE_INVOICE,6,26501.54
13067,68,2,2025-04-22,2-HIGH,WIRE_TRANSFER,6,21898.33
13068,69,3,2025-02-08,1-URGENT,WIRE_TRANSFER,7,13031.83
13069,70,4,2025-06-15,1-URGENT,CREDIT_CARD,4,14858.09
13070,71,5,2025-02-20,4-LOW,CREDIT_CARD,4,12234.1
13071,72,1,2025-03-14,1-URGENT,WIRE_TRANSFER,4,9715.53
13072,73,2,2025-03-15,3-NORMAL,CREDIT_CARD,3,6913.7
13073,74,3,2025-05-25,4-LOW,CREDIT_CARD,6,11879.61
13074,75,4,2025-04-08,3-NORMAL,WIRE_TRANSFER,7,22855.57
13075,76,5,2025-06-28,1-URGENT,CREDIT_CARD,7,32626.13
13076,77,1,2025-04-04,4-LOW,WIRE_TRANSFER,7,15755.89
13077,78,2,2025-01-15,2-HIGH,CREDIT_CARD,3,18251.54
13078,79,3,2025-04-24,2-HIGH,WIRE_TRANSFER,5,16433.1
13079,80,4,2025-01-24,3-NORMAL,CREDIT_CARD,6,8547.44
13080,81,5,2025-06-18,4-LOW,CREDIT_CARD,5,12385.54
13081,82,1,2025/04/14,2-HIGH,WIRE_TRANSFER,4,23783.42
13082,83,2,2025-03-22,4-LOW,CORPORATE_INVOICE,3,15509.31
13083,84,3,2025/05/10,3-NORMAL,WIRE_TRANSFER,3,17638.79
13084,85,4,2025/04/15,2-HIGH,CORPORATE_INVOICE,7,30378.14
13085,86,5,2025-06-16,4-LOW,CORPORATE_INVOICE,3,7226.4
13086,87,1,2025-04-20,1-URGENT,CREDIT_CARD,7,45967.53
13087,88,2,2025-03-01,1-URGENT,CREDIT_CARD,6,21208.46
13088,89,3,2025-06-17,1-URGENT,CORPORATE_INVOICE,3,9411.55
13089,90,4,2025-04-19,1-URGENT,CREDIT_CARD,6,13711.44
13090,91,5,2025-04-16,2-HIGH,WIRE_TRANSFER,6,29040.77
13091,92,1,2025-05-02,4-LOW,WIRE_TRANSFER,5,12629.69
13092,93,2,2025-01-21,1-URGENT,CREDIT_CARD,5,21608.35
13093,94,3,2025-06-18,1-URGENT,WIRE_TRANSFER,6,30618.2
13094,95,4,2025-05-30,1-URGENT,CORPORATE_INVOICE,5,21113.23
13095,96,5,2025-01-21,4-LOW,WIRE_TRANSFER,4,21529.21
13096,97,1,2025-01-13,3-NORMAL,CREDIT_CARD,7,37466.04
13097,98,2,2025-01-07,3-NORMAL,CORPORATE_INVOICE,4,11792.24
13098,99,3,2025/06/20,3-NORMAL,CORPORATE_INVOICE,5,25105.61
13099,100,4,2025-02-09,1-URGENT,CORPORATE_INVOICE,6,21997.74
13100,101,5,2025/01/27,4-LOW,CREDIT_CARD,7,34529.33
13101,102,1,2025-01-24,4-LOW,WIRE_TRANSFER,4,23578.35
13102,103,2,2025-01-07,1-URGENT,WIRE_TRANSFER,6,31362.48
13103,104,3,2025-02-16,3-NORMAL,CREDIT_CARD,4,12703.8
13104,105,4,2025-03-11,4-LOW,CORPORATE_INVOICE,3,6883.28
13105,106,5,2025-01-13,4-LOW,CORPORATE_INVOICE,3,7894.68
13106,107,1,2025-03-27,1-URGENT,CORPORATE_INVOICE,5,31634.06
13107,108,2,2025-03-05,1-URGENT,CREDIT_CARD,7,13693.98
13108,109,3,2025-03-07,4-LOW,WIRE_TRANSFER,4,8392.09
13109,110,4,2025/05/06,2-HIGH,CORPORATE_INVOICE,6,31388.16
13110,111,5,2025-04-13,3-NORMAL,WIRE_TRANSFER,4,23283.84
13111,112,1,2025-02-22,4-LOW,CORPORATE_INVOICE,4,23843.89
13112,113,2,2025-04-29,2-HIGH,CREDIT_CARD,3,5078.4
13113,114,3,2025/05/28,2-HIGH,CREDIT_CARD,4,11110.74
13114,115,4,2025-05-08,2-HIGH,CORPORATE_INVOICE,7,22821.7
13115,116,5,2025-01-13,3-NORMAL,CREDIT_CARD,4,27187.69
13116,117,1,2025-04-08,4-LOW,CORPORATE_INVOICE,6,38438.85
13117,118,2,2025-01-21,2-HIGH,WIRE_TRANSFER,6,24975.95
13118,119,3,2025-05-01,3-NORMAL,WIRE_TRANSFER,6,18498.81
13119,120,4,2025/02/26,4-LOW,WIRE_TRANSFER,4,19369.29
13120,121,5,2025-02-10,3-NORMAL,WIRE_TRANSFER,5,23090.74
13121,122,1,2025-05-09,4-LOW,CORPORATE_INVOICE,7,39215.26
13122,123,2,2025-04-01,2-HIGH,WIRE_TRANSFER,3,10524.22
13123,124,3,2025-04-16,4-LOW,CORPORATE_INVOICE,3,5479.26
13124,125,4,2025-01-29,2-HIGH,CORPORATE_INVOICE,3,8249.26
13125,126,5,2025-06-25,2-HIGH,CORPORATE_INVOICE,6,20583.24
13126,127,1,2025-05-24,2-HIGH,CREDIT_CARD,6,26619.32
13127,128,2,2025-04-06,1-URGENT,WIRE_TRANSFER,5,21932.3
13128,129,3,2025-01-01,4-LOW,WIRE_TRANSFER,3,10141.83
13129,130,4,2025-03-22,1-URGENT,CREDIT_CARD,3,3855.98
13130,131,5,2025-03-20,3-NORMAL,CREDIT_CARD,6,32634.47
13131,132,1,2025-01-31,2-HIGH,CORPORATE_INVOICE,4,32597.42
13132,133,2,2025-01-03,2-HIGH,CORPORATE_INVOICE,3,18503.97
13133,134,3,2025-04-17,3-NORMAL,CREDIT_CARD,7,31721.27
13134,135,4,2025-06-30,1-URGENT,CORPORATE_INVOICE,6,20799.92
13135,136,5,2025-01-01,3-NORMAL,CREDIT_CARD,6,15497.4
13136,137,1,2025-04-27,3-NORMAL,WIRE_TRANSFER,5,19902.38
13137,138,2,2025-02-08,3-NORMAL,CREDIT_CARD,5,19543.07
13138,139,3,2025-05-07,2-HIGH,CREDIT_CARD,5,27522.99
13139,140,4,2025-03-14,1-URGENT,WIRE_TRANSFER,4,16340.82
13140,141,5,2025-01-18,3-NORMAL,CREDIT_CARD,4,17365.93
13141,142,1,2025-04-14,3-NORMAL,WIRE_TRANSFER,6,16697.96
13142,143,2,2025/05/15,1-URGENT,WIRE_TRANSFER,4,18036.62
13143,144,3,2025/03/19,3-NORMAL,CREDIT_CARD,7,23553.69
13144,145,4,2025/02/02,4-LOW,WIRE_TRANSFER,6,25751.8
13145,146,5,2025-06-08,2-HIGH,CORPORATE_INVOICE,5,24464.79
13146,147,1,2025-03-29,2-HIGH,CORPORATE_INVOICE,6,33278.77
13147,148,2,2025-04-04,2-HIGH,WIRE_TRANSFER,4,8092.74
13148,149,3,2025-06-24,1-URGENT,WIRE_TRANSFER,7,32953.41
13149,150,4,2025-05-23,4-LOW,CREDIT_CARD,7,20113.8
13150,151,5,2025-03-25,2-HIGH,CORPORATE_INVOICE,4,5838.56
13151,152,1,2025-03-03,1-URGENT,CREDIT_CARD,5,12870.54
13152,153,2,2025-01-13,1-URGENT,CREDIT_CARD,4,17666.53
13153,154,3,2025-04-28,1-URGENT,CREDIT_CARD,5,10940.82
13154,155,4,2025-01-30,4-LOW,CORPORATE_INVOICE,6,33686.0
13155,156,5,2025-01-05,3-NORMAL,WIRE_TRANSFER,5,23217.32
13156,157,1,2025-02-15,4-LOW,CORPORATE_INVOICE,4,15774.9
13157,158,2,2025-03-23,1-URGENT,WIRE_TRANSFER,7,19069.47
13158,159,3,2025/05/27,3-NORMAL,CREDIT_CARD,7,23872.24
13159,160,4,2025-01-05,4-LOW,WIRE_TRANSFER,7,24662.48
13160,161,5,2025-06-13,1-URGENT,WIRE_TRANSFER,4,20040.09
13161,162,1,2025-04-06,2-HIGH,WIRE_TRANSFER,5,3069.22
13162,163,2,2025/06/16,3-NORMAL,CREDIT_CARD,3,11825.74
13163,164,3,2025-05-18,2-HIGH,WIRE_TRANSFER,7,30003.18
13164,165,4,2025-01-27,2-HIGH,WIRE_TRANSFER,6,26998.09
13165,166,5,2025-01-03,2-HIGH,CORPORATE_INVOICE,3,6095.15
13166,167,1,2025-03-02,4-LOW,WIRE_TRANSFER,3,14160.39
13167,168,2,2025-06-26,1-URGENT,WIRE_TRANSFER,3,4392.66
13168,169,3,2025-03-01,2-HIGH,CREDIT_CARD,3,17666.52
13169,170,4,2025-01-19,4-LOW,WIRE_TRANSFER,6,15816.81
13170,171,5,2025-04-24,4-LOW,CREDIT_CARD,5,14773.12
13171,172,1,2025-06-01,2-HIGH,WIRE_TRANSFER,5,10671.5
13172,173,2,2025/01/15,3-NORMAL,CORPORATE_INVOICE,7,35363.64
13173,174,3,2025-01-30,4-LOW,WIRE_TRANSFER,3,7142.87
13174,175,4,2025-05-22,3-NORMAL,CORPORATE_INVOICE,4,8873.9
13175,176,5,2025/05/27,2-HIGH,CORPORATE_INVOICE,4,17225.36
13176,177,1,2025-05-25,2-HIGH,CREDIT_CARD,5,13810.39
13177,178,2,2025-03-07,1-URGENT,CREDIT_CARD,3,9513.29
13178,179,3,2025-02-17,1-URGENT,WIRE_TRANSFER,4,9947.72
13179,180,4,2025-01-23,3-NORMAL,CREDIT_CARD,7,14091.74
13180,181,5,2025-05-26,3-NORMAL,WIRE_TRANSFER,7,13498.82
13181,182,1,2025/05/04,3-NORMAL,CREDIT_CARD,5,20649.29
13182,183,2,2025-03-31,1-URGENT,WIRE_TRANSFER,5,13335.07
13183,184,3,2025-02-09,4-LOW,CREDIT_CARD,6,23644.23
13184,185,4,2025-02-12,2-HIGH,CORPORATE_INVOICE,6,30684.1
13185,186,5,2025-03-20,3-NORMAL,CORPORATE_INVOICE,4,21800.79
13186,187,1,2025-02-16,1-URGENT,WIRE_TRANSFER,5,8474.38
13187,188,2,2025-03-03,3-NORMAL,CORPORATE_INVOICE,6,20963.46
13188,189,3,2025-03-10,3-NORMAL,WIRE_TRANSFER,6,14320.49
13189,190,4,2025-01-08,3-NORMAL,WIRE_TRANSFER,3,14125.39
13190,191,5,2025-06-17,4-LOW,CORPORATE_INVOICE,3,12353.83
13191,192,1,2025-06-05,4-LOW,CORPORATE_INVOICE,6,18777.78
13192,193,2,2025-02-07,3-NORMAL,CORPORATE_INVOICE,5,20723.64
13193,194,3,2025-05-25,4-LOW,CREDIT_CARD,4,20598.68
13194,195,4,2025-01-13,4-LOW,CORPORATE_INVOICE,5,22747.38
13195,196,5,2025-02-01,2-HIGH,WIRE_TRANSFER,6,20941.93
13196,197,1,2025-05-13,1-URGENT,CREDIT_CARD,7,30335.88
13197,198,2,2025-02-07,4-LOW,CREDIT_CARD,7,33172.17
13198,199,3,2025-03-02,2-HIGH,CORPORATE_INVOICE,5,17462.61
13199,200,4,2025-04-02,3-NORMAL,CORPORATE_INVOICE,3,11634.31
13200,201,5,2025/02/25,2-HIGH,CORPORATE_INVOICE,6,28982.03
13201,202,1,2025-04-03,2-HIGH,CREDIT_CARD,4,12693.7
13202,203,2,2025-02-21,3-NORMAL,WIRE_TRANSFER,5,19872.46
13203,204,3,2025-01-03,1-URGENT,WIRE_TRANSFER,7,24535.26
13204,205,4,2025-02-09,3-NORMAL,CORPORATE_INVOICE,3,7369.17
13205,206,5,2025-04-22,2-HIGH,WIRE_TRANSFER,4,21418.88
13206,207,1,2025-04-30,4-LOW,WIRE_TRANSFER,4,11425.16
13207,208,2,2025-04-05,4-LOW,WIRE_TRANSFER,3,9603.35
13208,209,3,2025-06-15,3-NORMAL,WIRE_TRANSFER,5,28577.34
13209,210,4,2025-01-28,2-HIGH,CORPORATE_INVOICE,6,18768.37
13210,211,5,2025-04-17,1-URGENT,CREDIT_CARD,6,18817.11
13211,212,1,2025-05-02,4-LOW,CORPORATE_INVOICE,3,13707.43
13212,213,2,2025-06-14,2-HIGH,CORPORATE_INVOICE,6,37128.46
13213,214,3,2025-01-09,4-LOW,CREDIT_CARD,7,35275.15
13214,215,4,2025-06-22,3-NORMAL,CREDIT_CARD,7,26777.44
13215,216,5,2025-06-29,4-LOW,CORPORATE_INVOICE,5,34699.15
13216,217,1,2025-02-11,2-HIGH,WIRE_TRANSFER,5,26926.72
13217,218,2,2025-05-05,2-HIGH,CREDIT_CARD,7,27813.39
13218,219,3,2025-01-21,1-URGENT,CORPORATE_INVOICE,5,35933.39
13219,220,4,2025-05-12,4-LOW,CREDIT_CARD,5,21584.44
13220,221,5,2025-02-21,2-HIGH,CREDIT_CARD,6,36127.47
13221,222,1,2025-06-09,2-HIGH,WIRE_TRANSFER,5,12772.42
13222,223,2,2025/04/11,1-URGENT,CREDIT_CARD,5,19982.03
13223,224,3,2025-05-30,1-URGENT,CREDIT_CARD,3,10768.86
13224,225,4,2025/02/11,1-URGENT,CREDIT_CARD,7,31512.91
13225,226,5,2025-06-23,1-URGENT,CREDIT_CARD,3,2005.64
13226,227,1,2025-04-19,3-NORMAL,CREDIT_CARD,3,11146.93
13227,228,2,2025-04-28,3-NORMAL,WIRE_TRANSFER,6,37443.84
13228,229,3,2025-01-02,1-URGENT,CREDIT_CARD,7,23092.43
13229,230,4,2025-02-07,4-LOW,WIRE_TRANSFER,7,19714.51
13230,231,5,2025-03-28,2-HIGH,CORPORATE_INVOICE,7,35844.05
13231,232,1,2025-06-17,1-URGENT,WIRE_TRANSFER,3,18300.15
13232,233,2,2025-06-14,3-NORMAL,WIRE_TRANSFER,7,26316.18
13233,234,3,2025-04-11,2-HIGH,WIRE_TRANSFER,3,13372.94
13234,235,4,2025-03-30,3-NORMAL,CORPORATE_INVOICE,6,35427.6
13235,236,5,2025-04-25,2-HIGH,CREDIT_CARD,5,28585.46
13236,237,1,2025-06-15,2-HIGH,CORPORATE_INVOICE,7,39686.43
13237,238,2,2025-04-30,3-NORMAL,CREDIT_CARD,3,24075.22
13238,239,3,2025-03-01,2-HIGH,CORPORATE_INVOICE,3,23891.1
13239,240,4,2025/05/22,2-HIGH,WIRE_TRANSFER,5,22051.39
13240,241,5,2025-03-15,4-LOW,WIRE_TRANSFER,7,23242.15
13241,242,1,2025-03-07,4-LOW,CREDIT_CARD,5,12027.86
13242,243,2,2025-04-16,1-URGENT,WIRE_TRANSFER,7,37373.16
13243,244,3,2025-05-15,4-LOW,WIRE_TRANSFER,6,38171.63
13244,245,4,2025-04-18,4-LOW,WIRE_TRANSFER,6,32194.79
13245,246,5,2025-02-10,2-HIGH,CREDIT_CARD,7,16815.3
13246,247,1,2025-02-05,1-URGENT,WIRE_TRANSFER,7,18420.26
13247,248,2,2025-05-07,3-NORMAL,CORPORATE_INVOICE,4,20097.09
13248,249,3,2025-03-20,3-NORMAL,CREDIT_CARD,4,13628.68
13249,250,4,2025-05-05,4-LOW,WIRE_TRANSFER,3,10615.45
13250,251,5,2025-06-17,2-HIGH,WIRE_TRANSFER,5,26293.33
13251,252,1,2025-06-25,4-LOW,CORPORATE_INVOICE,6,6964.84
13252,253,2,2025-04-02,1-URGENT,CORPORATE_INVOICE,3,7246.54
13253,254,3,2025-01-12,2-HIGH,WIRE_TRANSFER,6,25884.39
13254,255,4,2025-06-05,3-NORMAL,WIRE_TRANSFER,4,19318.65
13255,256,5,2025-03-30,2-HIGH,CREDIT_CARD,4,5684.17
13256,257,1,2025-05-18,4-LOW,CREDIT_CARD,7,14089.45
13257,258,2,2025/02/08,2-HIGH,WIRE_TRANSFER,5,22588.25
13258,259,3,2025-02-07,4-LOW,WIRE_TRANSFER,7,39635.14
13259,260,4,2025-05-02,3-NORMAL,WIRE_TRANSFER,3,4765.43
13260,261,5,2025-05-07,2-HIGH,CREDIT_CARD,3,13628.57
13261,262,1,2025-01-09,1-URGENT,CREDIT_CARD,5,24851.27
13262,263,2,2025-06-28,3-NORMAL,WIRE_TRANSFER,7,52122.12
13263,264,3,2025/04/01,1-URGENT,WIRE_TRANSFER,6,9093.45
13264,265,4,2025-02-09,2-HIGH,WIRE_TRANSFER,6,16467.77
13265,266,5,2025/02/10,1-URGENT,WIRE_TRANSFER,6,25779.79
13266,267,1,2025-03-13,2-HIGH,WIRE_TRANSFER,4,5301.45
13267,268,2,2025-03-20,4-LOW,CREDIT_CARD,6,12030.15
13268,269,3,2025-06-17,2-HIGH,CREDIT_CARD,4,28906.05
13269,270,4,2025/02/25,3-NORMAL,CREDIT_CARD,4,22263.09
13270,271,5,2025-06-01,3-NORMAL,WIRE_TRANSFER,6,43771.63
13271,272,1,2025-03-16,1-URGENT,WIRE_TRANSFER,4,17347.06
13272,273,2,2025-06-18,1-URGENT,CORPORATE_INVOICE,7,29909.24
13273,274,3,2025-05-05,2-HIGH,WIRE_TRANSFER,3,8222.16
13274,275,4,2025-04-06,3-NORMAL,CREDIT_CARD,7,32132.88
13275,276,5,2025/01/13,4-LOW,CORPORATE_INVOICE,3,16176.63
13276,277,1,2025-02-12,3-NORMAL,CORPORATE_INVOICE,7,19747.24
13277,278,2,2025-02-25,3-NORMAL,WIRE_TRANSFER,5,19417.53
13278,279,3,2025-02-06,3-NORMAL,CREDIT_CARD,5,11412.45
13279,280,4,2025-03-28,1-URGENT,CREDIT_CARD,4,4548.77
13280,281,5,2025-06-13,4-LOW,CORPORATE_INVOICE,7,22690.94
13281,282,1,2025-05-29,2-HIGH,CORPORATE_INVOICE,5,31716.42
13282,283,2,2025/02/27,1-URGENT,CORPORATE_INVOICE,5,22103.85
13283,284,3,2025-02-27,3-NORMAL,WIRE_TRANSFER,5,9287.51
13284,285,4,2025-02-16,4-LOW,CREDIT_CARD,4,8969.79
13285,286,5,2025-01-01,2-HIGH,CREDIT_CARD,6,16474.99
13286,287,1,2025-04-19,3-NORMAL,CREDIT_CARD,5,21549.04
13287,288,2,2025-05-18,4-LOW,CORPORATE_INVOICE,4,16301.84
13288,289,3,2025-06-10,1-URGENT,WIRE_TRANSFER,7,22813.23
13289,290,4,2025-06-03,3-NORMAL,CREDIT_CARD,4,24255.63
13290,291,5,2025/02/04,4-LOW,CREDIT_CARD,6,19139.56
13291,292,1,2025-01-05,4-LOW,CORPORATE_INVOICE,5,13216.19
13292,293,2,2025-02-11,2-HIGH,WIRE_TRANSFER,4,12684.57
13293,294,3,2025-04-12,1-URGENT,CORPORATE_INVOICE,7,32736.02
13294,295,4,2025/01/20,2-HIGH,WIRE_TRANSFER,3,17548.21
13295,296,5,2025-01-04,4-LOW,WIRE_TRANSFER,7,20375.36
13296,297,1,2025-04-18,3-NORMAL,CORPORATE_INVOICE,3,8149.0
13297,298,2,2025-03-10,4-LOW,CORPORATE_INVOICE,5,17642.97
13298,299,3,2025-04-25,2-HIGH,WIRE_TRANSFER,6,37901.78
13299,300,4,2025/06/09,4-LOW,WIRE_TRANSFER,6,22952.19
13300,301,5,2025-05-02,4-LOW,WIRE_TRANSFER,4,17759.78
13301,302,1,2025-05-10,1-URGENT,CORPORATE_INVOICE,3,22317.01
13302,303,2,2025-02-20,3-NORMAL,WIRE_TRANSFER,3,18543.68
13303,304,3,2025-03-13,3-NORMAL,WIRE_TRANSFER,5,20660.66
13304,305,4,2025-03-28,1-URGENT,CORPORATE_INVOICE,3,15470.19
13305,306,5,2025/04/30,1-URGENT,CREDIT_CARD,4,24356.25
13306,307,1,2025-03-16,2-HIGH,CREDIT_CARD,5,10135.73
13307,308,2,2025-03-19,1-URGENT,WIRE_TRANSFER,7,27429.56
13308,309,3,2025-05-14,1-URGENT,CREDIT_CARD,6,16056.44
13309,310,4,2025-03-03,4-LOW,CORPORATE_INVOICE,5,19935.03
13310,311,5,2025-04-15,3-NORMAL,CORPORATE_INVOICE,6,28050.61
13311,312,1,2025-03-05,1-URGENT,WIRE_TRANSFER,7,20692.0
13312,313,2,2025/02/10,4-LOW,CORPORATE_INVOICE,3,22460.49
13313,314,3,2025-02-20,2-HIGH,CREDIT_CARD,6,26892.48
13314,315,4,2025-06-25,4-LOW,WIRE_TRANSFER,4,20201.58
13315,316,5,2025-01-20,3-NORMAL,CORPORATE_INVOICE,6,14838.42
13316,317,1,2025-02-20,3-NORMAL,WIRE_TRANSFER,3,14192.53
13317,318,2,2025-06-16,2-HIGH,CREDIT_CARD,6,26265.11
13318,319,3,2025-04-15,2-HIGH,CORPORATE_INVOICE,7,27737.64
13319,320,4,2025-03-26,3-NORMAL,CORPORATE_INVOICE,3,26257.74
13320,321,5,2025-05-22,2-HIGH,CREDIT_CARD,7,36898.02
13321,322,1,2025/05/27,4-LOW,WIRE_TRANSFER,4,19050.43
13322,323,2,2025-05-26,1-URGENT,CREDIT_CARD,6,26721.99
13323,324,3,2025-03-23,3-NORMAL,CREDIT_CARD,3,12976.74
13324,325,4,2025-06-28,1-URGENT,CORPORATE_INVOICE,5,10569.64
13325,326,5,2025-02-27,1-URGENT,CORPORATE_INVOICE,5,27188.99
13326,327,1,2025-02-12,1-URGENT,CREDIT_CARD,6,19424.67
13327,328,2,2025-01-02,2-HIGH,CORPORATE_INVOICE,5,18572.67
13328,329,3,2025-05-25,3-NORMAL,CREDIT_CARD,7,50964.23
13329,330,4,2025-01-29,2-HIGH,CORPORATE_INVOICE,7,34748.56
13330,331,5,2025-05-17,2-HIGH,CREDIT_CARD,6,37966.03
13331,332,1,2025/03/05,4-LOW,CORPORATE_INVOICE,3,11086.1
13332,333,2,2025-03-16,3-NORMAL,WIRE_TRANSFER,5,18433.01
13333,334,3,2025-01-19,4-LOW,WIRE_TRANSFER,5,33699.16
13334,335,4,2025-01-02,1-URGENT,CREDIT_CARD,3,18208.94
13335,336,5,2025/03/31,3-NORMAL,CREDIT_CARD,5,10350.89
13336,337,1,2025-02-11,2-HIGH,WIRE_TRANSFER,7,35232.75
13337,338,2,2025-03-15,3-NORMAL,CORPORATE_INVOICE,6,29017.31
13338,339,3,2025-01-03,1-URGENT,WIRE_TRANSFER,4,12175.54
13339,340,4,2025-04-09,1-URGENT,CORPORATE_INVOICE,6,19418.05
13340,341,5,2025-05-15,4-LOW,CREDIT_CARD,7,46141.4
13341,342,1,2025-03-21,1-URGENT,CREDIT_CARD,4,28524.07
13342,343,2,2025-05-19,3-NORMAL,WIRE_TRANSFER,4,9650.93
13343,344,3,2025-06-09,2-HIGH,CORPORATE_INVOICE,3,17469.33
13344,345,4,2025-05-16,3-NORMAL,CREDIT_CARD,7,24771.41
13345,346,5,2025-01-24,1-URGENT,CORPORATE_INVOICE,4,13163.91
13346,347,1,2025-06-20,4-LOW,CREDIT_CARD,4,17579.9
13347,348,2,2025/01/07,4-LOW,CORPORATE_INVOICE,4,20861.96
13348,349,3,2025-06-16,4-LOW,WIRE_TRANSFER,6,35427.28
13349,350,4,2025-06-27,2-HIGH,CREDIT_CARD,6,32903.02
13350,351,5,2025/01/16,1-URGENT,CORPORATE_INVOICE,5,25725.04
13351,352,1,2025-02-20,3-NORMAL,CORPORATE_INVOICE,5,25973.24
13352,353,2,2025-02-05,4-LOW,CORPORATE_INVOICE,5,36111.58
13353,354,3,2025-02-09,1-URGENT,CREDIT_CARD,5,21555.04
13354,355,4,2025-06-11,4-LOW,CREDIT_CARD,5,13211.66
13355,356,5,2025-01-20,3-NORMAL,WIRE_TRANSFER,7,25411.62
13356,357,1,2025-04-27,1-URGENT,WIRE_TRANSFER,7,24855.87
13357,358,2,2025-01-31,2-HIGH,CORPORATE_INVOICE,7,22693.8
13358,359,3,2025-06-18,3-NORMAL,CORPORATE_INVOICE,3,19725.77
13359,360,4,2025-04-06,1-URGENT,CREDIT_CARD,3,10976.36
13360,361,5,2025-05-06,4-LOW,CREDIT_CARD,7,16868.7
13361,362,1,2025-03-01,4-LOW,WIRE_TRANSFER,6,25408.4
13362,363,2,2025-06-13,2-HIGH,CREDIT_CARD,6,30065.78
13363,364,3,2025-05-14,1-URGENT,CREDIT_CARD,6,21980.62
13364,365,4,2025-03-11,1-URGENT,CORPORATE_INVOICE,5,18192.76
13365,366,5,2025-05-04,1-URGENT,CREDIT_CARD,6,27306.94
13366,367,1,2025/04/14,4-LOW,WIRE_TRANSFER,5,37582.06
13367,368,2,2025-02-13,3-NORMAL,CREDIT_CARD,4,15587.73
13368,369,3,2025-05-15,4-LOW,CREDIT_CARD,7,30169.38
13369,370,4,2025-06-09,1-URGENT,CREDIT_CARD,4,21215.9
13370,371,5,2025-02-28,3-NORMAL,CORPORATE_INVOICE,5,18211.5
13371,372,1,2025-05-09,2-HIGH,CORPORATE_INVOICE,6,15287.44
13372,373,2,2025-02-25,2-HIGH,CREDIT_CARD,5,19405.16
13373,374,3,2025-05-20,2-HIGH,CREDIT_CARD,7,23091.26
13374,375,4,2025-01-18,2-HIGH,CORPORATE_INVOICE,6,23105.66
13375,376,5,2025-01-19,2-HIGH,WIRE_TRANSFER,5,18083.96
13376,377,1,2025-01-28,3-NORMAL,CREDIT_CARD,3,4120.87
13377,378,2,2025-06-21,2-HIGH,CORPORATE_INVOICE,3,27229.47
13378,379,3,2025-05-18,3-NORMAL,CREDIT_CARD,5,26233.62
13379,380,4,2025/01/18,1-URGENT,WIRE_TRANSFER,7,38854.95
13380,381,5,2025-01-14,2-HIGH,WIRE_TRANSFER,5,18923.6
13381,382,1,2025-06-07,4-LOW,CORPORATE_INVOICE,6,15390.09
13382,383,2,2025-01-05,3-NORMAL,WIRE_TRANSFER,5,40011.45
13383,384,3,2025-06-14,2-HIGH,CORPORATE_INVOICE,6,20783.96
13384,385,4,2025-05-17,2-HIGH,CORPORATE_INVOICE,4,9792.53
13385,386,5,2025-04-13,1-URGENT,CORPORATE_INVOICE,7,26053.84
13386,387,1,2025/06/20,1-URGENT,CREDIT_CARD,4,14774.21
13387,388,2,2025-05-27,1-URGENT,WIRE_TRANSFER,3,12188.08
13388,389,3,2025-04-08,4-LOW,CREDIT_CARD,3,6221.02
13389,390,4,2025-05-22,4-LOW,CORPORATE_INVOICE,5,26878.03
13390,391,5,2025/04/24,3-NORMAL,CORPORATE_INVOICE,6,18829.14
13391,392,1,2025-04-10,2-HIGH,WIRE_TRANSFER,6,28419.17
13392,393,2,2025-05-23,3-NORMAL,CREDIT_CARD,6,28547.97
13393,394,3,2025/04/01,2-HIGH,WIRE_TRANSFER,7,15195.42
13394,395,4,2025-01-12,1-URGENT,WIRE_TRANSFER,3,12372.03
13395,396,5,2025-05-09,4-LOW,WIRE_TRANSFER,3,12763.07
13396,397,1,2025-01-20,2-HIGH,CORPORATE_INVOICE,7,40755.64
13397,398,2,2025/03/12,4-LOW,WIRE_TRANSFER,5,16349.09
13398,399,3,2025-01-16,2-HIGH,CREDIT_CARD,5,13051.59
13399,400,4,2025-02-28,4-LOW,CORPORATE_INVOICE,7,36185.99
13400,401,5,2025-03-21,3-NORMAL,WIRE_TRANSFER,4,8715.8
13401,402,1,2025-03-12,3-NORMAL,WIRE_TRANSFER,5,21510.81
13402,403,2,2025-06-24,1-URGENT,WIRE_TRANSFER,3,5025.14
13403,404,3,2025-04-01,4-LOW,CORPORATE_INVOICE,6,20144.79
13404,405,4,2025-01-09,3-NORMAL,CREDIT_CARD,6,26826.61
13405,406,5,2025-02-15,1-URGENT,WIRE_TRANSFER,5,12389.52
13406,407,1,2025-04-27,1-URGENT,CORPORATE_INVOICE,5,23638.55
13407,408,2,2025-03-08,3-NORMAL,CORPORATE_INVOICE,7,25565.19
13408,409,3,2025/05/24,2-HIGH,WIRE_TRANSFER,6,20383.35
13409,410,4,2025-05-18,3-NORMAL,CORPORATE_INVOICE,4,19043.14
13410,411,5,2025-05-15,2-HIGH,CORPORATE_INVOICE,4,43044.16
13411,412,1,2025/06/10,3-NORMAL,CORPORATE_INVOICE,6,18208.58
13412,413,2,2025-05-15,3-NORMAL,CORPORATE_INVOICE,3,11057.28
13413,414,3,2025-03-31,4-LOW,CREDIT_CARD,7,39954.62
13414,415,4,2025-02-10,4-LOW,CORPORATE_INVOICE,4,29553.01
13415,416,5,2025-05-23,2-HIGH,CREDIT_CARD,6,34162.77
13416,417,1,2025-05-08,2-HIGH,CREDIT_CARD,6,20808.06
13417,418,2,2025-04-04,3-NORMAL,WIRE_TRANSFER,3,5392.6
13418,419,3,2025-02-08,1-URGENT,CREDIT_CARD,6,18409.5
13419,420,4,2025-02-24,2-HIGH,CORPORATE_INVOICE,6,20595.78
13420,421,5,2025-06-22,3-NORMAL,CREDIT_CARD,7,26774.65
13421,422,1,2025-04-20,4-LOW,WIRE_TRANSFER,5,9530.96
13422,423,2,2025-03-02,4-LOW,WIRE_TRANSFER,6,23514.51
13423,424,3,2025-01-12,4-LOW,CORPORATE_INVOICE,4,15996.32
13424,425,4,2025-01-19,3-NORMAL,CORPORATE_INVOICE,3,9708.61
13425,426,5,2025-03-11,3-NORMAL,CORPORATE_INVOICE,3,21582.2
13426,427,1,2025-06-22,3-NORMAL,WIRE_TRANSFER,3,11673.02
13427,428,2,2025-05-07,2-HIGH,CORPORATE_INVOICE,3,12261.21
13428,429,3,2025-05-11,4-LOW,WIRE_TRANSFER,6,32482.26
13429,430,4,2025-03-08,4-LOW,CORPORATE_INVOICE,6,21400.57
13430,431,5,2025/02/22,4-LOW,CREDIT_CARD,3,14445.47
13431,432,1,2025-03-20,1-URGENT,CREDIT_CARD,4,27344.11
13432,433,2,2025-06-06,4-LOW,CORPORATE_INVOICE,4,5627.87
13433,434,3,2025-05-15,1-URGENT,CORPORATE_INVOICE,7,23050.0
13434,435,4,2025-04-21,1-URGENT,CORPORATE_INVOICE,4,13063.49
13435,436,5,2025-01-13,2-HIGH,CORPORATE_INVOICE,4,3904.83
13436,437,1,2025-04-25,4-LOW,WIRE_TRANSFER,4,10888.17
13437,438,2,2025-01-01,3-NORMAL,WIRE_TRANSFER,7,17202.26
13438,439,3,2025-03-04,4-LOW,CREDIT_CARD,3,10291.88
13439,440,4,2025-03-30,4-LOW,CORPORATE_INVOICE,6,38967.42
13440,441,5,2025-05-21,4-LOW,CREDIT_CARD,4,16610.02
13441,442,1,2025-04-29,2-HIGH,CORPORATE_INVOICE,4,14912.48
13442,443,2,2025-02-20,3-NORMAL,WIRE_TRANSFER,4,15180.9
13443,444,3,2025-06-24,3-NORMAL,WIRE_TRANSFER,7,26932.03
13444,445,4,2025-05-19,2-HIGH,CORPORATE_INVOICE,4,29823.8
13445,446,5,2025-05-09,1-URGENT,CREDIT_CARD,6,37161.83
13446,447,1,2025-04-11,4-LOW,CREDIT_CARD,3,7777.98
13447,448,2,2025-03-02,1-URGENT,CORPORATE_INVOICE,6,20386.37
13448,449,3,2025-03-23,3-NORMAL,CORPORATE_INVOICE,3,9186.12
13449,450,4,2025-06-04,4-LOW,WIRE_TRANSFER,4,24649.32
13450,451,5,2025-03-01,2-HIGH,CORPORATE_INVOICE,5,14939.64
13451,452,1,2025-03-08,2-HIGH,CORPORATE_INVOICE,3,10890.76
13452,453,2,2025-06-22,2-HIGH,CORPORATE_INVOICE,6,10569.92
13453,454,3,2025/02/19,3-NORMAL,WIRE_TRANSFER,7,31911.07
13454,455,4,2025-04-10,3-NORMAL,CORPORATE_INVOICE,4,18471.6
13455,456,5,2025-06-27,4-LOW,CORPORATE_INVOICE,5,18287.44
13456,457,1,2025-01-16,1-URGENT,CORPORATE_INVOICE,7,26724.86
13457,458,2,2025-02-17,3-NORMAL,WIRE_TRANSFER,7,37524.65
13458,459,3,2025-01-26,1-URGENT,CREDIT_CARD,5,18794.75
13459,460,4,2025-01-29,1-URGENT,CORPORATE_INVOICE,6,10146.6
13460,461,5,2025-06-15,4-LOW,CORPORATE_INVOICE,6,16168.21
13461,462,1,2025/03/26,2-HIGH,CREDIT_CARD,6,33870.14
13462,463,2,2025-04-06,1-URGENT,CORPORATE_INVOICE,3,11100.27
13463,464,3,2025-05-15,3-NORMAL,WIRE_TRANSFER,4,23560.76
13464,465,4,2025-02-15,2-HIGH,CREDIT_CARD,3,2701.7
13465,466,5,2025-01-01,4-LOW,CREDIT_CARD,3,8251.5
13466,467,1,2025-03-21,2-HIGH,CREDIT_CARD,3,7162.46
13467,468,2,2025-04-06,1-URGENT,WIRE_TRANSFER,6,24541.17
13468,469,3,2025-04-15,4-LOW,CORPORATE_INVOICE,4,12799.85
13469,470,4,2025-06-28,1-URGENT,CORPORATE_INVOICE,3,13109.95
13470,471,5,2025-05-06,1-URGENT,CORPORATE_INVOICE,5,32201.47
13471,472,1,2025/03/06,2-HIGH,CREDIT_CARD,5,34882.27
13472,473,2,2025/05/16,2-HIGH,CORPORATE_INVOICE,7,31677.07
13473,474,3,2025-02-22,2-HIGH,WIRE_TRANSFER,6,10051.3
13474,475,4,2025-05-15,1-URGENT,CORPORATE_INVOICE,4,13230.8
13475,476,5,2025/06/20,2-HIGH,CORPORATE_INVOICE,7,30010.1
13476,477,1,2025-04-14,2-HIGH,WIRE_TRANSFER,5,20450.5
13477,478,2,2025-06-12,4-LOW,CREDIT_CARD,3,4436.13
13478,479,3,2025-06-12,2-HIGH,CREDIT_CARD,3,14906.97
13479,480,4,2025/05/21,2-HIGH,CREDIT_CARD,5,19164.09
13480,481,5,2025-05-02,1-URGENT,CREDIT_CARD,5,26761.92
13481,482,1,2025-06-09,3-NORMAL,CORPORATE_INVOICE,3,12983.56
13482,483,2,2025-05-20,3-NORMAL,CREDIT_CARD,4,15207.61
13483,484,3,2025-04-04,1-URGENT,WIRE_TRANSFER,4,23510.83
13484,485,4,2025-04-17,4-LOW,CREDIT_CARD,5,36433.54
13485,486,5,2025-06-25,1-URGENT,CORPORATE_INVOICE,7,38026.84
13486,487,1,2025-01-17,4-LOW,CREDIT_CARD,5,28899.5
13487,488,2,2025-06-08,4-LOW,CORPORATE_INVOICE,7,21935.32
13488,489,3,2025-03-29,1-URGENT,CORPORATE_INVOICE,6,13444.12
13489,490,4,2025/05/28,4-LOW,WIRE_TRANSFER,3,15494.92
13490,491,5,2025-02-21,2-HIGH,CREDIT_CARD,6,24343.53
13491,492,1,2025-03-30,1-URGENT,WIRE_TRANSFER,6,31239.56
13492,493,2,2025-02-17,2-HIGH,CORPORATE_INVOICE,4,10451.95
13493,494,3,2025-06-29,2-HIGH,CREDIT_CARD,5,20873.62
13494,495,4,2025-05-06,1-URGENT,CREDIT_CARD,7,17276.74
13495,496,5,2025-04-16,4-LOW,CORPORATE_INVOICE,7,26137.38
13496,497,1,2025-01-03,3-NORMAL,CREDIT_CARD,4,18985.49
13497,498,2,2025-04-29,3-NORMAL,WIRE_TRANSFER,3,5602.18
13498,499,3,2025-02-10,1-URGENT,WIRE_TRANSFER,4,8472.64
13499,500,4,2025-03-30,4-LOW,CREDIT_CARD,4,12969.81
13500,501,5,2025-02-16,4-LOW,CORPORATE_INVOICE,3,11409.95
13501,502,1,2025-04-09,4-LOW,CORPORATE_INVOICE,7,21546.05
13502,503,2,2025-05-26,4-LOW,CORPORATE_INVOICE,4,25129.17
13503,504,3,2025-04-27,1-URGENT,CREDIT_CARD,7,43348.59
13504,505,4,2025-06-17,3-NORMAL,CREDIT_CARD,3,13787.7
13505,506,5,2025-02-13,3-NORMAL,CORPORATE_INVOICE,7,45239.26
13506,507,1,2025-05-10,1-URGENT,CREDIT_CARD,6,25270.14
13507,508,2,2025-05-19,4-LOW,CORPORATE_INVOICE,7,32589.52
13508,509,3,2025/02/07,2-HIGH,WIRE_TRANSFER,7,20101.11
13509,510,4,2025-02-02,2-HIGH,CREDIT_CARD,4,13038.79
13510,511,5,2025-06-20,3-NORMAL,CREDIT_CARD,7,33499.06
13511,512,1,2025-02-13,4-LOW,WIRE_TRANSFER,4,27532.7
13512,513,2,2025-05-09,4-LOW,WIRE_TRANSFER,5,20146.33
13513,514,3,2025-02-19,3-NORMAL,CREDIT_CARD,7,25384.56
13514,515,4,2025-06-03,1-URGENT,WIRE_TRANSFER,3,19987.7
13515,516,5,2025-05-18,3-NORMAL,CORPORATE_INVOICE,7,28520.55
13516,517,1,2025-02-19,1-URGENT,WIRE_TRANSFER,6,13395.0
13517,518,2,2025-02-10,3-NORMAL,CORPORATE_INVOICE,5,17458.04
13518,519,3,2025-05-03,3-NORMAL,CREDIT_CARD,6,27160.56
13519,520,4,2025-01-22,3-NORMAL,CORPORATE_INVOICE,4,15229.49
13520,521,5,2025/04/28,2-HIGH,CORPORATE_INVOICE,3,7044.9
13521,522,1,2025-06-05,1-URGENT,WIRE_TRANSFER,4,19559.39
13522,523,2,2025-03-14,4-LOW,CREDIT_CARD,7,18474.01
13523,524,3,2025-01-29,1-URGENT,CREDIT_CARD,7,34599.79
13524,525,4,2025/03/09,2-HIGH,CORPORATE_INVOICE,7,22550.36
13525,526,5,2025-03-05,3-NORMAL,WIRE_TRANSFER,5,15251.78
13526,527,1,2025-04-24,1-URGENT,WIRE_TRANSFER,3,7717.26
13527,528,2,2025-05-16,3-NORMAL,CREDIT_CARD,4,12293.83
13528,529,3,2025-05-13,2-HIGH,CORPORATE_INVOICE,7,31918.24
13529,530,4,2025-04-01,3-NORMAL,CORPORATE_INVOICE,5,12144.8
13530,531,5,2025-05-21,3-NORMAL,WIRE_TRANSFER,7,36104.87
13531,532,1,2025-05-06,2-HIGH,CORPORATE_INVOICE,5,27616.19
13532,533,2,2025-05-21,2-HIGH,CREDIT_CARD,6,17341.32
13533,534,3,2025-01-16,1-URGENT,CREDIT_CARD,4,13672.27
13534,535,4,2025-06-19,1-URGENT,CREDIT_CARD,4,7970.59
13535,536,5,2025-02-12,3-NORMAL,CREDIT_CARD,3,22377.65
13536,537,1,2025-06-28,3-NORMAL,CORPORATE_INVOICE,5,30206.61
13537,538,2,2025/03/07,3-NORMAL,CREDIT_CARD,6,21589.75
13538,539,3,2025-02-01,4-LOW,WIRE_TRANSFER,3,8546.31
13539,540,4,2025-05-19,3-NORMAL,CORPORATE_INVOICE,6,31497.6
13540,541,5,2025-03-10,2-HIGH,CREDIT_CARD,6,18761.97
13541,542,1,2025-01-27,4-LOW,CORPORATE_INVOICE,5,13152.36
13542,543,2,2025-05-18,4-LOW,WIRE_TRANSFER,4,14637.43
13543,544,3,2025-03-03,1-URGENT,CORPORATE_INVOICE,5,21719.23
13544,545,4,2025-06-30,3-NORMAL,WIRE_TRANSFER,5,15094.76
13545,546,5,2025/01/11,1-URGENT,CORPORATE_INVOICE,6,18594.8
13546,547,1,2025-06-02,4-LOW,CREDIT_CARD,6,22022.25
13547,548,2,2025/04/13,3-NORMAL,CORPORATE_INVOICE,6,38415.32
13548,549,3,2025-05-25,2-HIGH,WIRE_TRANSFER,6,28124.81
13549,550,4,2025-05-07,4-LOW,CORPORATE_INVOICE,4,21036.27
13550,551,5,2025-04-04,3-NORMAL,WIRE_TRANSFER,6,34412.06
13551,552,1,2025-06-14,2-HIGH,CREDIT_CARD,7,20120.14
13552,553,2,2025-03-16,1-URGENT,CORPORATE_INVOICE,5,17266.96
13553,554,3,2025-05-23,2-HIGH,WIRE_TRANSFER,6,28986.6
13554,555,4,2025-03-18,1-URGENT,CREDIT_CARD,4,8865.37
13555,556,5,2025-05-09,1-URGENT,WIRE_TRANSFER,3,5115.95
13556,557,1,2025-06-10,2-HIGH,CORPORATE_INVOICE,4,14352.28
13557,558,2,2025-03-03,3-NORMAL,WIRE_TRANSFER,4,27064.53
13558,559,3,2025-02-20,1-URGENT,CORPORATE_INVOICE,3,12357.61
13559,560,4,2025-01-07,4-LOW,CREDIT_CARD,3,5291.49
13560,561,5,2025/02/20,2-HIGH,CORPORATE_INVOICE,3,21023.79
13561,562,1,2025-04-17,1-URGENT,CREDIT_CARD,3,22581.32
13562,563,2,2025-01-04,1-URGENT,CREDIT_CARD,7,39942.97
13563,564,3,2025-05-05,3-NORMAL,CORPORATE_INVOICE,6,33974.42
13564,565,4,2025-05-12,4-LOW,CORPORATE_INVOICE,7,31093.74
13565,566,5,2025-05-08,2-HIGH,CORPORATE_INVOICE,4,12346.98
13566,567,1,2025-05-18,2-HIGH,WIRE_TRANSFER,6,16151.37
13567,568,2,2025-02-24,2-HIGH,CREDIT_CARD,4,9657.96
13568,569,3,2025-02-19,4-LOW,CREDIT_CARD,7,24327.97
13569,570,4,2025-06-30,1-URGENT,CORPORATE_INVOICE,3,16742.28
13570,571,5,2025-03-23,2-HIGH,WIRE_TRANSFER,6,17581.05
13571,572,1,2025-01-09,4-LOW,WIRE_TRANSFER,6,17620.24
13572,573,2,2025-01-05,3-NORMAL,CREDIT_CARD,7,20210.21
13573,574,3,2025-06-09,3-NORMAL,CORPORATE_INVOICE,6,18982.61
13574,575,4,2025-02-06,2-HIGH,WIRE_TRANSFER,7,31444.43
13575,576,5,2025-03-23,4-LOW,CREDIT_CARD,5,15336.29
13576,577,1,2025-01-27,1-URGENT,WIRE_TRANSFER,6,18596.36
13577,578,2,2025-03-26,3-NORMAL,WIRE_TRANSFER,7,32680.43
13578,579,3,2025-03-05,1-URGENT,WIRE_TRANSFER,6,21587.17
13579,580,4,2025-05-23,3-NORMAL,CREDIT_CARD,5,23159.32
13580,581,5,2025-06-06,2-HIGH,CREDIT_CARD,6,32282.47
13581,582,1,2025-06-13,3-NORMAL,CREDIT_CARD,4,23226.21
13582,583,2,2025-03-15,2-HIGH,CREDIT_CARD,6,27679.13
13583,584,3,2025-05-12,2-HIGH,CORPORATE_INVOICE,6,16294.91
13584,585,4,2025-06-13,1-URGENT,WIRE_TRANSFER,7,29603.94
13585,586,5,2025-06-04,1-URGENT,CORPORATE_INVOICE,6,17949.08
13586,587,1,2025-06-03,3-NORMAL,CORPORATE_INVOICE,3,9031.75
13587,588,2,2025-01-12,1-URGENT,CORPORATE_INVOICE,4,12816.38
13588,589,3,2025-06-14,1-URGENT,CREDIT_CARD,3,18921.19
13589,590,4,2025-03-25,3-NORMAL,CORPORATE_INVOICE,6,11235.97
13590,591,5,2025-01-24,3-NORMAL,CORPORATE_INVOICE,3,19961.53
13591,592,1,2025/05/08,4-LOW,CORPORATE_INVOICE,3,17860.76
13592,593,2,2025-04-01,1-URGENT,WIRE_TRANSFER,5,16090.34
13593,594,3,2025-02-14,1-URGENT,CREDIT_CARD,7,34652.36
13594,595,4,2025-03-28,3-NORMAL,CREDIT_CARD,4,26084.63
13595,596,5,2025-04-25,2-HIGH,WIRE_TRANSFER,5,15966.68
13596,597,1,2025-06-10,3-NORMAL,WIRE_TRANSFER,7,32643.22
13597,598,2,2025-03-20,4-LOW,CORPORATE_INVOICE,5,19077.15
13598,599,3,2025-03-19,3-NORMAL,CORPORATE_INVOICE,5,24881.56
13599,600,4,2025-06-16,1-URGENT,CORPORATE_INVOICE,7,29788.98
13600,601,5,2025-05-08,1-URGENT,CREDIT_CARD,3,9481.88
13601,602,1,2025-01-19,4-LOW,CORPORATE_INVOICE,5,20736.24
13602,603,2,2025-02-18,3-NORMAL,CORPORATE_INVOICE,5,25709.91
13603,604,3,2025/01/15,3-NORMAL,WIRE_TRANSFER,7,42351.0
13604,605,4,2025-06-15,4-LOW,WIRE_TRANSFER,3,16984.97
13605,606,5,2025/05/04,3-NORMAL,CREDIT_CARD,4,12894.23
13606,607,1,2025-02-03,2-HIGH,CREDIT_CARD,3,16400.22
13607,608,2,2025-05-11,4-LOW,CREDIT_CARD,6,19732.91
13608,609,3,2025-02-16,3-NORMAL,CREDIT_CARD,5,18867.36
13609,610,4,2025-03-04,4-LOW,WIRE_TRANSFER,5,19499.86
13610,611,5,2025-04-04,4-LOW,CREDIT_CARD,6,26826.84
13611,612,1,2025-02-09,4-LOW,CREDIT_CARD,4,21515.48
13612,613,2,2025-02-11,3-NORMAL,CORPORATE_INVOICE,3,8737.3
13613,614,3,2025-02-04,4-LOW,CORPORATE_INVOICE,4,19875.72
13614,615,4,2025-02-10,2-HIGH,WIRE_TRANSFER,4,17028.98
13615,616,5,2025-04-16,4-LOW,CORPORATE_INVOICE,4,4803.83
13616,617,1,2025-04-08,4-LOW,CREDIT_CARD,5,23802.35
13617,618,2,2025-03-14,1-URGENT,WIRE_TRANSFER,6,41384.83
13618,619,3,2025-01-17,3-NORMAL,CREDIT_CARD,7,34929.66
13619,620,4,2025-02-28,2-HIGH,CORPORATE_INVOICE,4,5452.56
13620,621,5,2025-02-16,4-LOW,CREDIT_CARD,7,26035.58
13621,622,1,2025/03/24,2-HIGH,CORPORATE_INVOICE,4,13866.57
13622,623,2,2025-01-03,4-LOW,CREDIT_CARD,6,37134.26
13623,624,3,2025-03-14,1-URGENT,CORPORATE_INVOICE,3,8871.23
13624,625,4,2025-02-03,3-NORMAL,WIRE_TRANSFER,6,35034.83
13625,626,5,2025/02/04,3-NORMAL,WIRE_TRANSFER,4,3537.05
13626,627,1,2025-06-14,1-URGENT,CORPORATE_INVOICE,5,20391.81
13627,628,2,2025-01-25,1-URGENT,WIRE_TRANSFER,7,28959.55
13628,629,3,2025-03-23,2-HIGH,CORPORATE_INVOICE,7,45363.22
13629,630,4,2025-06-21,3-NORMAL,CORPORATE_INVOICE,5,20893.71
13630,631,5,2025/06/23,1-URGENT,CREDIT_CARD,4,18446.86
13631,632,1,2025-06-23,2-HIGH,WIRE_TRANSFER,7,37116.09
13632,633,2,2025-04-17,3-NORMAL,CREDIT_CARD,3,25190.65
13633,634,3,2025-03-06,4-LOW,CORPORATE_INVOICE,4,14668.83
13634,635,4,2025-03-30,2-HIGH,CREDIT_CARD,6,33590.09
13635,636,5,2025-05-23,2-HIGH,WIRE_TRANSFER,4,11447.81
13636,637,1,2025-05-31,2-HIGH,CORPORATE_INVOICE,6,32761.38
13637,638,2,2025-03-07,2-HIGH,CREDIT_CARD,4,9433.5
13638,639,3,2025/04/19,1-URGENT,WIRE_TRANSFER,7,34887.79
13639,640,4,2025-03-13,2-HIGH,CREDIT_CARD,6,19601.73
13640,641,5,2025-05-06,3-NORMAL,CREDIT_CARD,4,17524.9
13641,642,1,2025-05-02,2-HIGH,CORPORATE_INVOICE,3,12787.11
13642,643,2,2025/05/09,1-URGENT,CORPORATE_INVOICE,7,33662.53
13643,644,3,2025-06-16,3-NORMAL,CORPORATE_INVOICE,6,24100.44
13644,645,4,2025-06-29,4-LOW,CREDIT_CARD,5,18977.94
13645,646,5,2025-01-30,3-NORMAL,WIRE_TRANSFER,5,29042.29
13646,647,1,2025-05-05,4-LOW,WIRE_TRANSFER,7,43366.69
13647,648,2,2025-01-03,2-HIGH,CORPORATE_INVOICE,6,7520.95
13648,649,3,2025-05-11,3-NORMAL,CORPORATE_INVOICE,7,28874.89
13649,650,4,2025-04-24,4-LOW,CORPORATE_INVOICE,7,18355.3
13650,651,5,2025-04-04,1-URGENT,CORPORATE_INVOICE,4,16703.46
13651,652,1,2025-05-12,1-URGENT,CREDIT_CARD,5,28310.48
13652,653,2,2025-06-13,4-LOW,CORPORATE_INVOICE,4,11285.96
13653,654,3,2025-05-08,2-HIGH,CREDIT_CARD,3,16047.08
13654,655,4,2025-06-21,3-NORMAL,WIRE_TRANSFER,4,14529.06
13655,656,5,2025-03-09,2-HIGH,CREDIT_CARD,4,21520.23
13656,657,1,2025-06-30,3-NORMAL,WIRE_TRANSFER,7,20322.22
13657,658,2,2025/04/21,4-LOW,CORPORATE_INVOICE,4,10924.33
13658,659,3,2025-02-20,3-NORMAL,WIRE_TRANSFER,4,12062.38
13659,660,4,2025-06-19,2-HIGH,CORPORATE_INVOICE,3,16883.79
13660,661,5,2025-01-16,2-HIGH,WIRE_TRANSFER,5,15960.9
13661,662,1,2025-01-09,4-LOW,CORPORATE_INVOICE,4,13621.56
13662,663,2,2025-05-06,4-LOW,CREDIT_CARD,7,42318.86
13663,664,3,2025-01-25,2-HIGH,CORPORATE_INVOICE,7,23448.2
13664,665,4,2025-05-10,4-LOW,WIRE_TRANSFER,4,17477.11
13665,666,5,2025-01-20,2-HIGH,CORPORATE_INVOICE,4,10998.69
13666,667,1,2025-03-07,1-URGENT,WIRE_TRANSFER,5,18579.51
13667,668,2,2025-03-18,2-HIGH,CORPORATE_INVOICE,5,8895.15
13668,669,3,2025-05-01,4-LOW,CREDIT_CARD,5,17937.7
13669,670,4,2025-06-13,1-URGENT,WIRE_TRANSFER,5,14042.99
13670,671,5,2025-03-25,1-URGENT,CORPORATE_INVOICE,4,6479.03
13671,672,1,2025-03-10,1-URGENT,CREDIT_CARD,6,13313.94
13672,673,2,2025-06-03,2-HIGH,CORPORATE_INVOICE,7,20900.53
13673,674,3,2025-05-07,2-HIGH,CORPORATE_INVOICE,4,10804.93
13674,675,4,2025-06-11,2-HIGH,CREDIT_CARD,7,31073.07
13675,676,5,2025-01-24,1-URGENT,CREDIT_CARD,3,11274.73
13676,677,1,2025/05/09,1-URGENT,CREDIT_CARD,3,10836.61
13677,678,2,2025-04-15,1-URGENT,CREDIT_CARD,5,17720.16
13678,679,3,2025-04-14,2-HIGH,WIRE_TRANSFER,5,12087.52
13679,680,4,2025-03-29,4-LOW,WIRE_TRANSFER,4,19622.12
13680,681,5,2025-04-04,4-LOW,WIRE_TRANSFER,5,21008.7
13681,682,1,2025/06/16,4-LOW,CREDIT_CARD,6,20910.17
13682,683,2,2025-04-02,4-LOW,WIRE_TRANSFER,5,11777.16
13683,684,3,2025-04-04,2-HIGH,CREDIT_CARD,6,21502.54
13684,685,4,2025-03-17,4-LOW,WIRE_TRANSFER,4,17329.9
13685,686,5,2025/02/24,2-HIGH,CREDIT_CARD,7,30948.57
13686,687,1,2025-04-24,1-URGENT,WIRE_TRANSFER,5,24325.58
13687,688,2,2025-05-16,2-HIGH,CORPORATE_INVOICE,7,31052.52
13688,689,3,2025-06-13,2-HIGH,CORPORATE_INVOICE,7,27151.02
13689,690,4,2025/02/19,1-URGENT,CREDIT_CARD,5,16782.87
13690,691,5,2025-06-28,4-LOW,CREDIT_CARD,7,24895.68
13691,692,1,2025-01-21,2-HIGH,CREDIT_CARD,3,9011.98
13692,693,2,2025/01/04,3-NORMAL,CORPORATE_INVOICE,4,13631.63
13693,694,3,2025-05-13,4-LOW,CORPORATE_INVOICE,3,11365.01
13694,695,4,2025-02-19,1-URGENT,CREDIT_CARD,7,32221.27
13695,696,5,2025-01-04,1-URGENT,CREDIT_CARD,3,14166.85
13696,697,1,2025-06-23,4-LOW,CORPORATE_INVOICE,4,24351.85
13697,698,2,2025-04-12,3-NORMAL,CREDIT_CARD,7,34418.8
13698,699,3,2025-06-13,4-LOW,CREDIT_CARD,3,7452.38
13699,700,4,2025-04-25,4-LOW,CREDIT_CARD,6,22923.98
13700,701,5,2025-04-14,3-NORMAL,WIRE_TRANSFER,7,26086.52
13701,702,1,2025-01-02,1-URGENT,WIRE_TRANSFER,6,26203.44
13702,703,2,2025-04-12,4-LOW,CORPORATE_INVOICE,7,32916.71
13703,704,3,2025-04-20,2-HIGH,CORPORATE_INVOICE,4,21212.65
13704,705,4,2025-03-15,1-URGENT,CORPORATE_INVOICE,5,18240.31
13705,706,5,2025-01-20,4-LOW,CORPORATE_INVOICE,5,15492.2
13706,707,1,2025-06-29,3-NORMAL,WIRE_TRANSFER,6,21251.53
13707,708,2,2025-05-05,1-URGENT,WIRE_TRANSFER,5,18655.33
13708,709,3,2025-04-01,1-URGENT,CREDIT_CARD,6,9441.27
13709,710,4,2025-01-21,2-HIGH,CORPORATE_INVOICE,3,2693.34
13710,711,5,2025-04-26,2-HIGH,CORPORATE_INVOICE,4,23921.08
13711,712,1,2025-03-04,1-URGENT,WIRE_TRANSFER,7,35623.89
13712,713,2,2025-05-24,1-URGENT,WIRE_TRANSFER,4,21730.63
13713,714,3,2025-03-24,3-NORMAL,CORPORATE_INVOICE,4,12016.62
13714,715,4,2025-03-12,2-HIGH,CREDIT_CARD,4,28152.02
13715,716,5,2025/06/02,3-NORMAL,WIRE_TRANSFER,5,21308.57
13716,717,1,2025-06-14,2-HIGH,CORPORATE_INVOICE,3,15570.5
13717,718,2,2025-03-24,4-LOW,CORPORATE_INVOICE,7,25441.38
13718,719,3,2025-05-04,3-NORMAL,CORPORATE_INVOICE,4,23290.76
13719,720,4,2025-05-10,1-URGENT,WIRE_TRANSFER,3,15236.41
13720,721,5,2025-04-24,3-NORMAL,CREDIT_CARD,6,23935.81
13721,722,1,2025-02-12,4-LOW,CREDIT_CARD,6,31301.76
13722,723,2,2025/02/01,3-NORMAL,WIRE_TRANSFER,3,8255.2
13723,724,3,2025-02-05,1-URGENT,CREDIT_CARD,7,21067.11
13724,725,4,2025-02-10,1-URGENT,CORPORATE_INVOICE,4,11911.89
13725,726,5,2025-04-30,1-URGENT,WIRE_TRANSFER,3,12295.27
13726,727,1,2025-01-24,4-LOW,CREDIT_CARD,6,35690.91
13727,728,2,2025-06-19,1-URGENT,CREDIT_CARD,4,11136.17
13728,729,3,2025-06-15,2-HIGH,CREDIT_CARD,3,3461.33
13729,730,4,2025-01-11,4-LOW,CREDIT_CARD,3,11784.16
13730,731,5,2025-03-23,1-URGENT,CREDIT_CARD,5,15063.54
13731,732,1,2025-03-22,3-NORMAL,CORPORATE_INVOICE,3,12841.16
13732,733,2,2025-04-29,1-URGENT,CREDIT_CARD,3,13352.68
13733,734,3,2025-06-15,1-URGENT,CORPORATE_INVOICE,7,26575.39
13734,735,4,2025-01-28,2-HIGH,CORPORATE_INVOICE,6,35132.2
13735,736,5,2025-05-04,2-HIGH,WIRE_TRANSFER,4,24870.4
13736,737,1,2025-05-01,4-LOW,WIRE_TRANSFER,4,17952.55
13737,738,2,2025-02-02,4-LOW,WIRE_TRANSFER,6,37280.92
13738,739,3,2025-05-22,3-NORMAL,CREDIT_CARD,5,26390.15
13739,740,4,2025-04-24,4-LOW,CREDIT_CARD,5,14024.14
13740,741,5,2025/03/18,1-URGENT,CORPORATE_INVOICE,5,17892.27
13741,742,1,2025-05-30,1-URGENT,CORPORATE_INVOICE,3,6283.98
13742,743,2,2025-02-12,1-URGENT,CORPORATE_INVOICE,5,17414.1
13743,744,3,2025-05-29,2-HIGH,WIRE_TRANSFER,3,7842.22
13744,745,4,2025-05-04,1-URGENT,CREDIT_CARD,6,25915.57
13745,746,5,2025-02-06,4-LOW,WIRE_TRANSFER,5,14219.44
13746,747,1,2025/05/05,3-NORMAL,CORPORATE_INVOICE,7,22709.83
13747,748,2,2025-04-25,2-HIGH,CREDIT_CARD,5,16406.41
13748,749,3,2025-04-11,2-HIGH,CREDIT_CARD,5,27077.74
13749,750,4,2025-04-24,4-LOW,WIRE_TRANSFER,6,22129.87
13750,751,5,2025-04-13,1-URGENT,CREDIT_CARD,7,24822.16
13751,752,1,2025/02/11,2-HIGH,CORPORATE_INVOICE,7,33022.89
13752,753,2,2025/05/26,1-URGENT,CREDIT_CARD,7,39979.82
13753,754,3,2025-01-09,2-HIGH,WIRE_TRANSFER,7,37687.05
13754,755,4,2025-03-07,4-LOW,WIRE_TRANSFER,3,7691.1
13755,756,5,2025-01-28,3-NORMAL,WIRE_TRANSFER,7,22927.27
13756,757,1,2025-04-07,4-LOW,WIRE_TRANSFER,4,2323.54
13757,758,2,2025-03-27,4-LOW,CREDIT_CARD,4,19986.03
13758,759,3,2025/02/25,4-LOW,CORPORATE_INVOICE,3,15988.05
13759,760,4,2025-03-16,1-URGENT,WIRE_TRANSFER,7,34652.08
13760,761,5,2025-05-22,3-NORMAL,CORPORATE_INVOICE,5,13474.2
13761,762,1,2025/01/26,3-NORMAL,WIRE_TRANSFER,3,6400.9
13762,763,2,2025/02/06,2-HIGH,WIRE_TRANSFER,3,16166.61
13763,764,3,2025-01-24,4-LOW,CORPORATE_INVOICE,7,26261.19
13764,765,4,2025-01-07,3-NORMAL,CREDIT_CARD,6,25363.32
13765,766,5,2025-06-17,4-LOW,CORPORATE_INVOICE,5,14902.03
13766,767,1,2025-03-27,4-LOW,CORPORATE_INVOICE,4,29673.12
13767,768,2,2025/05/16,3-NORMAL,CREDIT_CARD,4,16620.73
13768,769,3,2025/01/07,2-HIGH,CREDIT_CARD,4,15937.94
13769,770,4,2025-06-30,2-HIGH,WIRE_TRANSFER,5,26329.78
13770,771,5,2025-04-21,1-URGENT,WIRE_TRANSFER,4,8617.52
13771,772,1,2025-06-11,2-HIGH,CREDIT_CARD,7,31902.2
13772,773,2,2025-01-12,4-LOW,CREDIT_CARD,6,27111.37
13773,774,3,2025-06-08,3-NORMAL,CREDIT_CARD,3,15236.57
13774,775,4,2025-03-03,1-URGENT,CORPORATE_INVOICE,6,35106.69
13775,776,5,2025/06/03,1-URGENT,WIRE_TRANSFER,3,16097.74
13776,777,1,2025-02-14,2-HIGH,CORPORATE_INVOICE,3,23724.68
13777,778,2,2025-02-15,1-URGENT,CORPORATE_INVOICE,5,23220.11
13778,779,3,2025-01-30,4-LOW,WIRE_TRANSFER,4,21039.47
13779,780,4,2025-06-26,2-HIGH,CORPORATE_INVOICE,3,26326.33
13780,781,5,2025-06-17,4-LOW,CREDIT_CARD,3,6940.62
13781,782,1,2025-05-10,4-LOW,CORPORATE_INVOICE,5,26052.92
13782,783,2,2025-01-05,4-LOW,WIRE_TRANSFER,5,9432.62
13783,784,3,2025-06-04,3-NORMAL,CORPORATE_INVOICE,4,14211.08
13784,785,4,2025-05-20,1-URGENT,WIRE_TRANSFER,3,7780.6
13785,786,5,2025-03-28,4-LOW,CREDIT_CARD,7,22182.88
13786,787,1,2025-06-01,3-NORMAL,CREDIT_CARD,4,18950.48
13787,788,2,2025-01-19,1-URGENT,CREDIT_CARD,4,8349.25
13788,789,3,2025-05-26,4-LOW,CORPORATE_INVOICE,6,15806.93
13789,790,4,2025-01-03,3-NORMAL,CORPORATE_INVOICE,3,18163.04
13790,791,5,2025-06-19,1-URGENT,CORPORATE_INVOICE,6,18111.9
13791,792,1,2025-02-02,2-HIGH,CREDIT_CARD,5,31356.16
13792,793,2,2025-03-14,4-LOW,CORPORATE_INVOICE,4,7747.95
13793,794,3,2025/02/05,2-HIGH,WIRE_TRANSFER,7,38658.76
13794,795,4,2025-05-08,1-URGENT,WIRE_TRANSFER,6,38486.79
13795,796,5,2025-02-25,4-LOW,CREDIT_CARD,3,11399.67
13796,797,1,2025-06-26,3-NORMAL,WIRE_TRANSFER,5,14508.56
13797,798,2,2025/02/22,4-LOW,CREDIT_CARD,7,24875.05
13798,799,3,2025-02-27,3-NORMAL,CREDIT_CARD,4,18418.97
13799,800,4,2025-03-20,2-HIGH,CORPORATE_INVOICE,3,13268.73
13800,801,5,2025-06-11,4-LOW,WIRE_TRANSFER,4,10827.95
13801,802,1,2025-02-18,2-HIGH,CREDIT_CARD,5,16423.19
13802,803,2,2025-05-29,4-LOW,WIRE_TRANSFER,4,18292.86
13803,804,3,2025-02-07,3-NORMAL,CORPORATE_INVOICE,5,16256.18
13804,805,4,2025-06-28,4-LOW,CREDIT_CARD,6,29515.8
13805,806,5,2025-03-19,4-LOW,WIRE_TRANSFER,5,27817.85
13806,807,1,2025-01-01,4-LOW,CREDIT_CARD,5,26875.33
13807,808,2,2025-06-01,4-LOW,CREDIT_CARD,6,20935.37
13808,809,3,2025/03/07,4-LOW,CREDIT_CARD,5,18467.75
13809,810,4,2025-04-16,2-HIGH,CREDIT_CARD,4,21166.78
13810,811,5,2025-02-21,2-HIGH,WIRE_TRANSFER,7,34520.5
13811,812,1,2025/02/25,2-HIGH,WIRE_TRANSFER,4,11160.75
13812,813,2,2025-01-30,4-LOW,CREDIT_CARD,5,31000.39
13813,814,3,2025-05-23,4-LOW,CORPORATE_INVOICE,5,16927.58
13814,815,4,2025-02-02,3-NORMAL,CREDIT_CARD,5,20018.21
13815,816,5,2025-05-14,3-NORMAL,CREDIT_CARD,5,24368.49
13816,817,1,2025-03-10,2-HIGH,CORPORATE_INVOICE,3,8976.16
13817,818,2,2025-05-23,2-HIGH,CORPORATE_INVOICE,3,12205.0
13818,819,3,2025-01-14,1-URGENT,CORPORATE_INVOICE,4,17055.9
13819,820,4,2025-06-14,2-HIGH,WIRE_TRANSFER,7,48515.76
13820,821,5,2025-05-23,1-URGENT,CREDIT_CARD,6,22894.03
13821,822,1,2025-04-10,3-NORMAL,CREDIT_CARD,4,17559.83
13822,823,2,2025-02-12,4-LOW,CREDIT_CARD,6,10850.24
13823,824,3,2025-01-29,1-URGENT,CORPORATE_INVOICE,3,12724.68
13824,825,4,2025-03-27,2-HIGH,CREDIT_CARD,3,17829.3
13825,826,5,2025-03-31,1-URGENT,WIRE_TRANSFER,3,20689.03
13826,827,1,2025-05-08,1-URGENT,CORPORATE_INVOICE,6,35111.1
13827,828,2,2025-05-27,2-HIGH,CORPORATE_INVOICE,7,27208.03
13828,829,3,2025-06-01,4-LOW,CREDIT_CARD,6,31716.31
13829,830,4,2025-06-29,4-LOW,CORPORATE_INVOICE,3,12352.66
13830,831,5,2025/04/24,3-NORMAL,CORPORATE_INVOICE,6,9192.35
13831,832,1,2025-06-10,2-HIGH,CREDIT_CARD,6,7408.65
13832,833,2,2025-04-18,4-LOW,CREDIT_CARD,4,18638.46
13833,834,3,2025-06-12,1-URGENT,CREDIT_CARD,6,17840.0
13834,835,4,2025-03-19,3-NORMAL,CORPORATE_INVOICE,7,28147.84
13835,836,5,2025/06/28,1-URGENT,CREDIT_CARD,6,32233.58
13836,837,1,2025-01-22,4-LOW,WIRE_TRANSFER,7,29241.39
13837,838,2,2025-06-13,4-LOW,CREDIT_CARD,6,31048.29
13838,839,3,2025-03-11,2-HIGH,CORPORATE_INVOICE,6,35959.49
13839,840,4,2025/06/18,1-URGENT,CREDIT_CARD,5,32933.5
13840,841,5,2025/03/19,4-LOW,WIRE_TRANSFER,5,23960.65
13841,842,1,2025-03-04,4-LOW,CORPORATE_INVOICE,7,14557.52
13842,843,2,2025-01-25,2-HIGH,CORPORATE_INVOICE,4,18305.73
13843,844,3,2025-06-13,2-HIGH,WIRE_TRANSFER,6,13316.23
13844,845,4,2025-05-29,2-HIGH,CORPORATE_INVOICE,7,30552.81
13845,846,5,2025-06-24,3-NORMAL,CREDIT_CARD,4,4361.17
13846,847,1,2025-04-23,4-LOW,CREDIT_CARD,5,21346.27
13847,848,2,2025-04-28,4-LOW,CORPORATE_INVOICE,3,9130.39
13848,849,3,2025-03-25,3-NORMAL,CREDIT_CARD,5,19728.99
13849,850,4,2025-05-28,4-LOW,WIRE_TRANSFER,6,30353.19
13850,851,5,2025-06-09,3-NORMAL,CREDIT_CARD,4,17602.63
13851,852,1,2025-05-14,4-LOW,WIRE_TRANSFER,5,34424.37
13852,853,2,2025-06-20,3-NORMAL,WIRE_TRANSFER,6,18966.75
13853,854,3,2025-06-16,2-HIGH,WIRE_TRANSFER,3,1769.29
13854,855,4,2025-02-25,3-NORMAL,CREDIT_CARD,6,29676.47
13855,856,5,2025-01-16,4-LOW,CREDIT_CARD,4,22643.92
13856,857,1,2025-01-26,1-URGENT,WIRE_TRANSFER,3,6456.87
13857,858,2,2025-01-21,4-LOW,CREDIT_CARD,3,15170.61
13858,859,3,2025-03-02,2-HIGH,CORPORATE_INVOICE,4,14367.34
13859,860,4,2025-05-31,3-NORMAL,CORPORATE_INVOICE,3,16191.55
13860,861,5,2025-04-10,3-NORMAL,CORPORATE_INVOICE,7,42867.51
13861,862,1,2025-03-21,3-NORMAL,CREDIT_CARD,7,23238.28
13862,863,2,2025-05-14,4-LOW,WIRE_TRANSFER,7,27747.11
13863,864,3,2025-01-16,3-NORMAL,CORPORATE_INVOICE,5,26118.85
13864,865,4,2025-04-30,4-LOW,CREDIT_CARD,4,19104.65
13865,866,5,2025-05-29,1-URGENT,CREDIT_CARD,4,20612.84
13866,867,1,2025-06-04,3-NORMAL,WIRE_TRANSFER,6,39713.19
13867,868,2,2025-05-30,2-HIGH,CREDIT_CARD,3,12103.0
13868,869,3,2025-06-30,4-LOW,CORPORATE_INVOICE,3,8306.12
13869,870,4,2025-02-04,4-LOW,CORPORATE_INVOICE,6,25736.3
13870,871,5,2025/06/12,3-NORMAL,CORPORATE_INVOICE,3,10351.18
13871,872,1,2025-02-10,4-LOW,CREDIT_CARD,4,21179.91
13872,873,2,2025-02-16,1-URGENT,WIRE_TRANSFER,5,22984.92
13873,874,3,2025-02-02,2-HIGH,CORPORATE_INVOICE,4,15103.7
13874,875,4,2025-03-09,4-LOW,CREDIT_CARD,3,5656.66
13875,876,5,2025-05-07,2-HIGH,CORPORATE_INVOICE,3,12496.59
13876,877,1,2025-06-29,4-LOW,CORPORATE_INVOICE,4,21752.07
13877,878,2,2025-05-28,2-HIGH,CREDIT_CARD,5,8337.6
13878,879,3,2025-01-10,3-NORMAL,CORPORATE_INVOICE,7,26056.13
13879,880,4,2025-05-25,4-LOW,CORPORATE_INVOICE,7,25225.43
13880,881,5,2025/06/01,2-HIGH,CORPORATE_INVOICE,3,3580.55
13881,882,1,2025-03-13,1-URGENT,WIRE_TRANSFER,5,14749.31
13882,883,2,2025-04-09,2-HIGH,CORPORATE_INVOICE,3,11733.16
13883,884,3,2025-02-07,2-HIGH,CREDIT_CARD,7,16618.66
13884,885,4,2025-05-17,1-URGENT,CREDIT_CARD,4,6804.95
13885,886,5,2025-05-20,4-LOW,WIRE_TRANSFER,4,17401.27
13886,887,1,2025-05-28,3-NORMAL,CREDIT_CARD,6,25652.23
13887,888,2,2025-05-19,1-URGENT,WIRE_TRANSFER,3,8124.33
13888,889,3,2025-02-19,3-NORMAL,CORPORATE_INVOICE,7,25799.79
13889,890,4,2025-01-28,4-LOW,CREDIT_CARD,7,37181.41
13890,891,5,2025-05-13,4-LOW,CREDIT_CARD,3,3408.24
13891,892,1,2025-05-29,4-LOW,CORPORATE_INVOICE,6,20944.31
13892,893,2,2025-01-06,4-LOW,WIRE_TRANSFER,7,46202.91
13893,894,3,2025-03-08,4-LOW,CREDIT_CARD,7,18203.7
13894,895,4,2025-01-16,2-HIGH,CORPORATE_INVOICE,6,22537.88
13895,896,5,2025-06-24,2-HIGH,WIRE_TRANSFER,6,32728.12
13896,897,1,2025-02-27,2-HIGH,WIRE_TRANSFER,5,12591.39
13897,898,2,2025-03-02,4-LOW,CREDIT_CARD,5,18760.36
13898,899,3,2025-04-29,2-HIGH,CORPORATE_INVOICE,5,11070.22
13899,900,4,2025-03-05,3-NORMAL,WIRE_TRANSFER,3,12537.15
13900,901,5,2025-01-28,4-LOW,CREDIT_CARD,5,26483.99
13901,902,1,2025-06-25,3-NORMAL,CORPORATE_INVOICE,6,33131.15
13902,903,2,2025-06-03,1-URGENT,CORPORATE_INVOICE,7,25111.97
13903,904,3,2025-05-16,3-NORMAL,CORPORATE_INVOICE,6,38168.81
13904,905,4,2025-05-09,4-LOW,CORPORATE_INVOICE,4,31161.09
13905,906,5,2025/05/11,1-URGENT,CORPORATE_INVOICE,3,11968.3
13906,907,1,2025/04/26,4-LOW,CORPORATE_INVOICE,3,8570.26
13907,908,2,2025-06-19,4-LOW,CREDIT_CARD,6,27932.93
13908,909,3,2025-06-04,3-NORMAL,CREDIT_CARD,7,27404.53
13909,910,4,2025/01/18,1-URGENT,CREDIT_CARD,6,26612.66
13910,911,5,2025-03-27,3-NORMAL,CORPORATE_INVOICE,4,23751.33
13911,912,1,2025-01-03,3-NORMAL,WIRE_TRANSFER,6,26048.04
13912,913,2,2025-04-16,3-NORMAL,CORPORATE_INVOICE,7,15512.5
13913,914,3,2025/06/09,2-HIGH,WIRE_TRANSFER,4,10758.59
13914,915,4,2025-02-10,1-URGENT,CORPORATE_INVOICE,6,37980.04
13915,916,5,2025-02-16,3-NORMAL,CORPORATE_INVOICE,5,14356.86
13916,917,1,2025-03-09,1-URGENT,CORPORATE_INVOICE,5,13353.69
13917,918,2,2025-04-22,2-HIGH,CORPORATE_INVOICE,7,33508.22
13918,919,3,2025-01-02,4-LOW,CREDIT_CARD,5,40446.44
13919,920,4,2025/05/31,2-HIGH,CORPORATE_INVOICE,3,9937.11
13920,921,5,2025-03-01,4-LOW,CREDIT_CARD,7,19573.62
13921,922,1,2025-01-10,2-HIGH,CREDIT_CARD,7,27265.5
13922,923,2,2025-05-25,2-HIGH,WIRE_TRANSFER,3,14316.38
13923,924,3,2025-06-09,3-NORMAL,CORPORATE_INVOICE,6,36035.78
13924,925,4,2025-03-26,4-LOW,CORPORATE_INVOICE,7,22984.67
13925,926,5,2025-05-07,1-URGENT,WIRE_TRANSFER,3,15911.53
13926,927,1,2025-02-04,4-LOW,CREDIT_CARD,5,24491.49
13927,928,2,2025-06-24,4-LOW,CREDIT_CARD,6,27094.67
13928,929,3,2025-04-19,3-NORMAL,CORPORATE_INVOICE,7,23169.37
13929,930,4,2025-05-25,2-HIGH,WIRE_TRANSFER,5,18222.87
13930,931,5,2025-05-23,4-LOW,CREDIT_CARD,7,21212.96
13931,932,1,2025-01-20,4-LOW,CREDIT_CARD,6,21630.67
13932,933,2,2025-05-27,4-LOW,CREDIT_CARD,5,20031.89
13933,934,3,2025-04-19,2-HIGH,WIRE_TRANSFER,5,21436.45
13934,935,4,2025-06-06,4-LOW,CORPORATE_INVOICE,3,15347.24
13935,936,5,2025/04/27,3-NORMAL,CREDIT_CARD,7,25067.14
13936,937,1,2025/05/25,3-NORMAL,CREDIT_CARD,4,17569.43
13937,938,2,2025/06/28,4-LOW,WIRE_TRANSFER,5,23972.94
13938,939,3,2025-05-21,1-URGENT,CORPORATE_INVOICE,7,40533.22
13939,940,4,2025-04-01,3-NORMAL,WIRE_TRANSFER,3,2800.28
13940,941,5,2025-04-13,4-LOW,WIRE_TRANSFER,3,22413.98
13941,942,1,2025-06-04,1-URGENT,WIRE_TRANSFER,5,30594.14
13942,943,2,2025-06-17,3-NORMAL,CREDIT_CARD,5,21410.28
13943,944,3,2025-05-10,2-HIGH,WIRE_TRANSFER,5,32384.95
13944,945,4,2025-01-04,2-HIGH,CREDIT_CARD,3,5744.16
13945,946,5,2025-02-09,2-HIGH,CREDIT_CARD,4,12952.25
13946,947,1,2025-06-01,4-LOW,CREDIT_CARD,4,17526.66
13947,948,2,2025-05-27,2-HIGH,CREDIT_CARD,4,11384.51
13948,949,3,2025/06/20,1-URGENT,CORPORATE_INVOICE,5,18836.48
13949,950,4,2025-05-15,4-LOW,CREDIT_CARD,7,29024.29
13950,951,5,2025-03-08,2-HIGH,CREDIT_CARD,6,19240.26
13951,952,1,2025-06-03,2-HIGH,WIRE_TRANSFER,3,12833.23
13952,953,2,2025-03-13,4-LOW,WIRE_TRANSFER,5,11781.59
13953,954,3,2025-06-19,3-NORMAL,WIRE_TRANSFER,6,19322.75
13954,955,4,2025/04/09,1-URGENT,CORPORATE_INVOICE,6,16466.86
13955,956,5,2025-06-26,1-URGENT,CREDIT_CARD,5,21698.42
13956,957,1,2025/02/10,4-LOW,WIRE_TRANSFER,5,23267.59
13957,958,2,2025-01-03,2-HIGH,CORPORATE_INVOICE,6,25288.64
13958,959,3,2025-01-03,4-LOW,CORPORATE_INVOICE,3,17210.23
13959,960,4,2025/04/17,3-NORMAL,CORPORATE_INVOICE,3,8268.98
13960,961,5,2025-02-22,1-URGENT,CREDIT_CARD,4,5819.62
13961,962,1,2025-02-17,2-HIGH,WIRE_TRANSFER,4,10956.93
13962,963,2,2025-06-06,2-HIGH,CREDIT_CARD,6,23272.41
13963,964,3,2025/02/11,4-LOW,CREDIT_CARD,6,25293.91
13964,965,4,2025/02/20,2-HIGH,CORPORATE_INVOICE,6,22586.94
13965,966,5,2025-01-17,2-HIGH,CORPORATE_INVOICE,6,27948.69
13966,967,1,2025-02-26,3-NORMAL,CORPORATE_INVOICE,6,16230.87
13967,968,2,2025-01-30,3-NORMAL,CORPORATE_INVOICE,6,28898.36
13968,969,3,2025-06-22,1-URGENT,WIRE_TRANSFER,3,4214.64
13969,970,4,2025-02-27,2-HIGH,WIRE_TRANSFER,7,33360.84
13970,971,5,2025-05-07,2-HIGH,CORPORATE_INVOICE,3,16669.24
13971,972,1,2025-01-16,3-NORMAL,CORPORATE_INVOICE,7,45296.9
13972,973,2,2025-05-20,4-LOW,WIRE_TRANSFER,6,24595.45
13973,974,3,2025-04-11,1-URGENT,WIRE_TRANSFER,5,37518.3
13974,975,4,2025-05-24,4-LOW,CORPORATE_INVOICE,7,25714.0
13975,976,5,2025-03-21,4-LOW,WIRE_TRANSFER,4,25592.92
13976,977,1,2025-04-01,2-HIGH,CORPORATE_INVOICE,4,20809.11
13977,978,2,2025-06-02,2-HIGH,WIRE_TRANSFER,6,29684.54
13978,979,3,2025/01/08,1-URGENT,CREDIT_CARD,6,26199.68
13979,980,4,2025-01-02,2-HIGH,WIRE_TRANSFER,7,25417.7
13980,981,5,2025-02-11,4-LOW,WIRE_TRANSFER,7,11298.8
13981,982,1,2025/03/21,3-NORMAL,CORPORATE_INVOICE,7,19066.58
13982,983,2,2025-01-24,4-LOW,CORPORATE_INVOICE,6,28447.71
13983,984,3,2025-02-28,1-URGENT,WIRE_TRANSFER,6,19920.47
13984,985,4,2025-05-30,2-HIGH,CORPORATE_INVOICE,5,32174.34
13985,986,5,2025-04-14,1-URGENT,WIRE_TRANSFER,5,22808.12
13986,987,1,2025-04-26,4-LOW,WIRE_TRANSFER,3,2259.0
13987,988,2,2025-04-27,2-HIGH,CORPORATE_INVOICE,5,42622.1
13988,989,3,2025-01-24,1-URGENT,WIRE_TRANSFER,7,16902.34
13989,990,4,2025-05-06,3-NORMAL,WIRE_TRANSFER,4,27022.54
13990,991,5,2025-04-17,3-NORMAL,CREDIT_CARD,5,3730.83
13991,992,1,2025/03/18,3-NORMAL,CORPORATE_INVOICE,4,9752.43
13992,993,2,2025/05/13,4-LOW,CORPORATE_INVOICE,3,18855.91
13993,994,3,2025-03-27,4-LOW,WIRE_TRANSFER,6,41702.87
13994,995,4,2025-06-07,1-URGENT,CORPORATE_INVOICE,3,20913.54
13995,996,5,2025/06/21,1-URGENT,CORPORATE_INVOICE,5,18682.61
13996,997,1,2025-02-22,3-NORMAL,CORPORATE_INVOICE,6,20841.83
13997,998,2,2025-01-18,4-LOW,WIRE_TRANSFER,3,16227.25
13998,999,3,2025-05-30,4-LOW,CORPORATE_INVOICE,5,20257.85
13999,1000,4,2025-06-17,2-HIGH,CREDIT_CARD,4,10211.32
14000,1,5,2025-03-23,3-NORMAL,CREDIT_CARD,6,17211.41
